ANY,PROVINCIA,COMARCA,CDMUN,MUNICIPI,SECTOR,CONSUM [kWh PCS],OBSERVACIONS
2023,BARCELONA,BAIX LLOBREGAT,08001,ABRERA,SERVEIS,,Dades subjectes a secret estadístic.
2023,BARCELONA,BAIX LLOBREGAT,08001,ABRERA,DOMÈSTIC,13202801,
2023,BARCELONA,BAIX LLOBREGAT,08001,ABRERA,INDUSTRIAL,12695603,
2023,BARCELONA,MARESME,08003,ALELLA,DOMÈSTIC,22684546,
2023,BARCELONA,MARESME,08003,ALELLA,SERVEIS,3453132,
2023,BARCELONA,VALLES ORIENTAL,08005,"AMETLLA DEL VALLES, L'",SERVEIS,1702158,
2023,BARCELONA,VALLES ORIENTAL,08005,"AMETLLA DEL VALLES, L'",DOMÈSTIC,9610839,
2023,BARCELONA,MARESME,08006,ARENYS DE MAR,INDUSTRIAL,,Dades subjectes a secret estadístic.
2023,BARCELONA,MARESME,08006,ARENYS DE MAR,DOMÈSTIC,22403992,
2023,BARCELONA,MARESME,08006,ARENYS DE MAR,SERVEIS,6468620,
2023,BARCELONA,MARESME,08007,ARENYS DE MUNT,DOMÈSTIC,11750469,
2023,BARCELONA,MARESME,08007,ARENYS DE MUNT,SERVEIS,4287812,
2023,BARCELONA,MARESME,08007,ARENYS DE MUNT,INDUSTRIAL,,Dades subjectes a secret estadístic.
2023,BARCELONA,MARESME,08009,ARGENTONA,SERVEIS,2102682,
2023,BARCELONA,MARESME,08009,ARGENTONA,DOMÈSTIC,17928400,
2023,BARCELONA,MARESME,08009,ARGENTONA,INDUSTRIAL,19746604,
2023,BARCELONA,BAGES,08010,ARTES,INDUSTRIAL,15312451,
2023,BARCELONA,BAGES,08010,ARTES,DOMÈSTIC,6687684,
2023,BARCELONA,BAGES,08010,ARTES,SERVEIS,1492672,
2023,BARCELONA,BERGUEDA,08011,AVIA,DOMÈSTIC,2293753,
2023,BARCELONA,BERGUEDA,08011,AVIA,SERVEIS,574154,
2023,BARCELONA,ALT PENEDES,08013,AVINYONET DEL PENEDES,INDUSTRIAL,,Dades subjectes a secret estadístic.
2023,BARCELONA,VALLES ORIENTAL,08014,AIGUAFREDA,SERVEIS,1047407,
2023,BARCELONA,VALLES ORIENTAL,08014,AIGUAFREDA,DOMÈSTIC,6059133,
2023,BARCELONA,BARCELONES,08015,BADALONA,SERVEIS,53716469,Inclou el consum del sector transport.
2023,BARCELONA,BARCELONES,08015,BADALONA,INDUSTRIAL,18690985,
2023,BARCELONA,BARCELONES,08015,BADALONA,DOMÈSTIC,184821532,
2023,BARCELONA,BERGUEDA,08016,BAGA,DOMÈSTIC,2266654,
2023,BARCELONA,BERGUEDA,08016,BAGA,SERVEIS,293846,
2023,BARCELONA,OSONA,08017,BALENYA,DOMÈSTIC,6207069,
2023,BARCELONA,OSONA,08017,BALENYA,INDUSTRIAL,,Dades subjectes a secret estadístic.
2023,BARCELONA,OSONA,08017,BALENYA,SERVEIS,2857837,
2023,BARCELONA,BAGES,08018,BALSARENY,INDUSTRIAL,,Dades subjectes a secret estadístic.
2023,BARCELONA,BAGES,08018,BALSARENY,SERVEIS,,Dades subjectes a secret estadístic.
2023,BARCELONA,BAGES,08018,BALSARENY,DOMÈSTIC,5641900,
2023,BARCELONA,BARCELONES,08019,BARCELONA,CT RO,,Dades subjectes a secret estadístic. Inclou el consum de centrals tèrmiques de l'antic règim ordinari.
2023,BARCELONA,BARCELONES,08019,BARCELONA,SERVEIS,1294714869,Inclou el consum del sector transport.
2023,BARCELONA,BARCELONES,08019,BARCELONA,INDUSTRIAL,915061722,
2023,BARCELONA,BARCELONES,08019,BARCELONA,DOMÈSTIC,1809951156,
2023,BARCELONA,BAIX LLOBREGAT,08020,BEGUES,SERVEIS,816762,
2023,BARCELONA,BAIX LLOBREGAT,08020,BEGUES,DOMÈSTIC,6932159,
2023,BARCELONA,BERGUEDA,08022,BERGA,SERVEIS,7112167,
2023,BARCELONA,BERGUEDA,08022,BERGA,DOMÈSTIC,28858842,
2023,BARCELONA,BERGUEDA,08022,BERGA,INDUSTRIAL,,Dades subjectes a secret estadístic.
2023,BARCELONA,VALLES ORIENTAL,08023,BIGUES I RIELLS DEL FAI,DOMÈSTIC,311388,
2023,BARCELONA,ANOIA,08028,CABRERA D'ANOIA,DOMÈSTIC,571645,
2023,BARCELONA,MARESME,08029,CABRERA DE MAR,SERVEIS,9280874,
2023,BARCELONA,MARESME,08029,CABRERA DE MAR,DOMÈSTIC,9038839,
2023,BARCELONA,MARESME,08029,CABRERA DE MAR,INDUSTRIAL,25606163,
2023,BARCELONA,MARESME,08030,CABRILS,SERVEIS,2064170,
2023,BARCELONA,MARESME,08030,CABRILS,DOMÈSTIC,19957922,
2023,BARCELONA,ANOIA,08031,CALAF,DOMÈSTIC,5977067,
2023,BARCELONA,ANOIA,08031,CALAF,INDUSTRIAL,,Dades subjectes a secret estadístic.
2023,BARCELONA,ANOIA,08031,CALAF,SERVEIS,1513726,
2023,BARCELONA,MARESME,08032,CALDES D'ESTRAC,DOMÈSTIC,5775471,
2023,BARCELONA,MARESME,08032,CALDES D'ESTRAC,SERVEIS,614693,
2023,BARCELONA,VALLES ORIENTAL,08033,CALDES DE MONTBUI,SERVEIS,4312816,
2023,BARCELONA,VALLES ORIENTAL,08033,CALDES DE MONTBUI,INDUSTRIAL,11671586,
2023,BARCELONA,VALLES ORIENTAL,08033,CALDES DE MONTBUI,DOMÈSTIC,17917844,
2023,BARCELONA,MARESME,08035,CALELLA,SERVEIS,20446183,
2023,BARCELONA,MARESME,08035,CALELLA,DOMÈSTIC,19066041,
2023,BARCELONA,ANOIA,08036,CALONGE DE SEGARRA,SERVEIS,,Dades subjectes a secret estadístic.
2023,BARCELONA,OSONA,08037,CALLDETENES,SERVEIS,933276,
2023,BARCELONA,OSONA,08037,CALLDETENES,DOMÈSTIC,3991163,
2023,BARCELONA,BAGES,08038,CALLUS,DOMÈSTIC,2894247,
2023,BARCELONA,BAGES,08038,CALLUS,SERVEIS,534830,
2023,BARCELONA,MARESME,08040,CANET DE MAR,INDUSTRIAL,,Dades subjectes a secret estadístic.
2023,BARCELONA,MARESME,08040,CANET DE MAR,DOMÈSTIC,17524530,
2023,BARCELONA,MARESME,08040,CANET DE MAR,SERVEIS,3676901,
2023,BARCELONA,VALLES ORIENTAL,08041,CANOVELLES,DOMÈSTIC,16410779,
2023,BARCELONA,VALLES ORIENTAL,08041,CANOVELLES,SERVEIS,3323946,
2023,BARCELONA,VALLES ORIENTAL,08041,CANOVELLES,INDUSTRIAL,24079821,
2023,BARCELONA,ANOIA,08044,CAPELLADES,INDUSTRIAL,,Dades subjectes a secret estadístic.
2023,BARCELONA,ANOIA,08044,CAPELLADES,SERVEIS,1253702,
2023,BARCELONA,ANOIA,08044,CAPELLADES,DOMÈSTIC,9146790,
2023,BARCELONA,VALLES ORIENTAL,08046,CARDEDEU,SERVEIS,3178335,
2023,BARCELONA,VALLES ORIENTAL,08046,CARDEDEU,INDUSTRIAL,8738272,
2023,BARCELONA,VALLES ORIENTAL,08046,CARDEDEU,DOMÈSTIC,26430211,
2023,BARCELONA,BAGES,08047,CARDONA,INDUSTRIAL,,Dades subjectes a secret estadístic.
2023,BARCELONA,BAGES,08047,CARDONA,DOMÈSTIC,4522195,
2023,BARCELONA,BAGES,08047,CARDONA,SERVEIS,514993,
2023,BARCELONA,BERGUEDA,08049,CASSERRES,INDUSTRIAL,,Dades subjectes a secret estadístic.
2023,BARCELONA,VALLES OCCIDENTAL,08051,CASTELLAR DEL VALLES,SERVEIS,6233631,
2023,BARCELONA,VALLES OCCIDENTAL,08051,CASTELLAR DEL VALLES,INDUSTRIAL,,Dades subjectes a secret estadístic.
2023,BARCELONA,VALLES OCCIDENTAL,08051,CASTELLAR DEL VALLES,DOMÈSTIC,37892038,
2023,BARCELONA,BAGES,08053,CASTELLBELL I EL VILAR,DOMÈSTIC,3455849,
2023,BARCELONA,BAGES,08053,CASTELLBELL I EL VILAR,SERVEIS,642301,
2023,BARCELONA,VALLES OCCIDENTAL,08054,CASTELLBISBAL,INDUSTRIAL,1247964764,
2023,BARCELONA,VALLES OCCIDENTAL,08054,CASTELLBISBAL,DOMÈSTIC,15215903,
2023,BARCELONA,VALLES OCCIDENTAL,08054,CASTELLBISBAL,SERVEIS,8712959,
2023,BARCELONA,BAIX LLOBREGAT,08056,CASTELLDEFELS,DOMÈSTIC,76989356,
2023,BARCELONA,BAIX LLOBREGAT,08056,CASTELLDEFELS,SERVEIS,32332883,Inclou el consum del sector transport.
2023,BARCELONA,ALT PENEDES,08058,CASTELLET I LA GORNAL,SERVEIS,,Dades subjectes a secret estadístic.
2023,BARCELONA,ALT PENEDES,08058,CASTELLET I LA GORNAL,INDUSTRIAL,70758816,
2023,BARCELONA,ALT PENEDES,08058,CASTELLET I LA GORNAL,DOMÈSTIC,1327843,
2023,BARCELONA,BAGES,08061,CASTELLGALI,DOMÈSTIC,1671635,
2023,BARCELONA,BAGES,08061,CASTELLGALI,SERVEIS,,Dades subjectes a secret estadístic.
2023,BARCELONA,BAGES,08061,CASTELLGALI,INDUSTRIAL,,Dades subjectes a secret estadístic.
2023,BARCELONA,MOIANES,08064,CASTELLTERÇOL,SERVEIS,589340,
2023,BARCELONA,MOIANES,08064,CASTELLTERÇOL,INDUSTRIAL,,Dades subjectes a secret estadístic.
2023,BARCELONA,MOIANES,08064,CASTELLTERÇOL,DOMÈSTIC,3901774,
2023,BARCELONA,BAIX LLOBREGAT,08066,CASTELLVI DE ROSANES,DOMÈSTIC,618493,
2023,BARCELONA,OSONA,08067,CENTELLES,SERVEIS,5098827,
2023,BARCELONA,OSONA,08067,CENTELLES,DOMÈSTIC,13540197,
2023,BARCELONA,OSONA,08067,CENTELLES,INDUSTRIAL,18046030,
2023,BARCELONA,BAIX LLOBREGAT,08068,CERVELLO,DOMÈSTIC,12203151,
2023,BARCELONA,BAIX LLOBREGAT,08068,CERVELLO,SERVEIS,2214287,
2023,BARCELONA,BAIX LLOBREGAT,08068,CERVELLO,INDUSTRIAL,,Dades subjectes a secret estadístic.
2023,BARCELONA,BAIX LLOBREGAT,08069,COLLBATO,DOMÈSTIC,6720275,
2023,BARCELONA,BAIX LLOBREGAT,08069,COLLBATO,SERVEIS,1240789,
2023,BARCELONA,BAIX LLOBREGAT,08072,CORBERA DE LLOBREGAT,SERVEIS,1752016,
2023,BARCELONA,BAIX LLOBREGAT,08072,CORBERA DE LLOBREGAT,INDUSTRIAL,,Dades subjectes a secret estadístic.
2023,BARCELONA,BAIX LLOBREGAT,08072,CORBERA DE LLOBREGAT,DOMÈSTIC,12754588,
2023,BARCELONA,BAIX LLOBREGAT,08073,CORNELLA DE LLOBREGAT,SERVEIS,48932890,Inclou el consum del sector transport.
2023,BARCELONA,BAIX LLOBREGAT,08073,CORNELLA DE LLOBREGAT,DOMÈSTIC,69857850,
2023,BARCELONA,BAIX LLOBREGAT,08073,CORNELLA DE LLOBREGAT,INDUSTRIAL,23603555,
2023,BARCELONA,GARRAF,08074,CUBELLES,DOMÈSTIC,17340782,
2023,BARCELONA,GARRAF,08074,CUBELLES,SERVEIS,1555773,
2023,BARCELONA,MARESME,08075,DOSRIUS,DOMÈSTIC,2464891,
2023,BARCELONA,MARESME,08075,DOSRIUS,INDUSTRIAL,33470301,
2023,BARCELONA,MARESME,08075,DOSRIUS,SERVEIS,798595,
2023,BARCELONA,BAIX LLOBREGAT,08076,ESPARREGUERA,SERVEIS,4358529,
2023,BARCELONA,BAIX LLOBREGAT,08076,ESPARREGUERA,DOMÈSTIC,26418528,
2023,BARCELONA,BAIX LLOBREGAT,08076,ESPARREGUERA,INDUSTRIAL,20724200,
2023,BARCELONA,BAIX LLOBREGAT,08077,ESPLUGUES DE LLOBREGAT,SERVEIS,36509628,
2023,BARCELONA,BAIX LLOBREGAT,08077,ESPLUGUES DE LLOBREGAT,DOMÈSTIC,48480980,
2023,BARCELONA,BAIX LLOBREGAT,08077,ESPLUGUES DE LLOBREGAT,INDUSTRIAL,,Dades subjectes a secret estadístic.
2023,BARCELONA,SELVA,08082,FOGARS DE LA SELVA,INDUSTRIAL,,Dades subjectes a secret estadístic.
2023,BARCELONA,SELVA,08082,FOGARS DE LA SELVA,DOMÈSTIC,1701638,
2023,BARCELONA,SELVA,08082,FOGARS DE LA SELVA,SERVEIS,,Dades subjectes a secret estadístic.
2023,BARCELONA,VALLES ORIENTAL,08086,"FRANQUESES DEL VALLES, LES",INDUSTRIAL,111592087,
2023,BARCELONA,VALLES ORIENTAL,08086,"FRANQUESES DEL VALLES, LES",DOMÈSTIC,23774039,
2023,BARCELONA,VALLES ORIENTAL,08086,"FRANQUESES DEL VALLES, LES",SERVEIS,14796906,
2023,BARCELONA,VALLES ORIENTAL,08088,"GARRIGA, LA",SERVEIS,5551795,
2023,BARCELONA,VALLES ORIENTAL,08088,"GARRIGA, LA",DOMÈSTIC,27776584,
2023,BARCELONA,VALLES ORIENTAL,08088,"GARRIGA, LA",INDUSTRIAL,,Dades subjectes a secret estadístic.
2023,BARCELONA,BAIX LLOBREGAT,08089,GAVA,INDUSTRIAL,31739167,
2023,BARCELONA,BAIX LLOBREGAT,08089,GAVA,DOMÈSTIC,46945943,
2023,BARCELONA,BAIX LLOBREGAT,08089,GAVA,SERVEIS,12762120,
2023,BARCELONA,ALT PENEDES,08091,GELIDA,INDUSTRIAL,,Dades subjectes a secret estadístic.
2023,BARCELONA,ALT PENEDES,08091,GELIDA,DOMÈSTIC,5709842,
2023,BARCELONA,ALT PENEDES,08091,GELIDA,SERVEIS,466875,
2023,BARCELONA,BERGUEDA,08092,GIRONELLA,DOMÈSTIC,8932351,
2023,BARCELONA,BERGUEDA,08092,GIRONELLA,SERVEIS,1169975,
2023,BARCELONA,ALT PENEDES,08094,"GRANADA, LA",DOMÈSTIC,2087643,
2023,BARCELONA,ALT PENEDES,08094,"GRANADA, LA",SERVEIS,,Dades subjectes a secret estadístic.
2023,BARCELONA,VALLES ORIENTAL,08096,GRANOLLERS,INDUSTRIAL,145446570,
2023,BARCELONA,VALLES ORIENTAL,08096,GRANOLLERS,SERVEIS,28098716,
2023,BARCELONA,VALLES ORIENTAL,08096,GRANOLLERS,DOMÈSTIC,80954025,
2023,BARCELONA,VALLES ORIENTAL,08097,GUALBA,INDUSTRIAL,,Dades subjectes a secret estadístic.
2023,BARCELONA,BAGES,08098,SANT SALVADOR DE GUARDIOLA,SERVEIS,,Dades subjectes a secret estadístic.
2023,BARCELONA,BAGES,08098,SANT SALVADOR DE GUARDIOLA,DOMÈSTIC,2976260,
2023,BARCELONA,BAGES,08098,SANT SALVADOR DE GUARDIOLA,INDUSTRIAL,,Dades subjectes a secret estadístic.
2023,BARCELONA,BERGUEDA,08099,GUARDIOLA DE BERGUEDA,DOMÈSTIC,532403,
2023,BARCELONA,BERGUEDA,08099,GUARDIOLA DE BERGUEDA,SERVEIS,,Dades subjectes a secret estadístic.
2023,BARCELONA,OSONA,08100,GURB,INDUSTRIAL,90517343,
2023,BARCELONA,OSONA,08100,GURB,SERVEIS,1070522,
2023,BARCELONA,OSONA,08100,GURB,DOMÈSTIC,3806965,
2023,BARCELONA,BARCELONES,08101,"HOSPITALET DE LLOBREGAT, L'",SERVEIS,121518189,Inclou el consum del sector transport.
2023,BARCELONA,BARCELONES,08101,"HOSPITALET DE LLOBREGAT, L'",DOMÈSTIC,176128695,
2023,BARCELONA,BARCELONES,08101,"HOSPITALET DE LLOBREGAT, L'",INDUSTRIAL,10239980,
2023,BARCELONA,ANOIA,08102,IGUALADA,SERVEIS,31412808,Inclou el consum del sector transport.
2023,BARCELONA,ANOIA,08102,IGUALADA,DOMÈSTIC,63996103,
2023,BARCELONA,ANOIA,08102,IGUALADA,INDUSTRIAL,41280267,
2023,BARCELONA,VALLES ORIENTAL,08105,"LLAGOSTA, LA",INDUSTRIAL,23725707,
2023,BARCELONA,VALLES ORIENTAL,08105,"LLAGOSTA, LA",DOMÈSTIC,12518987,
2023,BARCELONA,VALLES ORIENTAL,08105,"LLAGOSTA, LA",SERVEIS,2031230,
2023,BARCELONA,VALLES ORIENTAL,08106,LLINARS DEL VALLES,DOMÈSTIC,13455632,
2023,BARCELONA,VALLES ORIENTAL,08106,LLINARS DEL VALLES,SERVEIS,5063568,
2023,BARCELONA,VALLES ORIENTAL,08106,LLINARS DEL VALLES,INDUSTRIAL,34534311,
2023,BARCELONA,VALLES ORIENTAL,08107,LLIÇA D'AMUNT,SERVEIS,4591145,
2023,BARCELONA,VALLES ORIENTAL,08107,LLIÇA D'AMUNT,DOMÈSTIC,11883605,
2023,BARCELONA,VALLES ORIENTAL,08107,LLIÇA D'AMUNT,INDUSTRIAL,,Dades subjectes a secret estadístic.
2023,BARCELONA,VALLES ORIENTAL,08108,LLIÇA DE VALL,SERVEIS,815017,
2023,BARCELONA,VALLES ORIENTAL,08108,LLIÇA DE VALL,INDUSTRIAL,35233489,
2023,BARCELONA,VALLES ORIENTAL,08108,LLIÇA DE VALL,DOMÈSTIC,6298846,
2023,BARCELONA,MARESME,08110,MALGRAT DE MAR,DOMÈSTIC,25870682,
2023,BARCELONA,MARESME,08110,MALGRAT DE MAR,SERVEIS,11352310,
2023,BARCELONA,MARESME,08110,MALGRAT DE MAR,INDUSTRIAL,53762856,
2023,BARCELONA,OSONA,08112,MANLLEU,INDUSTRIAL,13190413,
2023,BARCELONA,OSONA,08112,MANLLEU,SERVEIS,5509128,
2023,BARCELONA,OSONA,08112,MANLLEU,DOMÈSTIC,26753068,
2023,BARCELONA,BAGES,08113,MANRESA,INDUSTRIAL,36060334,
2023,BARCELONA,BAGES,08113,MANRESA,DOMÈSTIC,138436350,
2023,BARCELONA,BAGES,08113,MANRESA,SERVEIS,52885453,
2023,BARCELONA,BAIX LLOBREGAT,08114,MARTORELL,SERVEIS,15160066,
2023,BARCELONA,BAIX LLOBREGAT,08114,MARTORELL,INDUSTRIAL,1322369047,
2023,BARCELONA,BAIX LLOBREGAT,08114,MARTORELL,DOMÈSTIC,32717882,
2023,BARCELONA,VALLES ORIENTAL,08115,MARTORELLES,INDUSTRIAL,77453377,
2023,BARCELONA,VALLES ORIENTAL,08115,MARTORELLES,SERVEIS,438817,
2023,BARCELONA,VALLES ORIENTAL,08115,MARTORELLES,DOMÈSTIC,6256541,
2023,BARCELONA,OSONA,08116,"MASIES DE RODA, LES",DOMÈSTIC,145582,
2023,BARCELONA,OSONA,08117,"MASIES DE VOLTREGA, LES",SERVEIS,,Dades subjectes a secret estadístic.
2023,BARCELONA,OSONA,08117,"MASIES DE VOLTREGA, LES",INDUSTRIAL,,Dades subjectes a secret estadístic.
2023,BARCELONA,OSONA,08117,"MASIES DE VOLTREGA, LES",DOMÈSTIC,3841359,
2023,BARCELONA,MARESME,08118,"MASNOU, EL",SERVEIS,4781150,
2023,BARCELONA,MARESME,08118,"MASNOU, EL",DOMÈSTIC,33156698,
2023,BARCELONA,MARESME,08118,"MASNOU, EL",PRIMARI,,Dades subjectes a secret estadístic.
2023,BARCELONA,MARESME,08118,"MASNOU, EL",INDUSTRIAL,,Dades subjectes a secret estadístic.
2023,BARCELONA,ANOIA,08119,MASQUEFA,SERVEIS,1323131,
2023,BARCELONA,ANOIA,08119,MASQUEFA,DOMÈSTIC,7442458,
2023,BARCELONA,VALLES OCCIDENTAL,08120,MATADEPERA,DOMÈSTIC,27486801,
2023,BARCELONA,VALLES OCCIDENTAL,08120,MATADEPERA,SERVEIS,5379777,
2023,BARCELONA,MARESME,08121,MATARO,SERVEIS,34351981,Inclou el consum del sector transport.
2023,BARCELONA,MARESME,08121,MATARO,PRIMARI,,Dades subjectes a secret estadístic.
2023,BARCELONA,MARESME,08121,MATARO,INDUSTRIAL,38519344,
2023,BARCELONA,MARESME,08121,MATARO,DOMÈSTIC,103121644,
2023,BARCELONA,ALT PENEDES,08122,MEDIONA,INDUSTRIAL,,Dades subjectes a secret estadístic.
2023,BARCELONA,ALT PENEDES,08122,MEDIONA,DOMÈSTIC,2778603,
2023,BARCELONA,ALT PENEDES,08122,MEDIONA,SERVEIS,,Dades subjectes a secret estadístic.
2023,BARCELONA,BAIX LLOBREGAT,08123,MOLINS DE REI,SERVEIS,7606408,
2023,BARCELONA,BAIX LLOBREGAT,08123,MOLINS DE REI,DOMÈSTIC,28689162,
2023,BARCELONA,BAIX LLOBREGAT,08123,MOLINS DE REI,INDUSTRIAL,4992954,
2023,BARCELONA,VALLES ORIENTAL,08124,MOLLET DEL VALLES,SERVEIS,12742086,
2023,BARCELONA,VALLES ORIENTAL,08124,MOLLET DEL VALLES,DOMÈSTIC,60134409,
2023,BARCELONA,VALLES ORIENTAL,08124,MOLLET DEL VALLES,INDUSTRIAL,154819692,
2023,BARCELONA,VALLES OCCIDENTAL,08125,MONTCADA I REIXAC,INDUSTRIAL,56928155,
2023,BARCELONA,VALLES OCCIDENTAL,08125,MONTCADA I REIXAC,DOMÈSTIC,44575064,
2023,BARCELONA,VALLES OCCIDENTAL,08125,MONTCADA I REIXAC,SERVEIS,13797428,
2023,BARCELONA,MARESME,08126,MONTGAT,INDUSTRIAL,,Dades subjectes a secret estadístic.
2023,BARCELONA,MARESME,08126,MONTGAT,SERVEIS,2584997,
2023,BARCELONA,MARESME,08126,MONTGAT,DOMÈSTIC,13266323,
2023,BARCELONA,BAGES,08127,MONISTROL DE MONTSERRAT,INDUSTRIAL,,Dades subjectes a secret estadístic.
2023,BARCELONA,OSONA,08131,MONTESQUIU,DOMÈSTIC,2322621,
2023,BARCELONA,OSONA,08131,MONTESQUIU,SERVEIS,,Dades subjectes a secret estadístic.
2023,BARCELONA,VALLES ORIENTAL,08134,FIGARO-MONTMANY,SERVEIS,,Dades subjectes a secret estadístic.
2023,BARCELONA,VALLES ORIENTAL,08134,FIGARO-MONTMANY,DOMÈSTIC,2417126,
2023,BARCELONA,VALLES ORIENTAL,08135,MONTMELO,SERVEIS,2047921,
2023,BARCELONA,VALLES ORIENTAL,08135,MONTMELO,DOMÈSTIC,12016373,
2023,BARCELONA,VALLES ORIENTAL,08135,MONTMELO,INDUSTRIAL,179803890,Inclou el consum del sector energètic.
2023,BARCELONA,VALLES ORIENTAL,08136,MONTORNES DEL VALLES,INDUSTRIAL,74567050,
2023,BARCELONA,VALLES ORIENTAL,08136,MONTORNES DEL VALLES,DOMÈSTIC,21616554,
2023,BARCELONA,VALLES ORIENTAL,08136,MONTORNES DEL VALLES,SERVEIS,19314728,
2023,BARCELONA,MOIANES,08138,MOIA,DOMÈSTIC,4304665,
2023,BARCELONA,MOIANES,08138,MOIA,SERVEIS,1300822,
2023,BARCELONA,MOIANES,08138,MOIA,INDUSTRIAL,,Dades subjectes a secret estadístic.
2023,BARCELONA,BAGES,08140,NAVARCLES,SERVEIS,1968088,
2023,BARCELONA,BAGES,08140,NAVARCLES,DOMÈSTIC,9664198,
2023,BARCELONA,BAGES,08141,NAVAS,DOMÈSTIC,10918767,
2023,BARCELONA,BAGES,08141,NAVAS,SERVEIS,1035122,
2023,BARCELONA,BAGES,08141,NAVAS,INDUSTRIAL,,Dades subjectes a secret estadístic.
2023,BARCELONA,ANOIA,08143,ODENA,INDUSTRIAL,,Dades subjectes a secret estadístic.
2023,BARCELONA,ANOIA,08143,ODENA,DOMÈSTIC,3371817,
2023,BARCELONA,ANOIA,08143,ODENA,SERVEIS,600521,
2023,BARCELONA,ALT PENEDES,08145,OLERDOLA,SERVEIS,3877795,
2023,BARCELONA,ALT PENEDES,08145,OLERDOLA,DOMÈSTIC,2919667,
2023,BARCELONA,ALT PENEDES,08145,OLERDOLA,INDUSTRIAL,29876863,
2023,BARCELONA,BAIX LLOBREGAT,08147,OLESA DE MONTSERRAT,SERVEIS,9786349,
2023,BARCELONA,BAIX LLOBREGAT,08147,OLESA DE MONTSERRAT,INDUSTRIAL,184696179,
2023,BARCELONA,BAIX LLOBREGAT,08147,OLESA DE MONTSERRAT,DOMÈSTIC,30119066,
2023,BARCELONA,OSONA,08150,ORIS,INDUSTRIAL,,Dades subjectes a secret estadístic.
2023,BARCELONA,OSONA,08150,ORIS,DOMÈSTIC,,Dades subjectes a secret estadístic.
2023,BARCELONA,ALT PENEDES,08154,PACS DEL PENEDES,INDUSTRIAL,,Dades subjectes a secret estadístic.
2023,BARCELONA,MARESME,08155,PALAFOLLS,SERVEIS,13612584,
2023,BARCELONA,MARESME,08155,PALAFOLLS,INDUSTRIAL,97048449,
2023,BARCELONA,MARESME,08155,PALAFOLLS,PRIMARI,,Dades subjectes a secret estadístic.
2023,BARCELONA,MARESME,08155,PALAFOLLS,DOMÈSTIC,9293144,
2023,BARCELONA,VALLES OCCIDENTAL,08156,PALAU-SOLITA I PLEGAMANS,DOMÈSTIC,20543991,
2023,BARCELONA,VALLES OCCIDENTAL,08156,PALAU-SOLITA I PLEGAMANS,SERVEIS,6225157,
2023,BARCELONA,VALLES OCCIDENTAL,08156,PALAU-SOLITA I PLEGAMANS,INDUSTRIAL,42308339,
2023,BARCELONA,BAIX LLOBREGAT,08157,PALLEJA,SERVEIS,3549160,
2023,BARCELONA,BAIX LLOBREGAT,08157,PALLEJA,DOMÈSTIC,14350763,
2023,BARCELONA,BAIX LLOBREGAT,08158,"PAPIOL, EL",SERVEIS,3177594,
2023,BARCELONA,BAIX LLOBREGAT,08158,"PAPIOL, EL",DOMÈSTIC,6403393,
2023,BARCELONA,BAIX LLOBREGAT,08158,"PAPIOL, EL",INDUSTRIAL,,Dades subjectes a secret estadístic.
2023,BARCELONA,VALLES ORIENTAL,08159,PARETS DEL VALLES,DOMÈSTIC,27116501,
2023,BARCELONA,VALLES ORIENTAL,08159,PARETS DEL VALLES,INDUSTRIAL,236703062,
2023,BARCELONA,VALLES ORIENTAL,08159,PARETS DEL VALLES,SERVEIS,26726007,
2023,BARCELONA,ANOIA,08161,PIERA,SERVEIS,2622592,
2023,BARCELONA,ANOIA,08161,PIERA,INDUSTRIAL,,Dades subjectes a secret estadístic.
2023,BARCELONA,ANOIA,08161,PIERA,DOMÈSTIC,10219791,
2023,BARCELONA,ANOIA,08162,"HOSTALETS DE PIEROLA, ELS",SERVEIS,,Dades subjectes a secret estadístic.
2023,BARCELONA,ANOIA,08162,"HOSTALETS DE PIEROLA, ELS",DOMÈSTIC,1803959,
2023,BARCELONA,MARESME,08163,PINEDA DE MAR,SERVEIS,8389460,
2023,BARCELONA,MARESME,08163,PINEDA DE MAR,INDUSTRIAL,23441765,
2023,BARCELONA,MARESME,08163,PINEDA DE MAR,DOMÈSTIC,27472532,
2023,BARCELONA,ANOIA,08165,"POBLA DE CLARAMUNT, LA",INDUSTRIAL,957908564,Inclou el consum del sector energètic.
2023,BARCELONA,ANOIA,08165,"POBLA DE CLARAMUNT, LA",DOMÈSTIC,2528371,
2023,BARCELONA,ANOIA,08165,"POBLA DE CLARAMUNT, LA",SERVEIS,779482,
2023,BARCELONA,VALLES OCCIDENTAL,08167,POLINYA,INDUSTRIAL,33919963,
2023,BARCELONA,VALLES OCCIDENTAL,08167,POLINYA,DOMÈSTIC,11288334,
2023,BARCELONA,VALLES OCCIDENTAL,08167,POLINYA,SERVEIS,5531720,
2023,BARCELONA,BAIX LLOBREGAT,08169,"PRAT DE LLOBREGAT, EL",DOMÈSTIC,53769109,
2023,BARCELONA,BAIX LLOBREGAT,08169,"PRAT DE LLOBREGAT, EL",SERVEIS,60389457,Inclou el consum del sector transport.
2023,BARCELONA,BAIX LLOBREGAT,08169,"PRAT DE LLOBREGAT, EL",INDUSTRIAL,494109343,
2023,BARCELONA,LLUÇANES,08171,PRATS DE LLUÇANES,DOMÈSTIC,1678174,
2023,BARCELONA,LLUÇANES,08171,PRATS DE LLUÇANES,SERVEIS,535072,
2023,BARCELONA,MARESME,08172,PREMIA DE MAR,DOMÈSTIC,34185493,
2023,BARCELONA,MARESME,08172,PREMIA DE MAR,SERVEIS,5730802,
2023,BARCELONA,BERGUEDA,08175,PUIG-REIG,INDUSTRIAL,,Dades subjectes a secret estadístic.
2023,BARCELONA,BERGUEDA,08175,PUIG-REIG,DOMÈSTIC,9687257,
2023,BARCELONA,BERGUEDA,08175,PUIG-REIG,SERVEIS,1935481,
2023,BARCELONA,VALLES OCCIDENTAL,08180,RIPOLLET,SERVEIS,9088707,
2023,BARCELONA,VALLES OCCIDENTAL,08180,RIPOLLET,DOMÈSTIC,40192617,
2023,BARCELONA,VALLES OCCIDENTAL,08180,RIPOLLET,INDUSTRIAL,,Dades subjectes a secret estadístic.
2023,BARCELONA,VALLES ORIENTAL,08181,"ROCA DEL VALLES, LA",SERVEIS,14946117,
2023,BARCELONA,VALLES ORIENTAL,08181,"ROCA DEL VALLES, LA",DOMÈSTIC,15487640,
2023,BARCELONA,BAGES,08182,"PONT DE VILOMARA I ROCAFORT, EL",SERVEIS,831906,
2023,BARCELONA,BAGES,08182,"PONT DE VILOMARA I ROCAFORT, EL",DOMÈSTIC,6140594,
2023,BARCELONA,BAGES,08182,"PONT DE VILOMARA I ROCAFORT, EL",INDUSTRIAL,,Dades subjectes a secret estadístic.
2023,BARCELONA,OSONA,08183,RODA DE TER,DOMÈSTIC,10061913,
2023,BARCELONA,OSONA,08183,RODA DE TER,SERVEIS,1248527,
2023,BARCELONA,VALLES OCCIDENTAL,08184,RUBI,INDUSTRIAL,151753653,
2023,BARCELONA,VALLES OCCIDENTAL,08184,RUBI,DOMÈSTIC,80402293,
2023,BARCELONA,VALLES OCCIDENTAL,08184,RUBI,SERVEIS,17168619,Inclou el consum del sector transport.
2023,BARCELONA,VALLES OCCIDENTAL,08187,SABADELL,SERVEIS,94825159,
2023,BARCELONA,VALLES OCCIDENTAL,08187,SABADELL,DOMÈSTIC,281842139,
2023,BARCELONA,VALLES OCCIDENTAL,08187,SABADELL,INDUSTRIAL,60773422,
2023,BARCELONA,BAGES,08191,SALLENT,DOMÈSTIC,13807615,
2023,BARCELONA,BAGES,08191,SALLENT,INDUSTRIAL,17687028,
2023,BARCELONA,BAGES,08191,SALLENT,SERVEIS,9035895,
2023,BARCELONA,BAGES,08192,SANTPEDOR,DOMÈSTIC,16415703,
2023,BARCELONA,BAGES,08192,SANTPEDOR,INDUSTRIAL,14819271,
2023,BARCELONA,BAGES,08192,SANTPEDOR,SERVEIS,8852293,
2023,BARCELONA,BARCELONES,08194,SANT ADRIA DE BESOS,SERVEIS,32250592,
2023,BARCELONA,BARCELONES,08194,SANT ADRIA DE BESOS,DOMÈSTIC,25819489,
2023,BARCELONA,BARCELONES,08194,SANT ADRIA DE BESOS,CT RO,,Dades subjectes a secret estadístic. Inclou el consum de centrals tèrmiques de l'antic règim ordinari.
2023,BARCELONA,BARCELONES,08194,SANT ADRIA DE BESOS,INDUSTRIAL,356364,
2023,BARCELONA,BAIX LLOBREGAT,08196,SANT ANDREU DE LA BARCA,SERVEIS,7640412,
2023,BARCELONA,BAIX LLOBREGAT,08196,SANT ANDREU DE LA BARCA,INDUSTRIAL,22197393,
2023,BARCELONA,BAIX LLOBREGAT,08196,SANT ANDREU DE LA BARCA,DOMÈSTIC,29502005,
2023,BARCELONA,MARESME,08197,SANT ANDREU DE LLAVANERES,PRIMARI,984500,
2023,BARCELONA,MARESME,08197,SANT ANDREU DE LLAVANERES,SERVEIS,3746692,
2023,BARCELONA,MARESME,08197,SANT ANDREU DE LLAVANERES,DOMÈSTIC,23174013,
2023,BARCELONA,VALLES ORIENTAL,08198,SANT ANTONI DE VILAMAJOR,SERVEIS,1283306,
2023,BARCELONA,VALLES ORIENTAL,08198,SANT ANTONI DE VILAMAJOR,DOMÈSTIC,8557085,
2023,BARCELONA,VALLES ORIENTAL,08198,SANT ANTONI DE VILAMAJOR,INDUSTRIAL,,Dades subjectes a secret estadístic.
2023,BARCELONA,BAIX LLOBREGAT,08200,SANT BOI DE LLOBREGAT,INDUSTRIAL,15351666,
2023,BARCELONA,BAIX LLOBREGAT,08200,SANT BOI DE LLOBREGAT,SERVEIS,50535004,Inclou el consum del sector transport.
2023,BARCELONA,BAIX LLOBREGAT,08200,SANT BOI DE LLOBREGAT,DOMÈSTIC,72285980,
2023,BARCELONA,VALLES ORIENTAL,08202,SANT CELONI,INDUSTRIAL,123990534,
2023,BARCELONA,VALLES ORIENTAL,08202,SANT CELONI,SERVEIS,5213224,
2023,BARCELONA,VALLES ORIENTAL,08202,SANT CELONI,DOMÈSTIC,26496572,
2023,BARCELONA,MARESME,08203,SANT CEBRIA DE VALLALTA,DOMÈSTIC,3535765,
2023,BARCELONA,MARESME,08203,SANT CEBRIA DE VALLALTA,INDUSTRIAL,,Dades subjectes a secret estadístic.
2023,BARCELONA,MARESME,08203,SANT CEBRIA DE VALLALTA,SERVEIS,,Dades subjectes a secret estadístic.
2023,BARCELONA,BAIX LLOBREGAT,08204,SANT CLIMENT DE LLOBREGAT,SERVEIS,521469,
2023,BARCELONA,BAIX LLOBREGAT,08204,SANT CLIMENT DE LLOBREGAT,DOMÈSTIC,1822011,
2023,BARCELONA,VALLES OCCIDENTAL,08205,SANT CUGAT DEL VALLES,SERVEIS,153194423,
2023,BARCELONA,VALLES OCCIDENTAL,08205,SANT CUGAT DEL VALLES,INDUSTRIAL,54233337,
2023,BARCELONA,VALLES OCCIDENTAL,08205,SANT CUGAT DEL VALLES,DOMÈSTIC,186284986,
2023,BARCELONA,ALT PENEDES,08206,SANT CUGAT SESGARRIGUES,SERVEIS,232508,
2023,BARCELONA,ALT PENEDES,08206,SANT CUGAT SESGARRIGUES,DOMÈSTIC,1119732,
2023,BARCELONA,VALLES ORIENTAL,08207,SANT ESTEVE DE PALAUTORDERA,DOMÈSTIC,4496590,
2023,BARCELONA,VALLES ORIENTAL,08207,SANT ESTEVE DE PALAUTORDERA,SERVEIS,,Dades subjectes a secret estadístic.
2023,BARCELONA,BAIX LLOBREGAT,08208,SANT ESTEVE SESROVIRES,DOMÈSTIC,11181406,
2023,BARCELONA,BAIX LLOBREGAT,08208,SANT ESTEVE SESROVIRES,INDUSTRIAL,43245400,
2023,BARCELONA,BAIX LLOBREGAT,08208,SANT ESTEVE SESROVIRES,SERVEIS,27184939,
2023,BARCELONA,VALLES ORIENTAL,08209,SANT FOST DE CAMPSENTELLES,DOMÈSTIC,10274393,
2023,BARCELONA,VALLES ORIENTAL,08209,SANT FOST DE CAMPSENTELLES,INDUSTRIAL,15747642,
2023,BARCELONA,VALLES ORIENTAL,08209,SANT FOST DE CAMPSENTELLES,SERVEIS,4577894,
2023,BARCELONA,VALLES ORIENTAL,08210,SANT FELIU DE CODINES,SERVEIS,578169,
2023,BARCELONA,VALLES ORIENTAL,08210,SANT FELIU DE CODINES,DOMÈSTIC,4154805,
2023,BARCELONA,BAIX LLOBREGAT,08211,SANT FELIU DE LLOBREGAT,SERVEIS,14122524,
2023,BARCELONA,BAIX LLOBREGAT,08211,SANT FELIU DE LLOBREGAT,INDUSTRIAL,15468385,
2023,BARCELONA,BAIX LLOBREGAT,08211,SANT FELIU DE LLOBREGAT,DOMÈSTIC,44179743,
2023,BARCELONA,BAGES,08213,SANT FRUITOS DE BAGES,SERVEIS,6488443,
2023,BARCELONA,BAGES,08213,SANT FRUITOS DE BAGES,INDUSTRIAL,18995485,
2023,BARCELONA,BAGES,08213,SANT FRUITOS DE BAGES,DOMÈSTIC,16994576,
2023,BARCELONA,MARESME,08214,VILASSAR DE DALT,SERVEIS,3227875,
2023,BARCELONA,MARESME,08214,VILASSAR DE DALT,DOMÈSTIC,15759774,
2023,BARCELONA,MARESME,08214,VILASSAR DE DALT,PRIMARI,,Dades subjectes a secret estadístic.
2023,BARCELONA,MARESME,08214,VILASSAR DE DALT,INDUSTRIAL,,Dades subjectes a secret estadístic.
2023,BARCELONA,OSONA,08215,SANT HIPOLIT DE VOLTREGA,DOMÈSTIC,5808542,
2023,BARCELONA,OSONA,08215,SANT HIPOLIT DE VOLTREGA,SERVEIS,813714,
2023,BARCELONA,BAIX LLOBREGAT,08217,SANT JOAN DESPI,INDUSTRIAL,13461673,
2023,BARCELONA,BAIX LLOBREGAT,08217,SANT JOAN DESPI,DOMÈSTIC,34001862,
2023,BARCELONA,BAIX LLOBREGAT,08217,SANT JOAN DESPI,SERVEIS,19865920,
2023,BARCELONA,BAGES,08218,SANT JOAN DE VILATORRADA,SERVEIS,2372422,
2023,BARCELONA,BAGES,08218,SANT JOAN DE VILATORRADA,INDUSTRIAL,,Dades subjectes a secret estadístic.
2023,BARCELONA,BAGES,08218,SANT JOAN DE VILATORRADA,DOMÈSTIC,23043155,
2023,BARCELONA,MARESME,08219,VILASSAR DE MAR,DOMÈSTIC,32486738,
2023,BARCELONA,MARESME,08219,VILASSAR DE MAR,SERVEIS,3713375,
2023,BARCELONA,MARESME,08219,VILASSAR DE MAR,INDUSTRIAL,,Dades subjectes a secret estadístic.
2023,BARCELONA,MARESME,08219,VILASSAR DE MAR,PRIMARI,,Dades subjectes a secret estadístic.
2023,BARCELONA,OSONA,08220,SANT JULIA DE VILATORTA,SERVEIS,924926,
2023,BARCELONA,OSONA,08220,SANT JULIA DE VILATORTA,DOMÈSTIC,4691897,
2023,BARCELONA,BAIX LLOBREGAT,08221,SANT JUST DESVERN,INDUSTRIAL,11796038,
2023,BARCELONA,BAIX LLOBREGAT,08221,SANT JUST DESVERN,DOMÈSTIC,32027149,
2023,BARCELONA,BAIX LLOBREGAT,08221,SANT JUST DESVERN,SERVEIS,11630978,
2023,BARCELONA,ALT PENEDES,08222,SANT LLORENÇ D'HORTONS,SERVEIS,,Dades subjectes a secret estadístic.
2023,BARCELONA,ALT PENEDES,08222,SANT LLORENÇ D'HORTONS,DOMÈSTIC,578652,
2023,BARCELONA,OSONA,08224,SANT MARTI DE CENTELLES,SERVEIS,,Dades subjectes a secret estadístic.
2023,BARCELONA,OSONA,08224,SANT MARTI DE CENTELLES,DOMÈSTIC,1919761,
2023,BARCELONA,ANOIA,08228,SANT MARTI SESGUEIOLES,DOMÈSTIC,552329,
2023,BARCELONA,MARESME,08230,PREMIA DE DALT,INDUSTRIAL,,Dades subjectes a secret estadístic.
2023,BARCELONA,MARESME,08230,PREMIA DE DALT,SERVEIS,2993090,
2023,BARCELONA,MARESME,08230,PREMIA DE DALT,DOMÈSTIC,19699418,
2023,BARCELONA,MARESME,08230,PREMIA DE DALT,PRIMARI,,Dades subjectes a secret estadístic.
2023,BARCELONA,GARRAF,08231,SANT PERE DE RIBES,DOMÈSTIC,38335833,
2023,BARCELONA,GARRAF,08231,SANT PERE DE RIBES,SERVEIS,14349367,
2023,BARCELONA,ALT PENEDES,08232,SANT PERE DE RIUDEBITLLES,INDUSTRIAL,29732373,
2023,BARCELONA,ALT PENEDES,08232,SANT PERE DE RIUDEBITLLES,DOMÈSTIC,3129805,
2023,BARCELONA,ALT PENEDES,08232,SANT PERE DE RIUDEBITLLES,SERVEIS,,Dades subjectes a secret estadístic.
2023,BARCELONA,VALLES ORIENTAL,08234,SANT PERE DE VILAMAJOR,SERVEIS,,Dades subjectes a secret estadístic.
2023,BARCELONA,VALLES ORIENTAL,08234,SANT PERE DE VILAMAJOR,DOMÈSTIC,2319742,
2023,BARCELONA,VALLES ORIENTAL,08234,SANT PERE DE VILAMAJOR,INDUSTRIAL,,Dades subjectes a secret estadístic.
2023,BARCELONA,MARESME,08235,SANT POL DE MAR,DOMÈSTIC,8421514,
2023,BARCELONA,MARESME,08235,SANT POL DE MAR,SERVEIS,429945,
2023,BARCELONA,ALT PENEDES,08236,SANT QUINTI DE MEDIONA,DOMÈSTIC,1166303,
2023,BARCELONA,ALT PENEDES,08236,SANT QUINTI DE MEDIONA,INDUSTRIAL,,Dades subjectes a secret estadístic.
2023,BARCELONA,OSONA,08237,SANT QUIRZE DE BESORA,DOMÈSTIC,3731905,
2023,BARCELONA,OSONA,08237,SANT QUIRZE DE BESORA,INDUSTRIAL,,Dades subjectes a secret estadístic.
2023,BARCELONA,OSONA,08237,SANT QUIRZE DE BESORA,SERVEIS,362381,
2023,BARCELONA,VALLES OCCIDENTAL,08238,SANT QUIRZE DEL VALLES,DOMÈSTIC,37055367,
2023,BARCELONA,VALLES OCCIDENTAL,08238,SANT QUIRZE DEL VALLES,INDUSTRIAL,5732418,
2023,BARCELONA,VALLES OCCIDENTAL,08238,SANT QUIRZE DEL VALLES,SERVEIS,6797703,
2023,BARCELONA,ALT PENEDES,08240,SANT SADURNI D'ANOIA,SERVEIS,3586579,
2023,BARCELONA,ALT PENEDES,08240,SANT SADURNI D'ANOIA,INDUSTRIAL,,Dades subjectes a secret estadístic.
2023,BARCELONA,ALT PENEDES,08240,SANT SADURNI D'ANOIA,DOMÈSTIC,14823995,
2023,BARCELONA,BAIX LLOBREGAT,08244,SANTA COLOMA DE CERVELLO,DOMÈSTIC,10126530,
2023,BARCELONA,BAIX LLOBREGAT,08244,SANTA COLOMA DE CERVELLO,SERVEIS,967590,
2023,BARCELONA,BAIX LLOBREGAT,08244,SANTA COLOMA DE CERVELLO,INDUSTRIAL,,Dades subjectes a secret estadístic.
2023,BARCELONA,BARCELONES,08245,SANTA COLOMA DE GRAMENET,SERVEIS,25659845,
2023,BARCELONA,BARCELONES,08245,SANTA COLOMA DE GRAMENET,DOMÈSTIC,82714187,
2023,BARCELONA,BARCELONES,08245,SANTA COLOMA DE GRAMENET,INDUSTRIAL,,Dades subjectes a secret estadístic.
2023,BARCELONA,OSONA,08246,SANTA EUGENIA DE BERGA,SERVEIS,1139952,
2023,BARCELONA,OSONA,08246,SANTA EUGENIA DE BERGA,INDUSTRIAL,,Dades subjectes a secret estadístic.
2023,BARCELONA,OSONA,08246,SANTA EUGENIA DE BERGA,DOMÈSTIC,2533510,
2023,BARCELONA,VALLES ORIENTAL,08248,SANTA EULALIA DE RONÇANA,DOMÈSTIC,1005774,
2023,BARCELONA,ANOIA,08250,SANTA MARGARIDA DE MONTBUI,DOMÈSTIC,10517056,
2023,BARCELONA,ANOIA,08250,SANTA MARGARIDA DE MONTBUI,SERVEIS,2146451,
2023,BARCELONA,ALT PENEDES,08251,SANTA MARGARIDA I ELS MONJOS,SERVEIS,1998540,
2023,BARCELONA,ALT PENEDES,08251,SANTA MARGARIDA I ELS MONJOS,DOMÈSTIC,8193831,
2023,BARCELONA,ALT PENEDES,08251,SANTA MARGARIDA I ELS MONJOS,INDUSTRIAL,127273521,
2023,BARCELONA,VALLES OCCIDENTAL,08252,BARBERA DEL VALLES,INDUSTRIAL,56590678,
2023,BARCELONA,VALLES OCCIDENTAL,08252,BARBERA DEL VALLES,DOMÈSTIC,39516320,
2023,BARCELONA,VALLES OCCIDENTAL,08252,BARBERA DEL VALLES,SERVEIS,13373755,
2023,BARCELONA,OSONA,08254,"ESQUIROL, L’",SERVEIS,,Dades subjectes a secret estadístic.
2023,BARCELONA,OSONA,08254,"ESQUIROL, L’",INDUSTRIAL,,Dades subjectes a secret estadístic.
2023,BARCELONA,VALLES ORIENTAL,08256,SANTA MARIA DE MARTORELLES,DOMÈSTIC,578723,
2023,BARCELONA,VALLES ORIENTAL,08259,SANTA MARIA DE PALAUTORDERA,INDUSTRIAL,9424722,
2023,BARCELONA,VALLES ORIENTAL,08259,SANTA MARIA DE PALAUTORDERA,SERVEIS,,Dades subjectes a secret estadístic.
2023,BARCELONA,VALLES ORIENTAL,08259,SANTA MARIA DE PALAUTORDERA,DOMÈSTIC,12542549,
2023,BARCELONA,VALLES OCCIDENTAL,08260,SANTA PERPETUA DE MOGODA,SERVEIS,8180776,
2023,BARCELONA,VALLES OCCIDENTAL,08260,SANTA PERPETUA DE MOGODA,DOMÈSTIC,31665649,
2023,BARCELONA,VALLES OCCIDENTAL,08260,SANTA PERPETUA DE MOGODA,INDUSTRIAL,225378134,
2023,BARCELONA,MARESME,08261,SANTA SUSANNA,DOMÈSTIC,4257341,
2023,BARCELONA,MARESME,08261,SANTA SUSANNA,SERVEIS,14019099,
2023,BARCELONA,BAGES,08262,SANT VICENÇ DE CASTELLET,SERVEIS,2415349,
2023,BARCELONA,BAGES,08262,SANT VICENÇ DE CASTELLET,DOMÈSTIC,15161533,
2023,BARCELONA,BAGES,08262,SANT VICENÇ DE CASTELLET,INDUSTRIAL,,Dades subjectes a secret estadístic.
2023,BARCELONA,BAIX LLOBREGAT,08263,SANT VICENÇ DELS HORTS,SERVEIS,3827174,
2023,BARCELONA,BAIX LLOBREGAT,08263,SANT VICENÇ DELS HORTS,INDUSTRIAL,59084272,
2023,BARCELONA,BAIX LLOBREGAT,08263,SANT VICENÇ DELS HORTS,DOMÈSTIC,25177478,
2023,BARCELONA,MARESME,08264,SANT VICENÇ DE MONTALT,SERVEIS,1909891,
2023,BARCELONA,MARESME,08264,SANT VICENÇ DE MONTALT,DOMÈSTIC,17200290,
2023,BARCELONA,OSONA,08265,SANT VICENÇ DE TORELLO,INDUSTRIAL,,Dades subjectes a secret estadístic.
2023,BARCELONA,OSONA,08265,SANT VICENÇ DE TORELLO,DOMÈSTIC,2184053,
2023,BARCELONA,OSONA,08265,SANT VICENÇ DE TORELLO,SERVEIS,865755,
2023,BARCELONA,VALLES OCCIDENTAL,08266,CERDANYOLA DEL VALLES,SERVEIS,126427101,
2023,BARCELONA,VALLES OCCIDENTAL,08266,CERDANYOLA DEL VALLES,INDUSTRIAL,42870724,
2023,BARCELONA,VALLES OCCIDENTAL,08266,CERDANYOLA DEL VALLES,DOMÈSTIC,83297796,
2023,BARCELONA,VALLES OCCIDENTAL,08267,SENTMENAT,INDUSTRIAL,3086755,
2023,BARCELONA,VALLES OCCIDENTAL,08267,SENTMENAT,DOMÈSTIC,11221523,
2023,BARCELONA,VALLES OCCIDENTAL,08267,SENTMENAT,SERVEIS,1283772,
2023,BARCELONA,OSONA,08269,SEVA,DOMÈSTIC,1219952,
2023,BARCELONA,OSONA,08269,SEVA,INDUSTRIAL,,Dades subjectes a secret estadístic.
2023,BARCELONA,GARRAF,08270,SITGES,DOMÈSTIC,51991379,
2023,BARCELONA,GARRAF,08270,SITGES,SERVEIS,24118161,
2023,BARCELONA,BAGES,08274,SURIA,DOMÈSTIC,11054540,
2023,BARCELONA,BAGES,08274,SURIA,INDUSTRIAL,,Dades subjectes a secret estadístic.
2023,BARCELONA,BAGES,08274,SURIA,SERVEIS,1653046,
2023,BARCELONA,OSONA,08278,TARADELL,INDUSTRIAL,,Dades subjectes a secret estadístic.
2023,BARCELONA,OSONA,08278,TARADELL,DOMÈSTIC,11584365,
2023,BARCELONA,OSONA,08278,TARADELL,SERVEIS,1790890,
2023,BARCELONA,VALLES OCCIDENTAL,08279,TERRASSA,INDUSTRIAL,92199870,
2023,BARCELONA,VALLES OCCIDENTAL,08279,TERRASSA,SERVEIS,80509071,Inclou el consum del sector transport.
2023,BARCELONA,VALLES OCCIDENTAL,08279,TERRASSA,DOMÈSTIC,281289647,
2023,BARCELONA,MARESME,08281,TEIA,PRIMARI,,Dades subjectes a secret estadístic.
2023,BARCELONA,MARESME,08281,TEIA,DOMÈSTIC,13254101,
2023,BARCELONA,MARESME,08281,TEIA,SERVEIS,1897714,
2023,BARCELONA,MARESME,08282,TIANA,SERVEIS,1848883,
2023,BARCELONA,MARESME,08282,TIANA,DOMÈSTIC,16220126,
2023,BARCELONA,OSONA,08283,TONA,DOMÈSTIC,16158731,
2023,BARCELONA,OSONA,08283,TONA,SERVEIS,4905443,
2023,BARCELONA,OSONA,08283,TONA,INDUSTRIAL,,Dades subjectes a secret estadístic.
2023,BARCELONA,MARESME,08284,TORDERA,SERVEIS,9478179,
2023,BARCELONA,MARESME,08284,TORDERA,INDUSTRIAL,,Dades subjectes a secret estadístic.
2023,BARCELONA,MARESME,08284,TORDERA,DOMÈSTIC,17202069,
2023,BARCELONA,OSONA,08285,TORELLO,SERVEIS,3517902,
2023,BARCELONA,OSONA,08285,TORELLO,INDUSTRIAL,,Dades subjectes a secret estadístic.
2023,BARCELONA,OSONA,08285,TORELLO,DOMÈSTIC,25234544,
2023,BARCELONA,ANOIA,08286,"TORRE DE CLARAMUNT, LA",SERVEIS,,Dades subjectes a secret estadístic.
2023,BARCELONA,ANOIA,08286,"TORRE DE CLARAMUNT, LA",DOMÈSTIC,2561574,
2023,BARCELONA,ALT PENEDES,08287,TORRELAVIT,DOMÈSTIC,1836970,
2023,BARCELONA,ALT PENEDES,08287,TORRELAVIT,SERVEIS,,Dades subjectes a secret estadístic.
2023,BARCELONA,BAIX LLOBREGAT,08289,TORRELLES DE LLOBREGAT,SERVEIS,,Dades subjectes a secret estadístic.
2023,BARCELONA,BAIX LLOBREGAT,08289,TORRELLES DE LLOBREGAT,DOMÈSTIC,4589152,
2023,BARCELONA,VALLES OCCIDENTAL,08290,ULLASTRELL,DOMÈSTIC,1928539,
2023,BARCELONA,VALLES OCCIDENTAL,08290,ULLASTRELL,SERVEIS,,Dades subjectes a secret estadístic.
2023,BARCELONA,ANOIA,08292,VALLBONA D'ANOIA,SERVEIS,,Dades subjectes a secret estadístic.
2023,BARCELONA,ANOIA,08292,VALLBONA D'ANOIA,DOMÈSTIC,1942437,
2023,BARCELONA,ANOIA,08292,VALLBONA D'ANOIA,INDUSTRIAL,,Dades subjectes a secret estadístic.
2023,BARCELONA,VALLES ORIENTAL,08294,VALLGORGUINA,DOMÈSTIC,723498,
2023,BARCELONA,BAIX LLOBREGAT,08295,VALLIRANA,SERVEIS,1661984,
2023,BARCELONA,BAIX LLOBREGAT,08295,VALLIRANA,DOMÈSTIC,12705929,
2023,BARCELONA,VALLES ORIENTAL,08296,VALLROMANES,SERVEIS,1307801,
2023,BARCELONA,VALLES ORIENTAL,08296,VALLROMANES,DOMÈSTIC,4552533,
2023,BARCELONA,OSONA,08298,VIC,INDUSTRIAL,65117693,
2023,BARCELONA,OSONA,08298,VIC,SERVEIS,45812168,
2023,BARCELONA,OSONA,08298,VIC,DOMÈSTIC,99133955,
2023,BARCELONA,VALLES OCCIDENTAL,08300,VILADECAVALLS,SERVEIS,14607555,
2023,BARCELONA,VALLES OCCIDENTAL,08300,VILADECAVALLS,DOMÈSTIC,10274383,
2023,BARCELONA,VALLES OCCIDENTAL,08300,VILADECAVALLS,INDUSTRIAL,5104796,
2023,BARCELONA,BAIX LLOBREGAT,08301,VILADECANS,SERVEIS,22456313,Inclou el consum del sector transport.
2023,BARCELONA,BAIX LLOBREGAT,08301,VILADECANS,DOMÈSTIC,59794803,
2023,BARCELONA,BAIX LLOBREGAT,08301,VILADECANS,INDUSTRIAL,,Dades subjectes a secret estadístic.
2023,BARCELONA,ANOIA,08302,VILANOVA DEL CAMI,DOMÈSTIC,16087053,
2023,BARCELONA,ANOIA,08302,VILANOVA DEL CAMI,INDUSTRIAL,,Dades subjectes a secret estadístic.
2023,BARCELONA,ANOIA,08302,VILANOVA DEL CAMI,SERVEIS,1095753,
2023,BARCELONA,ALT PENEDES,08305,VILAFRANCA DEL PENEDES,INDUSTRIAL,4175797,
2023,BARCELONA,ALT PENEDES,08305,VILAFRANCA DEL PENEDES,SERVEIS,13822988,
2023,BARCELONA,ALT PENEDES,08305,VILAFRANCA DEL PENEDES,DOMÈSTIC,51518621,
2023,BARCELONA,VALLES ORIENTAL,08306,VILALBA SASSERRA,SERVEIS,,Dades subjectes a secret estadístic.
2023,BARCELONA,VALLES ORIENTAL,08306,VILALBA SASSERRA,DOMÈSTIC,185197,
2023,BARCELONA,GARRAF,08307,VILANOVA I LA GELTRU,INDUSTRIAL,47668511,
2023,BARCELONA,GARRAF,08307,VILANOVA I LA GELTRU,SERVEIS,14918395,
2023,BARCELONA,GARRAF,08307,VILANOVA I LA GELTRU,DOMÈSTIC,69948136,
2023,BARCELONA,VALLES ORIENTAL,08902,VILANOVA DEL VALLES,SERVEIS,619338,
2023,BARCELONA,VALLES ORIENTAL,08902,VILANOVA DEL VALLES,DOMÈSTIC,5323958,
2023,BARCELONA,VALLES OCCIDENTAL,08904,BADIA DEL VALLES,SERVEIS,3185261,
2023,BARCELONA,VALLES OCCIDENTAL,08904,BADIA DEL VALLES,DOMÈSTIC,10618562,
2023,BARCELONA,BAIX LLOBREGAT,08905,"PALMA DE CERVELLO, LA",DOMÈSTIC,3262880,
2023,BARCELONA,BAIX LLOBREGAT,08905,"PALMA DE CERVELLO, LA",SERVEIS,403859,
2023,GIRONA,GIRONES,17002,AIGUAVIVA,SERVEIS,653772,
2023,GIRONA,GIRONES,17002,AIGUAVIVA,DOMÈSTIC,922063,
2023,GIRONA,GIRONES,17002,AIGUAVIVA,INDUSTRIAL,29752750,
2023,GIRONA,GARROTXA,17010,ARGELAGUER,PRIMARI,,Dades subjectes a secret estadístic.
2023,GIRONA,GARROTXA,17010,ARGELAGUER,INDUSTRIAL,,Dades subjectes a secret estadístic.
2023,GIRONA,GARROTXA,17010,ARGELAGUER,DOMÈSTIC,724797,
2023,GIRONA,GARROTXA,17010,ARGELAGUER,SERVEIS,250109,
2023,GIRONA,BAIX EMPORDA,17013,BEGUR,DOMÈSTIC,191903,
2023,GIRONA,PLA DE L'ESTANY,17015,BANYOLES,INDUSTRIAL,,Dades subjectes a secret estadístic.
2023,GIRONA,PLA DE L'ESTANY,17015,BANYOLES,SERVEIS,12451775,
2023,GIRONA,PLA DE L'ESTANY,17015,BANYOLES,DOMÈSTIC,34001274,
2023,GIRONA,BAIX EMPORDA,17018,BELLCAIRE D'EMPORDA,DOMÈSTIC,1226080,
2023,GIRONA,BAIX EMPORDA,17018,BELLCAIRE D'EMPORDA,SERVEIS,,Dades subjectes a secret estadístic.
2023,GIRONA,GARROTXA,17019,BESALU,SERVEIS,625386,
2023,GIRONA,GARROTXA,17019,BESALU,DOMÈSTIC,5232537,
2023,GIRONA,GIRONES,17020,BESCANO,DOMÈSTIC,6938037,
2023,GIRONA,GIRONES,17020,BESCANO,SERVEIS,1017262,
2023,GIRONA,GARROTXA,17021,BEUDA,INDUSTRIAL,,Dades subjectes a secret estadístic.
2023,GIRONA,BAIX EMPORDA,17022,"BISBAL D'EMPORDA, LA",INDUSTRIAL,,Dades subjectes a secret estadístic.
2023,GIRONA,BAIX EMPORDA,17022,"BISBAL D'EMPORDA, LA",SERVEIS,2319105,
2023,GIRONA,BAIX EMPORDA,17022,"BISBAL D'EMPORDA, LA",DOMÈSTIC,16827851,
2023,GIRONA,SELVA,17023,BLANES,DOMÈSTIC,58395217,
2023,GIRONA,SELVA,17023,BLANES,INDUSTRIAL,,Dades subjectes a secret estadístic.
2023,GIRONA,SELVA,17023,BLANES,SERVEIS,19238401,
2023,GIRONA,GIRONES,17025,BORDILS,SERVEIS,,Dades subjectes a secret estadístic.
2023,GIRONA,GIRONES,17025,BORDILS,DOMÈSTIC,2701596,
2023,GIRONA,SELVA,17027,BREDA,INDUSTRIAL,1137205,
2023,GIRONA,SELVA,17027,BREDA,SERVEIS,235800,
2023,GIRONA,SELVA,17027,BREDA,DOMÈSTIC,4802297,
2023,GIRONA,SELVA,17033,CALDES DE MALAVELLA,SERVEIS,5437411,
2023,GIRONA,SELVA,17033,CALDES DE MALAVELLA,DOMÈSTIC,11039276,
2023,GIRONA,SELVA,17033,CALDES DE MALAVELLA,INDUSTRIAL,5568063,
2023,GIRONA,BAIX EMPORDA,17034,CALONGE I SANT ANTONI,DOMÈSTIC,17521593,
2023,GIRONA,BAIX EMPORDA,17034,CALONGE I SANT ANTONI,SERVEIS,3762512,
2023,GIRONA,PLA DE L'ESTANY,17035,CAMOS,DOMÈSTIC,477219,
2023,GIRONA,RIPOLLES,17036,CAMPDEVANOL,DOMÈSTIC,6596904,
2023,GIRONA,RIPOLLES,17036,CAMPDEVANOL,SERVEIS,1881449,
2023,GIRONA,RIPOLLES,17036,CAMPDEVANOL,INDUSTRIAL,4132976,
2023,GIRONA,GIRONES,17038,CAMPLLONG,DOMÈSTIC,506054,
2023,GIRONA,GIRONES,17038,CAMPLLONG,SERVEIS,,Dades subjectes a secret estadístic.
2023,GIRONA,GIRONES,17044,CASSA DE LA SELVA,DOMÈSTIC,14307543,
2023,GIRONA,GIRONES,17044,CASSA DE LA SELVA,INDUSTRIAL,,Dades subjectes a secret estadístic.
2023,GIRONA,GIRONES,17044,CASSA DE LA SELVA,SERVEIS,2801202,
2023,GIRONA,GARROTXA,17046,CASTELLFOLLIT DE LA ROCA,SERVEIS,1226118,
2023,GIRONA,GARROTXA,17046,CASTELLFOLLIT DE LA ROCA,DOMÈSTIC,1932344,
2023,GIRONA,ALT EMPORDA,17047,CASTELLO D'EMPURIES,DOMÈSTIC,6013479,
2023,GIRONA,ALT EMPORDA,17047,CASTELLO D'EMPURIES,SERVEIS,1547741,
2023,GIRONA,BAIX EMPORDA,17048,CASTELL-PLATJA D'ARO,SERVEIS,14038521,
2023,GIRONA,BAIX EMPORDA,17048,CASTELL-PLATJA D'ARO,DOMÈSTIC,20195222,
2023,GIRONA,GIRONES,17049,CELRA,DOMÈSTIC,9139059,
2023,GIRONA,GIRONES,17049,CELRA,SERVEIS,1882749,
2023,GIRONA,GIRONES,17049,CELRA,INDUSTRIAL,81382231,
2023,GIRONA,PLA DE L'ESTANY,17056,CORNELLA DEL TERRI,DOMÈSTIC,2722802,
2023,GIRONA,PLA DE L'ESTANY,17056,CORNELLA DEL TERRI,INDUSTRIAL,30415363,
2023,GIRONA,PLA DE L'ESTANY,17056,CORNELLA DEL TERRI,SERVEIS,500547,
2023,GIRONA,BAIX EMPORDA,17057,CORÇA,DOMÈSTIC,1869143,
2023,GIRONA,BAIX EMPORDA,17057,CORÇA,INDUSTRIAL,,Dades subjectes a secret estadístic.
2023,GIRONA,BAIX EMPORDA,17057,CORÇA,SERVEIS,,Dades subjectes a secret estadístic.
2023,GIRONA,ALT EMPORDA,17062,"ESCALA, L'",SERVEIS,3895515,
2023,GIRONA,ALT EMPORDA,17062,"ESCALA, L'",DOMÈSTIC,12729469,
2023,GIRONA,ALT EMPORDA,17066,FIGUERES,DOMÈSTIC,60883927,
2023,GIRONA,ALT EMPORDA,17066,FIGUERES,SERVEIS,26933686,
2023,GIRONA,GIRONES,17067,FLAÇA,DOMÈSTIC,1865857,
2023,GIRONA,GIRONES,17067,FLAÇA,SERVEIS,,Dades subjectes a secret estadístic.
2023,GIRONA,PLA DE L'ESTANY,17071,FONTCOBERTA,DOMÈSTIC,828292,
2023,GIRONA,GIRONES,17073,FORNELLS DE LA SELVA,SERVEIS,2034452,
2023,GIRONA,GIRONES,17073,FORNELLS DE LA SELVA,DOMÈSTIC,5388254,
2023,GIRONA,GIRONES,17079,GIRONA,INDUSTRIAL,,Dades subjectes a secret estadístic.
2023,GIRONA,GIRONES,17079,GIRONA,DOMÈSTIC,184413559,
2023,GIRONA,GIRONES,17079,GIRONA,SERVEIS,67333699,
2023,GIRONA,BAIX EMPORDA,17081,GUALTA,DOMÈSTIC,431931,
2023,GIRONA,BAIX EMPORDA,17081,GUALTA,SERVEIS,,Dades subjectes a secret estadístic.
2023,GIRONA,SELVA,17083,HOSTALRIC,INDUSTRIAL,26385148,
2023,GIRONA,SELVA,17083,HOSTALRIC,SERVEIS,454317,
2023,GIRONA,SELVA,17083,HOSTALRIC,DOMÈSTIC,6625646,
2023,GIRONA,ALT EMPORDA,17086,"JONQUERA, LA",DOMÈSTIC,3188572,
2023,GIRONA,ALT EMPORDA,17086,"JONQUERA, LA",SERVEIS,3562602,
2023,GIRONA,GIRONES,17087,JUIA,INDUSTRIAL,,Dades subjectes a secret estadístic.
2023,GIRONA,GIRONES,17089,LLAGOSTERA,SERVEIS,766279,
2023,GIRONA,GIRONES,17089,LLAGOSTERA,DOMÈSTIC,11296904,
2023,GIRONA,SELVA,17095,LLORET DE MAR,SERVEIS,52104672,
2023,GIRONA,SELVA,17095,LLORET DE MAR,DOMÈSTIC,41827807,
2023,GIRONA,SELVA,17101,MASSANES,INDUSTRIAL,32152513,
2023,GIRONA,SELVA,17101,MASSANES,DOMÈSTIC,33648,
2023,GIRONA,SELVA,17103,MAÇANET DE LA SELVA,SERVEIS,2494855,Inclou el consum del sector transport.
2023,GIRONA,SELVA,17103,MAÇANET DE LA SELVA,INDUSTRIAL,22879374,
2023,GIRONA,SELVA,17103,MAÇANET DE LA SELVA,DOMÈSTIC,7854199,
2023,GIRONA,BAIX EMPORDA,17110,MONT-RAS,SERVEIS,,Dades subjectes a secret estadístic.
2023,GIRONA,BAIX EMPORDA,17110,MONT-RAS,DOMÈSTIC,1841360,
2023,GIRONA,ALT EMPORDA,17111,NAVATA,SERVEIS,,Dades subjectes a secret estadístic.
2023,GIRONA,ALT EMPORDA,17111,NAVATA,DOMÈSTIC,658925,
2023,GIRONA,GARROTXA,17114,OLOT,INDUSTRIAL,44393446,
2023,GIRONA,GARROTXA,17114,OLOT,DOMÈSTIC,63627470,
2023,GIRONA,GARROTXA,17114,OLOT,SERVEIS,26414816,
2023,GIRONA,BAIX EMPORDA,17117,PALAFRUGELL,SERVEIS,5685287,
2023,GIRONA,BAIX EMPORDA,17117,PALAFRUGELL,DOMÈSTIC,30921657,
2023,GIRONA,BAIX EMPORDA,17118,PALAMOS,DOMÈSTIC,25798982,
2023,GIRONA,BAIX EMPORDA,17118,PALAMOS,SERVEIS,8041122,
2023,GIRONA,BAIX EMPORDA,17118,PALAMOS,INDUSTRIAL,,Dades subjectes a secret estadístic.
2023,GIRONA,PLA DE L'ESTANY,17123,PALOL DE REVARDIT,INDUSTRIAL,,Dades subjectes a secret estadístic.
2023,GIRONA,BAIX EMPORDA,17126,PARLAVA,DOMÈSTIC,221835,
2023,GIRONA,BAIX EMPORDA,17130,"PERA, LA",INDUSTRIAL,,Dades subjectes a secret estadístic.
2023,GIRONA,PLA DE L'ESTANY,17137,PORQUERES,INDUSTRIAL,,Dades subjectes a secret estadístic.
2023,GIRONA,PLA DE L'ESTANY,17137,PORQUERES,SERVEIS,1106406,
2023,GIRONA,PLA DE L'ESTANY,17137,PORQUERES,DOMÈSTIC,6289402,
2023,GIRONA,GARROTXA,17139,"PRESES, LES",SERVEIS,1023930,
2023,GIRONA,GARROTXA,17139,"PRESES, LES",DOMÈSTIC,2320380,
2023,GIRONA,GARROTXA,17139,"PRESES, LES",INDUSTRIAL,6024242,
2023,GIRONA,CERDANYA,17141,PUIGCERDA,SERVEIS,8576089,
2023,GIRONA,CERDANYA,17141,PUIGCERDA,DOMÈSTIC,23079427,
2023,GIRONA,GIRONES,17142,QUART,DOMÈSTIC,6547106,
2023,GIRONA,GIRONES,17142,QUART,SERVEIS,2536977,
2023,GIRONA,SELVA,17146,RIELLS I VIABREA,DOMÈSTIC,1113456,
2023,GIRONA,SELVA,17146,RIELLS I VIABREA,INDUSTRIAL,,Dades subjectes a secret estadístic.
2023,GIRONA,RIPOLLES,17147,RIPOLL,SERVEIS,7039305,
2023,GIRONA,RIPOLLES,17147,RIPOLL,DOMÈSTIC,21941478,
2023,GIRONA,RIPOLLES,17147,RIPOLL,INDUSTRIAL,35136938,
2023,GIRONA,SELVA,17148,RIUDARENES,SERVEIS,462386,
2023,GIRONA,SELVA,17148,RIUDARENES,DOMÈSTIC,2626264,
2023,GIRONA,SELVA,17148,RIUDARENES,INDUSTRIAL,5393908,
2023,GIRONA,SELVA,17150,RIUDELLOTS DE LA SELVA,INDUSTRIAL,113064849,
2023,GIRONA,SELVA,17150,RIUDELLOTS DE LA SELVA,SERVEIS,14619752,
2023,GIRONA,SELVA,17150,RIUDELLOTS DE LA SELVA,DOMÈSTIC,2838737,
2023,GIRONA,ALT EMPORDA,17152,ROSES,DOMÈSTIC,12872031,
2023,GIRONA,ALT EMPORDA,17152,ROSES,SERVEIS,4225890,
2023,GIRONA,GIRONES,17155,SALT,DOMÈSTIC,36742582,
2023,GIRONA,GIRONES,17155,SALT,SERVEIS,23058400,
2023,GIRONA,GIRONES,17155,SALT,INDUSTRIAL,,Dades subjectes a secret estadístic.
2023,GIRONA,SELVA,17159,SANT FELIU DE BUIXALLEU,SERVEIS,,Dades subjectes a secret estadístic.
2023,GIRONA,SELVA,17159,SANT FELIU DE BUIXALLEU,INDUSTRIAL,12213154,
2023,GIRONA,BAIX EMPORDA,17160,SANT FELIU DE GUIXOLS,SERVEIS,9640730,
2023,GIRONA,BAIX EMPORDA,17160,SANT FELIU DE GUIXOLS,DOMÈSTIC,41081258,
2023,GIRONA,GIRONES,17163,SANT GREGORI,INDUSTRIAL,,Dades subjectes a secret estadístic.
2023,GIRONA,GIRONES,17163,SANT GREGORI,SERVEIS,1076547,
2023,GIRONA,GIRONES,17163,SANT GREGORI,DOMÈSTIC,6193988,
2023,GIRONA,GARROTXA,17165,SANT JAUME DE LLIERCA,DOMÈSTIC,1179533,
2023,GIRONA,GARROTXA,17165,SANT JAUME DE LLIERCA,INDUSTRIAL,2774438,
2023,GIRONA,GARROTXA,17165,SANT JAUME DE LLIERCA,SERVEIS,,Dades subjectes a secret estadístic.
2023,GIRONA,RIPOLLES,17167,SANT JOAN DE LES ABADESSES,INDUSTRIAL,,Dades subjectes a secret estadístic.
2023,GIRONA,RIPOLLES,17167,SANT JOAN DE LES ABADESSES,SERVEIS,1714491,
2023,GIRONA,RIPOLLES,17167,SANT JOAN DE LES ABADESSES,DOMÈSTIC,7726193,
2023,GIRONA,GIRONES,17168,SANT JOAN DE MOLLET,DOMÈSTIC,677747,
2023,GIRONA,GIRONES,17169,SANT JULIA DE RAMIS,DOMÈSTIC,4469226,
2023,GIRONA,GIRONES,17169,SANT JULIA DE RAMIS,SERVEIS,,Dades subjectes a secret estadístic.
2023,GIRONA,RIPOLLES,17177,SANT PAU DE SEGURIES,DOMÈSTIC,1026407,
2023,GIRONA,RIPOLLES,17177,SANT PAU DE SEGURIES,SERVEIS,,Dades subjectes a secret estadístic.
2023,GIRONA,SELVA,17180,SANTA COLOMA DE FARNERS,INDUSTRIAL,515847,
2023,GIRONA,SELVA,17180,SANTA COLOMA DE FARNERS,SERVEIS,2292876,
2023,GIRONA,SELVA,17180,SANTA COLOMA DE FARNERS,DOMÈSTIC,16033135,
2023,GIRONA,BAIX EMPORDA,17181,SANTA CRISTINA D'ARO,DOMÈSTIC,8159033,
2023,GIRONA,BAIX EMPORDA,17181,SANTA CRISTINA D'ARO,SERVEIS,525164,
2023,GIRONA,ALT EMPORDA,17182,SANTA LLOGAIA D'ALGUEMA,DOMÈSTIC,118891,
2023,GIRONA,GARROTXA,17185,SANT JOAN LES FONTS,SERVEIS,1555026,
2023,GIRONA,GARROTXA,17185,SANT JOAN LES FONTS,INDUSTRIAL,579571657,
2023,GIRONA,GARROTXA,17185,SANT JOAN LES FONTS,DOMÈSTIC,5129341,
2023,GIRONA,GIRONES,17186,SARRIA DE TER,INDUSTRIAL,,Dades subjectes a secret estadístic.
2023,GIRONA,GIRONES,17186,SARRIA DE TER,SERVEIS,2080946,Inclou el consum del sector transport.
2023,GIRONA,GIRONES,17186,SARRIA DE TER,DOMÈSTIC,8933585,
2023,GIRONA,PLA DE L'ESTANY,17190,SERINYA,INDUSTRIAL,,Dades subjectes a secret estadístic.
2023,GIRONA,PLA DE L'ESTANY,17190,SERINYA,DOMÈSTIC,1425284,
2023,GIRONA,PLA DE L'ESTANY,17190,SERINYA,SERVEIS,,Dades subjectes a secret estadístic.
2023,GIRONA,BAIX EMPORDA,17191,SERRA DE DARO,DOMÈSTIC,417461,
2023,GIRONA,SELVA,17193,SILS,SERVEIS,,Dades subjectes a secret estadístic.
2023,GIRONA,SELVA,17193,SILS,INDUSTRIAL,,Dades subjectes a secret estadístic.
2023,GIRONA,SELVA,17193,SILS,DOMÈSTIC,5969704,
2023,GIRONA,BAIX EMPORDA,17199,TORROELLA DE MONTGRI,INDUSTRIAL,,Dades subjectes a secret estadístic.
2023,GIRONA,BAIX EMPORDA,17199,TORROELLA DE MONTGRI,SERVEIS,3747180,
2023,GIRONA,BAIX EMPORDA,17199,TORROELLA DE MONTGRI,DOMÈSTIC,11159488,
2023,GIRONA,SELVA,17202,TOSSA DE MAR,SERVEIS,6423269,
2023,GIRONA,SELVA,17202,TOSSA DE MAR,DOMÈSTIC,5177597,
2023,GIRONA,BAIX EMPORDA,17204,ULLA,DOMÈSTIC,1255517,
2023,GIRONA,BAIX EMPORDA,17204,ULLA,SERVEIS,,Dades subjectes a secret estadístic.
2023,GIRONA,BAIX EMPORDA,17204,ULLA,INDUSTRIAL,,Dades subjectes a secret estadístic.
2023,GIRONA,GARROTXA,17207,"VALL D'EN BAS, LA",SERVEIS,,Dades subjectes a secret estadístic.
2023,GIRONA,GARROTXA,17207,"VALL D'EN BAS, LA",DOMÈSTIC,824451,
2023,GIRONA,GARROTXA,17208,"VALL DE BIANYA, LA",INDUSTRIAL,,Dades subjectes a secret estadístic.
2023,GIRONA,GARROTXA,17208,"VALL DE BIANYA, LA",SERVEIS,365119,
2023,GIRONA,GARROTXA,17208,"VALL DE BIANYA, LA",DOMÈSTIC,1353832,
2023,GIRONA,BAIX EMPORDA,17209,VALL-LLOBREGA,SERVEIS,,Dades subjectes a secret estadístic.
2023,GIRONA,BAIX EMPORDA,17209,VALL-LLOBREGA,DOMÈSTIC,1190718,
2023,GIRONA,SELVA,17213,VIDRERES,DOMÈSTIC,8363656,
2023,GIRONA,SELVA,17213,VIDRERES,SERVEIS,1113641,
2023,GIRONA,SELVA,17213,VIDRERES,INDUSTRIAL,,Dades subjectes a secret estadístic.
2023,GIRONA,GIRONES,17215,VILABLAREIX,SERVEIS,732368,
2023,GIRONA,GIRONES,17215,VILABLAREIX,DOMÈSTIC,5953454,
2023,GIRONA,ALT EMPORDA,17221,VILAFANT,DOMÈSTIC,5692439,
2023,GIRONA,ALT EMPORDA,17221,VILAFANT,SERVEIS,4830258,
2023,GIRONA,ALT EMPORDA,17226,VILAMALLA,SERVEIS,,Dades subjectes a secret estadístic.
2023,GIRONA,BAIX EMPORDA,17902,FORALLAC,DOMÈSTIC,1881453,
2023,GIRONA,BAIX EMPORDA,17902,FORALLAC,SERVEIS,419755,
2023,LLEIDA,URGELL,25003,AGRAMUNT,SERVEIS,380247,
2023,LLEIDA,URGELL,25003,AGRAMUNT,DOMÈSTIC,5752836,
2023,LLEIDA,URGELL,25003,AGRAMUNT,INDUSTRIAL,1795508,
2023,LLEIDA,SEGRIA,25004,"ALAMUS, ELS",DOMÈSTIC,953453,
2023,LLEIDA,SEGRIA,25007,ALBATARREC,SERVEIS,,Dades subjectes a secret estadístic.
2023,LLEIDA,SEGRIA,25007,ALBATARREC,DOMÈSTIC,3078963,
2023,LLEIDA,SEGRIA,25011,ALCARRAS,SERVEIS,,Dades subjectes a secret estadístic.
2023,LLEIDA,SEGRIA,25011,ALCARRAS,INDUSTRIAL,,Dades subjectes a secret estadístic.
2023,LLEIDA,SEGRIA,25011,ALCARRAS,DOMÈSTIC,17716856,
2023,LLEIDA,SEGRIA,25012,ALCOLETGE,INDUSTRIAL,8884904,
2023,LLEIDA,SEGRIA,25012,ALCOLETGE,SERVEIS,987715,
2023,LLEIDA,SEGRIA,25012,ALCOLETGE,DOMÈSTIC,5792262,
2023,LLEIDA,SEGRIA,25013,ALFARRAS,DOMÈSTIC,4935311,
2023,LLEIDA,SEGRIA,25013,ALFARRAS,SERVEIS,1284429,
2023,LLEIDA,SEGRIA,25016,ALGUAIRE,INDUSTRIAL,,Dades subjectes a secret estadístic.
2023,LLEIDA,SEGRIA,25016,ALGUAIRE,SERVEIS,591809,
2023,LLEIDA,SEGRIA,25016,ALGUAIRE,DOMÈSTIC,4610577,
2023,LLEIDA,SEGRIA,25019,ALMACELLES,INDUSTRIAL,,Dades subjectes a secret estadístic.
2023,LLEIDA,SEGRIA,25019,ALMACELLES,SERVEIS,2087270,
2023,LLEIDA,SEGRIA,25019,ALMACELLES,DOMÈSTIC,11198515,
2023,LLEIDA,SEGRIA,25021,ALMENAR,DOMÈSTIC,5762998,
2023,LLEIDA,SEGRIA,25021,ALMENAR,INDUSTRIAL,15405291,
2023,LLEIDA,SEGRIA,25021,ALMENAR,SERVEIS,245726,
2023,LLEIDA,SEGRIA,25023,ALPICAT,SERVEIS,1973999,
2023,LLEIDA,SEGRIA,25023,ALPICAT,DOMÈSTIC,12676339,
2023,LLEIDA,SEGRIA,25023,ALPICAT,INDUSTRIAL,,Dades subjectes a secret estadístic.
2023,LLEIDA,VAL D'ARAN,25025,NAUT ARAN,SERVEIS,4747626,
2023,LLEIDA,VAL D'ARAN,25025,NAUT ARAN,DOMÈSTIC,3947579,
2023,LLEIDA,URGELL,25027,ANGLESOLA,SERVEIS,,Dades subjectes a secret estadístic.
2023,LLEIDA,URGELL,25027,ANGLESOLA,DOMÈSTIC,1775931,
2023,LLEIDA,GARRIGUES,25029,ARBECA,SERVEIS,,Dades subjectes a secret estadístic.
2023,LLEIDA,GARRIGUES,25029,ARBECA,DOMÈSTIC,137468,
2023,LLEIDA,NOGUERA,25034,ARTESA DE SEGRE,SERVEIS,315806,
2023,LLEIDA,NOGUERA,25034,ARTESA DE SEGRE,DOMÈSTIC,4071961,
2023,LLEIDA,SEGRIA,25038,AITONA,DOMÈSTIC,798364,
2023,LLEIDA,SEGRIA,25038,AITONA,SERVEIS,,Dades subjectes a secret estadístic.
2023,LLEIDA,NOGUERA,25040,BALAGUER,DOMÈSTIC,25839955,
2023,LLEIDA,NOGUERA,25040,BALAGUER,SERVEIS,8825225,
2023,LLEIDA,NOGUERA,25040,BALAGUER,INDUSTRIAL,31727335,
2023,LLEIDA,NOGUERA,25047,BELLCAIRE D'URGELL,INDUSTRIAL,,Dades subjectes a secret estadístic.
2023,LLEIDA,NOGUERA,25047,BELLCAIRE D'URGELL,DOMÈSTIC,2393203,
2023,LLEIDA,NOGUERA,25047,BELLCAIRE D'URGELL,SERVEIS,,Dades subjectes a secret estadístic.
2023,LLEIDA,PLA D'URGELL,25048,BELL-LLOC D'URGELL,SERVEIS,772284,
2023,LLEIDA,PLA D'URGELL,25048,BELL-LLOC D'URGELL,DOMÈSTIC,3782367,
2023,LLEIDA,PLA D'URGELL,25048,BELL-LLOC D'URGELL,INDUSTRIAL,,Dades subjectes a secret estadístic.
2023,LLEIDA,URGELL,25050,BELLPUIG,INDUSTRIAL,,Dades subjectes a secret estadístic.
2023,LLEIDA,URGELL,25050,BELLPUIG,DOMÈSTIC,9272007,
2023,LLEIDA,URGELL,25050,BELLPUIG,SERVEIS,2179449,
2023,LLEIDA,PLA D'URGELL,25052,BELLVIS,DOMÈSTIC,996829,
2023,LLEIDA,SEGRIA,25053,BENAVENT DE SEGRIA,DOMÈSTIC,2051857,
2023,LLEIDA,SEGRIA,25053,BENAVENT DE SEGRIA,SERVEIS,,Dades subjectes a secret estadístic.
2023,LLEIDA,GARRIGUES,25058,"BORGES BLANQUES, LES",SERVEIS,1285221,
2023,LLEIDA,GARRIGUES,25058,"BORGES BLANQUES, LES",INDUSTRIAL,,Dades subjectes a secret estadístic. Inclou el consum del sector energètic.
2023,LLEIDA,GARRIGUES,25058,"BORGES BLANQUES, LES",DOMÈSTIC,8641223,
2023,LLEIDA,VAL D'ARAN,25059,BOSSOST,DOMÈSTIC,1669991,
2023,LLEIDA,VAL D'ARAN,25059,BOSSOST,SERVEIS,154604,
2023,LLEIDA,PLA D'URGELL,25068,CASTELLNOU DE SEANA,SERVEIS,,Dades subjectes a secret estadístic.
2023,LLEIDA,PLA D'URGELL,25068,CASTELLNOU DE SEANA,DOMÈSTIC,481269,
2023,LLEIDA,SEGARRA,25072,CERVERA,SERVEIS,4783365,
2023,LLEIDA,SEGARRA,25072,CERVERA,INDUSTRIAL,56742469,
2023,LLEIDA,SEGARRA,25072,CERVERA,DOMÈSTIC,16569302,
2023,LLEIDA,SEGRIA,25078,CORBINS,DOMÈSTIC,1136955,
2023,LLEIDA,SEGRIA,25078,CORBINS,SERVEIS,,Dades subjectes a secret estadístic.
2023,LLEIDA,GARRIGUES,25081,"ESPLUGA CALBA, L'",INDUSTRIAL,,Dades subjectes a secret estadístic.
2023,LLEIDA,GARRIGUES,25081,"ESPLUGA CALBA, L'",DOMÈSTIC,219808,
2023,LLEIDA,PLA D'URGELL,25093,FONDARELLA,DOMÈSTIC,1338310,
2023,LLEIDA,PLA D'URGELL,25093,FONDARELLA,SERVEIS,,Dades subjectes a secret estadístic.
2023,LLEIDA,PLA D'URGELL,25093,FONDARELLA,INDUSTRIAL,,Dades subjectes a secret estadístic.
2023,LLEIDA,PLA D'URGELL,25099,GOLMES,SERVEIS,,Dades subjectes a secret estadístic.
2023,LLEIDA,PLA D'URGELL,25099,GOLMES,DOMÈSTIC,3064686,
2023,LLEIDA,SEGARRA,25110,GUISSONA,INDUSTRIAL,,Dades subjectes a secret estadístic.
2023,LLEIDA,SEGARRA,25110,GUISSONA,DOMÈSTIC,9705525,
2023,LLEIDA,SEGARRA,25110,GUISSONA,SERVEIS,3912724,
2023,LLEIDA,PLA D'URGELL,25113,IVARS D'URGELL,DOMÈSTIC,1557121,
2023,LLEIDA,PLA D'URGELL,25113,IVARS D'URGELL,SERVEIS,,Dades subjectes a secret estadístic.
2023,LLEIDA,PLA D'URGELL,25113,IVARS D'URGELL,INDUSTRIAL,,Dades subjectes a secret estadístic.
2023,LLEIDA,GARRIGUES,25119,JUNEDA,DOMÈSTIC,4636770,
2023,LLEIDA,GARRIGUES,25119,JUNEDA,SERVEIS,555585747,
2023,LLEIDA,SEGRIA,25120,LLEIDA,DOMÈSTIC,247042108,
2023,LLEIDA,SEGRIA,25120,LLEIDA,INDUSTRIAL,140131951,
2023,LLEIDA,SEGRIA,25120,LLEIDA,SERVEIS,121298426,
2023,LLEIDA,PLA D'URGELL,25122,LINYOLA,SERVEIS,,Dades subjectes a secret estadístic.
2023,LLEIDA,PLA D'URGELL,25122,LINYOLA,DOMÈSTIC,3305772,
2023,LLEIDA,PLA D'URGELL,25122,LINYOLA,INDUSTRIAL,,Dades subjectes a secret estadístic.
2023,LLEIDA,PLA D'URGELL,25135,MIRALCAMP,INDUSTRIAL,,Dades subjectes a secret estadístic.
2023,LLEIDA,PLA D'URGELL,25135,MIRALCAMP,DOMÈSTIC,1986701,
2023,LLEIDA,PLA D'URGELL,25135,MIRALCAMP,SERVEIS,,Dades subjectes a secret estadístic.
2023,LLEIDA,PLA D'URGELL,25137,MOLLERUSSA,SERVEIS,5673881,
2023,LLEIDA,PLA D'URGELL,25137,MOLLERUSSA,INDUSTRIAL,689260178,
2023,LLEIDA,PLA D'URGELL,25137,MOLLERUSSA,DOMÈSTIC,25971834,
2023,LLEIDA,SOLSONES,25151,OLIUS,DOMÈSTIC,619748,
2023,LLEIDA,SOLSONES,25151,OLIUS,SERVEIS,,Dades subjectes a secret estadístic.
2023,LLEIDA,ALT URGELL,25155,ORGANYA,DOMÈSTIC,1039206,
2023,LLEIDA,PLA D'URGELL,25158,"PALAU D'ANGLESOLA, EL",INDUSTRIAL,,Dades subjectes a secret estadístic.
2023,LLEIDA,PLA D'URGELL,25158,"PALAU D'ANGLESOLA, EL",DOMÈSTIC,3077043,
2023,LLEIDA,PLA D'URGELL,25158,"PALAU D'ANGLESOLA, EL",SERVEIS,516745,
2023,LLEIDA,NOGUERA,25172,PONTS,SERVEIS,1704306,
2023,LLEIDA,NOGUERA,25172,PONTS,DOMÈSTIC,4686271,
2023,LLEIDA,PALLARS SOBIRA,25183,RIALP,SERVEIS,,Dades subjectes a secret estadístic.
2023,LLEIDA,PALLARS SOBIRA,25183,RIALP,DOMÈSTIC,817014,
2023,LLEIDA,SEGRIA,25189,ROSSELLO,SERVEIS,,Dades subjectes a secret estadístic.
2023,LLEIDA,SEGRIA,25189,ROSSELLO,INDUSTRIAL,,Dades subjectes a secret estadístic.
2023,LLEIDA,SEGRIA,25189,ROSSELLO,DOMÈSTIC,6006509,
2023,LLEIDA,SEGARRA,25192,SANT GUIM DE FREIXENET,DOMÈSTIC,1869447,
2023,LLEIDA,SEGARRA,25192,SANT GUIM DE FREIXENET,SERVEIS,,Dades subjectes a secret estadístic.
2023,LLEIDA,ALT URGELL,25203,"SEU D'URGELL, LA",INDUSTRIAL,,Dades subjectes a secret estadístic.
2023,LLEIDA,ALT URGELL,25203,"SEU D'URGELL, LA",DOMÈSTIC,11056504,
2023,LLEIDA,ALT URGELL,25203,"SEU D'URGELL, LA",SERVEIS,2870948,
2023,LLEIDA,SEGRIA,25204,SEROS,DOMÈSTIC,1117674,
2023,LLEIDA,SEGRIA,25204,SEROS,SERVEIS,,Dades subjectes a secret estadístic.
2023,LLEIDA,SOLSONES,25207,SOLSONA,INDUSTRIAL,,Dades subjectes a secret estadístic.
2023,LLEIDA,SOLSONES,25207,SOLSONA,DOMÈSTIC,14957394,
2023,LLEIDA,SOLSONES,25207,SOLSONA,SERVEIS,1745907,
2023,LLEIDA,URGELL,25217,TARREGA,INDUSTRIAL,,Dades subjectes a secret estadístic.
2023,LLEIDA,URGELL,25217,TARREGA,DOMÈSTIC,33570606,
2023,LLEIDA,URGELL,25217,TARREGA,SERVEIS,8704252,
2023,LLEIDA,GARRIGUES,25218,TARRES,SERVEIS,,Dades subjectes a secret estadístic.
2023,LLEIDA,GARRIGUES,25218,TARRES,DOMÈSTIC,138695,
2023,LLEIDA,NOGUERA,25220,TERMENS,INDUSTRIAL,,Dades subjectes a secret estadístic.
2023,LLEIDA,SEGRIA,25228,TORREFARRERA,DOMÈSTIC,10444241,
2023,LLEIDA,SEGRIA,25228,TORREFARRERA,SERVEIS,3047225,
2023,LLEIDA,PLA D'URGELL,25230,TORREGROSSA,DOMÈSTIC,2774075,
2023,LLEIDA,PLA D'URGELL,25230,TORREGROSSA,SERVEIS,507524,
2023,LLEIDA,PLA D'URGELL,25230,TORREGROSSA,INDUSTRIAL,,Dades subjectes a secret estadístic.
2023,LLEIDA,NOGUERA,25231,TORRELAMEU,SERVEIS,297641,
2023,LLEIDA,NOGUERA,25231,TORRELAMEU,DOMÈSTIC,393204,
2023,LLEIDA,SEGRIA,25233,TORRE-SERONA,DOMÈSTIC,301374,
2023,LLEIDA,NOGUERA,25240,VALLFOGONA DE BALAGUER,INDUSTRIAL,28036532,
2023,LLEIDA,NOGUERA,25240,VALLFOGONA DE BALAGUER,DOMÈSTIC,3023772,
2023,LLEIDA,NOGUERA,25240,VALLFOGONA DE BALAGUER,SERVEIS,,Dades subjectes a secret estadístic.
2023,LLEIDA,URGELL,25244,VILAGRASSA,SERVEIS,,Dades subjectes a secret estadístic.
2023,LLEIDA,URGELL,25244,VILAGRASSA,DOMÈSTIC,524448,
2023,LLEIDA,SEGRIA,25251,VILANOVA DE SEGRIA,DOMÈSTIC,1103689,
2023,LLEIDA,SEGRIA,25254,VILANOVA DE LA BARCA,DOMÈSTIC,717653,
2023,LLEIDA,SEGRIA,25254,VILANOVA DE LA BARCA,SERVEIS,,Dades subjectes a secret estadístic.
2023,LLEIDA,SEGARRA,25905,RIBERA D'ONDARA,SERVEIS,,Dades subjectes a secret estadístic.
2023,TARRAGONA,MONTSIA,43004,ALCANAR,SERVEIS,1294849,
2023,TARRAGONA,MONTSIA,43004,ALCANAR,DOMÈSTIC,3698470,
2023,TARRAGONA,ALT CAMP,43005,ALCOVER,INDUSTRIAL,106828720,
2023,TARRAGONA,ALT CAMP,43005,ALCOVER,SERVEIS,1023714,
2023,TARRAGONA,ALT CAMP,43005,ALCOVER,DOMÈSTIC,3069016,
2023,TARRAGONA,BAIX CAMP,43011,ALMOSTER,DOMÈSTIC,193519,
2023,TARRAGONA,TARRAGONES,43012,ALTAFULLA,DOMÈSTIC,6936713,
2023,TARRAGONA,TARRAGONES,43012,ALTAFULLA,SERVEIS,1424376,
2023,TARRAGONA,BAIX EBRE,43013,"AMETLLA DE MAR, L'",DOMÈSTIC,1773146,
2023,TARRAGONA,BAIX EBRE,43013,"AMETLLA DE MAR, L'",SERVEIS,1566800,
2023,TARRAGONA,MONTSIA,43014,AMPOSTA,INDUSTRIAL,,Dades subjectes a secret estadístic.
2023,TARRAGONA,MONTSIA,43014,AMPOSTA,DOMÈSTIC,8077297,
2023,TARRAGONA,MONTSIA,43014,AMPOSTA,SERVEIS,5283828,
2023,TARRAGONA,BAIX PENEDES,43016,"ARBOÇ, L'",SERVEIS,1340604,
2023,TARRAGONA,BAIX PENEDES,43016,"ARBOÇ, L'",INDUSTRIAL,41811968,
2023,TARRAGONA,BAIX PENEDES,43016,"ARBOÇ, L'",DOMÈSTIC,5691747,
2023,TARRAGONA,BAIX PENEDES,43020,BANYERES DEL PENEDES,DOMÈSTIC,1259019,
2023,TARRAGONA,BAIX PENEDES,43020,BANYERES DEL PENEDES,SERVEIS,,Dades subjectes a secret estadístic.
2023,TARRAGONA,BAIX PENEDES,43024,BELLVEI,SERVEIS,,Dades subjectes a secret estadístic.
2023,TARRAGONA,BAIX PENEDES,43024,BELLVEI,INDUSTRIAL,10449084,
2023,TARRAGONA,BAIX PENEDES,43024,BELLVEI,DOMÈSTIC,1927664,
2023,TARRAGONA,RIBERA D'EBRE,43026,BENISSANET,SERVEIS,,Dades subjectes a secret estadístic.
2023,TARRAGONA,RIBERA D'EBRE,43026,BENISSANET,DOMÈSTIC,1082925,
2023,TARRAGONA,BAIX PENEDES,43030,BONASTRE,DOMÈSTIC,603659,
2023,TARRAGONA,BAIX PENEDES,43037,CALAFELL,DOMÈSTIC,24212656,
2023,TARRAGONA,BAIX PENEDES,43037,CALAFELL,SERVEIS,4763085,
2023,TARRAGONA,BAIX CAMP,43038,CAMBRILS,SERVEIS,17218136,
2023,TARRAGONA,BAIX CAMP,43038,CAMBRILS,DOMÈSTIC,34406570,
2023,TARRAGONA,BAIX CAMP,43042,CASTELLVELL DEL CAMP,SERVEIS,,Dades subjectes a secret estadístic.
2023,TARRAGONA,BAIX CAMP,43042,CASTELLVELL DEL CAMP,DOMÈSTIC,2073201,
2023,TARRAGONA,TARRAGONES,43043,"CATLLAR, EL",DOMÈSTIC,955063,
2023,TARRAGONA,TARRAGONES,43043,"CATLLAR, EL",SERVEIS,,Dades subjectes a secret estadístic.
2023,TARRAGONA,MONTSIA,43044,"SENIA, LA",SERVEIS,,Dades subjectes a secret estadístic.
2023,TARRAGONA,MONTSIA,43044,"SENIA, LA",DOMÈSTIC,1275728,
2023,TARRAGONA,TARRAGONES,43047,CONSTANTI,INDUSTRIAL,4738917,
2023,TARRAGONA,TARRAGONES,43047,CONSTANTI,DOMÈSTIC,3474629,
2023,TARRAGONA,TARRAGONES,43047,CONSTANTI,SERVEIS,12222122,
2023,TARRAGONA,TARRAGONES,43050,CREIXELL,DOMÈSTIC,2914973,
2023,TARRAGONA,TARRAGONES,43050,CREIXELL,SERVEIS,,Dades subjectes a secret estadístic.
2023,TARRAGONA,BAIX PENEDES,43051,CUNIT,SERVEIS,3229001,
2023,TARRAGONA,BAIX PENEDES,43051,CUNIT,DOMÈSTIC,11981558,
2023,TARRAGONA,CONCA DE BARBERA,43054,"ESPLUGA DE FRANCOLI, L'",SERVEIS,1419337,
2023,TARRAGONA,CONCA DE BARBERA,43054,"ESPLUGA DE FRANCOLI, L'",DOMÈSTIC,5145907,
2023,TARRAGONA,PRIORAT,43055,FALSET,DOMÈSTIC,2594769,
2023,TARRAGONA,PRIORAT,43055,FALSET,SERVEIS,,Dades subjectes a secret estadístic.
2023,TARRAGONA,PRIORAT,43055,FALSET,INDUSTRIAL,,Dades subjectes a secret estadístic.
2023,TARRAGONA,TERRA ALTA,43064,GANDESA,DOMÈSTIC,3150826,
2023,TARRAGONA,TERRA ALTA,43064,GANDESA,SERVEIS,1020223,
2023,TARRAGONA,ALT CAMP,43080,"MASO, LA",DOMÈSTIC,232844,
2023,TARRAGONA,CONCA DE BARBERA,43086,MONTBLANC,SERVEIS,2650182,
2023,TARRAGONA,CONCA DE BARBERA,43086,MONTBLANC,INDUSTRIAL,230333158,
2023,TARRAGONA,CONCA DE BARBERA,43086,MONTBLANC,DOMÈSTIC,11675354,
2023,TARRAGONA,BAIX CAMP,43092,MONT-ROIG DEL CAMP,DOMÈSTIC,3549289,
2023,TARRAGONA,BAIX CAMP,43092,MONT-ROIG DEL CAMP,SERVEIS,669383,
2023,TARRAGONA,RIBERA D'EBRE,43093,MORA D'EBRE,SERVEIS,4762771,
2023,TARRAGONA,RIBERA D'EBRE,43093,MORA D'EBRE,DOMÈSTIC,6405463,
2023,TARRAGONA,RIBERA D'EBRE,43093,MORA D'EBRE,INDUSTRIAL,,Dades subjectes a secret estadístic.
2023,TARRAGONA,RIBERA D'EBRE,43094,MORA LA NOVA,DOMÈSTIC,3546171,
2023,TARRAGONA,RIBERA D'EBRE,43094,MORA LA NOVA,INDUSTRIAL,,Dades subjectes a secret estadístic.
2023,TARRAGONA,RIBERA D'EBRE,43094,MORA LA NOVA,SERVEIS,510642,
2023,TARRAGONA,TARRAGONES,43095,"MORELL, EL",INDUSTRIAL,,Dades subjectes a secret estadístic.
2023,TARRAGONA,TARRAGONES,43095,"MORELL, EL",SERVEIS,657684,
2023,TARRAGONA,TARRAGONES,43095,"MORELL, EL",DOMÈSTIC,2214125,
2023,TARRAGONA,TARRAGONES,43100,"PALLARESOS, ELS",DOMÈSTIC,2566033,
2023,TARRAGONA,TARRAGONES,43100,"PALLARESOS, ELS",SERVEIS,2706517,
2023,TARRAGONA,TARRAGONES,43100,"PALLARESOS, ELS",INDUSTRIAL,,Dades subjectes a secret estadístic.
2023,TARRAGONA,BAIX EBRE,43104,"PERELLO, EL",DOMÈSTIC,964885,
2023,TARRAGONA,BAIX EBRE,43104,"PERELLO, EL",SERVEIS,,Dades subjectes a secret estadístic.
2023,TARRAGONA,ALT CAMP,43108,"PLA DE SANTA MARIA, EL",DOMÈSTIC,2777505,
2023,TARRAGONA,ALT CAMP,43108,"PLA DE SANTA MARIA, EL",INDUSTRIAL,,Dades subjectes a secret estadístic.
2023,TARRAGONA,ALT CAMP,43108,"PLA DE SANTA MARIA, EL",SERVEIS,294866,
2023,TARRAGONA,TARRAGONES,43109,"POBLA DE MAFUMET, LA",DOMÈSTIC,2198538,
2023,TARRAGONA,TARRAGONES,43109,"POBLA DE MAFUMET, LA",SERVEIS,,Dades subjectes a secret estadístic.
2023,TARRAGONA,TARRAGONES,43109,"POBLA DE MAFUMET, LA",INDUSTRIAL,5680250461,Inclou el consum del sector energètic.
2023,TARRAGONA,TARRAGONES,43111,"POBLA DE MONTORNES, LA",INDUSTRIAL,,Dades subjectes a secret estadístic.
2023,TARRAGONA,TARRAGONES,43111,"POBLA DE MONTORNES, LA",SERVEIS,,Dades subjectes a secret estadístic.
2023,TARRAGONA,TARRAGONES,43111,"POBLA DE MONTORNES, LA",DOMÈSTIC,1776369,
2023,TARRAGONA,ALT CAMP,43119,PUIGPELAT,INDUSTRIAL,,Dades subjectes a secret estadístic.
2023,TARRAGONA,BAIX CAMP,43123,REUS,SERVEIS,46987052,Inclou el consum del sector transport.
2023,TARRAGONA,BAIX CAMP,43123,REUS,INDUSTRIAL,139197835,
2023,TARRAGONA,BAIX CAMP,43123,REUS,DOMÈSTIC,91278259,
2023,TARRAGONA,ALT CAMP,43124,"RIBA, LA",INDUSTRIAL,194781223,
2023,TARRAGONA,ALT CAMP,43124,"RIBA, LA",DOMÈSTIC,1049166,
2023,TARRAGONA,ALT CAMP,43124,"RIBA, LA",SERVEIS,183283,
2023,TARRAGONA,BAIX CAMP,43129,RIUDOMS,SERVEIS,487093,
2023,TARRAGONA,BAIX CAMP,43129,RIUDOMS,DOMÈSTIC,2871709,
2023,TARRAGONA,BAIX CAMP,43129,RIUDOMS,INDUSTRIAL,,Dades subjectes a secret estadístic.
2023,TARRAGONA,TARRAGONES,43131,RODA DE BERA,SERVEIS,935691,
2023,TARRAGONA,TARRAGONES,43131,RODA DE BERA,INDUSTRIAL,,Dades subjectes a secret estadístic.
2023,TARRAGONA,TARRAGONES,43131,RODA DE BERA,DOMÈSTIC,6451083,
2023,TARRAGONA,BAIX EBRE,43133,ROQUETES,DOMÈSTIC,1984469,
2023,TARRAGONA,BAIX EBRE,43133,ROQUETES,SERVEIS,1440927,
2023,TARRAGONA,ALT CAMP,43134,"ROURELL, EL",DOMÈSTIC,129638,
2023,TARRAGONA,MONTSIA,43136,"RAPITA, LA",INDUSTRIAL,,Dades subjectes a secret estadístic.
2023,TARRAGONA,MONTSIA,43136,"RAPITA, LA",DOMÈSTIC,4301048,
2023,TARRAGONA,MONTSIA,43136,"RAPITA, LA",SERVEIS,2913921,
2023,TARRAGONA,BAIX PENEDES,43140,SANTA OLIVA,SERVEIS,,Dades subjectes a secret estadístic.
2023,TARRAGONA,BAIX PENEDES,43140,SANTA OLIVA,DOMÈSTIC,212557,
2023,TARRAGONA,CONCA DE BARBERA,43142,SARRAL,INDUSTRIAL,,Dades subjectes a secret estadístic.
2023,TARRAGONA,CONCA DE BARBERA,43142,SARRAL,DOMÈSTIC,1144916,
2023,TARRAGONA,BAIX CAMP,43145,"SELVA DEL CAMP, LA",PRIMARI,,Dades subjectes a secret estadístic.
2023,TARRAGONA,BAIX CAMP,43145,"SELVA DEL CAMP, LA",INDUSTRIAL,63160290,
2023,TARRAGONA,BAIX CAMP,43145,"SELVA DEL CAMP, LA",SERVEIS,2293590,
2023,TARRAGONA,BAIX CAMP,43145,"SELVA DEL CAMP, LA",DOMÈSTIC,5467450,
2023,TARRAGONA,TARRAGONES,43148,TARRAGONA,INDUSTRIAL,953077509,Inclou el consum del sector energètic.
2023,TARRAGONA,TARRAGONES,43148,TARRAGONA,DOMÈSTIC,106330201,
2023,TARRAGONA,TARRAGONES,43148,TARRAGONA,SERVEIS,52994647,
2023,TARRAGONA,TARRAGONES,43148,TARRAGONA,CT RO,,Dades subjectes a secret estadístic. Inclou el consum de centrals tèrmiques de l'antic règim ordinari.
2023,TARRAGONA,RIBERA D'EBRE,43150,TIVISSA,SERVEIS,,Dades subjectes a secret estadístic.
2023,TARRAGONA,RIBERA D'EBRE,43150,TIVISSA,DOMÈSTIC,1233542,
2023,TARRAGONA,TARRAGONES,43153,TORREDEMBARRA,SERVEIS,2645906,
2023,TARRAGONA,TARRAGONES,43153,TORREDEMBARRA,DOMÈSTIC,12569692,
2023,TARRAGONA,BAIX EBRE,43155,TORTOSA,SERVEIS,20483915,
2023,TARRAGONA,BAIX EBRE,43155,TORTOSA,INDUSTRIAL,,Dades subjectes a secret estadístic.
2023,TARRAGONA,BAIX EBRE,43155,TORTOSA,DOMÈSTIC,15739210,
2023,TARRAGONA,MONTSIA,43156,ULLDECONA,INDUSTRIAL,10464587,
2023,TARRAGONA,MONTSIA,43156,ULLDECONA,DOMÈSTIC,2248049,
2023,TARRAGONA,ALT CAMP,43160,VALLMOLL,DOMÈSTIC,586495,
2023,TARRAGONA,ALT CAMP,43160,VALLMOLL,SERVEIS,,Dades subjectes a secret estadístic.
2023,TARRAGONA,ALT CAMP,43160,VALLMOLL,INDUSTRIAL,,Dades subjectes a secret estadístic.
2023,TARRAGONA,ALT CAMP,43161,VALLS,DOMÈSTIC,18072825,
2023,TARRAGONA,ALT CAMP,43161,VALLS,INDUSTRIAL,77404910,
2023,TARRAGONA,ALT CAMP,43161,VALLS,SERVEIS,10201172,
2023,TARRAGONA,BAIX CAMP,43162,VANDELLOS I L'HOSPITALET DE L'INFANT,SERVEIS,711623,
2023,TARRAGONA,BAIX CAMP,43162,VANDELLOS I L'HOSPITALET DE L'INFANT,CT RO,,Dades subjectes a secret estadístic. Inclou el consum de centrals tèrmiques de l'antic règim ordinari.
2023,TARRAGONA,BAIX CAMP,43162,VANDELLOS I L'HOSPITALET DE L'INFANT,DOMÈSTIC,1759195,
2023,TARRAGONA,BAIX PENEDES,43163,"VENDRELL, EL",SERVEIS,14613169,
2023,TARRAGONA,BAIX PENEDES,43163,"VENDRELL, EL",DOMÈSTIC,35779713,
2023,TARRAGONA,TARRAGONES,43166,VILALLONGA DEL CAMP,DOMÈSTIC,1470681,
2023,TARRAGONA,TARRAGONES,43166,VILALLONGA DEL CAMP,SERVEIS,,Dades subjectes a secret estadístic.
2023,TARRAGONA,TARRAGONES,43171,VILA-SECA,SERVEIS,27502509,
2023,TARRAGONA,TARRAGONES,43171,VILA-SECA,INDUSTRIAL,869821954,
2023,TARRAGONA,TARRAGONES,43171,VILA-SECA,DOMÈSTIC,16559946,
2023,TARRAGONA,BAIX CAMP,43178,VINYOLS I ELS ARCS,SERVEIS,,Dades subjectes a secret estadístic.
2023,TARRAGONA,BAIX CAMP,43178,VINYOLS I ELS ARCS,DOMÈSTIC,660466,
2023,TARRAGONA,BAIX EBRE,43904,"ALDEA, L'",SERVEIS,,Dades subjectes a secret estadístic.
2023,TARRAGONA,BAIX EBRE,43904,"ALDEA, L'",INDUSTRIAL,,Dades subjectes a secret estadístic.
2023,TARRAGONA,BAIX EBRE,43904,"ALDEA, L'",DOMÈSTIC,630472,
2023,TARRAGONA,TARRAGONES,43905,SALOU,SERVEIS,36667783,
2023,TARRAGONA,TARRAGONES,43905,SALOU,DOMÈSTIC,21988594,
2023,TARRAGONA,BAIX EBRE,43906,"AMPOLLA, L'",DOMÈSTIC,1059596,
2023,TARRAGONA,BAIX EBRE,43906,"AMPOLLA, L'",SERVEIS,,Dades subjectes a secret estadístic.
2023,TARRAGONA,TARRAGONES,43907,"CANONJA, LA",DOMÈSTIC,4555563,
2023,TARRAGONA,TARRAGONES,43907,"CANONJA, LA",INDUSTRIAL,,Dades subjectes a secret estadístic.
2023,TARRAGONA,TARRAGONES,43907,"CANONJA, LA",SERVEIS,1590247,
2022,BARCELONA,BAIX LLOBREGAT,08001,ABRERA,DOMÈSTIC,15318062,
2022,BARCELONA,BAIX LLOBREGAT,08001,ABRERA,SERVEIS,,Dades subjectes a secret estadístic.
2022,BARCELONA,BAIX LLOBREGAT,08001,ABRERA,INDUSTRIAL,6374745,
2022,BARCELONA,MARESME,08003,ALELLA,DOMÈSTIC,26229903,
2022,BARCELONA,MARESME,08003,ALELLA,SERVEIS,4056847,
2022,BARCELONA,VALLES ORIENTAL,08005,"AMETLLA DEL VALLES, L'",DOMÈSTIC,11344510,
2022,BARCELONA,VALLES ORIENTAL,08005,"AMETLLA DEL VALLES, L'",SERVEIS,1930022,
2022,BARCELONA,MARESME,08006,ARENYS DE MAR,SERVEIS,6137594,
2022,BARCELONA,MARESME,08006,ARENYS DE MAR,DOMÈSTIC,24525487,
2022,BARCELONA,MARESME,08006,ARENYS DE MAR,INDUSTRIAL,,Dades subjectes a secret estadístic.
2022,BARCELONA,MARESME,08007,ARENYS DE MUNT,DOMÈSTIC,13161122,
2022,BARCELONA,MARESME,08007,ARENYS DE MUNT,SERVEIS,5191223,
2022,BARCELONA,MARESME,08007,ARENYS DE MUNT,INDUSTRIAL,,Dades subjectes a secret estadístic.
2022,BARCELONA,MARESME,08009,ARGENTONA,INDUSTRIAL,21277887,
2022,BARCELONA,MARESME,08009,ARGENTONA,DOMÈSTIC,20814941,
2022,BARCELONA,MARESME,08009,ARGENTONA,SERVEIS,2624874,
2022,BARCELONA,BAGES,08010,ARTES,INDUSTRIAL,16324495,
2022,BARCELONA,BAGES,08010,ARTES,SERVEIS,1481774,
2022,BARCELONA,BAGES,08010,ARTES,DOMÈSTIC,7550667,
2022,BARCELONA,BERGUEDA,08011,AVIA,DOMÈSTIC,2518855,
2022,BARCELONA,BERGUEDA,08011,AVIA,SERVEIS,658670,
2022,BARCELONA,ALT PENEDES,08013,AVINYONET DEL PENEDES,INDUSTRIAL,,Dades subjectes a secret estadístic.
2022,BARCELONA,VALLES ORIENTAL,08014,AIGUAFREDA,DOMÈSTIC,6860686,
2022,BARCELONA,VALLES ORIENTAL,08014,AIGUAFREDA,SERVEIS,1341080,
2022,BARCELONA,BARCELONES,08015,BADALONA,DOMÈSTIC,206052938,
2022,BARCELONA,BARCELONES,08015,BADALONA,INDUSTRIAL,20355174,
2022,BARCELONA,BARCELONES,08015,BADALONA,SERVEIS,57077724,Inclou el consum del sector transport.
2022,BARCELONA,BERGUEDA,08016,BAGA,SERVEIS,256934,
2022,BARCELONA,BERGUEDA,08016,BAGA,DOMÈSTIC,2489479,
2022,BARCELONA,OSONA,08017,BALENYA,INDUSTRIAL,,Dades subjectes a secret estadístic.
2022,BARCELONA,OSONA,08017,BALENYA,DOMÈSTIC,6985722,
2022,BARCELONA,OSONA,08017,BALENYA,SERVEIS,2982891,
2022,BARCELONA,BAGES,08018,BALSARENY,INDUSTRIAL,,Dades subjectes a secret estadístic.
2022,BARCELONA,BAGES,08018,BALSARENY,SERVEIS,,Dades subjectes a secret estadístic.
2022,BARCELONA,BAGES,08018,BALSARENY,DOMÈSTIC,6173635,
2022,BARCELONA,BARCELONES,08019,BARCELONA,SERVEIS,1365185998,Inclou el consum del sector transport.
2022,BARCELONA,BARCELONES,08019,BARCELONA,INDUSTRIAL,1048669476,
2022,BARCELONA,BARCELONES,08019,BARCELONA,CT RO,,Dades subjectes a secret estadístic. Inclou el consum de centrals tèrmiques de l'antic règim ordinari.
2022,BARCELONA,BARCELONES,08019,BARCELONA,DOMÈSTIC,2037590555,
2022,BARCELONA,BAIX LLOBREGAT,08020,BEGUES,DOMÈSTIC,7884661,
2022,BARCELONA,BAIX LLOBREGAT,08020,BEGUES,SERVEIS,1284421,
2022,BARCELONA,BERGUEDA,08022,BERGA,SERVEIS,7075566,
2022,BARCELONA,BERGUEDA,08022,BERGA,INDUSTRIAL,,Dades subjectes a secret estadístic.
2022,BARCELONA,BERGUEDA,08022,BERGA,DOMÈSTIC,30747358,
2022,BARCELONA,VALLES ORIENTAL,08023,BIGUES I RIELLS DEL FAI,DOMÈSTIC,394829,
2022,BARCELONA,ANOIA,08028,CABRERA D'ANOIA,DOMÈSTIC,675559,
2022,BARCELONA,MARESME,08029,CABRERA DE MAR,SERVEIS,10001910,
2022,BARCELONA,MARESME,08029,CABRERA DE MAR,DOMÈSTIC,10324540,
2022,BARCELONA,MARESME,08029,CABRERA DE MAR,INDUSTRIAL,28719594,
2022,BARCELONA,MARESME,08030,CABRILS,SERVEIS,3066137,
2022,BARCELONA,MARESME,08030,CABRILS,DOMÈSTIC,22434876,
2022,BARCELONA,ANOIA,08031,CALAF,SERVEIS,1625786,
2022,BARCELONA,ANOIA,08031,CALAF,DOMÈSTIC,6547708,
2022,BARCELONA,ANOIA,08031,CALAF,INDUSTRIAL,,Dades subjectes a secret estadístic.
2022,BARCELONA,MARESME,08032,CALDES D'ESTRAC,SERVEIS,787757,
2022,BARCELONA,MARESME,08032,CALDES D'ESTRAC,DOMÈSTIC,6515301,
2022,BARCELONA,VALLES ORIENTAL,08033,CALDES DE MONTBUI,SERVEIS,4644374,
2022,BARCELONA,VALLES ORIENTAL,08033,CALDES DE MONTBUI,INDUSTRIAL,12511705,
2022,BARCELONA,VALLES ORIENTAL,08033,CALDES DE MONTBUI,DOMÈSTIC,20396182,
2022,BARCELONA,MARESME,08035,CALELLA,SERVEIS,15895912,
2022,BARCELONA,MARESME,08035,CALELLA,DOMÈSTIC,23477117,
2022,BARCELONA,ANOIA,08036,CALONGE DE SEGARRA,SERVEIS,,Dades subjectes a secret estadístic.
2022,BARCELONA,OSONA,08037,CALLDETENES,DOMÈSTIC,4401976,
2022,BARCELONA,OSONA,08037,CALLDETENES,SERVEIS,821540,
2022,BARCELONA,BAGES,08038,CALLUS,SERVEIS,584936,
2022,BARCELONA,BAGES,08038,CALLUS,DOMÈSTIC,3258990,
2022,BARCELONA,MARESME,08040,CANET DE MAR,DOMÈSTIC,18945616,
2022,BARCELONA,MARESME,08040,CANET DE MAR,INDUSTRIAL,,Dades subjectes a secret estadístic.
2022,BARCELONA,MARESME,08040,CANET DE MAR,SERVEIS,4397133,
2022,BARCELONA,VALLES ORIENTAL,08041,CANOVELLES,INDUSTRIAL,13524915,
2022,BARCELONA,VALLES ORIENTAL,08041,CANOVELLES,SERVEIS,3334433,
2022,BARCELONA,VALLES ORIENTAL,08041,CANOVELLES,DOMÈSTIC,19237481,
2022,BARCELONA,ANOIA,08044,CAPELLADES,DOMÈSTIC,10296532,
2022,BARCELONA,ANOIA,08044,CAPELLADES,SERVEIS,1370700,
2022,BARCELONA,ANOIA,08044,CAPELLADES,INDUSTRIAL,,Dades subjectes a secret estadístic.
2022,BARCELONA,VALLES ORIENTAL,08046,CARDEDEU,DOMÈSTIC,30192104,
2022,BARCELONA,VALLES ORIENTAL,08046,CARDEDEU,SERVEIS,4128123,
2022,BARCELONA,VALLES ORIENTAL,08046,CARDEDEU,INDUSTRIAL,8282820,
2022,BARCELONA,BAGES,08047,CARDONA,DOMÈSTIC,4816758,
2022,BARCELONA,BAGES,08047,CARDONA,SERVEIS,570528,
2022,BARCELONA,BAGES,08047,CARDONA,INDUSTRIAL,,Dades subjectes a secret estadístic.
2022,BARCELONA,BERGUEDA,08049,CASSERRES,INDUSTRIAL,,Dades subjectes a secret estadístic.
2022,BARCELONA,VALLES OCCIDENTAL,08051,CASTELLAR DEL VALLES,SERVEIS,6826644,
2022,BARCELONA,VALLES OCCIDENTAL,08051,CASTELLAR DEL VALLES,DOMÈSTIC,44495223,
2022,BARCELONA,VALLES OCCIDENTAL,08051,CASTELLAR DEL VALLES,INDUSTRIAL,,Dades subjectes a secret estadístic.
2022,BARCELONA,BAGES,08053,CASTELLBELL I EL VILAR,SERVEIS,733786,
2022,BARCELONA,BAGES,08053,CASTELLBELL I EL VILAR,DOMÈSTIC,3774665,
2022,BARCELONA,VALLES OCCIDENTAL,08054,CASTELLBISBAL,SERVEIS,8920484,
2022,BARCELONA,VALLES OCCIDENTAL,08054,CASTELLBISBAL,INDUSTRIAL,1731344004,
2022,BARCELONA,VALLES OCCIDENTAL,08054,CASTELLBISBAL,DOMÈSTIC,17742353,
2022,BARCELONA,BAIX LLOBREGAT,08056,CASTELLDEFELS,SERVEIS,33917630,Inclou el consum del sector transport.
2022,BARCELONA,BAIX LLOBREGAT,08056,CASTELLDEFELS,DOMÈSTIC,86679428,
2022,BARCELONA,ALT PENEDES,08058,CASTELLET I LA GORNAL,DOMÈSTIC,1515274,
2022,BARCELONA,ALT PENEDES,08058,CASTELLET I LA GORNAL,SERVEIS,,Dades subjectes a secret estadístic.
2022,BARCELONA,ALT PENEDES,08058,CASTELLET I LA GORNAL,INDUSTRIAL,89091676,
2022,BARCELONA,BAGES,08061,CASTELLGALI,INDUSTRIAL,,Dades subjectes a secret estadístic.
2022,BARCELONA,BAGES,08061,CASTELLGALI,DOMÈSTIC,1763085,
2022,BARCELONA,BAGES,08061,CASTELLGALI,SERVEIS,,Dades subjectes a secret estadístic.
2022,BARCELONA,MOIANES,08064,CASTELLTERÇOL,INDUSTRIAL,,Dades subjectes a secret estadístic.
2022,BARCELONA,MOIANES,08064,CASTELLTERÇOL,SERVEIS,660202,
2022,BARCELONA,MOIANES,08064,CASTELLTERÇOL,DOMÈSTIC,4328114,
2022,BARCELONA,BAIX LLOBREGAT,08066,CASTELLVI DE ROSANES,DOMÈSTIC,749694,
2022,BARCELONA,OSONA,08067,CENTELLES,INDUSTRIAL,20788131,
2022,BARCELONA,OSONA,08067,CENTELLES,SERVEIS,5126897,
2022,BARCELONA,OSONA,08067,CENTELLES,DOMÈSTIC,15054431,
2022,BARCELONA,BAIX LLOBREGAT,08068,CERVELLO,INDUSTRIAL,,Dades subjectes a secret estadístic.
2022,BARCELONA,BAIX LLOBREGAT,08068,CERVELLO,SERVEIS,2312850,
2022,BARCELONA,BAIX LLOBREGAT,08068,CERVELLO,DOMÈSTIC,15176175,
2022,BARCELONA,BAIX LLOBREGAT,08069,COLLBATO,SERVEIS,1147726,
2022,BARCELONA,BAIX LLOBREGAT,08069,COLLBATO,DOMÈSTIC,8665938,
2022,BARCELONA,BAIX LLOBREGAT,08072,CORBERA DE LLOBREGAT,INDUSTRIAL,,Dades subjectes a secret estadístic.
2022,BARCELONA,BAIX LLOBREGAT,08072,CORBERA DE LLOBREGAT,DOMÈSTIC,15212427,
2022,BARCELONA,BAIX LLOBREGAT,08072,CORBERA DE LLOBREGAT,SERVEIS,1955112,
2022,BARCELONA,BAIX LLOBREGAT,08073,CORNELLA DE LLOBREGAT,DOMÈSTIC,76180810,
2022,BARCELONA,BAIX LLOBREGAT,08073,CORNELLA DE LLOBREGAT,SERVEIS,52486252,Inclou el consum del sector transport.
2022,BARCELONA,BAIX LLOBREGAT,08073,CORNELLA DE LLOBREGAT,INDUSTRIAL,22926236,
2022,BARCELONA,GARRAF,08074,CUBELLES,DOMÈSTIC,19506979,
2022,BARCELONA,GARRAF,08074,CUBELLES,SERVEIS,1767998,
2022,BARCELONA,MARESME,08075,DOSRIUS,SERVEIS,695234,
2022,BARCELONA,MARESME,08075,DOSRIUS,INDUSTRIAL,37782144,
2022,BARCELONA,MARESME,08075,DOSRIUS,DOMÈSTIC,2874716,
2022,BARCELONA,BAIX LLOBREGAT,08076,ESPARREGUERA,SERVEIS,4669006,
2022,BARCELONA,BAIX LLOBREGAT,08076,ESPARREGUERA,INDUSTRIAL,21444815,
2022,BARCELONA,BAIX LLOBREGAT,08076,ESPARREGUERA,DOMÈSTIC,30561463,
2022,BARCELONA,BAIX LLOBREGAT,08077,ESPLUGUES DE LLOBREGAT,DOMÈSTIC,53115165,
2022,BARCELONA,BAIX LLOBREGAT,08077,ESPLUGUES DE LLOBREGAT,SERVEIS,36970267,
2022,BARCELONA,SELVA,08082,FOGARS DE LA SELVA,INDUSTRIAL,,Dades subjectes a secret estadístic.
2022,BARCELONA,SELVA,08082,FOGARS DE LA SELVA,SERVEIS,,Dades subjectes a secret estadístic.
2022,BARCELONA,SELVA,08082,FOGARS DE LA SELVA,DOMÈSTIC,1931150,
2022,BARCELONA,VALLES ORIENTAL,08086,"FRANQUESES DEL VALLES, LES",DOMÈSTIC,26798107,
2022,BARCELONA,VALLES ORIENTAL,08086,"FRANQUESES DEL VALLES, LES",SERVEIS,15709836,
2022,BARCELONA,VALLES ORIENTAL,08086,"FRANQUESES DEL VALLES, LES",INDUSTRIAL,114966461,
2022,BARCELONA,VALLES ORIENTAL,08088,"GARRIGA, LA",DOMÈSTIC,31692964,
2022,BARCELONA,VALLES ORIENTAL,08088,"GARRIGA, LA",SERVEIS,7254020,
2022,BARCELONA,VALLES ORIENTAL,08088,"GARRIGA, LA",INDUSTRIAL,,Dades subjectes a secret estadístic.
2022,BARCELONA,BAIX LLOBREGAT,08089,GAVA,INDUSTRIAL,46832647,
2022,BARCELONA,BAIX LLOBREGAT,08089,GAVA,DOMÈSTIC,52494084,
2022,BARCELONA,BAIX LLOBREGAT,08089,GAVA,SERVEIS,13932569,
2022,BARCELONA,ALT PENEDES,08091,GELIDA,INDUSTRIAL,,Dades subjectes a secret estadístic.
2022,BARCELONA,ALT PENEDES,08091,GELIDA,SERVEIS,569766,
2022,BARCELONA,ALT PENEDES,08091,GELIDA,DOMÈSTIC,6759396,
2022,BARCELONA,BERGUEDA,08092,GIRONELLA,SERVEIS,1124861,
2022,BARCELONA,BERGUEDA,08092,GIRONELLA,DOMÈSTIC,9668507,
2022,BARCELONA,ALT PENEDES,08094,"GRANADA, LA",DOMÈSTIC,2358290,
2022,BARCELONA,VALLES ORIENTAL,08096,GRANOLLERS,SERVEIS,33019824,
2022,BARCELONA,VALLES ORIENTAL,08096,GRANOLLERS,DOMÈSTIC,90376854,
2022,BARCELONA,VALLES ORIENTAL,08096,GRANOLLERS,INDUSTRIAL,150655197,
2022,BARCELONA,VALLES ORIENTAL,08097,GUALBA,INDUSTRIAL,,Dades subjectes a secret estadístic.
2022,BARCELONA,BAGES,08098,SANT SALVADOR DE GUARDIOLA,INDUSTRIAL,,Dades subjectes a secret estadístic.
2022,BARCELONA,BAGES,08098,SANT SALVADOR DE GUARDIOLA,SERVEIS,,Dades subjectes a secret estadístic.
2022,BARCELONA,BAGES,08098,SANT SALVADOR DE GUARDIOLA,DOMÈSTIC,3395975,
2022,BARCELONA,BERGUEDA,08099,GUARDIOLA DE BERGUEDA,SERVEIS,,Dades subjectes a secret estadístic.
2022,BARCELONA,BERGUEDA,08099,GUARDIOLA DE BERGUEDA,DOMÈSTIC,572864,
2022,BARCELONA,OSONA,08100,GURB,DOMÈSTIC,4252666,
2022,BARCELONA,OSONA,08100,GURB,INDUSTRIAL,88050798,
2022,BARCELONA,OSONA,08100,GURB,SERVEIS,1356385,
2022,BARCELONA,BARCELONES,08101,"HOSPITALET DE LLOBREGAT, L'",DOMÈSTIC,196439911,
2022,BARCELONA,BARCELONES,08101,"HOSPITALET DE LLOBREGAT, L'",INDUSTRIAL,13249109,
2022,BARCELONA,BARCELONES,08101,"HOSPITALET DE LLOBREGAT, L'",SERVEIS,122050307,Inclou el consum del sector transport.
2022,BARCELONA,ANOIA,08102,IGUALADA,INDUSTRIAL,39506451,
2022,BARCELONA,ANOIA,08102,IGUALADA,SERVEIS,33961250,Inclou el consum del sector transport.
2022,BARCELONA,ANOIA,08102,IGUALADA,DOMÈSTIC,71380769,
2022,BARCELONA,VALLES ORIENTAL,08105,"LLAGOSTA, LA",DOMÈSTIC,14163084,
2022,BARCELONA,VALLES ORIENTAL,08105,"LLAGOSTA, LA",SERVEIS,2359558,
2022,BARCELONA,VALLES ORIENTAL,08105,"LLAGOSTA, LA",INDUSTRIAL,27745589,
2022,BARCELONA,VALLES ORIENTAL,08106,LLINARS DEL VALLES,INDUSTRIAL,37496222,
2022,BARCELONA,VALLES ORIENTAL,08106,LLINARS DEL VALLES,DOMÈSTIC,15207958,
2022,BARCELONA,VALLES ORIENTAL,08106,LLINARS DEL VALLES,SERVEIS,2886707,
2022,BARCELONA,VALLES ORIENTAL,08107,LLIÇA D'AMUNT,INDUSTRIAL,,Dades subjectes a secret estadístic.
2022,BARCELONA,VALLES ORIENTAL,08107,LLIÇA D'AMUNT,SERVEIS,4365780,
2022,BARCELONA,VALLES ORIENTAL,08107,LLIÇA D'AMUNT,DOMÈSTIC,13907640,
2022,BARCELONA,VALLES ORIENTAL,08108,LLIÇA DE VALL,DOMÈSTIC,7599070,
2022,BARCELONA,VALLES ORIENTAL,08108,LLIÇA DE VALL,INDUSTRIAL,36438689,
2022,BARCELONA,VALLES ORIENTAL,08108,LLIÇA DE VALL,SERVEIS,1408695,
2022,BARCELONA,MARESME,08110,MALGRAT DE MAR,INDUSTRIAL,60184238,
2022,BARCELONA,MARESME,08110,MALGRAT DE MAR,DOMÈSTIC,30007411,
2022,BARCELONA,MARESME,08110,MALGRAT DE MAR,SERVEIS,9760072,
2022,BARCELONA,OSONA,08112,MANLLEU,INDUSTRIAL,14121736,
2022,BARCELONA,OSONA,08112,MANLLEU,SERVEIS,5905229,
2022,BARCELONA,OSONA,08112,MANLLEU,DOMÈSTIC,29529519,
2022,BARCELONA,BAGES,08113,MANRESA,SERVEIS,56584424,
2022,BARCELONA,BAGES,08113,MANRESA,DOMÈSTIC,151422729,
2022,BARCELONA,BAGES,08113,MANRESA,INDUSTRIAL,36243868,
2022,BARCELONA,BAIX LLOBREGAT,08114,MARTORELL,DOMÈSTIC,36845272,
2022,BARCELONA,BAIX LLOBREGAT,08114,MARTORELL,INDUSTRIAL,1626518526,
2022,BARCELONA,BAIX LLOBREGAT,08114,MARTORELL,SERVEIS,16324247,
2022,BARCELONA,VALLES ORIENTAL,08115,MARTORELLES,DOMÈSTIC,6834564,
2022,BARCELONA,VALLES ORIENTAL,08115,MARTORELLES,INDUSTRIAL,78831732,
2022,BARCELONA,VALLES ORIENTAL,08115,MARTORELLES,SERVEIS,584807,
2022,BARCELONA,OSONA,08116,"MASIES DE RODA, LES",DOMÈSTIC,167185,
2022,BARCELONA,OSONA,08117,"MASIES DE VOLTREGA, LES",SERVEIS,,Dades subjectes a secret estadístic.
2022,BARCELONA,OSONA,08117,"MASIES DE VOLTREGA, LES",DOMÈSTIC,4374535,
2022,BARCELONA,OSONA,08117,"MASIES DE VOLTREGA, LES",INDUSTRIAL,,Dades subjectes a secret estadístic.
2022,BARCELONA,MARESME,08118,"MASNOU, EL",SERVEIS,5342556,
2022,BARCELONA,MARESME,08118,"MASNOU, EL",DOMÈSTIC,37223644,
2022,BARCELONA,MARESME,08118,"MASNOU, EL",PRIMARI,,Dades subjectes a secret estadístic.
2022,BARCELONA,MARESME,08118,"MASNOU, EL",INDUSTRIAL,,Dades subjectes a secret estadístic.
2022,BARCELONA,ANOIA,08119,MASQUEFA,SERVEIS,1655019,
2022,BARCELONA,ANOIA,08119,MASQUEFA,DOMÈSTIC,8281068,
2022,BARCELONA,VALLES OCCIDENTAL,08120,MATADEPERA,DOMÈSTIC,31794173,
2022,BARCELONA,VALLES OCCIDENTAL,08120,MATADEPERA,SERVEIS,7216173,
2022,BARCELONA,MARESME,08121,MATARO,SERVEIS,36776641,Inclou el consum del sector transport.
2022,BARCELONA,MARESME,08121,MATARO,INDUSTRIAL,39200681,
2022,BARCELONA,MARESME,08121,MATARO,PRIMARI,,Dades subjectes a secret estadístic.
2022,BARCELONA,MARESME,08121,MATARO,DOMÈSTIC,116063322,
2022,BARCELONA,ALT PENEDES,08122,MEDIONA,INDUSTRIAL,,Dades subjectes a secret estadístic.
2022,BARCELONA,ALT PENEDES,08122,MEDIONA,DOMÈSTIC,3134802,
2022,BARCELONA,ALT PENEDES,08122,MEDIONA,SERVEIS,,Dades subjectes a secret estadístic.
2022,BARCELONA,BAIX LLOBREGAT,08123,MOLINS DE REI,SERVEIS,7873109,
2022,BARCELONA,BAIX LLOBREGAT,08123,MOLINS DE REI,INDUSTRIAL,5510621,
2022,BARCELONA,BAIX LLOBREGAT,08123,MOLINS DE REI,DOMÈSTIC,32736017,
2022,BARCELONA,VALLES ORIENTAL,08124,MOLLET DEL VALLES,INDUSTRIAL,168233628,
2022,BARCELONA,VALLES ORIENTAL,08124,MOLLET DEL VALLES,DOMÈSTIC,66766043,
2022,BARCELONA,VALLES ORIENTAL,08124,MOLLET DEL VALLES,SERVEIS,15287788,
2022,BARCELONA,VALLES OCCIDENTAL,08125,MONTCADA I REIXAC,INDUSTRIAL,69280058,
2022,BARCELONA,VALLES OCCIDENTAL,08125,MONTCADA I REIXAC,DOMÈSTIC,48693778,
2022,BARCELONA,VALLES OCCIDENTAL,08125,MONTCADA I REIXAC,SERVEIS,8031665,
2022,BARCELONA,MARESME,08126,MONTGAT,SERVEIS,2559286,
2022,BARCELONA,MARESME,08126,MONTGAT,INDUSTRIAL,,Dades subjectes a secret estadístic.
2022,BARCELONA,MARESME,08126,MONTGAT,DOMÈSTIC,14760347,
2022,BARCELONA,BAGES,08127,MONISTROL DE MONTSERRAT,INDUSTRIAL,,Dades subjectes a secret estadístic.
2022,BARCELONA,OSONA,08131,MONTESQUIU,DOMÈSTIC,2461053,
2022,BARCELONA,OSONA,08131,MONTESQUIU,SERVEIS,795047,
2022,BARCELONA,VALLES ORIENTAL,08134,FIGARO-MONTMANY,SERVEIS,,Dades subjectes a secret estadístic.
2022,BARCELONA,VALLES ORIENTAL,08134,FIGARO-MONTMANY,DOMÈSTIC,2708804,
2022,BARCELONA,VALLES ORIENTAL,08135,MONTMELO,SERVEIS,2518839,
2022,BARCELONA,VALLES ORIENTAL,08135,MONTMELO,INDUSTRIAL,225390628,Inclou el consum del sector energètic.
2022,BARCELONA,VALLES ORIENTAL,08135,MONTMELO,DOMÈSTIC,13664991,
2022,BARCELONA,VALLES ORIENTAL,08136,MONTORNES DEL VALLES,INDUSTRIAL,75006790,
2022,BARCELONA,VALLES ORIENTAL,08136,MONTORNES DEL VALLES,SERVEIS,44560896,
2022,BARCELONA,VALLES ORIENTAL,08136,MONTORNES DEL VALLES,DOMÈSTIC,23701264,
2022,BARCELONA,MOIANES,08138,MOIA,SERVEIS,1605850,
2022,BARCELONA,MOIANES,08138,MOIA,DOMÈSTIC,4781664,
2022,BARCELONA,MOIANES,08138,MOIA,INDUSTRIAL,,Dades subjectes a secret estadístic.
2022,BARCELONA,BAGES,08140,NAVARCLES,DOMÈSTIC,11076298,
2022,BARCELONA,BAGES,08140,NAVARCLES,SERVEIS,2264332,
2022,BARCELONA,BAGES,08141,NAVAS,SERVEIS,1028851,
2022,BARCELONA,BAGES,08141,NAVAS,DOMÈSTIC,12010206,
2022,BARCELONA,BAGES,08141,NAVAS,INDUSTRIAL,,Dades subjectes a secret estadístic.
2022,BARCELONA,ANOIA,08143,ODENA,SERVEIS,519836,
2022,BARCELONA,ANOIA,08143,ODENA,INDUSTRIAL,,Dades subjectes a secret estadístic.
2022,BARCELONA,ANOIA,08143,ODENA,DOMÈSTIC,4067818,
2022,BARCELONA,ALT PENEDES,08145,OLERDOLA,SERVEIS,5227398,
2022,BARCELONA,ALT PENEDES,08145,OLERDOLA,DOMÈSTIC,3563844,
2022,BARCELONA,ALT PENEDES,08145,OLERDOLA,INDUSTRIAL,28748788,
2022,BARCELONA,BAIX LLOBREGAT,08147,OLESA DE MONTSERRAT,SERVEIS,8542175,
2022,BARCELONA,BAIX LLOBREGAT,08147,OLESA DE MONTSERRAT,DOMÈSTIC,34257367,
2022,BARCELONA,BAIX LLOBREGAT,08147,OLESA DE MONTSERRAT,INDUSTRIAL,235286860,
2022,BARCELONA,OSONA,08150,ORIS,DOMÈSTIC,,Dades subjectes a secret estadístic.
2022,BARCELONA,OSONA,08150,ORIS,INDUSTRIAL,,Dades subjectes a secret estadístic.
2022,BARCELONA,ALT PENEDES,08154,PACS DEL PENEDES,INDUSTRIAL,,Dades subjectes a secret estadístic.
2022,BARCELONA,MARESME,08155,PALAFOLLS,DOMÈSTIC,10965306,
2022,BARCELONA,MARESME,08155,PALAFOLLS,INDUSTRIAL,93244220,
2022,BARCELONA,MARESME,08155,PALAFOLLS,SERVEIS,18101382,
2022,BARCELONA,MARESME,08155,PALAFOLLS,PRIMARI,,Dades subjectes a secret estadístic.
2022,BARCELONA,VALLES OCCIDENTAL,08156,PALAU-SOLITA I PLEGAMANS,SERVEIS,7442838,
2022,BARCELONA,VALLES OCCIDENTAL,08156,PALAU-SOLITA I PLEGAMANS,DOMÈSTIC,23669603,
2022,BARCELONA,VALLES OCCIDENTAL,08156,PALAU-SOLITA I PLEGAMANS,INDUSTRIAL,42946822,
2022,BARCELONA,BAIX LLOBREGAT,08157,PALLEJA,DOMÈSTIC,17391680,
2022,BARCELONA,BAIX LLOBREGAT,08157,PALLEJA,SERVEIS,4102224,
2022,BARCELONA,BAIX LLOBREGAT,08158,"PAPIOL, EL",SERVEIS,3578030,
2022,BARCELONA,BAIX LLOBREGAT,08158,"PAPIOL, EL",INDUSTRIAL,,Dades subjectes a secret estadístic.
2022,BARCELONA,BAIX LLOBREGAT,08158,"PAPIOL, EL",DOMÈSTIC,7264404,
2022,BARCELONA,VALLES ORIENTAL,08159,PARETS DEL VALLES,SERVEIS,26078730,
2022,BARCELONA,VALLES ORIENTAL,08159,PARETS DEL VALLES,INDUSTRIAL,213199699,
2022,BARCELONA,VALLES ORIENTAL,08159,PARETS DEL VALLES,DOMÈSTIC,32000571,
2022,BARCELONA,ANOIA,08161,PIERA,SERVEIS,2877303,
2022,BARCELONA,ANOIA,08161,PIERA,DOMÈSTIC,11794159,
2022,BARCELONA,ANOIA,08161,PIERA,INDUSTRIAL,,Dades subjectes a secret estadístic.
2022,BARCELONA,ANOIA,08162,"HOSTALETS DE PIEROLA, ELS",DOMÈSTIC,2109679,
2022,BARCELONA,ANOIA,08162,"HOSTALETS DE PIEROLA, ELS",SERVEIS,,Dades subjectes a secret estadístic.
2022,BARCELONA,MARESME,08163,PINEDA DE MAR,DOMÈSTIC,30999170,
2022,BARCELONA,MARESME,08163,PINEDA DE MAR,INDUSTRIAL,26473974,
2022,BARCELONA,MARESME,08163,PINEDA DE MAR,SERVEIS,7257261,
2022,BARCELONA,ANOIA,08165,"POBLA DE CLARAMUNT, LA",SERVEIS,537751,
2022,BARCELONA,ANOIA,08165,"POBLA DE CLARAMUNT, LA",INDUSTRIAL,903218677,Inclou el consum del sector energètic.
2022,BARCELONA,ANOIA,08165,"POBLA DE CLARAMUNT, LA",DOMÈSTIC,2919007,
2022,BARCELONA,VALLES OCCIDENTAL,08167,POLINYA,SERVEIS,6070698,
2022,BARCELONA,VALLES OCCIDENTAL,08167,POLINYA,INDUSTRIAL,34626615,
2022,BARCELONA,VALLES OCCIDENTAL,08167,POLINYA,DOMÈSTIC,12612592,
2022,BARCELONA,BAIX LLOBREGAT,08169,"PRAT DE LLOBREGAT, EL",DOMÈSTIC,57973068,
2022,BARCELONA,BAIX LLOBREGAT,08169,"PRAT DE LLOBREGAT, EL",SERVEIS,67215627,Inclou el consum del sector transport.
2022,BARCELONA,BAIX LLOBREGAT,08169,"PRAT DE LLOBREGAT, EL",INDUSTRIAL,524481074,
2022,BARCELONA,OSONA,08171,PRATS DE LLUÇANES,DOMÈSTIC,1870391,
2022,BARCELONA,OSONA,08171,PRATS DE LLUÇANES,SERVEIS,269547,
2022,BARCELONA,MARESME,08172,PREMIA DE MAR,SERVEIS,5865672,
2022,BARCELONA,MARESME,08172,PREMIA DE MAR,DOMÈSTIC,37776084,
2022,BARCELONA,BERGUEDA,08175,PUIG-REIG,INDUSTRIAL,,Dades subjectes a secret estadístic.
2022,BARCELONA,BERGUEDA,08175,PUIG-REIG,DOMÈSTIC,10447563,
2022,BARCELONA,BERGUEDA,08175,PUIG-REIG,SERVEIS,2159261,
2022,BARCELONA,VALLES OCCIDENTAL,08180,RIPOLLET,INDUSTRIAL,,Dades subjectes a secret estadístic.
2022,BARCELONA,VALLES OCCIDENTAL,08180,RIPOLLET,DOMÈSTIC,45564602,
2022,BARCELONA,VALLES OCCIDENTAL,08180,RIPOLLET,SERVEIS,9260772,
2022,BARCELONA,VALLES ORIENTAL,08181,"ROCA DEL VALLES, LA",SERVEIS,17040951,
2022,BARCELONA,VALLES ORIENTAL,08181,"ROCA DEL VALLES, LA",DOMÈSTIC,18150886,
2022,BARCELONA,BAGES,08182,"PONT DE VILOMARA I ROCAFORT, EL",DOMÈSTIC,6859873,
2022,BARCELONA,BAGES,08182,"PONT DE VILOMARA I ROCAFORT, EL",INDUSTRIAL,,Dades subjectes a secret estadístic.
2022,BARCELONA,BAGES,08182,"PONT DE VILOMARA I ROCAFORT, EL",SERVEIS,937139,
2022,BARCELONA,OSONA,08183,RODA DE TER,DOMÈSTIC,11023427,
2022,BARCELONA,OSONA,08183,RODA DE TER,SERVEIS,1447320,
2022,BARCELONA,VALLES OCCIDENTAL,08184,RUBI,INDUSTRIAL,157769843,
2022,BARCELONA,VALLES OCCIDENTAL,08184,RUBI,DOMÈSTIC,92940302,
2022,BARCELONA,VALLES OCCIDENTAL,08184,RUBI,SERVEIS,18573531,Inclou el consum del sector transport.
2022,BARCELONA,VALLES OCCIDENTAL,08187,SABADELL,INDUSTRIAL,59418557,
2022,BARCELONA,VALLES OCCIDENTAL,08187,SABADELL,SERVEIS,105084933,
2022,BARCELONA,VALLES OCCIDENTAL,08187,SABADELL,DOMÈSTIC,325081925,
2022,BARCELONA,BAGES,08191,SALLENT,SERVEIS,9243864,
2022,BARCELONA,BAGES,08191,SALLENT,INDUSTRIAL,11329244,
2022,BARCELONA,BAGES,08191,SALLENT,DOMÈSTIC,15304925,
2022,BARCELONA,BAGES,08192,SANTPEDOR,DOMÈSTIC,18641338,
2022,BARCELONA,BAGES,08192,SANTPEDOR,SERVEIS,8757745,
2022,BARCELONA,BAGES,08192,SANTPEDOR,INDUSTRIAL,16852708,
2022,BARCELONA,BARCELONES,08194,SANT ADRIA DE BESOS,SERVEIS,24641941,
2022,BARCELONA,BARCELONES,08194,SANT ADRIA DE BESOS,CT RO,,Dades subjectes a secret estadístic. Inclou el consum de centrals tèrmiques de l'antic règim ordinari.
2022,BARCELONA,BARCELONES,08194,SANT ADRIA DE BESOS,DOMÈSTIC,28845123,
2022,BARCELONA,BARCELONES,08194,SANT ADRIA DE BESOS,INDUSTRIAL,347357,
2022,BARCELONA,BAIX LLOBREGAT,08196,SANT ANDREU DE LA BARCA,SERVEIS,8514855,
2022,BARCELONA,BAIX LLOBREGAT,08196,SANT ANDREU DE LA BARCA,DOMÈSTIC,33985587,
2022,BARCELONA,BAIX LLOBREGAT,08196,SANT ANDREU DE LA BARCA,INDUSTRIAL,23211958,
2022,BARCELONA,MARESME,08197,SANT ANDREU DE LLAVANERES,PRIMARI,1132161,
2022,BARCELONA,MARESME,08197,SANT ANDREU DE LLAVANERES,SERVEIS,4820456,
2022,BARCELONA,MARESME,08197,SANT ANDREU DE LLAVANERES,DOMÈSTIC,25478490,
2022,BARCELONA,VALLES ORIENTAL,08198,SANT ANTONI DE VILAMAJOR,DOMÈSTIC,10099519,
2022,BARCELONA,VALLES ORIENTAL,08198,SANT ANTONI DE VILAMAJOR,SERVEIS,1394311,
2022,BARCELONA,VALLES ORIENTAL,08198,SANT ANTONI DE VILAMAJOR,INDUSTRIAL,,Dades subjectes a secret estadístic.
2022,BARCELONA,BAIX LLOBREGAT,08200,SANT BOI DE LLOBREGAT,DOMÈSTIC,82213255,
2022,BARCELONA,BAIX LLOBREGAT,08200,SANT BOI DE LLOBREGAT,SERVEIS,54249063,Inclou el consum del sector transport.
2022,BARCELONA,BAIX LLOBREGAT,08200,SANT BOI DE LLOBREGAT,INDUSTRIAL,17506385,
2022,BARCELONA,VALLES ORIENTAL,08202,SANT CELONI,SERVEIS,5225545,
2022,BARCELONA,VALLES ORIENTAL,08202,SANT CELONI,DOMÈSTIC,30098829,
2022,BARCELONA,VALLES ORIENTAL,08202,SANT CELONI,INDUSTRIAL,179921959,
2022,BARCELONA,MARESME,08203,SANT CEBRIA DE VALLALTA,SERVEIS,,Dades subjectes a secret estadístic.
2022,BARCELONA,MARESME,08203,SANT CEBRIA DE VALLALTA,DOMÈSTIC,3613561,
2022,BARCELONA,MARESME,08203,SANT CEBRIA DE VALLALTA,INDUSTRIAL,,Dades subjectes a secret estadístic.
2022,BARCELONA,BAIX LLOBREGAT,08204,SANT CLIMENT DE LLOBREGAT,SERVEIS,646726,
2022,BARCELONA,BAIX LLOBREGAT,08204,SANT CLIMENT DE LLOBREGAT,DOMÈSTIC,2040361,
2022,BARCELONA,VALLES OCCIDENTAL,08205,SANT CUGAT DEL VALLES,INDUSTRIAL,58950127,
2022,BARCELONA,VALLES OCCIDENTAL,08205,SANT CUGAT DEL VALLES,SERVEIS,147757232,
2022,BARCELONA,VALLES OCCIDENTAL,08205,SANT CUGAT DEL VALLES,DOMÈSTIC,210814869,
2022,BARCELONA,ALT PENEDES,08206,SANT CUGAT SESGARRIGUES,DOMÈSTIC,1300351,
2022,BARCELONA,ALT PENEDES,08206,SANT CUGAT SESGARRIGUES,SERVEIS,324596,
2022,BARCELONA,VALLES ORIENTAL,08207,SANT ESTEVE DE PALAUTORDERA,DOMÈSTIC,5240538,
2022,BARCELONA,VALLES ORIENTAL,08207,SANT ESTEVE DE PALAUTORDERA,SERVEIS,320409,
2022,BARCELONA,BAIX LLOBREGAT,08208,SANT ESTEVE SESROVIRES,DOMÈSTIC,13196715,
2022,BARCELONA,BAIX LLOBREGAT,08208,SANT ESTEVE SESROVIRES,SERVEIS,27933596,
2022,BARCELONA,BAIX LLOBREGAT,08208,SANT ESTEVE SESROVIRES,INDUSTRIAL,42117751,
2022,BARCELONA,VALLES ORIENTAL,08209,SANT FOST DE CAMPSENTELLES,INDUSTRIAL,15954922,
2022,BARCELONA,VALLES ORIENTAL,08209,SANT FOST DE CAMPSENTELLES,SERVEIS,5088654,
2022,BARCELONA,VALLES ORIENTAL,08209,SANT FOST DE CAMPSENTELLES,DOMÈSTIC,12025514,
2022,BARCELONA,VALLES ORIENTAL,08210,SANT FELIU DE CODINES,SERVEIS,722278,
2022,BARCELONA,VALLES ORIENTAL,08210,SANT FELIU DE CODINES,DOMÈSTIC,5072552,
2022,BARCELONA,BAIX LLOBREGAT,08211,SANT FELIU DE LLOBREGAT,INDUSTRIAL,16284236,
2022,BARCELONA,BAIX LLOBREGAT,08211,SANT FELIU DE LLOBREGAT,DOMÈSTIC,50476357,
2022,BARCELONA,BAIX LLOBREGAT,08211,SANT FELIU DE LLOBREGAT,SERVEIS,16112081,
2022,BARCELONA,BAGES,08213,SANT FRUITOS DE BAGES,DOMÈSTIC,19683534,
2022,BARCELONA,BAGES,08213,SANT FRUITOS DE BAGES,SERVEIS,6542031,
2022,BARCELONA,BAGES,08213,SANT FRUITOS DE BAGES,INDUSTRIAL,19839554,
2022,BARCELONA,MARESME,08214,VILASSAR DE DALT,PRIMARI,,Dades subjectes a secret estadístic.
2022,BARCELONA,MARESME,08214,VILASSAR DE DALT,SERVEIS,3159830,
2022,BARCELONA,MARESME,08214,VILASSAR DE DALT,INDUSTRIAL,,Dades subjectes a secret estadístic.
2022,BARCELONA,MARESME,08214,VILASSAR DE DALT,DOMÈSTIC,18055903,
2022,BARCELONA,OSONA,08215,SANT HIPOLIT DE VOLTREGA,DOMÈSTIC,6720909,
2022,BARCELONA,OSONA,08215,SANT HIPOLIT DE VOLTREGA,SERVEIS,662650,
2022,BARCELONA,BAIX LLOBREGAT,08217,SANT JOAN DESPI,DOMÈSTIC,38287012,
2022,BARCELONA,BAIX LLOBREGAT,08217,SANT JOAN DESPI,INDUSTRIAL,13942501,
2022,BARCELONA,BAIX LLOBREGAT,08217,SANT JOAN DESPI,SERVEIS,20653035,
2022,BARCELONA,BAGES,08218,SANT JOAN DE VILATORRADA,INDUSTRIAL,,Dades subjectes a secret estadístic.
2022,BARCELONA,BAGES,08218,SANT JOAN DE VILATORRADA,DOMÈSTIC,25184621,
2022,BARCELONA,BAGES,08218,SANT JOAN DE VILATORRADA,SERVEIS,2479540,
2022,BARCELONA,MARESME,08219,VILASSAR DE MAR,DOMÈSTIC,36699133,
2022,BARCELONA,MARESME,08219,VILASSAR DE MAR,PRIMARI,745629,
2022,BARCELONA,MARESME,08219,VILASSAR DE MAR,SERVEIS,4250573,
2022,BARCELONA,MARESME,08219,VILASSAR DE MAR,INDUSTRIAL,,Dades subjectes a secret estadístic.
2022,BARCELONA,OSONA,08220,SANT JULIA DE VILATORTA,SERVEIS,962633,
2022,BARCELONA,OSONA,08220,SANT JULIA DE VILATORTA,DOMÈSTIC,5309447,
2022,BARCELONA,BAIX LLOBREGAT,08221,SANT JUST DESVERN,SERVEIS,13725711,
2022,BARCELONA,BAIX LLOBREGAT,08221,SANT JUST DESVERN,INDUSTRIAL,13099115,
2022,BARCELONA,BAIX LLOBREGAT,08221,SANT JUST DESVERN,DOMÈSTIC,36230935,
2022,BARCELONA,ALT PENEDES,08222,SANT LLORENÇ D'HORTONS,SERVEIS,,Dades subjectes a secret estadístic.
2022,BARCELONA,ALT PENEDES,08222,SANT LLORENÇ D'HORTONS,DOMÈSTIC,694851,
2022,BARCELONA,OSONA,08224,SANT MARTI DE CENTELLES,DOMÈSTIC,2175558,
2022,BARCELONA,OSONA,08224,SANT MARTI DE CENTELLES,SERVEIS,,Dades subjectes a secret estadístic.
2022,BARCELONA,ANOIA,08228,SANT MARTI SESGUEIOLES,DOMÈSTIC,543234,
2022,BARCELONA,MARESME,08230,PREMIA DE DALT,PRIMARI,3077035,
2022,BARCELONA,MARESME,08230,PREMIA DE DALT,SERVEIS,3645310,
2022,BARCELONA,MARESME,08230,PREMIA DE DALT,DOMÈSTIC,22000807,
2022,BARCELONA,MARESME,08230,PREMIA DE DALT,INDUSTRIAL,,Dades subjectes a secret estadístic.
2022,BARCELONA,GARRAF,08231,SANT PERE DE RIBES,DOMÈSTIC,43494118,
2022,BARCELONA,GARRAF,08231,SANT PERE DE RIBES,SERVEIS,12936476,
2022,BARCELONA,ALT PENEDES,08232,SANT PERE DE RIUDEBITLLES,INDUSTRIAL,30726426,
2022,BARCELONA,ALT PENEDES,08232,SANT PERE DE RIUDEBITLLES,SERVEIS,251912,
2022,BARCELONA,ALT PENEDES,08232,SANT PERE DE RIUDEBITLLES,DOMÈSTIC,3640375,
2022,BARCELONA,VALLES ORIENTAL,08234,SANT PERE DE VILAMAJOR,DOMÈSTIC,2696107,
2022,BARCELONA,VALLES ORIENTAL,08234,SANT PERE DE VILAMAJOR,INDUSTRIAL,,Dades subjectes a secret estadístic.
2022,BARCELONA,VALLES ORIENTAL,08234,SANT PERE DE VILAMAJOR,SERVEIS,,Dades subjectes a secret estadístic.
2022,BARCELONA,MARESME,08235,SANT POL DE MAR,SERVEIS,655306,
2022,BARCELONA,MARESME,08235,SANT POL DE MAR,DOMÈSTIC,9335866,
2022,BARCELONA,ALT PENEDES,08236,SANT QUINTI DE MEDIONA,INDUSTRIAL,,Dades subjectes a secret estadístic.
2022,BARCELONA,ALT PENEDES,08236,SANT QUINTI DE MEDIONA,DOMÈSTIC,1374388,
2022,BARCELONA,OSONA,08237,SANT QUIRZE DE BESORA,DOMÈSTIC,4058724,
2022,BARCELONA,OSONA,08237,SANT QUIRZE DE BESORA,SERVEIS,490533,
2022,BARCELONA,OSONA,08237,SANT QUIRZE DE BESORA,INDUSTRIAL,,Dades subjectes a secret estadístic.
2022,BARCELONA,VALLES OCCIDENTAL,08238,SANT QUIRZE DEL VALLES,DOMÈSTIC,42780008,
2022,BARCELONA,VALLES OCCIDENTAL,08238,SANT QUIRZE DEL VALLES,SERVEIS,7959282,
2022,BARCELONA,VALLES OCCIDENTAL,08238,SANT QUIRZE DEL VALLES,INDUSTRIAL,6241217,
2022,BARCELONA,ALT PENEDES,08240,SANT SADURNI D'ANOIA,DOMÈSTIC,17746372,
2022,BARCELONA,ALT PENEDES,08240,SANT SADURNI D'ANOIA,INDUSTRIAL,,Dades subjectes a secret estadístic.
2022,BARCELONA,ALT PENEDES,08240,SANT SADURNI D'ANOIA,SERVEIS,3439841,
2022,BARCELONA,BAIX LLOBREGAT,08244,SANTA COLOMA DE CERVELLO,DOMÈSTIC,11756340,
2022,BARCELONA,BAIX LLOBREGAT,08244,SANTA COLOMA DE CERVELLO,INDUSTRIAL,,Dades subjectes a secret estadístic.
2022,BARCELONA,BAIX LLOBREGAT,08244,SANTA COLOMA DE CERVELLO,SERVEIS,1250583,
2022,BARCELONA,BARCELONES,08245,SANTA COLOMA DE GRAMENET,DOMÈSTIC,92850180,
2022,BARCELONA,BARCELONES,08245,SANTA COLOMA DE GRAMENET,INDUSTRIAL,,Dades subjectes a secret estadístic.
2022,BARCELONA,BARCELONES,08245,SANTA COLOMA DE GRAMENET,SERVEIS,25300566,
2022,BARCELONA,OSONA,08246,SANTA EUGENIA DE BERGA,INDUSTRIAL,,Dades subjectes a secret estadístic.
2022,BARCELONA,OSONA,08246,SANTA EUGENIA DE BERGA,DOMÈSTIC,2790305,
2022,BARCELONA,OSONA,08246,SANTA EUGENIA DE BERGA,SERVEIS,1142655,
2022,BARCELONA,VALLES ORIENTAL,08248,SANTA EULALIA DE RONÇANA,DOMÈSTIC,1207303,
2022,BARCELONA,ANOIA,08250,SANTA MARGARIDA DE MONTBUI,DOMÈSTIC,12196160,
2022,BARCELONA,ANOIA,08250,SANTA MARGARIDA DE MONTBUI,SERVEIS,963141,
2022,BARCELONA,ALT PENEDES,08251,SANTA MARGARIDA I ELS MONJOS,SERVEIS,2039484,
2022,BARCELONA,ALT PENEDES,08251,SANTA MARGARIDA I ELS MONJOS,DOMÈSTIC,9336995,
2022,BARCELONA,ALT PENEDES,08251,SANTA MARGARIDA I ELS MONJOS,INDUSTRIAL,127894914,
2022,BARCELONA,VALLES OCCIDENTAL,08252,BARBERA DEL VALLES,DOMÈSTIC,45348499,
2022,BARCELONA,VALLES OCCIDENTAL,08252,BARBERA DEL VALLES,SERVEIS,14588538,
2022,BARCELONA,VALLES OCCIDENTAL,08252,BARBERA DEL VALLES,INDUSTRIAL,71485066,
2022,BARCELONA,OSONA,08254,"ESQUIROL, L’",SERVEIS,,Dades subjectes a secret estadístic.
2022,BARCELONA,VALLES ORIENTAL,08256,SANTA MARIA DE MARTORELLES,DOMÈSTIC,654735,
2022,BARCELONA,VALLES ORIENTAL,08259,SANTA MARIA DE PALAUTORDERA,DOMÈSTIC,14457010,
2022,BARCELONA,VALLES ORIENTAL,08259,SANTA MARIA DE PALAUTORDERA,INDUSTRIAL,7903770,
2022,BARCELONA,VALLES ORIENTAL,08259,SANTA MARIA DE PALAUTORDERA,SERVEIS,,Dades subjectes a secret estadístic.
2022,BARCELONA,VALLES OCCIDENTAL,08260,SANTA PERPETUA DE MOGODA,SERVEIS,9382342,
2022,BARCELONA,VALLES OCCIDENTAL,08260,SANTA PERPETUA DE MOGODA,DOMÈSTIC,36035359,
2022,BARCELONA,VALLES OCCIDENTAL,08260,SANTA PERPETUA DE MOGODA,INDUSTRIAL,241110440,
2022,BARCELONA,MARESME,08261,SANTA SUSANNA,DOMÈSTIC,7548198,
2022,BARCELONA,MARESME,08261,SANTA SUSANNA,SERVEIS,9257824,
2022,BARCELONA,BAGES,08262,SANT VICENÇ DE CASTELLET,SERVEIS,2553400,
2022,BARCELONA,BAGES,08262,SANT VICENÇ DE CASTELLET,DOMÈSTIC,17200789,
2022,BARCELONA,BAGES,08262,SANT VICENÇ DE CASTELLET,INDUSTRIAL,,Dades subjectes a secret estadístic.
2022,BARCELONA,BAIX LLOBREGAT,08263,SANT VICENÇ DELS HORTS,SERVEIS,4005620,
2022,BARCELONA,BAIX LLOBREGAT,08263,SANT VICENÇ DELS HORTS,INDUSTRIAL,46062033,
2022,BARCELONA,BAIX LLOBREGAT,08263,SANT VICENÇ DELS HORTS,DOMÈSTIC,29519758,
2022,BARCELONA,MARESME,08264,SANT VICENÇ DE MONTALT,DOMÈSTIC,19001900,
2022,BARCELONA,MARESME,08264,SANT VICENÇ DE MONTALT,SERVEIS,2571102,
2022,BARCELONA,OSONA,08265,SANT VICENÇ DE TORELLO,DOMÈSTIC,2519745,
2022,BARCELONA,OSONA,08265,SANT VICENÇ DE TORELLO,SERVEIS,807763,
2022,BARCELONA,OSONA,08265,SANT VICENÇ DE TORELLO,INDUSTRIAL,,Dades subjectes a secret estadístic.
2022,BARCELONA,VALLES OCCIDENTAL,08266,CERDANYOLA DEL VALLES,SERVEIS,194705058,
2022,BARCELONA,VALLES OCCIDENTAL,08266,CERDANYOLA DEL VALLES,DOMÈSTIC,94996087,
2022,BARCELONA,VALLES OCCIDENTAL,08266,CERDANYOLA DEL VALLES,INDUSTRIAL,40633477,
2022,BARCELONA,VALLES OCCIDENTAL,08267,SENTMENAT,SERVEIS,1723698,
2022,BARCELONA,VALLES OCCIDENTAL,08267,SENTMENAT,DOMÈSTIC,13160080,
2022,BARCELONA,VALLES OCCIDENTAL,08267,SENTMENAT,INDUSTRIAL,,Dades subjectes a secret estadístic.
2022,BARCELONA,OSONA,08269,SEVA,DOMÈSTIC,1241944,
2022,BARCELONA,OSONA,08269,SEVA,INDUSTRIAL,,Dades subjectes a secret estadístic.
2022,BARCELONA,GARRAF,08270,SITGES,DOMÈSTIC,57604749,
2022,BARCELONA,GARRAF,08270,SITGES,SERVEIS,25265649,
2022,BARCELONA,BAGES,08274,SURIA,DOMÈSTIC,11990151,
2022,BARCELONA,BAGES,08274,SURIA,INDUSTRIAL,,Dades subjectes a secret estadístic.
2022,BARCELONA,BAGES,08274,SURIA,SERVEIS,2029452,
2022,BARCELONA,OSONA,08278,TARADELL,SERVEIS,1975942,
2022,BARCELONA,OSONA,08278,TARADELL,DOMÈSTIC,12850292,
2022,BARCELONA,OSONA,08278,TARADELL,INDUSTRIAL,,Dades subjectes a secret estadístic.
2022,BARCELONA,VALLES OCCIDENTAL,08279,TERRASSA,SERVEIS,85813514,Inclou el consum del sector transport.
2022,BARCELONA,VALLES OCCIDENTAL,08279,TERRASSA,INDUSTRIAL,88390394,
2022,BARCELONA,VALLES OCCIDENTAL,08279,TERRASSA,DOMÈSTIC,316786248,
2022,BARCELONA,MARESME,08281,TEIA,SERVEIS,2080408,
2022,BARCELONA,MARESME,08281,TEIA,PRIMARI,,Dades subjectes a secret estadístic.
2022,BARCELONA,MARESME,08281,TEIA,DOMÈSTIC,15400651,
2022,BARCELONA,MARESME,08282,TIANA,DOMÈSTIC,18606241,
2022,BARCELONA,MARESME,08282,TIANA,SERVEIS,2397887,
2022,BARCELONA,OSONA,08283,TONA,INDUSTRIAL,,Dades subjectes a secret estadístic.
2022,BARCELONA,OSONA,08283,TONA,DOMÈSTIC,17937204,
2022,BARCELONA,OSONA,08283,TONA,SERVEIS,6023126,
2022,BARCELONA,MARESME,08284,TORDERA,INDUSTRIAL,,Dades subjectes a secret estadístic.
2022,BARCELONA,MARESME,08284,TORDERA,SERVEIS,11082444,
2022,BARCELONA,MARESME,08284,TORDERA,DOMÈSTIC,20053973,
2022,BARCELONA,OSONA,08285,TORELLO,INDUSTRIAL,,Dades subjectes a secret estadístic.
2022,BARCELONA,OSONA,08285,TORELLO,SERVEIS,3903278,
2022,BARCELONA,OSONA,08285,TORELLO,DOMÈSTIC,28573985,
2022,BARCELONA,ANOIA,08286,"TORRE DE CLARAMUNT, LA",DOMÈSTIC,3051155,
2022,BARCELONA,ANOIA,08286,"TORRE DE CLARAMUNT, LA",SERVEIS,,Dades subjectes a secret estadístic.
2022,BARCELONA,ALT PENEDES,08287,TORRELAVIT,DOMÈSTIC,2042533,
2022,BARCELONA,ALT PENEDES,08287,TORRELAVIT,SERVEIS,,Dades subjectes a secret estadístic.
2022,BARCELONA,BAIX LLOBREGAT,08289,TORRELLES DE LLOBREGAT,DOMÈSTIC,5651227,
2022,BARCELONA,BAIX LLOBREGAT,08289,TORRELLES DE LLOBREGAT,SERVEIS,,Dades subjectes a secret estadístic.
2022,BARCELONA,VALLES OCCIDENTAL,08290,ULLASTRELL,SERVEIS,,Dades subjectes a secret estadístic.
2022,BARCELONA,VALLES OCCIDENTAL,08290,ULLASTRELL,DOMÈSTIC,2146205,
2022,BARCELONA,ANOIA,08292,VALLBONA D'ANOIA,DOMÈSTIC,2359375,
2022,BARCELONA,ANOIA,08292,VALLBONA D'ANOIA,SERVEIS,,Dades subjectes a secret estadístic.
2022,BARCELONA,ANOIA,08292,VALLBONA D'ANOIA,INDUSTRIAL,,Dades subjectes a secret estadístic.
2022,BARCELONA,VALLES ORIENTAL,08294,VALLGORGUINA,DOMÈSTIC,849052,
2022,BARCELONA,BAIX LLOBREGAT,08295,VALLIRANA,SERVEIS,2088229,
2022,BARCELONA,BAIX LLOBREGAT,08295,VALLIRANA,DOMÈSTIC,15607275,
2022,BARCELONA,VALLES ORIENTAL,08296,VALLROMANES,SERVEIS,1078487,
2022,BARCELONA,VALLES ORIENTAL,08296,VALLROMANES,DOMÈSTIC,5007449,
2022,BARCELONA,OSONA,08298,VIC,DOMÈSTIC,108151611,
2022,BARCELONA,OSONA,08298,VIC,SERVEIS,47169273,
2022,BARCELONA,OSONA,08298,VIC,INDUSTRIAL,71791967,
2022,BARCELONA,VALLES OCCIDENTAL,08300,VILADECAVALLS,INDUSTRIAL,5566371,
2022,BARCELONA,VALLES OCCIDENTAL,08300,VILADECAVALLS,DOMÈSTIC,11801272,
2022,BARCELONA,VALLES OCCIDENTAL,08300,VILADECAVALLS,SERVEIS,17062247,
2022,BARCELONA,BAIX LLOBREGAT,08301,VILADECANS,DOMÈSTIC,65998607,
2022,BARCELONA,BAIX LLOBREGAT,08301,VILADECANS,SERVEIS,22224473,Inclou el consum del sector transport.
2022,BARCELONA,BAIX LLOBREGAT,08301,VILADECANS,INDUSTRIAL,,Dades subjectes a secret estadístic.
2022,BARCELONA,ANOIA,08302,VILANOVA DEL CAMI,INDUSTRIAL,,Dades subjectes a secret estadístic.
2022,BARCELONA,ANOIA,08302,VILANOVA DEL CAMI,DOMÈSTIC,18534403,
2022,BARCELONA,ANOIA,08302,VILANOVA DEL CAMI,SERVEIS,1175853,
2022,BARCELONA,ALT PENEDES,08305,VILAFRANCA DEL PENEDES,SERVEIS,14226093,
2022,BARCELONA,ALT PENEDES,08305,VILAFRANCA DEL PENEDES,INDUSTRIAL,4861308,
2022,BARCELONA,ALT PENEDES,08305,VILAFRANCA DEL PENEDES,DOMÈSTIC,58528251,
2022,BARCELONA,VALLES ORIENTAL,08306,VILALBA SASSERRA,SERVEIS,,Dades subjectes a secret estadístic.
2022,BARCELONA,VALLES ORIENTAL,08306,VILALBA SASSERRA,DOMÈSTIC,178677,
2022,BARCELONA,GARRAF,08307,VILANOVA I LA GELTRU,SERVEIS,17025689,
2022,BARCELONA,GARRAF,08307,VILANOVA I LA GELTRU,INDUSTRIAL,52554620,
2022,BARCELONA,GARRAF,08307,VILANOVA I LA GELTRU,DOMÈSTIC,74955662,
2022,BARCELONA,VALLES ORIENTAL,08902,VILANOVA DEL VALLES,DOMÈSTIC,6259473,
2022,BARCELONA,VALLES ORIENTAL,08902,VILANOVA DEL VALLES,SERVEIS,599158,
2022,BARCELONA,VALLES OCCIDENTAL,08904,BADIA DEL VALLES,DOMÈSTIC,11954123,
2022,BARCELONA,VALLES OCCIDENTAL,08904,BADIA DEL VALLES,SERVEIS,3146928,
2022,BARCELONA,BAIX LLOBREGAT,08905,"PALMA DE CERVELLO, LA",SERVEIS,444485,
2022,BARCELONA,BAIX LLOBREGAT,08905,"PALMA DE CERVELLO, LA",DOMÈSTIC,3902696,
2022,GIRONA,GIRONES,17002,AIGUAVIVA,DOMÈSTIC,1034546,
2022,GIRONA,GIRONES,17002,AIGUAVIVA,INDUSTRIAL,23212343,
2022,GIRONA,GIRONES,17002,AIGUAVIVA,SERVEIS,741617,
2022,GIRONA,GARROTXA,17010,ARGELAGUER,DOMÈSTIC,839285,
2022,GIRONA,GARROTXA,17010,ARGELAGUER,SERVEIS,260126,
2022,GIRONA,GARROTXA,17010,ARGELAGUER,PRIMARI,,Dades subjectes a secret estadístic.
2022,GIRONA,GARROTXA,17010,ARGELAGUER,INDUSTRIAL,,Dades subjectes a secret estadístic.
2022,GIRONA,BAIX EMPORDA,17013,BEGUR,DOMÈSTIC,222981,
2022,GIRONA,PLA DE L'ESTANY,17015,BANYOLES,INDUSTRIAL,,Dades subjectes a secret estadístic.
2022,GIRONA,PLA DE L'ESTANY,17015,BANYOLES,SERVEIS,12399750,
2022,GIRONA,PLA DE L'ESTANY,17015,BANYOLES,DOMÈSTIC,37666648,
2022,GIRONA,BAIX EMPORDA,17018,BELLCAIRE D'EMPORDA,SERVEIS,,Dades subjectes a secret estadístic.
2022,GIRONA,BAIX EMPORDA,17018,BELLCAIRE D'EMPORDA,DOMÈSTIC,1436779,
2022,GIRONA,GARROTXA,17019,BESALU,SERVEIS,785823,
2022,GIRONA,GARROTXA,17019,BESALU,DOMÈSTIC,5821333,
2022,GIRONA,GIRONES,17020,BESCANO,SERVEIS,1381474,
2022,GIRONA,GIRONES,17020,BESCANO,DOMÈSTIC,7870539,
2022,GIRONA,GARROTXA,17021,BEUDA,INDUSTRIAL,,Dades subjectes a secret estadístic.
2022,GIRONA,BAIX EMPORDA,17022,"BISBAL D'EMPORDA, LA",INDUSTRIAL,,Dades subjectes a secret estadístic.
2022,GIRONA,BAIX EMPORDA,17022,"BISBAL D'EMPORDA, LA",SERVEIS,2608972,
2022,GIRONA,BAIX EMPORDA,17022,"BISBAL D'EMPORDA, LA",DOMÈSTIC,18912000,
2022,GIRONA,SELVA,17023,BLANES,INDUSTRIAL,,Dades subjectes a secret estadístic.
2022,GIRONA,SELVA,17023,BLANES,DOMÈSTIC,66392469,
2022,GIRONA,SELVA,17023,BLANES,SERVEIS,17142162,
2022,GIRONA,GIRONES,17025,BORDILS,SERVEIS,,Dades subjectes a secret estadístic.
2022,GIRONA,GIRONES,17025,BORDILS,DOMÈSTIC,3229371,
2022,GIRONA,SELVA,17027,BREDA,DOMÈSTIC,5767269,
2022,GIRONA,SELVA,17027,BREDA,INDUSTRIAL,2518789,
2022,GIRONA,SELVA,17027,BREDA,SERVEIS,292834,
2022,GIRONA,SELVA,17033,CALDES DE MALAVELLA,INDUSTRIAL,4690418,
2022,GIRONA,SELVA,17033,CALDES DE MALAVELLA,SERVEIS,6251007,
2022,GIRONA,SELVA,17033,CALDES DE MALAVELLA,DOMÈSTIC,12818427,
2022,GIRONA,BAIX EMPORDA,17034,CALONGE I SANT ANTONI,SERVEIS,3681780,
2022,GIRONA,BAIX EMPORDA,17034,CALONGE I SANT ANTONI,DOMÈSTIC,19081960,
2022,GIRONA,PLA DE L'ESTANY,17035,CAMOS,DOMÈSTIC,529121,
2022,GIRONA,PLA DE L'ESTANY,17035,CAMOS,SERVEIS,,Dades subjectes a secret estadístic.
2022,GIRONA,RIPOLLES,17036,CAMPDEVANOL,INDUSTRIAL,4635491,
2022,GIRONA,RIPOLLES,17036,CAMPDEVANOL,SERVEIS,2168972,
2022,GIRONA,RIPOLLES,17036,CAMPDEVANOL,DOMÈSTIC,7161856,
2022,GIRONA,GIRONES,17038,CAMPLLONG,SERVEIS,,Dades subjectes a secret estadístic.
2022,GIRONA,GIRONES,17038,CAMPLLONG,DOMÈSTIC,627728,
2022,GIRONA,GIRONES,17044,CASSA DE LA SELVA,DOMÈSTIC,16559240,
2022,GIRONA,GIRONES,17044,CASSA DE LA SELVA,INDUSTRIAL,,Dades subjectes a secret estadístic.
2022,GIRONA,GIRONES,17044,CASSA DE LA SELVA,SERVEIS,2978730,
2022,GIRONA,GARROTXA,17046,CASTELLFOLLIT DE LA ROCA,SERVEIS,1064474,
2022,GIRONA,GARROTXA,17046,CASTELLFOLLIT DE LA ROCA,DOMÈSTIC,2249892,
2022,GIRONA,ALT EMPORDA,17047,CASTELLO D'EMPURIES,DOMÈSTIC,6694422,
2022,GIRONA,ALT EMPORDA,17047,CASTELLO D'EMPURIES,SERVEIS,1204681,
2022,GIRONA,BAIX EMPORDA,17048,CASTELL-PLATJA D'ARO,SERVEIS,13135476,
2022,GIRONA,BAIX EMPORDA,17048,CASTELL-PLATJA D'ARO,DOMÈSTIC,21663668,
2022,GIRONA,GIRONES,17049,CELRA,DOMÈSTIC,10413844,
2022,GIRONA,GIRONES,17049,CELRA,INDUSTRIAL,67596810,
2022,GIRONA,GIRONES,17049,CELRA,SERVEIS,1821265,
2022,GIRONA,PLA DE L'ESTANY,17056,CORNELLA DEL TERRI,SERVEIS,457213,
2022,GIRONA,PLA DE L'ESTANY,17056,CORNELLA DEL TERRI,DOMÈSTIC,3078630,
2022,GIRONA,PLA DE L'ESTANY,17056,CORNELLA DEL TERRI,INDUSTRIAL,35975996,
2022,GIRONA,BAIX EMPORDA,17057,CORÇA,DOMÈSTIC,2137268,
2022,GIRONA,BAIX EMPORDA,17057,CORÇA,INDUSTRIAL,,Dades subjectes a secret estadístic.
2022,GIRONA,BAIX EMPORDA,17057,CORÇA,SERVEIS,,Dades subjectes a secret estadístic.
2022,GIRONA,ALT EMPORDA,17062,"ESCALA, L'",SERVEIS,3898913,
2022,GIRONA,ALT EMPORDA,17062,"ESCALA, L'",DOMÈSTIC,13609069,
2022,GIRONA,ALT EMPORDA,17066,FIGUERES,SERVEIS,32209152,
2022,GIRONA,ALT EMPORDA,17066,FIGUERES,DOMÈSTIC,69836828,
2022,GIRONA,GIRONES,17067,FLAÇA,DOMÈSTIC,2151026,
2022,GIRONA,GIRONES,17067,FLAÇA,SERVEIS,,Dades subjectes a secret estadístic.
2022,GIRONA,PLA DE L'ESTANY,17071,FONTCOBERTA,DOMÈSTIC,919764,
2022,GIRONA,GIRONES,17073,FORNELLS DE LA SELVA,DOMÈSTIC,5926530,
2022,GIRONA,GIRONES,17073,FORNELLS DE LA SELVA,SERVEIS,1983844,
2022,GIRONA,GIRONES,17079,GIRONA,INDUSTRIAL,,Dades subjectes a secret estadístic.
2022,GIRONA,GIRONES,17079,GIRONA,DOMÈSTIC,202598080,
2022,GIRONA,GIRONES,17079,GIRONA,SERVEIS,73616762,
2022,GIRONA,BAIX EMPORDA,17081,GUALTA,SERVEIS,,Dades subjectes a secret estadístic.
2022,GIRONA,BAIX EMPORDA,17081,GUALTA,DOMÈSTIC,577783,
2022,GIRONA,SELVA,17083,HOSTALRIC,SERVEIS,394643,
2022,GIRONA,SELVA,17083,HOSTALRIC,INDUSTRIAL,30808788,
2022,GIRONA,SELVA,17083,HOSTALRIC,DOMÈSTIC,7798169,
2022,GIRONA,ALT EMPORDA,17086,"JONQUERA, LA",SERVEIS,3480749,
2022,GIRONA,ALT EMPORDA,17086,"JONQUERA, LA",DOMÈSTIC,3360228,
2022,GIRONA,GIRONES,17087,JUIA,INDUSTRIAL,,Dades subjectes a secret estadístic.
2022,GIRONA,GIRONES,17089,LLAGOSTERA,SERVEIS,854504,
2022,GIRONA,GIRONES,17089,LLAGOSTERA,DOMÈSTIC,12965936,
2022,GIRONA,SELVA,17095,LLORET DE MAR,DOMÈSTIC,46952150,
2022,GIRONA,SELVA,17095,LLORET DE MAR,SERVEIS,45502340,
2022,GIRONA,SELVA,17101,MASSANES,INDUSTRIAL,33503960,
2022,GIRONA,SELVA,17101,MASSANES,DOMÈSTIC,46848,
2022,GIRONA,SELVA,17103,MAÇANET DE LA SELVA,DOMÈSTIC,9034271,
2022,GIRONA,SELVA,17103,MAÇANET DE LA SELVA,SERVEIS,2735047,Inclou el consum del sector transport.
2022,GIRONA,SELVA,17103,MAÇANET DE LA SELVA,INDUSTRIAL,21193779,
2022,GIRONA,BAIX EMPORDA,17110,MONT-RAS,DOMÈSTIC,2009912,
2022,GIRONA,BAIX EMPORDA,17110,MONT-RAS,SERVEIS,,Dades subjectes a secret estadístic.
2022,GIRONA,ALT EMPORDA,17111,NAVATA,DOMÈSTIC,752329,
2022,GIRONA,ALT EMPORDA,17111,NAVATA,SERVEIS,,Dades subjectes a secret estadístic.
2022,GIRONA,GARROTXA,17114,OLOT,SERVEIS,26946770,
2022,GIRONA,GARROTXA,17114,OLOT,DOMÈSTIC,70194060,
2022,GIRONA,GARROTXA,17114,OLOT,INDUSTRIAL,42608666,
2022,GIRONA,BAIX EMPORDA,17117,PALAFRUGELL,SERVEIS,5603080,
2022,GIRONA,BAIX EMPORDA,17117,PALAFRUGELL,DOMÈSTIC,34612776,
2022,GIRONA,BAIX EMPORDA,17118,PALAMOS,DOMÈSTIC,27796670,
2022,GIRONA,BAIX EMPORDA,17118,PALAMOS,SERVEIS,8555656,
2022,GIRONA,BAIX EMPORDA,17118,PALAMOS,INDUSTRIAL,,Dades subjectes a secret estadístic.
2022,GIRONA,PLA DE L'ESTANY,17123,PALOL DE REVARDIT,INDUSTRIAL,,Dades subjectes a secret estadístic.
2022,GIRONA,BAIX EMPORDA,17126,PARLAVA,DOMÈSTIC,252767,
2022,GIRONA,BAIX EMPORDA,17130,"PERA, LA",INDUSTRIAL,,Dades subjectes a secret estadístic.
2022,GIRONA,PLA DE L'ESTANY,17137,PORQUERES,INDUSTRIAL,3037994,
2022,GIRONA,PLA DE L'ESTANY,17137,PORQUERES,DOMÈSTIC,7381730,
2022,GIRONA,PLA DE L'ESTANY,17137,PORQUERES,SERVEIS,1113004,
2022,GIRONA,GARROTXA,17139,"PRESES, LES",DOMÈSTIC,2737349,
2022,GIRONA,GARROTXA,17139,"PRESES, LES",INDUSTRIAL,5808884,
2022,GIRONA,GARROTXA,17139,"PRESES, LES",SERVEIS,1011189,
2022,GIRONA,CERDANYA,17141,PUIGCERDA,SERVEIS,8860316,
2022,GIRONA,CERDANYA,17141,PUIGCERDA,DOMÈSTIC,23761350,
2022,GIRONA,GIRONES,17142,QUART,DOMÈSTIC,7543387,
2022,GIRONA,GIRONES,17142,QUART,SERVEIS,2510830,
2022,GIRONA,SELVA,17146,RIELLS I VIABREA,INDUSTRIAL,,Dades subjectes a secret estadístic.
2022,GIRONA,SELVA,17146,RIELLS I VIABREA,DOMÈSTIC,1323337,
2022,GIRONA,RIPOLLES,17147,RIPOLL,DOMÈSTIC,24084178,
2022,GIRONA,RIPOLLES,17147,RIPOLL,INDUSTRIAL,37848760,
2022,GIRONA,RIPOLLES,17147,RIPOLL,SERVEIS,7346275,
2022,GIRONA,SELVA,17148,RIUDARENES,INDUSTRIAL,6337057,
2022,GIRONA,SELVA,17148,RIUDARENES,SERVEIS,755943,
2022,GIRONA,SELVA,17148,RIUDARENES,DOMÈSTIC,2873954,
2022,GIRONA,SELVA,17150,RIUDELLOTS DE LA SELVA,DOMÈSTIC,3228210,
2022,GIRONA,SELVA,17150,RIUDELLOTS DE LA SELVA,INDUSTRIAL,124174177,
2022,GIRONA,SELVA,17150,RIUDELLOTS DE LA SELVA,SERVEIS,13929579,
2022,GIRONA,ALT EMPORDA,17152,ROSES,DOMÈSTIC,14154519,
2022,GIRONA,ALT EMPORDA,17152,ROSES,SERVEIS,3458840,
2022,GIRONA,GIRONES,17155,SALT,SERVEIS,24208013,
2022,GIRONA,GIRONES,17155,SALT,INDUSTRIAL,,Dades subjectes a secret estadístic.
2022,GIRONA,GIRONES,17155,SALT,DOMÈSTIC,40620132,
2022,GIRONA,SELVA,17159,SANT FELIU DE BUIXALLEU,SERVEIS,,Dades subjectes a secret estadístic.
2022,GIRONA,SELVA,17159,SANT FELIU DE BUIXALLEU,INDUSTRIAL,13572998,
2022,GIRONA,BAIX EMPORDA,17160,SANT FELIU DE GUIXOLS,SERVEIS,10345199,
2022,GIRONA,BAIX EMPORDA,17160,SANT FELIU DE GUIXOLS,DOMÈSTIC,43929073,
2022,GIRONA,GIRONES,17163,SANT GREGORI,DOMÈSTIC,7072588,
2022,GIRONA,GIRONES,17163,SANT GREGORI,INDUSTRIAL,,Dades subjectes a secret estadístic.
2022,GIRONA,GIRONES,17163,SANT GREGORI,SERVEIS,1118495,
2022,GIRONA,GARROTXA,17165,SANT JAUME DE LLIERCA,SERVEIS,,Dades subjectes a secret estadístic.
2022,GIRONA,GARROTXA,17165,SANT JAUME DE LLIERCA,INDUSTRIAL,3310718,
2022,GIRONA,GARROTXA,17165,SANT JAUME DE LLIERCA,DOMÈSTIC,1332136,
2022,GIRONA,RIPOLLES,17167,SANT JOAN DE LES ABADESSES,SERVEIS,1816149,
2022,GIRONA,RIPOLLES,17167,SANT JOAN DE LES ABADESSES,INDUSTRIAL,,Dades subjectes a secret estadístic.
2022,GIRONA,RIPOLLES,17167,SANT JOAN DE LES ABADESSES,DOMÈSTIC,8620906,
2022,GIRONA,GIRONES,17168,SANT JOAN DE MOLLET,DOMÈSTIC,825206,
2022,GIRONA,GIRONES,17169,SANT JULIA DE RAMIS,DOMÈSTIC,5502590,
2022,GIRONA,GIRONES,17169,SANT JULIA DE RAMIS,SERVEIS,160898,
2022,GIRONA,RIPOLLES,17177,SANT PAU DE SEGURIES,DOMÈSTIC,1269108,
2022,GIRONA,RIPOLLES,17177,SANT PAU DE SEGURIES,SERVEIS,,Dades subjectes a secret estadístic.
2022,GIRONA,SELVA,17180,SANTA COLOMA DE FARNERS,DOMÈSTIC,19064269,
2022,GIRONA,SELVA,17180,SANTA COLOMA DE FARNERS,SERVEIS,2647054,
2022,GIRONA,SELVA,17180,SANTA COLOMA DE FARNERS,INDUSTRIAL,1154760,
2022,GIRONA,BAIX EMPORDA,17181,SANTA CRISTINA D'ARO,SERVEIS,766460,
2022,GIRONA,BAIX EMPORDA,17181,SANTA CRISTINA D'ARO,DOMÈSTIC,8914832,
2022,GIRONA,ALT EMPORDA,17182,SANTA LLOGAIA D'ALGUEMA,DOMÈSTIC,150185,
2022,GIRONA,GARROTXA,17185,SANT JOAN LES FONTS,DOMÈSTIC,6141856,
2022,GIRONA,GARROTXA,17185,SANT JOAN LES FONTS,INDUSTRIAL,616179938,
2022,GIRONA,GARROTXA,17185,SANT JOAN LES FONTS,SERVEIS,1564391,
2022,GIRONA,GIRONES,17186,SARRIA DE TER,INDUSTRIAL,,Dades subjectes a secret estadístic.
2022,GIRONA,GIRONES,17186,SARRIA DE TER,DOMÈSTIC,10280731,
2022,GIRONA,GIRONES,17186,SARRIA DE TER,SERVEIS,1422153,Inclou el consum del sector transport.
2022,GIRONA,PLA DE L'ESTANY,17190,SERINYA,INDUSTRIAL,,Dades subjectes a secret estadístic.
2022,GIRONA,PLA DE L'ESTANY,17190,SERINYA,DOMÈSTIC,1578474,
2022,GIRONA,BAIX EMPORDA,17191,SERRA DE DARO,DOMÈSTIC,404970,
2022,GIRONA,SELVA,17193,SILS,INDUSTRIAL,,Dades subjectes a secret estadístic.
2022,GIRONA,SELVA,17193,SILS,SERVEIS,5872583,
2022,GIRONA,SELVA,17193,SILS,DOMÈSTIC,7195797,
2022,GIRONA,BAIX EMPORDA,17199,TORROELLA DE MONTGRI,DOMÈSTIC,12503551,
2022,GIRONA,BAIX EMPORDA,17199,TORROELLA DE MONTGRI,INDUSTRIAL,,Dades subjectes a secret estadístic.
2022,GIRONA,BAIX EMPORDA,17199,TORROELLA DE MONTGRI,SERVEIS,3855391,
2022,GIRONA,SELVA,17202,TOSSA DE MAR,SERVEIS,6003721,
2022,GIRONA,SELVA,17202,TOSSA DE MAR,DOMÈSTIC,5755230,
2022,GIRONA,BAIX EMPORDA,17204,ULLA,SERVEIS,,Dades subjectes a secret estadístic.
2022,GIRONA,BAIX EMPORDA,17204,ULLA,INDUSTRIAL,,Dades subjectes a secret estadístic.
2022,GIRONA,BAIX EMPORDA,17204,ULLA,DOMÈSTIC,1375850,
2022,GIRONA,GARROTXA,17207,"VALL D'EN BAS, LA",SERVEIS,,Dades subjectes a secret estadístic.
2022,GIRONA,GARROTXA,17207,"VALL D'EN BAS, LA",DOMÈSTIC,917209,
2022,GIRONA,GARROTXA,17208,"VALL DE BIANYA, LA",INDUSTRIAL,,Dades subjectes a secret estadístic.
2022,GIRONA,GARROTXA,17208,"VALL DE BIANYA, LA",SERVEIS,440620,
2022,GIRONA,GARROTXA,17208,"VALL DE BIANYA, LA",DOMÈSTIC,1412227,
2022,GIRONA,BAIX EMPORDA,17209,VALL-LLOBREGA,SERVEIS,,Dades subjectes a secret estadístic.
2022,GIRONA,BAIX EMPORDA,17209,VALL-LLOBREGA,DOMÈSTIC,1337775,
2022,GIRONA,SELVA,17213,VIDRERES,SERVEIS,1180432,
2022,GIRONA,SELVA,17213,VIDRERES,DOMÈSTIC,9511858,
2022,GIRONA,SELVA,17213,VIDRERES,INDUSTRIAL,,Dades subjectes a secret estadístic.
2022,GIRONA,GIRONES,17215,VILABLAREIX,DOMÈSTIC,6879888,
2022,GIRONA,GIRONES,17215,VILABLAREIX,SERVEIS,763562,
2022,GIRONA,ALT EMPORDA,17221,VILAFANT,SERVEIS,4955749,
2022,GIRONA,ALT EMPORDA,17221,VILAFANT,DOMÈSTIC,6877928,
2022,GIRONA,BAIX EMPORDA,17902,FORALLAC,SERVEIS,430686,
2022,GIRONA,BAIX EMPORDA,17902,FORALLAC,DOMÈSTIC,2170163,
2022,LLEIDA,URGELL,25003,AGRAMUNT,SERVEIS,447905,
2022,LLEIDA,URGELL,25003,AGRAMUNT,INDUSTRIAL,1402242,
2022,LLEIDA,URGELL,25003,AGRAMUNT,DOMÈSTIC,5968919,
2022,LLEIDA,SEGRIA,25004,"ALAMUS, ELS",DOMÈSTIC,946234,
2022,LLEIDA,SEGRIA,25007,ALBATARREC,DOMÈSTIC,3366955,
2022,LLEIDA,SEGRIA,25007,ALBATARREC,SERVEIS,216129,
2022,LLEIDA,SEGRIA,25011,ALCARRAS,DOMÈSTIC,19422872,
2022,LLEIDA,SEGRIA,25011,ALCARRAS,INDUSTRIAL,,Dades subjectes a secret estadístic.
2022,LLEIDA,SEGRIA,25011,ALCARRAS,SERVEIS,,Dades subjectes a secret estadístic.
2022,LLEIDA,SEGRIA,25012,ALCOLETGE,INDUSTRIAL,10113746,
2022,LLEIDA,SEGRIA,25012,ALCOLETGE,DOMÈSTIC,6746166,
2022,LLEIDA,SEGRIA,25012,ALCOLETGE,SERVEIS,983063,
2022,LLEIDA,SEGRIA,25013,ALFARRAS,DOMÈSTIC,5318868,
2022,LLEIDA,SEGRIA,25013,ALFARRAS,SERVEIS,1614608,
2022,LLEIDA,SEGRIA,25016,ALGUAIRE,DOMÈSTIC,5163509,
2022,LLEIDA,SEGRIA,25016,ALGUAIRE,INDUSTRIAL,,Dades subjectes a secret estadístic.
2022,LLEIDA,SEGRIA,25016,ALGUAIRE,SERVEIS,615734,
2022,LLEIDA,SEGRIA,25019,ALMACELLES,INDUSTRIAL,,Dades subjectes a secret estadístic.
2022,LLEIDA,SEGRIA,25019,ALMACELLES,SERVEIS,2101827,
2022,LLEIDA,SEGRIA,25019,ALMACELLES,DOMÈSTIC,12733289,
2022,LLEIDA,SEGRIA,25021,ALMENAR,INDUSTRIAL,,Dades subjectes a secret estadístic.
2022,LLEIDA,SEGRIA,25021,ALMENAR,SERVEIS,,Dades subjectes a secret estadístic.
2022,LLEIDA,SEGRIA,25021,ALMENAR,DOMÈSTIC,6368538,
2022,LLEIDA,SEGRIA,25023,ALPICAT,SERVEIS,2347747,
2022,LLEIDA,SEGRIA,25023,ALPICAT,INDUSTRIAL,,Dades subjectes a secret estadístic.
2022,LLEIDA,SEGRIA,25023,ALPICAT,DOMÈSTIC,14149360,
2022,LLEIDA,VAL D'ARAN,25025,NAUT ARAN,DOMÈSTIC,4334978,
2022,LLEIDA,VAL D'ARAN,25025,NAUT ARAN,SERVEIS,4166702,
2022,LLEIDA,URGELL,25027,ANGLESOLA,DOMÈSTIC,1951712,
2022,LLEIDA,URGELL,25027,ANGLESOLA,SERVEIS,,Dades subjectes a secret estadístic.
2022,LLEIDA,GARRIGUES,25029,ARBECA,DOMÈSTIC,164863,
2022,LLEIDA,GARRIGUES,25029,ARBECA,SERVEIS,,Dades subjectes a secret estadístic.
2022,LLEIDA,NOGUERA,25034,ARTESA DE SEGRE,DOMÈSTIC,4632187,
2022,LLEIDA,NOGUERA,25034,ARTESA DE SEGRE,SERVEIS,288564,
2022,LLEIDA,SEGRIA,25038,AITONA,SERVEIS,,Dades subjectes a secret estadístic.
2022,LLEIDA,SEGRIA,25038,AITONA,DOMÈSTIC,933601,
2022,LLEIDA,NOGUERA,25040,BALAGUER,DOMÈSTIC,28241831,
2022,LLEIDA,NOGUERA,25040,BALAGUER,SERVEIS,9377171,
2022,LLEIDA,NOGUERA,25040,BALAGUER,INDUSTRIAL,19910884,
2022,LLEIDA,NOGUERA,25047,BELLCAIRE D'URGELL,INDUSTRIAL,,Dades subjectes a secret estadístic.
2022,LLEIDA,NOGUERA,25047,BELLCAIRE D'URGELL,SERVEIS,,Dades subjectes a secret estadístic.
2022,LLEIDA,NOGUERA,25047,BELLCAIRE D'URGELL,DOMÈSTIC,2610452,
2022,LLEIDA,PLA D'URGELL,25048,BELL-LLOC D'URGELL,SERVEIS,875994,
2022,LLEIDA,PLA D'URGELL,25048,BELL-LLOC D'URGELL,INDUSTRIAL,,Dades subjectes a secret estadístic.
2022,LLEIDA,PLA D'URGELL,25048,BELL-LLOC D'URGELL,DOMÈSTIC,4234957,
2022,LLEIDA,URGELL,25050,BELLPUIG,INDUSTRIAL,43273353,
2022,LLEIDA,URGELL,25050,BELLPUIG,SERVEIS,2203273,
2022,LLEIDA,URGELL,25050,BELLPUIG,DOMÈSTIC,10243248,
2022,LLEIDA,PLA D'URGELL,25052,BELLVIS,DOMÈSTIC,1107238,
2022,LLEIDA,SEGRIA,25053,BENAVENT DE SEGRIA,DOMÈSTIC,2274710,
2022,LLEIDA,SEGRIA,25053,BENAVENT DE SEGRIA,SERVEIS,,Dades subjectes a secret estadístic.
2022,LLEIDA,GARRIGUES,25058,"BORGES BLANQUES, LES",SERVEIS,1462508,
2022,LLEIDA,GARRIGUES,25058,"BORGES BLANQUES, LES",INDUSTRIAL,,Dades subjectes a secret estadístic. Inclou el consum del sector energètic.
2022,LLEIDA,GARRIGUES,25058,"BORGES BLANQUES, LES",DOMÈSTIC,9652063,
2022,LLEIDA,VAL D'ARAN,25059,BOSSOST,DOMÈSTIC,1815927,
2022,LLEIDA,VAL D'ARAN,25059,BOSSOST,SERVEIS,,Dades subjectes a secret estadístic.
2022,LLEIDA,PLA D'URGELL,25068,CASTELLNOU DE SEANA,SERVEIS,,Dades subjectes a secret estadístic.
2022,LLEIDA,PLA D'URGELL,25068,CASTELLNOU DE SEANA,DOMÈSTIC,518391,
2022,LLEIDA,SEGARRA,25072,CERVERA,DOMÈSTIC,17926691,
2022,LLEIDA,SEGARRA,25072,CERVERA,INDUSTRIAL,26268709,
2022,LLEIDA,SEGARRA,25072,CERVERA,SERVEIS,5643913,
2022,LLEIDA,SEGRIA,25078,CORBINS,SERVEIS,,Dades subjectes a secret estadístic.
2022,LLEIDA,SEGRIA,25078,CORBINS,DOMÈSTIC,1302927,
2022,LLEIDA,GARRIGUES,25081,"ESPLUGA CALBA, L'",INDUSTRIAL,,Dades subjectes a secret estadístic.
2022,LLEIDA,GARRIGUES,25081,"ESPLUGA CALBA, L'",DOMÈSTIC,225167,
2022,LLEIDA,PLA D'URGELL,25093,FONDARELLA,INDUSTRIAL,,Dades subjectes a secret estadístic.
2022,LLEIDA,PLA D'URGELL,25093,FONDARELLA,DOMÈSTIC,1278358,
2022,LLEIDA,PLA D'URGELL,25093,FONDARELLA,SERVEIS,263422,
2022,LLEIDA,PLA D'URGELL,25099,GOLMES,DOMÈSTIC,3397103,
2022,LLEIDA,PLA D'URGELL,25099,GOLMES,SERVEIS,,Dades subjectes a secret estadístic.
2022,LLEIDA,SEGARRA,25110,GUISSONA,INDUSTRIAL,,Dades subjectes a secret estadístic.
2022,LLEIDA,SEGARRA,25110,GUISSONA,DOMÈSTIC,11105700,
2022,LLEIDA,SEGARRA,25110,GUISSONA,SERVEIS,5696229,
2022,LLEIDA,PLA D'URGELL,25113,IVARS D'URGELL,DOMÈSTIC,1786586,
2022,LLEIDA,PLA D'URGELL,25113,IVARS D'URGELL,INDUSTRIAL,,Dades subjectes a secret estadístic.
2022,LLEIDA,PLA D'URGELL,25113,IVARS D'URGELL,SERVEIS,,Dades subjectes a secret estadístic.
2022,LLEIDA,GARRIGUES,25119,JUNEDA,SERVEIS,,Dades subjectes a secret estadístic.
2022,LLEIDA,GARRIGUES,25119,JUNEDA,DOMÈSTIC,4966071,
2022,LLEIDA,SEGRIA,25120,LLEIDA,SERVEIS,131891711,
2022,LLEIDA,SEGRIA,25120,LLEIDA,INDUSTRIAL,119610806,
2022,LLEIDA,SEGRIA,25120,LLEIDA,DOMÈSTIC,266094243,
2022,LLEIDA,PLA D'URGELL,25122,LINYOLA,DOMÈSTIC,3588847,
2022,LLEIDA,PLA D'URGELL,25122,LINYOLA,INDUSTRIAL,,Dades subjectes a secret estadístic.
2022,LLEIDA,PLA D'URGELL,25122,LINYOLA,SERVEIS,,Dades subjectes a secret estadístic.
2022,LLEIDA,PLA D'URGELL,25135,MIRALCAMP,SERVEIS,,Dades subjectes a secret estadístic.
2022,LLEIDA,PLA D'URGELL,25135,MIRALCAMP,DOMÈSTIC,2253347,
2022,LLEIDA,PLA D'URGELL,25135,MIRALCAMP,INDUSTRIAL,,Dades subjectes a secret estadístic.
2022,LLEIDA,PLA D'URGELL,25137,MOLLERUSSA,INDUSTRIAL,681924916,
2022,LLEIDA,PLA D'URGELL,25137,MOLLERUSSA,SERVEIS,6742415,
2022,LLEIDA,PLA D'URGELL,25137,MOLLERUSSA,DOMÈSTIC,28427217,
2022,LLEIDA,SOLSONES,25151,OLIUS,DOMÈSTIC,692579,
2022,LLEIDA,SOLSONES,25151,OLIUS,SERVEIS,,Dades subjectes a secret estadístic.
2022,LLEIDA,ALT URGELL,25155,ORGANYA,DOMÈSTIC,929967,
2022,LLEIDA,ALT URGELL,25155,ORGANYA,SERVEIS,,Dades subjectes a secret estadístic.
2022,LLEIDA,PLA D'URGELL,25158,"PALAU D'ANGLESOLA, EL",INDUSTRIAL,,Dades subjectes a secret estadístic.
2022,LLEIDA,PLA D'URGELL,25158,"PALAU D'ANGLESOLA, EL",DOMÈSTIC,3330177,
2022,LLEIDA,PLA D'URGELL,25158,"PALAU D'ANGLESOLA, EL",SERVEIS,607606,
2022,LLEIDA,NOGUERA,25172,PONTS,DOMÈSTIC,5691452,
2022,LLEIDA,NOGUERA,25172,PONTS,SERVEIS,1525271,
2022,LLEIDA,PALLARS SOBIRA,25183,RIALP,DOMÈSTIC,851131,
2022,LLEIDA,PALLARS SOBIRA,25183,RIALP,SERVEIS,,Dades subjectes a secret estadístic.
2022,LLEIDA,SEGRIA,25189,ROSSELLO,DOMÈSTIC,6395851,
2022,LLEIDA,SEGRIA,25189,ROSSELLO,INDUSTRIAL,,Dades subjectes a secret estadístic.
2022,LLEIDA,SEGRIA,25189,ROSSELLO,SERVEIS,401327,
2022,LLEIDA,SEGARRA,25192,SANT GUIM DE FREIXENET,SERVEIS,87326,
2022,LLEIDA,SEGARRA,25192,SANT GUIM DE FREIXENET,DOMÈSTIC,2049292,
2022,LLEIDA,ALT URGELL,25203,"SEU D'URGELL, LA",SERVEIS,2790056,
2022,LLEIDA,ALT URGELL,25203,"SEU D'URGELL, LA",DOMÈSTIC,11310166,
2022,LLEIDA,ALT URGELL,25203,"SEU D'URGELL, LA",INDUSTRIAL,,Dades subjectes a secret estadístic.
2022,LLEIDA,SEGRIA,25204,SEROS,SERVEIS,,Dades subjectes a secret estadístic.
2022,LLEIDA,SEGRIA,25204,SEROS,DOMÈSTIC,1285689,
2022,LLEIDA,SOLSONES,25207,SOLSONA,SERVEIS,1812345,
2022,LLEIDA,SOLSONES,25207,SOLSONA,INDUSTRIAL,,Dades subjectes a secret estadístic.
2022,LLEIDA,SOLSONES,25207,SOLSONA,DOMÈSTIC,16067292,
2022,LLEIDA,URGELL,25217,TARREGA,SERVEIS,9236858,
2022,LLEIDA,URGELL,25217,TARREGA,INDUSTRIAL,,Dades subjectes a secret estadístic.
2022,LLEIDA,URGELL,25217,TARREGA,DOMÈSTIC,36744792,
2022,LLEIDA,GARRIGUES,25218,TARRES,DOMÈSTIC,161688,
2022,LLEIDA,GARRIGUES,25218,TARRES,SERVEIS,,Dades subjectes a secret estadístic.
2022,LLEIDA,NOGUERA,25220,TERMENS,INDUSTRIAL,,Dades subjectes a secret estadístic.
2022,LLEIDA,SEGRIA,25228,TORREFARRERA,DOMÈSTIC,11563371,
2022,LLEIDA,SEGRIA,25228,TORREFARRERA,SERVEIS,2932673,
2022,LLEIDA,PLA D'URGELL,25230,TORREGROSSA,DOMÈSTIC,3035982,
2022,LLEIDA,PLA D'URGELL,25230,TORREGROSSA,INDUSTRIAL,,Dades subjectes a secret estadístic.
2022,LLEIDA,PLA D'URGELL,25230,TORREGROSSA,SERVEIS,560836,
2022,LLEIDA,NOGUERA,25231,TORRELAMEU,DOMÈSTIC,461390,
2022,LLEIDA,NOGUERA,25231,TORRELAMEU,SERVEIS,293256,
2022,LLEIDA,SEGRIA,25233,TORRE-SERONA,DOMÈSTIC,351756,
2022,LLEIDA,NOGUERA,25240,VALLFOGONA DE BALAGUER,SERVEIS,,Dades subjectes a secret estadístic.
2022,LLEIDA,NOGUERA,25240,VALLFOGONA DE BALAGUER,INDUSTRIAL,6496861,
2022,LLEIDA,NOGUERA,25240,VALLFOGONA DE BALAGUER,DOMÈSTIC,3360420,
2022,LLEIDA,URGELL,25244,VILAGRASSA,DOMÈSTIC,514602,
2022,LLEIDA,URGELL,25244,VILAGRASSA,SERVEIS,,Dades subjectes a secret estadístic.
2022,LLEIDA,SEGRIA,25251,VILANOVA DE SEGRIA,DOMÈSTIC,1196959,
2022,LLEIDA,SEGRIA,25254,VILANOVA DE LA BARCA,SERVEIS,,Dades subjectes a secret estadístic.
2022,LLEIDA,SEGRIA,25254,VILANOVA DE LA BARCA,DOMÈSTIC,779026,
2022,LLEIDA,SEGARRA,25905,RIBERA D'ONDARA,SERVEIS,,Dades subjectes a secret estadístic.
2022,TARRAGONA,MONTSIA,43004,ALCANAR,DOMÈSTIC,4108790,
2022,TARRAGONA,MONTSIA,43004,ALCANAR,SERVEIS,1315794,
2022,TARRAGONA,ALT CAMP,43005,ALCOVER,DOMÈSTIC,3529630,
2022,TARRAGONA,ALT CAMP,43005,ALCOVER,INDUSTRIAL,145451637,
2022,TARRAGONA,ALT CAMP,43005,ALCOVER,SERVEIS,1080889,
2022,TARRAGONA,BAIX CAMP,43011,ALMOSTER,DOMÈSTIC,248891,
2022,TARRAGONA,TARRAGONES,43012,ALTAFULLA,SERVEIS,1362668,
2022,TARRAGONA,TARRAGONES,43012,ALTAFULLA,DOMÈSTIC,7747407,
2022,TARRAGONA,BAIX EBRE,43013,"AMETLLA DE MAR, L'",SERVEIS,1483733,
2022,TARRAGONA,BAIX EBRE,43013,"AMETLLA DE MAR, L'",DOMÈSTIC,2004058,
2022,TARRAGONA,MONTSIA,43014,AMPOSTA,DOMÈSTIC,9350880,
2022,TARRAGONA,MONTSIA,43014,AMPOSTA,SERVEIS,5724479,
2022,TARRAGONA,MONTSIA,43014,AMPOSTA,INDUSTRIAL,,Dades subjectes a secret estadístic.
2022,TARRAGONA,BAIX PENEDES,43016,"ARBOÇ, L'",SERVEIS,2272122,
2022,TARRAGONA,BAIX PENEDES,43016,"ARBOÇ, L'",DOMÈSTIC,6673117,
2022,TARRAGONA,BAIX PENEDES,43016,"ARBOÇ, L'",INDUSTRIAL,56300238,
2022,TARRAGONA,BAIX PENEDES,43020,BANYERES DEL PENEDES,DOMÈSTIC,1560704,
2022,TARRAGONA,BAIX PENEDES,43020,BANYERES DEL PENEDES,SERVEIS,,Dades subjectes a secret estadístic.
2022,TARRAGONA,BAIX PENEDES,43024,BELLVEI,INDUSTRIAL,11238812,
2022,TARRAGONA,BAIX PENEDES,43024,BELLVEI,SERVEIS,,Dades subjectes a secret estadístic.
2022,TARRAGONA,BAIX PENEDES,43024,BELLVEI,DOMÈSTIC,2252125,
2022,TARRAGONA,RIBERA D'EBRE,43026,BENISSANET,DOMÈSTIC,1394358,
2022,TARRAGONA,RIBERA D'EBRE,43026,BENISSANET,SERVEIS,,Dades subjectes a secret estadístic.
2022,TARRAGONA,BAIX PENEDES,43030,BONASTRE,DOMÈSTIC,673056,
2022,TARRAGONA,BAIX PENEDES,43030,BONASTRE,SERVEIS,,Dades subjectes a secret estadístic.
2022,TARRAGONA,BAIX PENEDES,43037,CALAFELL,SERVEIS,4663005,
2022,TARRAGONA,BAIX PENEDES,43037,CALAFELL,DOMÈSTIC,27347072,
2022,TARRAGONA,BAIX CAMP,43038,CAMBRILS,DOMÈSTIC,38661246,
2022,TARRAGONA,BAIX CAMP,43038,CAMBRILS,SERVEIS,17182266,
2022,TARRAGONA,BAIX CAMP,43042,CASTELLVELL DEL CAMP,SERVEIS,,Dades subjectes a secret estadístic.
2022,TARRAGONA,BAIX CAMP,43042,CASTELLVELL DEL CAMP,DOMÈSTIC,2353200,
2022,TARRAGONA,TARRAGONES,43043,"CATLLAR, EL",SERVEIS,,Dades subjectes a secret estadístic.
2022,TARRAGONA,TARRAGONES,43043,"CATLLAR, EL",DOMÈSTIC,1231915,
2022,TARRAGONA,MONTSIA,43044,"SENIA, LA",DOMÈSTIC,1545408,
2022,TARRAGONA,TARRAGONES,43047,CONSTANTI,DOMÈSTIC,3776667,
2022,TARRAGONA,TARRAGONES,43047,CONSTANTI,SERVEIS,19215806,
2022,TARRAGONA,TARRAGONES,43047,CONSTANTI,INDUSTRIAL,3645863,
2022,TARRAGONA,TARRAGONES,43050,CREIXELL,SERVEIS,,Dades subjectes a secret estadístic.
2022,TARRAGONA,TARRAGONES,43050,CREIXELL,DOMÈSTIC,3368293,
2022,TARRAGONA,BAIX PENEDES,43051,CUNIT,SERVEIS,3169309,
2022,TARRAGONA,BAIX PENEDES,43051,CUNIT,DOMÈSTIC,13025753,
2022,TARRAGONA,CONCA DE BARBERA,43054,"ESPLUGA DE FRANCOLI, L'",SERVEIS,1878229,
2022,TARRAGONA,CONCA DE BARBERA,43054,"ESPLUGA DE FRANCOLI, L'",DOMÈSTIC,6046162,
2022,TARRAGONA,PRIORAT,43055,FALSET,INDUSTRIAL,,Dades subjectes a secret estadístic.
2022,TARRAGONA,PRIORAT,43055,FALSET,DOMÈSTIC,3079971,
2022,TARRAGONA,PRIORAT,43055,FALSET,SERVEIS,,Dades subjectes a secret estadístic.
2022,TARRAGONA,TERRA ALTA,43064,GANDESA,SERVEIS,965271,
2022,TARRAGONA,TERRA ALTA,43064,GANDESA,DOMÈSTIC,3550450,
2022,TARRAGONA,ALT CAMP,43080,"MASO, LA",DOMÈSTIC,244620,
2022,TARRAGONA,CONCA DE BARBERA,43086,MONTBLANC,SERVEIS,2829448,
2022,TARRAGONA,CONCA DE BARBERA,43086,MONTBLANC,DOMÈSTIC,13217310,
2022,TARRAGONA,CONCA DE BARBERA,43086,MONTBLANC,INDUSTRIAL,216232931,
2022,TARRAGONA,BAIX CAMP,43092,MONT-ROIG DEL CAMP,DOMÈSTIC,3821769,
2022,TARRAGONA,BAIX CAMP,43092,MONT-ROIG DEL CAMP,SERVEIS,718052,
2022,TARRAGONA,RIBERA D'EBRE,43093,MORA D'EBRE,DOMÈSTIC,7238129,
2022,TARRAGONA,RIBERA D'EBRE,43093,MORA D'EBRE,INDUSTRIAL,,Dades subjectes a secret estadístic.
2022,TARRAGONA,RIBERA D'EBRE,43093,MORA D'EBRE,SERVEIS,5315328,
2022,TARRAGONA,RIBERA D'EBRE,43094,MORA LA NOVA,SERVEIS,576138,
2022,TARRAGONA,RIBERA D'EBRE,43094,MORA LA NOVA,INDUSTRIAL,,Dades subjectes a secret estadístic.
2022,TARRAGONA,RIBERA D'EBRE,43094,MORA LA NOVA,DOMÈSTIC,3926713,
2022,TARRAGONA,TARRAGONES,43095,"MORELL, EL",INDUSTRIAL,,Dades subjectes a secret estadístic.
2022,TARRAGONA,TARRAGONES,43095,"MORELL, EL",SERVEIS,881968,
2022,TARRAGONA,TARRAGONES,43095,"MORELL, EL",DOMÈSTIC,2595684,
2022,TARRAGONA,TARRAGONES,43100,"PALLARESOS, ELS",INDUSTRIAL,,Dades subjectes a secret estadístic.
2022,TARRAGONA,TARRAGONES,43100,"PALLARESOS, ELS",DOMÈSTIC,2971532,
2022,TARRAGONA,TARRAGONES,43100,"PALLARESOS, ELS",SERVEIS,2689558,
2022,TARRAGONA,BAIX EBRE,43104,"PERELLO, EL",DOMÈSTIC,1180362,
2022,TARRAGONA,BAIX EBRE,43104,"PERELLO, EL",SERVEIS,,Dades subjectes a secret estadístic.
2022,TARRAGONA,ALT CAMP,43108,"PLA DE SANTA MARIA, EL",DOMÈSTIC,2945357,
2022,TARRAGONA,ALT CAMP,43108,"PLA DE SANTA MARIA, EL",SERVEIS,,Dades subjectes a secret estadístic.
2022,TARRAGONA,ALT CAMP,43108,"PLA DE SANTA MARIA, EL",INDUSTRIAL,,Dades subjectes a secret estadístic.
2022,TARRAGONA,TARRAGONES,43109,"POBLA DE MAFUMET, LA",INDUSTRIAL,,Dades subjectes a secret estadístic. Inclou el consum del sector energètic.
2022,TARRAGONA,TARRAGONES,43109,"POBLA DE MAFUMET, LA",SERVEIS,1077390,
2022,TARRAGONA,TARRAGONES,43109,"POBLA DE MAFUMET, LA",DOMÈSTIC,2487402,
2022,TARRAGONA,TARRAGONES,43111,"POBLA DE MONTORNES, LA",SERVEIS,183816,
2022,TARRAGONA,TARRAGONES,43111,"POBLA DE MONTORNES, LA",INDUSTRIAL,,Dades subjectes a secret estadístic.
2022,TARRAGONA,TARRAGONES,43111,"POBLA DE MONTORNES, LA",DOMÈSTIC,2049878,
2022,TARRAGONA,ALT CAMP,43119,PUIGPELAT,INDUSTRIAL,,Dades subjectes a secret estadístic.
2022,TARRAGONA,BAIX CAMP,43123,REUS,INDUSTRIAL,143520033,
2022,TARRAGONA,BAIX CAMP,43123,REUS,DOMÈSTIC,103417317,
2022,TARRAGONA,BAIX CAMP,43123,REUS,SERVEIS,46320487,Inclou el consum del sector transport.
2022,TARRAGONA,ALT CAMP,43124,"RIBA, LA",SERVEIS,,Dades subjectes a secret estadístic.
2022,TARRAGONA,ALT CAMP,43124,"RIBA, LA",INDUSTRIAL,197600533,
2022,TARRAGONA,ALT CAMP,43124,"RIBA, LA",DOMÈSTIC,1150163,
2022,TARRAGONA,BAIX CAMP,43129,RIUDOMS,SERVEIS,585870,
2022,TARRAGONA,BAIX CAMP,43129,RIUDOMS,INDUSTRIAL,,Dades subjectes a secret estadístic.
2022,TARRAGONA,BAIX CAMP,43129,RIUDOMS,DOMÈSTIC,3686547,
2022,TARRAGONA,TARRAGONES,43131,RODA DE BERA,DOMÈSTIC,7017383,
2022,TARRAGONA,TARRAGONES,43131,RODA DE BERA,INDUSTRIAL,,Dades subjectes a secret estadístic.
2022,TARRAGONA,TARRAGONES,43131,RODA DE BERA,SERVEIS,1011247,
2022,TARRAGONA,BAIX EBRE,43133,ROQUETES,SERVEIS,1382128,
2022,TARRAGONA,BAIX EBRE,43133,ROQUETES,DOMÈSTIC,2314920,
2022,TARRAGONA,ALT CAMP,43134,"ROURELL, EL",DOMÈSTIC,154194,
2022,TARRAGONA,MONTSIA,43136,"RAPITA, LA",INDUSTRIAL,,Dades subjectes a secret estadístic.
2022,TARRAGONA,MONTSIA,43136,"RAPITA, LA",DOMÈSTIC,4706142,
2022,TARRAGONA,MONTSIA,43136,"RAPITA, LA",SERVEIS,2926731,
2022,TARRAGONA,BAIX PENEDES,43140,SANTA OLIVA,SERVEIS,,Dades subjectes a secret estadístic.
2022,TARRAGONA,BAIX PENEDES,43140,SANTA OLIVA,DOMÈSTIC,249111,
2022,TARRAGONA,CONCA DE BARBERA,43142,SARRAL,SERVEIS,,Dades subjectes a secret estadístic.
2022,TARRAGONA,CONCA DE BARBERA,43142,SARRAL,INDUSTRIAL,,Dades subjectes a secret estadístic.
2022,TARRAGONA,CONCA DE BARBERA,43142,SARRAL,DOMÈSTIC,1252422,
2022,TARRAGONA,BAIX CAMP,43145,"SELVA DEL CAMP, LA",SERVEIS,2597056,
2022,TARRAGONA,BAIX CAMP,43145,"SELVA DEL CAMP, LA",PRIMARI,,Dades subjectes a secret estadístic.
2022,TARRAGONA,BAIX CAMP,43145,"SELVA DEL CAMP, LA",INDUSTRIAL,66524726,
2022,TARRAGONA,BAIX CAMP,43145,"SELVA DEL CAMP, LA",DOMÈSTIC,6344034,
2022,TARRAGONA,TARRAGONES,43148,TARRAGONA,CT RO,,Dades subjectes a secret estadístic. Inclou el consum de centrals tèrmiques de l'antic règim ordinari.
2022,TARRAGONA,TARRAGONES,43148,TARRAGONA,DOMÈSTIC,118137289,
2022,TARRAGONA,TARRAGONES,43148,TARRAGONA,INDUSTRIAL,1115399095,Inclou el consum del sector energètic.
2022,TARRAGONA,TARRAGONES,43148,TARRAGONA,SERVEIS,62107853,
2022,TARRAGONA,RIBERA D'EBRE,43150,TIVISSA,SERVEIS,,Dades subjectes a secret estadístic.
2022,TARRAGONA,RIBERA D'EBRE,43150,TIVISSA,DOMÈSTIC,1352959,
2022,TARRAGONA,TARRAGONES,43153,TORREDEMBARRA,SERVEIS,3801017,
2022,TARRAGONA,TARRAGONES,43153,TORREDEMBARRA,DOMÈSTIC,13941252,
2022,TARRAGONA,BAIX EBRE,43155,TORTOSA,DOMÈSTIC,16602869,
2022,TARRAGONA,BAIX EBRE,43155,TORTOSA,SERVEIS,22260852,
2022,TARRAGONA,BAIX EBRE,43155,TORTOSA,INDUSTRIAL,,Dades subjectes a secret estadístic.
2022,TARRAGONA,MONTSIA,43156,ULLDECONA,DOMÈSTIC,2464335,
2022,TARRAGONA,MONTSIA,43156,ULLDECONA,INDUSTRIAL,9453200,
2022,TARRAGONA,ALT CAMP,43160,VALLMOLL,INDUSTRIAL,,Dades subjectes a secret estadístic.
2022,TARRAGONA,ALT CAMP,43160,VALLMOLL,DOMÈSTIC,740453,
2022,TARRAGONA,ALT CAMP,43160,VALLMOLL,SERVEIS,,Dades subjectes a secret estadístic.
2022,TARRAGONA,ALT CAMP,43161,VALLS,SERVEIS,10068448,
2022,TARRAGONA,ALT CAMP,43161,VALLS,INDUSTRIAL,87986979,
2022,TARRAGONA,ALT CAMP,43161,VALLS,DOMÈSTIC,20459454,
2022,TARRAGONA,BAIX CAMP,43162,VANDELLOS I L'HOSPITALET DE L'INFANT,DOMÈSTIC,2122886,
2022,TARRAGONA,BAIX CAMP,43162,VANDELLOS I L'HOSPITALET DE L'INFANT,SERVEIS,654788,
2022,TARRAGONA,BAIX CAMP,43162,VANDELLOS I L'HOSPITALET DE L'INFANT,CT RO,,Dades subjectes a secret estadístic. Inclou el consum de centrals tèrmiques de l'antic règim ordinari.
2022,TARRAGONA,BAIX PENEDES,43163,"VENDRELL, EL",DOMÈSTIC,40381683,
2022,TARRAGONA,BAIX PENEDES,43163,"VENDRELL, EL",SERVEIS,13177139,
2022,TARRAGONA,TARRAGONES,43166,VILALLONGA DEL CAMP,SERVEIS,,Dades subjectes a secret estadístic.
2022,TARRAGONA,TARRAGONES,43166,VILALLONGA DEL CAMP,DOMÈSTIC,1721374,
2022,TARRAGONA,TARRAGONES,43171,VILA-SECA,INDUSTRIAL,848700856,
2022,TARRAGONA,TARRAGONES,43171,VILA-SECA,DOMÈSTIC,18465895,
2022,TARRAGONA,TARRAGONES,43171,VILA-SECA,SERVEIS,27354180,
2022,TARRAGONA,BAIX CAMP,43178,VINYOLS I ELS ARCS,SERVEIS,,Dades subjectes a secret estadístic.
2022,TARRAGONA,BAIX CAMP,43178,VINYOLS I ELS ARCS,DOMÈSTIC,911254,
2022,TARRAGONA,BAIX EBRE,43904,"ALDEA, L'",SERVEIS,,Dades subjectes a secret estadístic.
2022,TARRAGONA,BAIX EBRE,43904,"ALDEA, L'",DOMÈSTIC,759385,
2022,TARRAGONA,BAIX EBRE,43904,"ALDEA, L'",INDUSTRIAL,,Dades subjectes a secret estadístic.
2022,TARRAGONA,TARRAGONES,43905,SALOU,SERVEIS,34152096,
2022,TARRAGONA,TARRAGONES,43905,SALOU,DOMÈSTIC,23443230,
2022,TARRAGONA,BAIX EBRE,43906,"AMPOLLA, L'",SERVEIS,146470,
2022,TARRAGONA,BAIX EBRE,43906,"AMPOLLA, L'",DOMÈSTIC,1278866,
2022,TARRAGONA,TARRAGONES,43907,"CANONJA, LA",DOMÈSTIC,5067474,
2022,TARRAGONA,TARRAGONES,43907,"CANONJA, LA",INDUSTRIAL,,Dades subjectes a secret estadístic.
2022,TARRAGONA,TARRAGONES,43907,"CANONJA, LA",SERVEIS,1871837,
2021,BARCELONA,BAIX LLOBREGAT,08001,ABRERA,DOMÈSTIC,17971688,
2021,BARCELONA,BAIX LLOBREGAT,08001,ABRERA,INDUSTRIAL,7030007,
2021,BARCELONA,BAIX LLOBREGAT,08001,ABRERA,SERVEIS,,Dades subjectes a secret estadístic.
2021,BARCELONA,MARESME,08003,ALELLA,DOMÈSTIC,30491020,
2021,BARCELONA,MARESME,08003,ALELLA,SERVEIS,5417108,
2021,BARCELONA,VALLES ORIENTAL,08005,"AMETLLA DEL VALLES, L'",DOMÈSTIC,13049225,
2021,BARCELONA,VALLES ORIENTAL,08005,"AMETLLA DEL VALLES, L'",SERVEIS,2014458,
2021,BARCELONA,MARESME,08006,ARENYS DE MAR,SERVEIS,7997832,
2021,BARCELONA,MARESME,08006,ARENYS DE MAR,INDUSTRIAL,,Dades subjectes a secret estadístic.
2021,BARCELONA,MARESME,08006,ARENYS DE MAR,DOMÈSTIC,28041553,
2021,BARCELONA,MARESME,08007,ARENYS DE MUNT,DOMÈSTIC,16339169,
2021,BARCELONA,MARESME,08007,ARENYS DE MUNT,INDUSTRIAL,,Dades subjectes a secret estadístic.
2021,BARCELONA,MARESME,08007,ARENYS DE MUNT,SERVEIS,5177531,
2021,BARCELONA,MARESME,08009,ARGENTONA,SERVEIS,3146285,
2021,BARCELONA,MARESME,08009,ARGENTONA,DOMÈSTIC,25137136,
2021,BARCELONA,MARESME,08009,ARGENTONA,INDUSTRIAL,21048365,
2021,BARCELONA,BAGES,08010,ARTES,SERVEIS,1820992,
2021,BARCELONA,BAGES,08010,ARTES,INDUSTRIAL,14715927,
2021,BARCELONA,BAGES,08010,ARTES,DOMÈSTIC,8724131,
2021,BARCELONA,BERGUEDA,08011,AVIA,DOMÈSTIC,3216584,
2021,BARCELONA,BERGUEDA,08011,AVIA,SERVEIS,775629,
2021,BARCELONA,ALT PENEDES,08013,AVINYONET DEL PENEDES,INDUSTRIAL,,Dades subjectes a secret estadístic.
2021,BARCELONA,VALLES ORIENTAL,08014,AIGUAFREDA,SERVEIS,1113786,
2021,BARCELONA,VALLES ORIENTAL,08014,AIGUAFREDA,DOMÈSTIC,7891676,
2021,BARCELONA,BARCELONES,08015,BADALONA,DOMÈSTIC,242948953,
2021,BARCELONA,BARCELONES,08015,BADALONA,INDUSTRIAL,21186919,
2021,BARCELONA,BARCELONES,08015,BADALONA,SERVEIS,64061592,Inclou el consum del sector transport.
2021,BARCELONA,BERGUEDA,08016,BAGA,SERVEIS,,Dades subjectes a secret estadístic.
2021,BARCELONA,BERGUEDA,08016,BAGA,DOMÈSTIC,2500050,
2021,BARCELONA,OSONA,08017,BALENYA,INDUSTRIAL,,Dades subjectes a secret estadístic.
2021,BARCELONA,OSONA,08017,BALENYA,DOMÈSTIC,7618735,
2021,BARCELONA,OSONA,08017,BALENYA,SERVEIS,3765001,
2021,BARCELONA,BAGES,08018,BALSARENY,DOMÈSTIC,7159907,
2021,BARCELONA,BAGES,08018,BALSARENY,INDUSTRIAL,,Dades subjectes a secret estadístic.
2021,BARCELONA,BAGES,08018,BALSARENY,SERVEIS,424686,
2021,BARCELONA,BARCELONES,08019,BARCELONA,SERVEIS,1403845240,Inclou el consum del sector transport.
2021,BARCELONA,BARCELONES,08019,BARCELONA,CT RO,,Dades subjectes a secret estadístic. Inclou el consum de centrals tèrmiques de l'antic règim ordinari.
2021,BARCELONA,BARCELONES,08019,BARCELONA,INDUSTRIAL,1232567019,
2021,BARCELONA,BARCELONES,08019,BARCELONA,DOMÈSTIC,2288848178,
2021,BARCELONA,BAIX LLOBREGAT,08020,BEGUES,DOMÈSTIC,10823054,
2021,BARCELONA,BAIX LLOBREGAT,08020,BEGUES,SERVEIS,1398257,
2021,BARCELONA,BERGUEDA,08022,BERGA,DOMÈSTIC,38047066,
2021,BARCELONA,BERGUEDA,08022,BERGA,INDUSTRIAL,,Dades subjectes a secret estadístic.
2021,BARCELONA,BERGUEDA,08022,BERGA,SERVEIS,7403030,
2021,BARCELONA,VALLES ORIENTAL,08023,BIGUES I RIELLS DEL FAI,DOMÈSTIC,443526,
2021,BARCELONA,ANOIA,08028,CABRERA D'ANOIA,DOMÈSTIC,753926,
2021,BARCELONA,MARESME,08029,CABRERA DE MAR,SERVEIS,10156054,
2021,BARCELONA,MARESME,08029,CABRERA DE MAR,DOMÈSTIC,12770139,
2021,BARCELONA,MARESME,08029,CABRERA DE MAR,INDUSTRIAL,31277597,
2021,BARCELONA,MARESME,08030,CABRILS,SERVEIS,3406246,
2021,BARCELONA,MARESME,08030,CABRILS,DOMÈSTIC,29174897,
2021,BARCELONA,ANOIA,08031,CALAF,INDUSTRIAL,,Dades subjectes a secret estadístic.
2021,BARCELONA,ANOIA,08031,CALAF,SERVEIS,2209496,
2021,BARCELONA,ANOIA,08031,CALAF,DOMÈSTIC,7880957,
2021,BARCELONA,MARESME,08032,CALDES D'ESTRAC,SERVEIS,772861,
2021,BARCELONA,MARESME,08032,CALDES D'ESTRAC,DOMÈSTIC,7434830,
2021,BARCELONA,VALLES ORIENTAL,08033,CALDES DE MONTBUI,INDUSTRIAL,14649361,
2021,BARCELONA,VALLES ORIENTAL,08033,CALDES DE MONTBUI,SERVEIS,4823081,
2021,BARCELONA,VALLES ORIENTAL,08033,CALDES DE MONTBUI,DOMÈSTIC,27606131,
2021,BARCELONA,MARESME,08035,CALELLA,SERVEIS,11805479,
2021,BARCELONA,MARESME,08035,CALELLA,DOMÈSTIC,24461006,
2021,BARCELONA,OSONA,08037,CALLDETENES,SERVEIS,974461,
2021,BARCELONA,OSONA,08037,CALLDETENES,DOMÈSTIC,4803290,
2021,BARCELONA,BAGES,08038,CALLUS,SERVEIS,696499,
2021,BARCELONA,BAGES,08038,CALLUS,DOMÈSTIC,3493788,
2021,BARCELONA,MARESME,08040,CANET DE MAR,SERVEIS,4536552,
2021,BARCELONA,MARESME,08040,CANET DE MAR,DOMÈSTIC,22925465,
2021,BARCELONA,MARESME,08040,CANET DE MAR,INDUSTRIAL,,Dades subjectes a secret estadístic.
2021,BARCELONA,VALLES ORIENTAL,08041,CANOVELLES,SERVEIS,3417007,
2021,BARCELONA,VALLES ORIENTAL,08041,CANOVELLES,INDUSTRIAL,15747421,
2021,BARCELONA,VALLES ORIENTAL,08041,CANOVELLES,DOMÈSTIC,21713490,
2021,BARCELONA,ANOIA,08044,CAPELLADES,INDUSTRIAL,,Dades subjectes a secret estadístic.
2021,BARCELONA,ANOIA,08044,CAPELLADES,SERVEIS,1597723,
2021,BARCELONA,ANOIA,08044,CAPELLADES,DOMÈSTIC,11489190,
2021,BARCELONA,VALLES ORIENTAL,08046,CARDEDEU,INDUSTRIAL,8581421,
2021,BARCELONA,VALLES ORIENTAL,08046,CARDEDEU,SERVEIS,4278107,
2021,BARCELONA,VALLES ORIENTAL,08046,CARDEDEU,DOMÈSTIC,34366966,
2021,BARCELONA,BAGES,08047,CARDONA,INDUSTRIAL,,Dades subjectes a secret estadístic.
2021,BARCELONA,BAGES,08047,CARDONA,DOMÈSTIC,5482321,
2021,BARCELONA,BAGES,08047,CARDONA,SERVEIS,679799,
2021,BARCELONA,BERGUEDA,08049,CASSERRES,INDUSTRIAL,,Dades subjectes a secret estadístic.
2021,BARCELONA,VALLES OCCIDENTAL,08051,CASTELLAR DEL VALLES,SERVEIS,7086026,
2021,BARCELONA,VALLES OCCIDENTAL,08051,CASTELLAR DEL VALLES,DOMÈSTIC,55056359,
2021,BARCELONA,VALLES OCCIDENTAL,08051,CASTELLAR DEL VALLES,INDUSTRIAL,,Dades subjectes a secret estadístic.
2021,BARCELONA,BAGES,08053,CASTELLBELL I EL VILAR,DOMÈSTIC,4038932,
2021,BARCELONA,BAGES,08053,CASTELLBELL I EL VILAR,SERVEIS,1065621,
2021,BARCELONA,VALLES OCCIDENTAL,08054,CASTELLBISBAL,SERVEIS,9725782,
2021,BARCELONA,VALLES OCCIDENTAL,08054,CASTELLBISBAL,DOMÈSTIC,20534819,
2021,BARCELONA,VALLES OCCIDENTAL,08054,CASTELLBISBAL,INDUSTRIAL,2161897050,
2021,BARCELONA,BAIX LLOBREGAT,08056,CASTELLDEFELS,DOMÈSTIC,102137788,
2021,BARCELONA,BAIX LLOBREGAT,08056,CASTELLDEFELS,SERVEIS,32167882,Inclou el consum del sector transport.
2021,BARCELONA,ALT PENEDES,08058,CASTELLET I LA GORNAL,SERVEIS,,Dades subjectes a secret estadístic.
2021,BARCELONA,ALT PENEDES,08058,CASTELLET I LA GORNAL,INDUSTRIAL,96012193,
2021,BARCELONA,ALT PENEDES,08058,CASTELLET I LA GORNAL,DOMÈSTIC,1742125,
2021,BARCELONA,BAGES,08061,CASTELLGALI,DOMÈSTIC,1987588,
2021,BARCELONA,BAGES,08061,CASTELLGALI,SERVEIS,550870,
2021,BARCELONA,BAGES,08061,CASTELLGALI,INDUSTRIAL,,Dades subjectes a secret estadístic.
2021,BARCELONA,MOIANES,08064,CASTELLTERÇOL,SERVEIS,830671,
2021,BARCELONA,MOIANES,08064,CASTELLTERÇOL,INDUSTRIAL,,Dades subjectes a secret estadístic.
2021,BARCELONA,MOIANES,08064,CASTELLTERÇOL,DOMÈSTIC,4753552,
2021,BARCELONA,BAIX LLOBREGAT,08066,CASTELLVI DE ROSANES,DOMÈSTIC,848733,
2021,BARCELONA,OSONA,08067,CENTELLES,DOMÈSTIC,16909158,
2021,BARCELONA,OSONA,08067,CENTELLES,SERVEIS,5426989,
2021,BARCELONA,OSONA,08067,CENTELLES,INDUSTRIAL,23510120,
2021,BARCELONA,BAIX LLOBREGAT,08068,CERVELLO,DOMÈSTIC,17131490,
2021,BARCELONA,BAIX LLOBREGAT,08068,CERVELLO,INDUSTRIAL,,Dades subjectes a secret estadístic.
2021,BARCELONA,BAIX LLOBREGAT,08068,CERVELLO,SERVEIS,2687873,
2021,BARCELONA,BAIX LLOBREGAT,08069,COLLBATO,DOMÈSTIC,10395799,
2021,BARCELONA,BAIX LLOBREGAT,08069,COLLBATO,SERVEIS,947270,
2021,BARCELONA,BAIX LLOBREGAT,08072,CORBERA DE LLOBREGAT,SERVEIS,1963818,
2021,BARCELONA,BAIX LLOBREGAT,08072,CORBERA DE LLOBREGAT,DOMÈSTIC,17287880,
2021,BARCELONA,BAIX LLOBREGAT,08072,CORBERA DE LLOBREGAT,INDUSTRIAL,,Dades subjectes a secret estadístic.
2021,BARCELONA,BAIX LLOBREGAT,08073,CORNELLA DE LLOBREGAT,SERVEIS,50649189,Inclou el consum del sector transport.
2021,BARCELONA,BAIX LLOBREGAT,08073,CORNELLA DE LLOBREGAT,INDUSTRIAL,30619550,
2021,BARCELONA,BAIX LLOBREGAT,08073,CORNELLA DE LLOBREGAT,DOMÈSTIC,84241046,
2021,BARCELONA,GARRAF,08074,CUBELLES,DOMÈSTIC,22476066,
2021,BARCELONA,GARRAF,08074,CUBELLES,SERVEIS,1867995,
2021,BARCELONA,MARESME,08075,DOSRIUS,INDUSTRIAL,46409454,
2021,BARCELONA,MARESME,08075,DOSRIUS,DOMÈSTIC,3400376,
2021,BARCELONA,MARESME,08075,DOSRIUS,SERVEIS,,Dades subjectes a secret estadístic.
2021,BARCELONA,BAIX LLOBREGAT,08076,ESPARREGUERA,INDUSTRIAL,22406602,
2021,BARCELONA,BAIX LLOBREGAT,08076,ESPARREGUERA,SERVEIS,4810710,
2021,BARCELONA,BAIX LLOBREGAT,08076,ESPARREGUERA,DOMÈSTIC,35827643,
2021,BARCELONA,BAIX LLOBREGAT,08077,ESPLUGUES DE LLOBREGAT,DOMÈSTIC,62415148,
2021,BARCELONA,BAIX LLOBREGAT,08077,ESPLUGUES DE LLOBREGAT,SERVEIS,37550900,
2021,BARCELONA,SELVA,08082,FOGARS DE LA SELVA,DOMÈSTIC,2381455,
2021,BARCELONA,SELVA,08082,FOGARS DE LA SELVA,SERVEIS,,Dades subjectes a secret estadístic.
2021,BARCELONA,SELVA,08082,FOGARS DE LA SELVA,INDUSTRIAL,,Dades subjectes a secret estadístic.
2021,BARCELONA,VALLES ORIENTAL,08086,"FRANQUESES DEL VALLES, LES",SERVEIS,13296613,
2021,BARCELONA,VALLES ORIENTAL,08086,"FRANQUESES DEL VALLES, LES",INDUSTRIAL,137762335,
2021,BARCELONA,VALLES ORIENTAL,08086,"FRANQUESES DEL VALLES, LES",DOMÈSTIC,31348404,
2021,BARCELONA,VALLES ORIENTAL,08088,"GARRIGA, LA",SERVEIS,6910671,
2021,BARCELONA,VALLES ORIENTAL,08088,"GARRIGA, LA",INDUSTRIAL,,Dades subjectes a secret estadístic.
2021,BARCELONA,VALLES ORIENTAL,08088,"GARRIGA, LA",DOMÈSTIC,36032049,
2021,BARCELONA,BAIX LLOBREGAT,08089,GAVA,DOMÈSTIC,66317511,
2021,BARCELONA,BAIX LLOBREGAT,08089,GAVA,INDUSTRIAL,61838227,
2021,BARCELONA,BAIX LLOBREGAT,08089,GAVA,SERVEIS,14995597,
2021,BARCELONA,ALT PENEDES,08091,GELIDA,SERVEIS,575863,
2021,BARCELONA,ALT PENEDES,08091,GELIDA,INDUSTRIAL,,Dades subjectes a secret estadístic.
2021,BARCELONA,ALT PENEDES,08091,GELIDA,DOMÈSTIC,7561239,
2021,BARCELONA,BERGUEDA,08092,GIRONELLA,DOMÈSTIC,10964746,
2021,BARCELONA,BERGUEDA,08092,GIRONELLA,SERVEIS,1268003,
2021,BARCELONA,ALT PENEDES,08094,"GRANADA, LA",DOMÈSTIC,2697382,
2021,BARCELONA,VALLES ORIENTAL,08096,GRANOLLERS,INDUSTRIAL,181601340,
2021,BARCELONA,VALLES ORIENTAL,08096,GRANOLLERS,SERVEIS,38020434,
2021,BARCELONA,VALLES ORIENTAL,08096,GRANOLLERS,DOMÈSTIC,103998940,
2021,BARCELONA,VALLES ORIENTAL,08097,GUALBA,INDUSTRIAL,,Dades subjectes a secret estadístic.
2021,BARCELONA,BAGES,08098,SANT SALVADOR DE GUARDIOLA,SERVEIS,,Dades subjectes a secret estadístic.
2021,BARCELONA,BAGES,08098,SANT SALVADOR DE GUARDIOLA,INDUSTRIAL,,Dades subjectes a secret estadístic.
2021,BARCELONA,BAGES,08098,SANT SALVADOR DE GUARDIOLA,DOMÈSTIC,3961202,
2021,BARCELONA,BERGUEDA,08099,GUARDIOLA DE BERGUEDA,SERVEIS,,Dades subjectes a secret estadístic.
2021,BARCELONA,BERGUEDA,08099,GUARDIOLA DE BERGUEDA,DOMÈSTIC,599640,
2021,BARCELONA,OSONA,08100,GURB,DOMÈSTIC,4572424,
2021,BARCELONA,OSONA,08100,GURB,INDUSTRIAL,94938703,
2021,BARCELONA,OSONA,08100,GURB,SERVEIS,1019500,
2021,BARCELONA,BARCELONES,08101,"HOSPITALET DE LLOBREGAT, L'",SERVEIS,128000634,Inclou el consum del sector transport.
2021,BARCELONA,BARCELONES,08101,"HOSPITALET DE LLOBREGAT, L'",INDUSTRIAL,10259954,
2021,BARCELONA,BARCELONES,08101,"HOSPITALET DE LLOBREGAT, L'",DOMÈSTIC,212703090,
2021,BARCELONA,ANOIA,08102,IGUALADA,SERVEIS,37333929,Inclou el consum del sector transport.
2021,BARCELONA,ANOIA,08102,IGUALADA,DOMÈSTIC,82953321,
2021,BARCELONA,ANOIA,08102,IGUALADA,INDUSTRIAL,39628711,
2021,BARCELONA,VALLES ORIENTAL,08105,"LLAGOSTA, LA",DOMÈSTIC,17794654,
2021,BARCELONA,VALLES ORIENTAL,08105,"LLAGOSTA, LA",SERVEIS,2383916,
2021,BARCELONA,VALLES ORIENTAL,08105,"LLAGOSTA, LA",INDUSTRIAL,33562530,
2021,BARCELONA,VALLES ORIENTAL,08106,LLINARS DEL VALLES,INDUSTRIAL,39566268,
2021,BARCELONA,VALLES ORIENTAL,08106,LLINARS DEL VALLES,SERVEIS,3129170,
2021,BARCELONA,VALLES ORIENTAL,08106,LLINARS DEL VALLES,DOMÈSTIC,17541916,
2021,BARCELONA,VALLES ORIENTAL,08107,LLIÇA D'AMUNT,INDUSTRIAL,,Dades subjectes a secret estadístic.
2021,BARCELONA,VALLES ORIENTAL,08107,LLIÇA D'AMUNT,SERVEIS,4713471,
2021,BARCELONA,VALLES ORIENTAL,08107,LLIÇA D'AMUNT,DOMÈSTIC,15947385,
2021,BARCELONA,VALLES ORIENTAL,08108,LLIÇA DE VALL,SERVEIS,1486918,
2021,BARCELONA,VALLES ORIENTAL,08108,LLIÇA DE VALL,DOMÈSTIC,8841033,
2021,BARCELONA,VALLES ORIENTAL,08108,LLIÇA DE VALL,INDUSTRIAL,37178417,
2021,BARCELONA,MARESME,08110,MALGRAT DE MAR,INDUSTRIAL,65009680,
2021,BARCELONA,MARESME,08110,MALGRAT DE MAR,DOMÈSTIC,33388147,
2021,BARCELONA,MARESME,08110,MALGRAT DE MAR,SERVEIS,8141167,
2021,BARCELONA,OSONA,08112,MANLLEU,SERVEIS,7697221,
2021,BARCELONA,OSONA,08112,MANLLEU,INDUSTRIAL,16563805,
2021,BARCELONA,OSONA,08112,MANLLEU,DOMÈSTIC,32388084,
2021,BARCELONA,BAGES,08113,MANRESA,SERVEIS,63688651,
2021,BARCELONA,BAGES,08113,MANRESA,INDUSTRIAL,44920953,
2021,BARCELONA,BAGES,08113,MANRESA,DOMÈSTIC,172938700,
2021,BARCELONA,BAIX LLOBREGAT,08114,MARTORELL,SERVEIS,18704099,
2021,BARCELONA,BAIX LLOBREGAT,08114,MARTORELL,INDUSTRIAL,1880649110,
2021,BARCELONA,BAIX LLOBREGAT,08114,MARTORELL,DOMÈSTIC,41365864,
2021,BARCELONA,VALLES ORIENTAL,08115,MARTORELLES,INDUSTRIAL,86435450,
2021,BARCELONA,VALLES ORIENTAL,08115,MARTORELLES,SERVEIS,630722,
2021,BARCELONA,VALLES ORIENTAL,08115,MARTORELLES,DOMÈSTIC,8030454,
2021,BARCELONA,OSONA,08116,"MASIES DE RODA, LES",DOMÈSTIC,189638,
2021,BARCELONA,OSONA,08117,"MASIES DE VOLTREGA, LES",INDUSTRIAL,,Dades subjectes a secret estadístic.
2021,BARCELONA,OSONA,08117,"MASIES DE VOLTREGA, LES",SERVEIS,1335305,
2021,BARCELONA,OSONA,08117,"MASIES DE VOLTREGA, LES",DOMÈSTIC,4810231,
2021,BARCELONA,MARESME,08118,"MASNOU, EL",INDUSTRIAL,58796125,
2021,BARCELONA,MARESME,08118,"MASNOU, EL",SERVEIS,6104791,
2021,BARCELONA,MARESME,08118,"MASNOU, EL",DOMÈSTIC,44648381,
2021,BARCELONA,MARESME,08118,"MASNOU, EL",PRIMARI,,Dades subjectes a secret estadístic.
2021,BARCELONA,ANOIA,08119,MASQUEFA,SERVEIS,1785048,
2021,BARCELONA,ANOIA,08119,MASQUEFA,DOMÈSTIC,9843126,
2021,BARCELONA,VALLES OCCIDENTAL,08120,MATADEPERA,DOMÈSTIC,41335398,
2021,BARCELONA,VALLES OCCIDENTAL,08120,MATADEPERA,SERVEIS,9110302,
2021,BARCELONA,MARESME,08121,MATARO,SERVEIS,38100674,Inclou el consum del sector transport.
2021,BARCELONA,MARESME,08121,MATARO,DOMÈSTIC,136280534,
2021,BARCELONA,MARESME,08121,MATARO,INDUSTRIAL,35168237,
2021,BARCELONA,MARESME,08121,MATARO,PRIMARI,,Dades subjectes a secret estadístic.
2021,BARCELONA,ALT PENEDES,08122,MEDIONA,INDUSTRIAL,,Dades subjectes a secret estadístic.
2021,BARCELONA,ALT PENEDES,08122,MEDIONA,DOMÈSTIC,3816510,
2021,BARCELONA,ALT PENEDES,08122,MEDIONA,SERVEIS,,Dades subjectes a secret estadístic.
2021,BARCELONA,BAIX LLOBREGAT,08123,MOLINS DE REI,SERVEIS,7984549,
2021,BARCELONA,BAIX LLOBREGAT,08123,MOLINS DE REI,INDUSTRIAL,6980420,
2021,BARCELONA,BAIX LLOBREGAT,08123,MOLINS DE REI,DOMÈSTIC,36735961,
2021,BARCELONA,VALLES ORIENTAL,08124,MOLLET DEL VALLES,DOMÈSTIC,76748646,
2021,BARCELONA,VALLES ORIENTAL,08124,MOLLET DEL VALLES,INDUSTRIAL,175652333,
2021,BARCELONA,VALLES ORIENTAL,08124,MOLLET DEL VALLES,SERVEIS,17785686,
2021,BARCELONA,VALLES OCCIDENTAL,08125,MONTCADA I REIXAC,SERVEIS,9075307,
2021,BARCELONA,VALLES OCCIDENTAL,08125,MONTCADA I REIXAC,DOMÈSTIC,55111502,
2021,BARCELONA,VALLES OCCIDENTAL,08125,MONTCADA I REIXAC,INDUSTRIAL,82289177,
2021,BARCELONA,MARESME,08126,MONTGAT,SERVEIS,2114337,
2021,BARCELONA,MARESME,08126,MONTGAT,INDUSTRIAL,,Dades subjectes a secret estadístic.
2021,BARCELONA,MARESME,08126,MONTGAT,DOMÈSTIC,17775263,
2021,BARCELONA,BAGES,08127,MONISTROL DE MONTSERRAT,INDUSTRIAL,,Dades subjectes a secret estadístic.
2021,BARCELONA,OSONA,08131,MONTESQUIU,SERVEIS,,Dades subjectes a secret estadístic.
2021,BARCELONA,OSONA,08131,MONTESQUIU,DOMÈSTIC,2502217,
2021,BARCELONA,VALLES ORIENTAL,08134,FIGARO-MONTMANY,SERVEIS,175111,
2021,BARCELONA,VALLES ORIENTAL,08134,FIGARO-MONTMANY,DOMÈSTIC,3061224,
2021,BARCELONA,VALLES ORIENTAL,08135,MONTMELO,DOMÈSTIC,15859992,
2021,BARCELONA,VALLES ORIENTAL,08135,MONTMELO,INDUSTRIAL,213706405,Inclou el consum del sector energètic.
2021,BARCELONA,VALLES ORIENTAL,08135,MONTMELO,SERVEIS,3442631,
2021,BARCELONA,VALLES ORIENTAL,08136,MONTORNES DEL VALLES,INDUSTRIAL,88511943,
2021,BARCELONA,VALLES ORIENTAL,08136,MONTORNES DEL VALLES,DOMÈSTIC,27095528,
2021,BARCELONA,VALLES ORIENTAL,08136,MONTORNES DEL VALLES,SERVEIS,66635502,
2021,BARCELONA,MOIANES,08138,MOIA,INDUSTRIAL,,Dades subjectes a secret estadístic.
2021,BARCELONA,MOIANES,08138,MOIA,SERVEIS,1898418,
2021,BARCELONA,MOIANES,08138,MOIA,DOMÈSTIC,5317909,
2021,BARCELONA,BAGES,08140,NAVARCLES,SERVEIS,2162875,
2021,BARCELONA,BAGES,08140,NAVARCLES,DOMÈSTIC,12740585,
2021,BARCELONA,BAGES,08141,NAVAS,DOMÈSTIC,13627828,
2021,BARCELONA,BAGES,08141,NAVAS,SERVEIS,2007992,
2021,BARCELONA,BAGES,08141,NAVAS,INDUSTRIAL,,Dades subjectes a secret estadístic.
2021,BARCELONA,ANOIA,08143,ODENA,DOMÈSTIC,4396395,
2021,BARCELONA,ANOIA,08143,ODENA,SERVEIS,457588,
2021,BARCELONA,ANOIA,08143,ODENA,INDUSTRIAL,,Dades subjectes a secret estadístic.
2021,BARCELONA,ALT PENEDES,08145,OLERDOLA,SERVEIS,7329770,
2021,BARCELONA,ALT PENEDES,08145,OLERDOLA,DOMÈSTIC,3855974,
2021,BARCELONA,ALT PENEDES,08145,OLERDOLA,INDUSTRIAL,30201284,
2021,BARCELONA,BAIX LLOBREGAT,08147,OLESA DE MONTSERRAT,SERVEIS,5652203,
2021,BARCELONA,BAIX LLOBREGAT,08147,OLESA DE MONTSERRAT,INDUSTRIAL,248545209,
2021,BARCELONA,BAIX LLOBREGAT,08147,OLESA DE MONTSERRAT,DOMÈSTIC,39569037,
2021,BARCELONA,OSONA,08150,ORIS,DOMÈSTIC,,Dades subjectes a secret estadístic.
2021,BARCELONA,OSONA,08150,ORIS,INDUSTRIAL,,Dades subjectes a secret estadístic.
2021,BARCELONA,ALT PENEDES,08154,PACS DEL PENEDES,INDUSTRIAL,,Dades subjectes a secret estadístic.
2021,BARCELONA,MARESME,08155,PALAFOLLS,SERVEIS,16161832,
2021,BARCELONA,MARESME,08155,PALAFOLLS,INDUSTRIAL,89835286,
2021,BARCELONA,MARESME,08155,PALAFOLLS,DOMÈSTIC,12469682,
2021,BARCELONA,MARESME,08155,PALAFOLLS,PRIMARI,,Dades subjectes a secret estadístic.
2021,BARCELONA,VALLES OCCIDENTAL,08156,PALAU-SOLITA I PLEGAMANS,DOMÈSTIC,27549650,
2021,BARCELONA,VALLES OCCIDENTAL,08156,PALAU-SOLITA I PLEGAMANS,SERVEIS,9526053,
2021,BARCELONA,VALLES OCCIDENTAL,08156,PALAU-SOLITA I PLEGAMANS,INDUSTRIAL,44818495,
2021,BARCELONA,BAIX LLOBREGAT,08157,PALLEJA,DOMÈSTIC,19910343,
2021,BARCELONA,BAIX LLOBREGAT,08157,PALLEJA,SERVEIS,4268261,
2021,BARCELONA,BAIX LLOBREGAT,08158,"PAPIOL, EL",INDUSTRIAL,,Dades subjectes a secret estadístic.
2021,BARCELONA,BAIX LLOBREGAT,08158,"PAPIOL, EL",SERVEIS,3388337,
2021,BARCELONA,BAIX LLOBREGAT,08158,"PAPIOL, EL",DOMÈSTIC,8259294,
2021,BARCELONA,VALLES ORIENTAL,08159,PARETS DEL VALLES,DOMÈSTIC,37162784,
2021,BARCELONA,VALLES ORIENTAL,08159,PARETS DEL VALLES,INDUSTRIAL,242446681,
2021,BARCELONA,VALLES ORIENTAL,08159,PARETS DEL VALLES,SERVEIS,24168877,
2021,BARCELONA,ANOIA,08161,PIERA,INDUSTRIAL,,Dades subjectes a secret estadístic.
2021,BARCELONA,ANOIA,08161,PIERA,SERVEIS,2615661,
2021,BARCELONA,ANOIA,08161,PIERA,DOMÈSTIC,14319530,
2021,BARCELONA,ANOIA,08162,"HOSTALETS DE PIEROLA, ELS",DOMÈSTIC,2507435,
2021,BARCELONA,ANOIA,08162,"HOSTALETS DE PIEROLA, ELS",SERVEIS,,Dades subjectes a secret estadístic.
2021,BARCELONA,MARESME,08163,PINEDA DE MAR,SERVEIS,5875585,
2021,BARCELONA,MARESME,08163,PINEDA DE MAR,DOMÈSTIC,36075070,
2021,BARCELONA,MARESME,08163,PINEDA DE MAR,INDUSTRIAL,24449506,
2021,BARCELONA,ANOIA,08165,"POBLA DE CLARAMUNT, LA",DOMÈSTIC,3130931,
2021,BARCELONA,ANOIA,08165,"POBLA DE CLARAMUNT, LA",SERVEIS,665396,
2021,BARCELONA,ANOIA,08165,"POBLA DE CLARAMUNT, LA",INDUSTRIAL,1093535139,Inclou el consum del sector energètic.
2021,BARCELONA,VALLES OCCIDENTAL,08167,POLINYA,DOMÈSTIC,14448375,
2021,BARCELONA,VALLES OCCIDENTAL,08167,POLINYA,INDUSTRIAL,38401582,
2021,BARCELONA,VALLES OCCIDENTAL,08167,POLINYA,SERVEIS,6932414,
2021,BARCELONA,BAIX LLOBREGAT,08169,"PRAT DE LLOBREGAT, EL",SERVEIS,57129588,Inclou el consum del sector transport.
2021,BARCELONA,BAIX LLOBREGAT,08169,"PRAT DE LLOBREGAT, EL",DOMÈSTIC,67280786,
2021,BARCELONA,BAIX LLOBREGAT,08169,"PRAT DE LLOBREGAT, EL",INDUSTRIAL,564109892,
2021,BARCELONA,OSONA,08171,PRATS DE LLUÇANES,SERVEIS,270241,
2021,BARCELONA,OSONA,08171,PRATS DE LLUÇANES,DOMÈSTIC,2103366,
2021,BARCELONA,MARESME,08172,PREMIA DE MAR,DOMÈSTIC,45013394,
2021,BARCELONA,MARESME,08172,PREMIA DE MAR,SERVEIS,6395126,
2021,BARCELONA,BERGUEDA,08175,PUIG-REIG,DOMÈSTIC,12025299,
2021,BARCELONA,BERGUEDA,08175,PUIG-REIG,INDUSTRIAL,,Dades subjectes a secret estadístic.
2021,BARCELONA,BERGUEDA,08175,PUIG-REIG,SERVEIS,2908557,
2021,BARCELONA,VALLES OCCIDENTAL,08180,RIPOLLET,INDUSTRIAL,,Dades subjectes a secret estadístic.
2021,BARCELONA,VALLES OCCIDENTAL,08180,RIPOLLET,DOMÈSTIC,52311010,
2021,BARCELONA,VALLES OCCIDENTAL,08180,RIPOLLET,SERVEIS,9834693,
2021,BARCELONA,VALLES ORIENTAL,08181,"ROCA DEL VALLES, LA",DOMÈSTIC,21373230,
2021,BARCELONA,VALLES ORIENTAL,08181,"ROCA DEL VALLES, LA",SERVEIS,17916543,
2021,BARCELONA,BAGES,08182,"PONT DE VILOMARA I ROCAFORT, EL",SERVEIS,944463,
2021,BARCELONA,BAGES,08182,"PONT DE VILOMARA I ROCAFORT, EL",DOMÈSTIC,6309002,
2021,BARCELONA,BAGES,08182,"PONT DE VILOMARA I ROCAFORT, EL",INDUSTRIAL,,Dades subjectes a secret estadístic.
2021,BARCELONA,OSONA,08183,RODA DE TER,DOMÈSTIC,12028426,
2021,BARCELONA,OSONA,08183,RODA DE TER,SERVEIS,1439446,
2021,BARCELONA,VALLES OCCIDENTAL,08184,RUBI,INDUSTRIAL,164431102,
2021,BARCELONA,VALLES OCCIDENTAL,08184,RUBI,SERVEIS,19970531,Inclou el consum del sector transport.
2021,BARCELONA,VALLES OCCIDENTAL,08184,RUBI,DOMÈSTIC,109978039,
2021,BARCELONA,VALLES OCCIDENTAL,08187,SABADELL,SERVEIS,117386410,
2021,BARCELONA,VALLES OCCIDENTAL,08187,SABADELL,DOMÈSTIC,386672579,
2021,BARCELONA,VALLES OCCIDENTAL,08187,SABADELL,INDUSTRIAL,65723877,
2021,BARCELONA,BAGES,08191,SALLENT,DOMÈSTIC,16882339,
2021,BARCELONA,BAGES,08191,SALLENT,INDUSTRIAL,10795432,
2021,BARCELONA,BAGES,08191,SALLENT,SERVEIS,10931376,
2021,BARCELONA,BAGES,08192,SANTPEDOR,SERVEIS,8969194,
2021,BARCELONA,BAGES,08192,SANTPEDOR,INDUSTRIAL,17892226,
2021,BARCELONA,BAGES,08192,SANTPEDOR,DOMÈSTIC,21921506,
2021,BARCELONA,BARCELONES,08194,SANT ADRIA DE BESOS,INDUSTRIAL,434858,
2021,BARCELONA,BARCELONES,08194,SANT ADRIA DE BESOS,CT RO,,Dades subjectes a secret estadístic. Inclou el consum de centrals tèrmiques de l'antic règim ordinari.
2021,BARCELONA,BARCELONES,08194,SANT ADRIA DE BESOS,SERVEIS,32148750,
2021,BARCELONA,BARCELONES,08194,SANT ADRIA DE BESOS,DOMÈSTIC,32336618,
2021,BARCELONA,BAIX LLOBREGAT,08196,SANT ANDREU DE LA BARCA,SERVEIS,9457908,
2021,BARCELONA,BAIX LLOBREGAT,08196,SANT ANDREU DE LA BARCA,DOMÈSTIC,38398159,
2021,BARCELONA,BAIX LLOBREGAT,08196,SANT ANDREU DE LA BARCA,INDUSTRIAL,27960899,
2021,BARCELONA,MARESME,08197,SANT ANDREU DE LLAVANERES,SERVEIS,4965873,
2021,BARCELONA,MARESME,08197,SANT ANDREU DE LLAVANERES,PRIMARI,1719883,
2021,BARCELONA,MARESME,08197,SANT ANDREU DE LLAVANERES,DOMÈSTIC,31824693,
2021,BARCELONA,VALLES ORIENTAL,08198,SANT ANTONI DE VILAMAJOR,SERVEIS,1221868,
2021,BARCELONA,VALLES ORIENTAL,08198,SANT ANTONI DE VILAMAJOR,INDUSTRIAL,,Dades subjectes a secret estadístic.
2021,BARCELONA,VALLES ORIENTAL,08198,SANT ANTONI DE VILAMAJOR,DOMÈSTIC,11852600,
2021,BARCELONA,BAIX LLOBREGAT,08200,SANT BOI DE LLOBREGAT,INDUSTRIAL,16959937,
2021,BARCELONA,BAIX LLOBREGAT,08200,SANT BOI DE LLOBREGAT,SERVEIS,43823942,Inclou el consum del sector transport.
2021,BARCELONA,BAIX LLOBREGAT,08200,SANT BOI DE LLOBREGAT,DOMÈSTIC,91700204,
2021,BARCELONA,VALLES ORIENTAL,08202,SANT CELONI,SERVEIS,7054274,
2021,BARCELONA,VALLES ORIENTAL,08202,SANT CELONI,INDUSTRIAL,208952992,
2021,BARCELONA,VALLES ORIENTAL,08202,SANT CELONI,DOMÈSTIC,33262596,
2021,BARCELONA,MARESME,08203,SANT CEBRIA DE VALLALTA,SERVEIS,,Dades subjectes a secret estadístic.
2021,BARCELONA,MARESME,08203,SANT CEBRIA DE VALLALTA,INDUSTRIAL,,Dades subjectes a secret estadístic.
2021,BARCELONA,MARESME,08203,SANT CEBRIA DE VALLALTA,DOMÈSTIC,4228608,
2021,BARCELONA,BAIX LLOBREGAT,08204,SANT CLIMENT DE LLOBREGAT,SERVEIS,394365,
2021,BARCELONA,BAIX LLOBREGAT,08204,SANT CLIMENT DE LLOBREGAT,DOMÈSTIC,2595708,
2021,BARCELONA,VALLES OCCIDENTAL,08205,SANT CUGAT DEL VALLES,SERVEIS,207351573,
2021,BARCELONA,VALLES OCCIDENTAL,08205,SANT CUGAT DEL VALLES,DOMÈSTIC,246972469,
2021,BARCELONA,VALLES OCCIDENTAL,08205,SANT CUGAT DEL VALLES,INDUSTRIAL,56559637,
2021,BARCELONA,ALT PENEDES,08206,SANT CUGAT SESGARRIGUES,DOMÈSTIC,1513703,
2021,BARCELONA,ALT PENEDES,08206,SANT CUGAT SESGARRIGUES,SERVEIS,376880,
2021,BARCELONA,VALLES ORIENTAL,08207,SANT ESTEVE DE PALAUTORDERA,DOMÈSTIC,5945991,
2021,BARCELONA,VALLES ORIENTAL,08207,SANT ESTEVE DE PALAUTORDERA,SERVEIS,303572,
2021,BARCELONA,BAIX LLOBREGAT,08208,SANT ESTEVE SESROVIRES,SERVEIS,30605988,
2021,BARCELONA,BAIX LLOBREGAT,08208,SANT ESTEVE SESROVIRES,INDUSTRIAL,37538463,
2021,BARCELONA,BAIX LLOBREGAT,08208,SANT ESTEVE SESROVIRES,DOMÈSTIC,15726010,
2021,BARCELONA,VALLES ORIENTAL,08209,SANT FOST DE CAMPSENTELLES,INDUSTRIAL,17432552,
2021,BARCELONA,VALLES ORIENTAL,08209,SANT FOST DE CAMPSENTELLES,SERVEIS,6468758,
2021,BARCELONA,VALLES ORIENTAL,08209,SANT FOST DE CAMPSENTELLES,DOMÈSTIC,13559273,
2021,BARCELONA,VALLES ORIENTAL,08210,SANT FELIU DE CODINES,SERVEIS,723550,
2021,BARCELONA,VALLES ORIENTAL,08210,SANT FELIU DE CODINES,DOMÈSTIC,4759360,
2021,BARCELONA,BAIX LLOBREGAT,08211,SANT FELIU DE LLOBREGAT,SERVEIS,17005307,
2021,BARCELONA,BAIX LLOBREGAT,08211,SANT FELIU DE LLOBREGAT,INDUSTRIAL,18290166,
2021,BARCELONA,BAIX LLOBREGAT,08211,SANT FELIU DE LLOBREGAT,DOMÈSTIC,56796378,
2021,BARCELONA,BAGES,08213,SANT FRUITOS DE BAGES,DOMÈSTIC,21493401,
2021,BARCELONA,BAGES,08213,SANT FRUITOS DE BAGES,SERVEIS,7661078,
2021,BARCELONA,BAGES,08213,SANT FRUITOS DE BAGES,INDUSTRIAL,23453304,
2021,BARCELONA,MARESME,08214,VILASSAR DE DALT,PRIMARI,,Dades subjectes a secret estadístic.
2021,BARCELONA,MARESME,08214,VILASSAR DE DALT,SERVEIS,2647058,
2021,BARCELONA,MARESME,08214,VILASSAR DE DALT,INDUSTRIAL,,Dades subjectes a secret estadístic.
2021,BARCELONA,MARESME,08214,VILASSAR DE DALT,DOMÈSTIC,23814263,
2021,BARCELONA,OSONA,08215,SANT HIPOLIT DE VOLTREGA,DOMÈSTIC,7285748,
2021,BARCELONA,OSONA,08215,SANT HIPOLIT DE VOLTREGA,SERVEIS,795600,
2021,BARCELONA,BAIX LLOBREGAT,08217,SANT JOAN DESPI,DOMÈSTIC,43410587,
2021,BARCELONA,BAIX LLOBREGAT,08217,SANT JOAN DESPI,INDUSTRIAL,13974410,
2021,BARCELONA,BAIX LLOBREGAT,08217,SANT JOAN DESPI,SERVEIS,22436985,
2021,BARCELONA,BAGES,08218,SANT JOAN DE VILATORRADA,DOMÈSTIC,28514771,
2021,BARCELONA,BAGES,08218,SANT JOAN DE VILATORRADA,INDUSTRIAL,,Dades subjectes a secret estadístic.
2021,BARCELONA,BAGES,08218,SANT JOAN DE VILATORRADA,SERVEIS,3150426,
2021,BARCELONA,MARESME,08219,VILASSAR DE MAR,INDUSTRIAL,,Dades subjectes a secret estadístic.
2021,BARCELONA,MARESME,08219,VILASSAR DE MAR,DOMÈSTIC,44491786,
2021,BARCELONA,MARESME,08219,VILASSAR DE MAR,SERVEIS,4907204,
2021,BARCELONA,MARESME,08219,VILASSAR DE MAR,PRIMARI,2120148,
2021,BARCELONA,OSONA,08220,SANT JULIA DE VILATORTA,SERVEIS,900408,
2021,BARCELONA,OSONA,08220,SANT JULIA DE VILATORTA,DOMÈSTIC,6123529,
2021,BARCELONA,BAIX LLOBREGAT,08221,SANT JUST DESVERN,INDUSTRIAL,14898874,
2021,BARCELONA,BAIX LLOBREGAT,08221,SANT JUST DESVERN,DOMÈSTIC,43982235,
2021,BARCELONA,BAIX LLOBREGAT,08221,SANT JUST DESVERN,SERVEIS,13281325,
2021,BARCELONA,ALT PENEDES,08222,SANT LLORENÇ D'HORTONS,DOMÈSTIC,766481,
2021,BARCELONA,ALT PENEDES,08222,SANT LLORENÇ D'HORTONS,SERVEIS,,Dades subjectes a secret estadístic.
2021,BARCELONA,OSONA,08224,SANT MARTI DE CENTELLES,DOMÈSTIC,2308444,
2021,BARCELONA,OSONA,08224,SANT MARTI DE CENTELLES,SERVEIS,,Dades subjectes a secret estadístic.
2021,BARCELONA,ANOIA,08228,SANT MARTI SESGUEIOLES,DOMÈSTIC,453997,
2021,BARCELONA,MARESME,08230,PREMIA DE DALT,PRIMARI,5300776,
2021,BARCELONA,MARESME,08230,PREMIA DE DALT,SERVEIS,3826374,
2021,BARCELONA,MARESME,08230,PREMIA DE DALT,INDUSTRIAL,,Dades subjectes a secret estadístic.
2021,BARCELONA,MARESME,08230,PREMIA DE DALT,DOMÈSTIC,27764754,
2021,BARCELONA,GARRAF,08231,SANT PERE DE RIBES,SERVEIS,12866409,
2021,BARCELONA,GARRAF,08231,SANT PERE DE RIBES,DOMÈSTIC,54438395,
2021,BARCELONA,ALT PENEDES,08232,SANT PERE DE RIUDEBITLLES,SERVEIS,198643,
2021,BARCELONA,ALT PENEDES,08232,SANT PERE DE RIUDEBITLLES,DOMÈSTIC,4446681,
2021,BARCELONA,ALT PENEDES,08232,SANT PERE DE RIUDEBITLLES,INDUSTRIAL,32020939,
2021,BARCELONA,VALLES ORIENTAL,08234,SANT PERE DE VILAMAJOR,DOMÈSTIC,3032613,
2021,BARCELONA,VALLES ORIENTAL,08234,SANT PERE DE VILAMAJOR,SERVEIS,266357,
2021,BARCELONA,VALLES ORIENTAL,08234,SANT PERE DE VILAMAJOR,INDUSTRIAL,,Dades subjectes a secret estadístic.
2021,BARCELONA,MARESME,08235,SANT POL DE MAR,SERVEIS,577719,
2021,BARCELONA,MARESME,08235,SANT POL DE MAR,DOMÈSTIC,11398443,
2021,BARCELONA,ALT PENEDES,08236,SANT QUINTI DE MEDIONA,DOMÈSTIC,1585105,
2021,BARCELONA,ALT PENEDES,08236,SANT QUINTI DE MEDIONA,INDUSTRIAL,,Dades subjectes a secret estadístic.
2021,BARCELONA,OSONA,08237,SANT QUIRZE DE BESORA,SERVEIS,512958,
2021,BARCELONA,OSONA,08237,SANT QUIRZE DE BESORA,INDUSTRIAL,,Dades subjectes a secret estadístic.
2021,BARCELONA,OSONA,08237,SANT QUIRZE DE BESORA,DOMÈSTIC,4697693,
2021,BARCELONA,VALLES OCCIDENTAL,08238,SANT QUIRZE DEL VALLES,SERVEIS,7952755,
2021,BARCELONA,VALLES OCCIDENTAL,08238,SANT QUIRZE DEL VALLES,DOMÈSTIC,52270976,
2021,BARCELONA,VALLES OCCIDENTAL,08238,SANT QUIRZE DEL VALLES,INDUSTRIAL,8676631,
2021,BARCELONA,ALT PENEDES,08240,SANT SADURNI D'ANOIA,INDUSTRIAL,,Dades subjectes a secret estadístic.
2021,BARCELONA,ALT PENEDES,08240,SANT SADURNI D'ANOIA,SERVEIS,4047298,
2021,BARCELONA,ALT PENEDES,08240,SANT SADURNI D'ANOIA,DOMÈSTIC,19897987,
2021,BARCELONA,BAIX LLOBREGAT,08244,SANTA COLOMA DE CERVELLO,INDUSTRIAL,,Dades subjectes a secret estadístic.
2021,BARCELONA,BAIX LLOBREGAT,08244,SANTA COLOMA DE CERVELLO,DOMÈSTIC,13386475,
2021,BARCELONA,BAIX LLOBREGAT,08244,SANTA COLOMA DE CERVELLO,SERVEIS,1660815,
2021,BARCELONA,BARCELONES,08245,SANTA COLOMA DE GRAMENET,SERVEIS,30591789,
2021,BARCELONA,BARCELONES,08245,SANTA COLOMA DE GRAMENET,INDUSTRIAL,,Dades subjectes a secret estadístic.
2021,BARCELONA,BARCELONES,08245,SANTA COLOMA DE GRAMENET,DOMÈSTIC,101470193,
2021,BARCELONA,OSONA,08246,SANTA EUGENIA DE BERGA,DOMÈSTIC,3258404,
2021,BARCELONA,OSONA,08246,SANTA EUGENIA DE BERGA,SERVEIS,1125412,
2021,BARCELONA,OSONA,08246,SANTA EUGENIA DE BERGA,INDUSTRIAL,77870484,
2021,BARCELONA,VALLES ORIENTAL,08248,SANTA EULALIA DE RONÇANA,DOMÈSTIC,1388186,
2021,BARCELONA,ANOIA,08250,SANTA MARGARIDA DE MONTBUI,DOMÈSTIC,13775225,
2021,BARCELONA,ANOIA,08250,SANTA MARGARIDA DE MONTBUI,SERVEIS,993774,
2021,BARCELONA,ALT PENEDES,08251,SANTA MARGARIDA I ELS MONJOS,INDUSTRIAL,135042808,
2021,BARCELONA,ALT PENEDES,08251,SANTA MARGARIDA I ELS MONJOS,DOMÈSTIC,10813092,
2021,BARCELONA,ALT PENEDES,08251,SANTA MARGARIDA I ELS MONJOS,SERVEIS,2326483,
2021,BARCELONA,VALLES OCCIDENTAL,08252,BARBERA DEL VALLES,SERVEIS,14573575,
2021,BARCELONA,VALLES OCCIDENTAL,08252,BARBERA DEL VALLES,DOMÈSTIC,52854965,
2021,BARCELONA,VALLES OCCIDENTAL,08252,BARBERA DEL VALLES,INDUSTRIAL,75866533,
2021,BARCELONA,VALLES ORIENTAL,08256,SANTA MARIA DE MARTORELLES,DOMÈSTIC,734989,
2021,BARCELONA,VALLES ORIENTAL,08259,SANTA MARIA DE PALAUTORDERA,SERVEIS,6674971,
2021,BARCELONA,VALLES ORIENTAL,08259,SANTA MARIA DE PALAUTORDERA,INDUSTRIAL,5791022,
2021,BARCELONA,VALLES ORIENTAL,08259,SANTA MARIA DE PALAUTORDERA,DOMÈSTIC,16225471,
2021,BARCELONA,VALLES OCCIDENTAL,08260,SANTA PERPETUA DE MOGODA,SERVEIS,15847664,
2021,BARCELONA,VALLES OCCIDENTAL,08260,SANTA PERPETUA DE MOGODA,DOMÈSTIC,42097800,
2021,BARCELONA,VALLES OCCIDENTAL,08260,SANTA PERPETUA DE MOGODA,INDUSTRIAL,241691347,
2021,BARCELONA,MARESME,08261,SANTA SUSANNA,DOMÈSTIC,5168866,
2021,BARCELONA,MARESME,08261,SANTA SUSANNA,SERVEIS,5298121,
2021,BARCELONA,BAGES,08262,SANT VICENÇ DE CASTELLET,INDUSTRIAL,,Dades subjectes a secret estadístic.
2021,BARCELONA,BAGES,08262,SANT VICENÇ DE CASTELLET,SERVEIS,2416000,
2021,BARCELONA,BAGES,08262,SANT VICENÇ DE CASTELLET,DOMÈSTIC,18877228,
2021,BARCELONA,BAIX LLOBREGAT,08263,SANT VICENÇ DELS HORTS,SERVEIS,4636929,
2021,BARCELONA,BAIX LLOBREGAT,08263,SANT VICENÇ DELS HORTS,INDUSTRIAL,71470250,
2021,BARCELONA,BAIX LLOBREGAT,08263,SANT VICENÇ DELS HORTS,DOMÈSTIC,33092184,
2021,BARCELONA,MARESME,08264,SANT VICENÇ DE MONTALT,DOMÈSTIC,22764923,
2021,BARCELONA,MARESME,08264,SANT VICENÇ DE MONTALT,SERVEIS,2558985,
2021,BARCELONA,OSONA,08265,SANT VICENÇ DE TORELLO,INDUSTRIAL,,Dades subjectes a secret estadístic.
2021,BARCELONA,OSONA,08265,SANT VICENÇ DE TORELLO,SERVEIS,754437,
2021,BARCELONA,OSONA,08265,SANT VICENÇ DE TORELLO,DOMÈSTIC,2492276,
2021,BARCELONA,VALLES OCCIDENTAL,08266,CERDANYOLA DEL VALLES,DOMÈSTIC,109810056,
2021,BARCELONA,VALLES OCCIDENTAL,08266,CERDANYOLA DEL VALLES,INDUSTRIAL,58568766,
2021,BARCELONA,VALLES OCCIDENTAL,08266,CERDANYOLA DEL VALLES,SERVEIS,194377599,
2021,BARCELONA,VALLES OCCIDENTAL,08267,SENTMENAT,INDUSTRIAL,,Dades subjectes a secret estadístic.
2021,BARCELONA,VALLES OCCIDENTAL,08267,SENTMENAT,SERVEIS,1619846,
2021,BARCELONA,VALLES OCCIDENTAL,08267,SENTMENAT,DOMÈSTIC,15372227,
2021,BARCELONA,OSONA,08269,SEVA,INDUSTRIAL,,Dades subjectes a secret estadístic.
2021,BARCELONA,OSONA,08269,SEVA,DOMÈSTIC,1388251,
2021,BARCELONA,GARRAF,08270,SITGES,DOMÈSTIC,70241036,
2021,BARCELONA,GARRAF,08270,SITGES,SERVEIS,22791685,
2021,BARCELONA,BAGES,08274,SURIA,DOMÈSTIC,13801987,
2021,BARCELONA,BAGES,08274,SURIA,SERVEIS,2300200,
2021,BARCELONA,BAGES,08274,SURIA,INDUSTRIAL,,Dades subjectes a secret estadístic.
2021,BARCELONA,OSONA,08278,TARADELL,INDUSTRIAL,,Dades subjectes a secret estadístic.
2021,BARCELONA,OSONA,08278,TARADELL,SERVEIS,2408656,
2021,BARCELONA,OSONA,08278,TARADELL,DOMÈSTIC,14729687,
2021,BARCELONA,VALLES OCCIDENTAL,08279,TERRASSA,SERVEIS,90477279,Inclou el consum del sector transport.
2021,BARCELONA,VALLES OCCIDENTAL,08279,TERRASSA,DOMÈSTIC,383223816,
2021,BARCELONA,VALLES OCCIDENTAL,08279,TERRASSA,INDUSTRIAL,94020988,
2021,BARCELONA,MARESME,08281,TEIA,DOMÈSTIC,18337802,
2021,BARCELONA,MARESME,08281,TEIA,SERVEIS,3298338,
2021,BARCELONA,MARESME,08281,TEIA,PRIMARI,,Dades subjectes a secret estadístic.
2021,BARCELONA,MARESME,08282,TIANA,SERVEIS,2762447,
2021,BARCELONA,MARESME,08282,TIANA,DOMÈSTIC,22528671,
2021,BARCELONA,OSONA,08283,TONA,DOMÈSTIC,20837739,
2021,BARCELONA,OSONA,08283,TONA,SERVEIS,6135060,
2021,BARCELONA,OSONA,08283,TONA,INDUSTRIAL,,Dades subjectes a secret estadístic.
2021,BARCELONA,MARESME,08284,TORDERA,INDUSTRIAL,,Dades subjectes a secret estadístic.
2021,BARCELONA,MARESME,08284,TORDERA,DOMÈSTIC,21827629,
2021,BARCELONA,MARESME,08284,TORDERA,SERVEIS,13704620,
2021,BARCELONA,OSONA,08285,TORELLO,DOMÈSTIC,29439010,
2021,BARCELONA,OSONA,08285,TORELLO,INDUSTRIAL,,Dades subjectes a secret estadístic.
2021,BARCELONA,OSONA,08285,TORELLO,SERVEIS,4365143,
2021,BARCELONA,ANOIA,08286,"TORRE DE CLARAMUNT, LA",DOMÈSTIC,3305383,
2021,BARCELONA,ANOIA,08286,"TORRE DE CLARAMUNT, LA",SERVEIS,,Dades subjectes a secret estadístic.
2021,BARCELONA,ALT PENEDES,08287,TORRELAVIT,DOMÈSTIC,2293766,
2021,BARCELONA,ALT PENEDES,08287,TORRELAVIT,SERVEIS,,Dades subjectes a secret estadístic.
2021,BARCELONA,BAIX LLOBREGAT,08289,TORRELLES DE LLOBREGAT,DOMÈSTIC,6282660,
2021,BARCELONA,BAIX LLOBREGAT,08289,TORRELLES DE LLOBREGAT,SERVEIS,114483,
2021,BARCELONA,VALLES OCCIDENTAL,08290,ULLASTRELL,DOMÈSTIC,2573329,
2021,BARCELONA,ANOIA,08292,VALLBONA D'ANOIA,INDUSTRIAL,,Dades subjectes a secret estadístic.
2021,BARCELONA,ANOIA,08292,VALLBONA D'ANOIA,DOMÈSTIC,2739729,
2021,BARCELONA,VALLES ORIENTAL,08294,VALLGORGUINA,DOMÈSTIC,979453,
2021,BARCELONA,BAIX LLOBREGAT,08295,VALLIRANA,SERVEIS,2298727,
2021,BARCELONA,BAIX LLOBREGAT,08295,VALLIRANA,DOMÈSTIC,17119518,
2021,BARCELONA,VALLES ORIENTAL,08296,VALLROMANES,DOMÈSTIC,6071560,
2021,BARCELONA,VALLES ORIENTAL,08296,VALLROMANES,SERVEIS,1299771,
2021,BARCELONA,OSONA,08298,VIC,DOMÈSTIC,120089981,
2021,BARCELONA,OSONA,08298,VIC,INDUSTRIAL,78947472,
2021,BARCELONA,OSONA,08298,VIC,SERVEIS,56143106,
2021,BARCELONA,VALLES OCCIDENTAL,08300,VILADECAVALLS,DOMÈSTIC,14497373,
2021,BARCELONA,VALLES OCCIDENTAL,08300,VILADECAVALLS,INDUSTRIAL,4881776,
2021,BARCELONA,VALLES OCCIDENTAL,08300,VILADECAVALLS,SERVEIS,,Dades subjectes a secret estadístic.
2021,BARCELONA,BAIX LLOBREGAT,08301,VILADECANS,DOMÈSTIC,76564903,
2021,BARCELONA,BAIX LLOBREGAT,08301,VILADECANS,INDUSTRIAL,,Dades subjectes a secret estadístic.
2021,BARCELONA,BAIX LLOBREGAT,08301,VILADECANS,SERVEIS,29860665,Inclou el consum del sector transport.
2021,BARCELONA,ANOIA,08302,VILANOVA DEL CAMI,DOMÈSTIC,17052531,
2021,BARCELONA,ANOIA,08302,VILANOVA DEL CAMI,SERVEIS,1857819,
2021,BARCELONA,ANOIA,08302,VILANOVA DEL CAMI,INDUSTRIAL,,Dades subjectes a secret estadístic.
2021,BARCELONA,ALT PENEDES,08305,VILAFRANCA DEL PENEDES,DOMÈSTIC,68679052,
2021,BARCELONA,ALT PENEDES,08305,VILAFRANCA DEL PENEDES,SERVEIS,17371002,
2021,BARCELONA,ALT PENEDES,08305,VILAFRANCA DEL PENEDES,INDUSTRIAL,4891640,
2021,BARCELONA,VALLES ORIENTAL,08306,VILALBA SASSERRA,SERVEIS,,Dades subjectes a secret estadístic.
2021,BARCELONA,VALLES ORIENTAL,08306,VILALBA SASSERRA,DOMÈSTIC,210470,
2021,BARCELONA,GARRAF,08307,VILANOVA I LA GELTRU,INDUSTRIAL,55529202,
2021,BARCELONA,GARRAF,08307,VILANOVA I LA GELTRU,SERVEIS,16538081,
2021,BARCELONA,GARRAF,08307,VILANOVA I LA GELTRU,DOMÈSTIC,90585895,
2021,BARCELONA,VALLES ORIENTAL,08902,VILANOVA DEL VALLES,DOMÈSTIC,6779538,
2021,BARCELONA,VALLES ORIENTAL,08902,VILANOVA DEL VALLES,SERVEIS,562021,
2021,BARCELONA,VALLES OCCIDENTAL,08904,BADIA DEL VALLES,SERVEIS,3221730,
2021,BARCELONA,VALLES OCCIDENTAL,08904,BADIA DEL VALLES,DOMÈSTIC,14213534,
2021,BARCELONA,BAIX LLOBREGAT,08905,"PALMA DE CERVELLO, LA",INDUSTRIAL,,Dades subjectes a secret estadístic.
2021,BARCELONA,BAIX LLOBREGAT,08905,"PALMA DE CERVELLO, LA",DOMÈSTIC,4396643,
2021,BARCELONA,BAIX LLOBREGAT,08905,"PALMA DE CERVELLO, LA",SERVEIS,497500,
2021,GIRONA,GIRONES,17002,AIGUAVIVA,DOMÈSTIC,1236298,
2021,GIRONA,GIRONES,17002,AIGUAVIVA,INDUSTRIAL,26750280,
2021,GIRONA,GIRONES,17002,AIGUAVIVA,SERVEIS,719209,
2021,GIRONA,GARROTXA,17010,ARGELAGUER,PRIMARI,,Dades subjectes a secret estadístic.
2021,GIRONA,GARROTXA,17010,ARGELAGUER,DOMÈSTIC,1017590,
2021,GIRONA,GARROTXA,17010,ARGELAGUER,INDUSTRIAL,,Dades subjectes a secret estadístic.
2021,GIRONA,GARROTXA,17010,ARGELAGUER,SERVEIS,229129,
2021,GIRONA,BAIX EMPORDA,17013,BEGUR,DOMÈSTIC,276233,
2021,GIRONA,PLA DE L'ESTANY,17015,BANYOLES,INDUSTRIAL,,Dades subjectes a secret estadístic.
2021,GIRONA,PLA DE L'ESTANY,17015,BANYOLES,DOMÈSTIC,45499082,
2021,GIRONA,PLA DE L'ESTANY,17015,BANYOLES,SERVEIS,12331762,
2021,GIRONA,BAIX EMPORDA,17018,BELLCAIRE D'EMPORDA,SERVEIS,,Dades subjectes a secret estadístic.
2021,GIRONA,BAIX EMPORDA,17018,BELLCAIRE D'EMPORDA,DOMÈSTIC,1637580,
2021,GIRONA,GARROTXA,17019,BESALU,SERVEIS,986636,
2021,GIRONA,GARROTXA,17019,BESALU,DOMÈSTIC,6532391,
2021,GIRONA,GIRONES,17020,BESCANO,SERVEIS,1326399,
2021,GIRONA,GIRONES,17020,BESCANO,DOMÈSTIC,9536658,
2021,GIRONA,GARROTXA,17021,BEUDA,INDUSTRIAL,,Dades subjectes a secret estadístic.
2021,GIRONA,BAIX EMPORDA,17022,"BISBAL D'EMPORDA, LA",SERVEIS,2567366,
2021,GIRONA,BAIX EMPORDA,17022,"BISBAL D'EMPORDA, LA",DOMÈSTIC,21623904,
2021,GIRONA,BAIX EMPORDA,17022,"BISBAL D'EMPORDA, LA",INDUSTRIAL,,Dades subjectes a secret estadístic.
2021,GIRONA,SELVA,17023,BLANES,SERVEIS,13558612,
2021,GIRONA,SELVA,17023,BLANES,INDUSTRIAL,,Dades subjectes a secret estadístic.
2021,GIRONA,SELVA,17023,BLANES,DOMÈSTIC,72332481,
2021,GIRONA,GIRONES,17025,BORDILS,SERVEIS,,Dades subjectes a secret estadístic.
2021,GIRONA,GIRONES,17025,BORDILS,DOMÈSTIC,2808227,
2021,GIRONA,SELVA,17027,BREDA,INDUSTRIAL,5962689,
2021,GIRONA,SELVA,17027,BREDA,DOMÈSTIC,6583979,
2021,GIRONA,SELVA,17027,BREDA,SERVEIS,324504,
2021,GIRONA,SELVA,17033,CALDES DE MALAVELLA,DOMÈSTIC,10960110,
2021,GIRONA,SELVA,17033,CALDES DE MALAVELLA,SERVEIS,5119376,
2021,GIRONA,SELVA,17033,CALDES DE MALAVELLA,INDUSTRIAL,5861327,
2021,GIRONA,BAIX EMPORDA,17034,CALONGE I SANT ANTONI,SERVEIS,3725970,
2021,GIRONA,BAIX EMPORDA,17034,CALONGE I SANT ANTONI,DOMÈSTIC,20434163,
2021,GIRONA,PLA DE L'ESTANY,17035,CAMOS,SERVEIS,,Dades subjectes a secret estadístic.
2021,GIRONA,PLA DE L'ESTANY,17035,CAMOS,DOMÈSTIC,672497,
2021,GIRONA,RIPOLLES,17036,CAMPDEVANOL,DOMÈSTIC,8070430,
2021,GIRONA,RIPOLLES,17036,CAMPDEVANOL,INDUSTRIAL,3941352,
2021,GIRONA,RIPOLLES,17036,CAMPDEVANOL,SERVEIS,2682392,
2021,GIRONA,GIRONES,17038,CAMPLLONG,DOMÈSTIC,487108,
2021,GIRONA,GIRONES,17038,CAMPLLONG,SERVEIS,,Dades subjectes a secret estadístic.
2021,GIRONA,GIRONES,17044,CASSA DE LA SELVA,DOMÈSTIC,18844197,
2021,GIRONA,GIRONES,17044,CASSA DE LA SELVA,INDUSTRIAL,,Dades subjectes a secret estadístic.
2021,GIRONA,GIRONES,17044,CASSA DE LA SELVA,SERVEIS,2776321,
2021,GIRONA,GARROTXA,17046,CASTELLFOLLIT DE LA ROCA,DOMÈSTIC,2518174,
2021,GIRONA,GARROTXA,17046,CASTELLFOLLIT DE LA ROCA,SERVEIS,1122779,
2021,GIRONA,ALT EMPORDA,17047,CASTELLO D'EMPURIES,SERVEIS,965464,
2021,GIRONA,ALT EMPORDA,17047,CASTELLO D'EMPURIES,DOMÈSTIC,6624118,
2021,GIRONA,BAIX EMPORDA,17048,CASTELL-PLATJA D'ARO,DOMÈSTIC,21610732,
2021,GIRONA,BAIX EMPORDA,17048,CASTELL-PLATJA D'ARO,SERVEIS,10767110,
2021,GIRONA,GIRONES,17049,CELRA,DOMÈSTIC,9082434,
2021,GIRONA,GIRONES,17049,CELRA,INDUSTRIAL,82427274,
2021,GIRONA,GIRONES,17049,CELRA,SERVEIS,2090707,
2021,GIRONA,PLA DE L'ESTANY,17056,CORNELLA DEL TERRI,DOMÈSTIC,3479813,
2021,GIRONA,PLA DE L'ESTANY,17056,CORNELLA DEL TERRI,SERVEIS,432903,
2021,GIRONA,PLA DE L'ESTANY,17056,CORNELLA DEL TERRI,INDUSTRIAL,35918581,
2021,GIRONA,BAIX EMPORDA,17057,CORÇA,SERVEIS,,Dades subjectes a secret estadístic.
2021,GIRONA,BAIX EMPORDA,17057,CORÇA,DOMÈSTIC,2379515,
2021,GIRONA,BAIX EMPORDA,17057,CORÇA,INDUSTRIAL,,Dades subjectes a secret estadístic.
2021,GIRONA,ALT EMPORDA,17062,"ESCALA, L'",DOMÈSTIC,14408226,
2021,GIRONA,ALT EMPORDA,17062,"ESCALA, L'",SERVEIS,3474111,
2021,GIRONA,ALT EMPORDA,17066,FIGUERES,DOMÈSTIC,82772265,
2021,GIRONA,ALT EMPORDA,17066,FIGUERES,SERVEIS,35326138,
2021,GIRONA,GIRONES,17067,FLAÇA,DOMÈSTIC,2044625,
2021,GIRONA,GIRONES,17067,FLAÇA,SERVEIS,,Dades subjectes a secret estadístic.
2021,GIRONA,PLA DE L'ESTANY,17071,FONTCOBERTA,DOMÈSTIC,1136836,
2021,GIRONA,GIRONES,17073,FORNELLS DE LA SELVA,DOMÈSTIC,6567583,
2021,GIRONA,GIRONES,17073,FORNELLS DE LA SELVA,SERVEIS,1943701,
2021,GIRONA,GIRONES,17079,GIRONA,SERVEIS,84330006,
2021,GIRONA,GIRONES,17079,GIRONA,INDUSTRIAL,,Dades subjectes a secret estadístic.
2021,GIRONA,GIRONES,17079,GIRONA,DOMÈSTIC,237098456,
2021,GIRONA,BAIX EMPORDA,17081,GUALTA,SERVEIS,,Dades subjectes a secret estadístic.
2021,GIRONA,BAIX EMPORDA,17081,GUALTA,DOMÈSTIC,522071,
2021,GIRONA,SELVA,17083,HOSTALRIC,SERVEIS,336015,
2021,GIRONA,SELVA,17083,HOSTALRIC,DOMÈSTIC,8931737,
2021,GIRONA,SELVA,17083,HOSTALRIC,INDUSTRIAL,40705871,
2021,GIRONA,ALT EMPORDA,17086,"JONQUERA, LA",SERVEIS,2425808,
2021,GIRONA,ALT EMPORDA,17086,"JONQUERA, LA",DOMÈSTIC,3663593,
2021,GIRONA,GIRONES,17087,JUIA,INDUSTRIAL,,Dades subjectes a secret estadístic.
2021,GIRONA,GIRONES,17089,LLAGOSTERA,SERVEIS,903524,
2021,GIRONA,GIRONES,17089,LLAGOSTERA,DOMÈSTIC,14675033,
2021,GIRONA,SELVA,17095,LLORET DE MAR,SERVEIS,28906736,
2021,GIRONA,SELVA,17095,LLORET DE MAR,DOMÈSTIC,47607096,
2021,GIRONA,SELVA,17101,MASSANES,DOMÈSTIC,58363,
2021,GIRONA,SELVA,17101,MASSANES,INDUSTRIAL,33701708,
2021,GIRONA,SELVA,17103,MAÇANET DE LA SELVA,DOMÈSTIC,10187100,
2021,GIRONA,SELVA,17103,MAÇANET DE LA SELVA,SERVEIS,2580511,Inclou el consum del sector transport.
2021,GIRONA,SELVA,17103,MAÇANET DE LA SELVA,INDUSTRIAL,20737781,
2021,GIRONA,BAIX EMPORDA,17110,MONT-RAS,SERVEIS,176721,
2021,GIRONA,BAIX EMPORDA,17110,MONT-RAS,DOMÈSTIC,2381804,
2021,GIRONA,ALT EMPORDA,17111,NAVATA,DOMÈSTIC,986620,
2021,GIRONA,ALT EMPORDA,17111,NAVATA,SERVEIS,,Dades subjectes a secret estadístic.
2021,GIRONA,GARROTXA,17114,OLOT,SERVEIS,27621491,
2021,GIRONA,GARROTXA,17114,OLOT,DOMÈSTIC,80942801,
2021,GIRONA,GARROTXA,17114,OLOT,INDUSTRIAL,47106190,
2021,GIRONA,BAIX EMPORDA,17117,PALAFRUGELL,DOMÈSTIC,39180560,
2021,GIRONA,BAIX EMPORDA,17117,PALAFRUGELL,SERVEIS,6017812,
2021,GIRONA,BAIX EMPORDA,17118,PALAMOS,INDUSTRIAL,,Dades subjectes a secret estadístic.
2021,GIRONA,BAIX EMPORDA,17118,PALAMOS,DOMÈSTIC,34118663,
2021,GIRONA,BAIX EMPORDA,17118,PALAMOS,SERVEIS,9499032,
2021,GIRONA,PLA DE L'ESTANY,17123,PALOL DE REVARDIT,INDUSTRIAL,,Dades subjectes a secret estadístic.
2021,GIRONA,BAIX EMPORDA,17126,PARLAVA,DOMÈSTIC,286621,
2021,GIRONA,BAIX EMPORDA,17130,"PERA, LA",INDUSTRIAL,,Dades subjectes a secret estadístic.
2021,GIRONA,PLA DE L'ESTANY,17137,PORQUERES,SERVEIS,1012346,
2021,GIRONA,PLA DE L'ESTANY,17137,PORQUERES,DOMÈSTIC,8365770,
2021,GIRONA,PLA DE L'ESTANY,17137,PORQUERES,INDUSTRIAL,4519622,
2021,GIRONA,GARROTXA,17139,"PRESES, LES",DOMÈSTIC,2700146,
2021,GIRONA,GARROTXA,17139,"PRESES, LES",SERVEIS,947798,
2021,GIRONA,GARROTXA,17139,"PRESES, LES",INDUSTRIAL,6260833,
2021,GIRONA,CERDANYA,17141,PUIGCERDA,DOMÈSTIC,26283746,
2021,GIRONA,CERDANYA,17141,PUIGCERDA,SERVEIS,8857900,
2021,GIRONA,GIRONES,17142,QUART,SERVEIS,2793593,
2021,GIRONA,GIRONES,17142,QUART,DOMÈSTIC,8369694,
2021,GIRONA,SELVA,17146,RIELLS I VIABREA,INDUSTRIAL,,Dades subjectes a secret estadístic.
2021,GIRONA,SELVA,17146,RIELLS I VIABREA,SERVEIS,,Dades subjectes a secret estadístic.
2021,GIRONA,SELVA,17146,RIELLS I VIABREA,DOMÈSTIC,1484926,
2021,GIRONA,RIPOLLES,17147,RIPOLL,INDUSTRIAL,40043000,
2021,GIRONA,RIPOLLES,17147,RIPOLL,DOMÈSTIC,25950542,
2021,GIRONA,RIPOLLES,17147,RIPOLL,SERVEIS,7888067,
2021,GIRONA,SELVA,17148,RIUDARENES,INDUSTRIAL,6650027,
2021,GIRONA,SELVA,17148,RIUDARENES,DOMÈSTIC,2739915,
2021,GIRONA,SELVA,17148,RIUDARENES,SERVEIS,1037001,
2021,GIRONA,SELVA,17150,RIUDELLOTS DE LA SELVA,DOMÈSTIC,2981177,
2021,GIRONA,SELVA,17150,RIUDELLOTS DE LA SELVA,SERVEIS,12766799,
2021,GIRONA,SELVA,17150,RIUDELLOTS DE LA SELVA,INDUSTRIAL,142768915,
2021,GIRONA,ALT EMPORDA,17152,ROSES,SERVEIS,2376944,
2021,GIRONA,ALT EMPORDA,17152,ROSES,DOMÈSTIC,16530289,
2021,GIRONA,GIRONES,17155,SALT,INDUSTRIAL,,Dades subjectes a secret estadístic.
2021,GIRONA,GIRONES,17155,SALT,DOMÈSTIC,47298927,
2021,GIRONA,GIRONES,17155,SALT,SERVEIS,26778252,
2021,GIRONA,SELVA,17159,SANT FELIU DE BUIXALLEU,SERVEIS,,Dades subjectes a secret estadístic.
2021,GIRONA,SELVA,17159,SANT FELIU DE BUIXALLEU,INDUSTRIAL,13424097,
2021,GIRONA,BAIX EMPORDA,17160,SANT FELIU DE GUIXOLS,SERVEIS,10666063,
2021,GIRONA,BAIX EMPORDA,17160,SANT FELIU DE GUIXOLS,DOMÈSTIC,50190967,
2021,GIRONA,GIRONES,17163,SANT GREGORI,SERVEIS,1110142,
2021,GIRONA,GIRONES,17163,SANT GREGORI,DOMÈSTIC,8655124,
2021,GIRONA,GIRONES,17163,SANT GREGORI,INDUSTRIAL,,Dades subjectes a secret estadístic.
2021,GIRONA,GARROTXA,17165,SANT JAUME DE LLIERCA,DOMÈSTIC,1561040,
2021,GIRONA,GARROTXA,17165,SANT JAUME DE LLIERCA,SERVEIS,,Dades subjectes a secret estadístic.
2021,GIRONA,GARROTXA,17165,SANT JAUME DE LLIERCA,INDUSTRIAL,4293702,
2021,GIRONA,RIPOLLES,17167,SANT JOAN DE LES ABADESSES,DOMÈSTIC,9104836,
2021,GIRONA,RIPOLLES,17167,SANT JOAN DE LES ABADESSES,SERVEIS,1845634,
2021,GIRONA,RIPOLLES,17167,SANT JOAN DE LES ABADESSES,INDUSTRIAL,,Dades subjectes a secret estadístic.
2021,GIRONA,GIRONES,17168,SANT JOAN DE MOLLET,SERVEIS,,Dades subjectes a secret estadístic.
2021,GIRONA,GIRONES,17168,SANT JOAN DE MOLLET,DOMÈSTIC,830451,
2021,GIRONA,GIRONES,17169,SANT JULIA DE RAMIS,SERVEIS,,Dades subjectes a secret estadístic.
2021,GIRONA,GIRONES,17169,SANT JULIA DE RAMIS,DOMÈSTIC,6102939,
2021,GIRONA,RIPOLLES,17177,SANT PAU DE SEGURIES,DOMÈSTIC,1303863,
2021,GIRONA,RIPOLLES,17177,SANT PAU DE SEGURIES,SERVEIS,,Dades subjectes a secret estadístic.
2021,GIRONA,SELVA,17180,SANTA COLOMA DE FARNERS,INDUSTRIAL,,Dades subjectes a secret estadístic.
2021,GIRONA,SELVA,17180,SANTA COLOMA DE FARNERS,DOMÈSTIC,17277839,
2021,GIRONA,SELVA,17180,SANTA COLOMA DE FARNERS,SERVEIS,2162690,
2021,GIRONA,BAIX EMPORDA,17181,SANTA CRISTINA D'ARO,SERVEIS,660823,
2021,GIRONA,BAIX EMPORDA,17181,SANTA CRISTINA D'ARO,DOMÈSTIC,10661621,
2021,GIRONA,ALT EMPORDA,17182,SANTA LLOGAIA D'ALGUEMA,DOMÈSTIC,228208,
2021,GIRONA,GARROTXA,17185,SANT JOAN LES FONTS,INDUSTRIAL,732380327,
2021,GIRONA,GARROTXA,17185,SANT JOAN LES FONTS,DOMÈSTIC,6534019,
2021,GIRONA,GARROTXA,17185,SANT JOAN LES FONTS,SERVEIS,1671123,
2021,GIRONA,GIRONES,17186,SARRIA DE TER,SERVEIS,550165,
2021,GIRONA,GIRONES,17186,SARRIA DE TER,DOMÈSTIC,11526654,
2021,GIRONA,GIRONES,17186,SARRIA DE TER,INDUSTRIAL,,Dades subjectes a secret estadístic.
2021,GIRONA,PLA DE L'ESTANY,17190,SERINYA,INDUSTRIAL,,Dades subjectes a secret estadístic.
2021,GIRONA,PLA DE L'ESTANY,17190,SERINYA,DOMÈSTIC,1706459,
2021,GIRONA,BAIX EMPORDA,17191,SERRA DE DARO,DOMÈSTIC,410167,
2021,GIRONA,SELVA,17193,SILS,DOMÈSTIC,6498975,
2021,GIRONA,SELVA,17193,SILS,SERVEIS,3355980,
2021,GIRONA,SELVA,17193,SILS,INDUSTRIAL,,Dades subjectes a secret estadístic.
2021,GIRONA,BAIX EMPORDA,17199,TORROELLA DE MONTGRI,SERVEIS,3445879,
2021,GIRONA,BAIX EMPORDA,17199,TORROELLA DE MONTGRI,DOMÈSTIC,14137135,
2021,GIRONA,BAIX EMPORDA,17199,TORROELLA DE MONTGRI,INDUSTRIAL,,Dades subjectes a secret estadístic.
2021,GIRONA,SELVA,17202,TOSSA DE MAR,DOMÈSTIC,5637819,
2021,GIRONA,SELVA,17202,TOSSA DE MAR,SERVEIS,4894853,
2021,GIRONA,BAIX EMPORDA,17204,ULLA,SERVEIS,,Dades subjectes a secret estadístic.
2021,GIRONA,BAIX EMPORDA,17204,ULLA,DOMÈSTIC,1621026,
2021,GIRONA,BAIX EMPORDA,17204,ULLA,INDUSTRIAL,,Dades subjectes a secret estadístic.
2021,GIRONA,GARROTXA,17207,"VALL D'EN BAS, LA",DOMÈSTIC,1088283,
2021,GIRONA,GARROTXA,17207,"VALL D'EN BAS, LA",SERVEIS,,Dades subjectes a secret estadístic.
2021,GIRONA,GARROTXA,17208,"VALL DE BIANYA, LA",INDUSTRIAL,,Dades subjectes a secret estadístic.
2021,GIRONA,GARROTXA,17208,"VALL DE BIANYA, LA",SERVEIS,401231,
2021,GIRONA,GARROTXA,17208,"VALL DE BIANYA, LA",DOMÈSTIC,1569198,
2021,GIRONA,BAIX EMPORDA,17209,VALL-LLOBREGA,SERVEIS,,Dades subjectes a secret estadístic.
2021,GIRONA,BAIX EMPORDA,17209,VALL-LLOBREGA,DOMÈSTIC,1589428,
2021,GIRONA,SELVA,17213,VIDRERES,DOMÈSTIC,10777679,
2021,GIRONA,SELVA,17213,VIDRERES,INDUSTRIAL,,Dades subjectes a secret estadístic.
2021,GIRONA,SELVA,17213,VIDRERES,SERVEIS,1169523,
2021,GIRONA,GIRONES,17215,VILABLAREIX,DOMÈSTIC,8045988,
2021,GIRONA,GIRONES,17215,VILABLAREIX,SERVEIS,715996,
2021,GIRONA,ALT EMPORDA,17221,VILAFANT,SERVEIS,4711912,
2021,GIRONA,ALT EMPORDA,17221,VILAFANT,DOMÈSTIC,8621961,
2021,GIRONA,BAIX EMPORDA,17902,FORALLAC,DOMÈSTIC,2570206,
2021,GIRONA,BAIX EMPORDA,17902,FORALLAC,SERVEIS,467594,
2021,LLEIDA,URGELL,25003,AGRAMUNT,INDUSTRIAL,,Dades subjectes a secret estadístic.
2021,LLEIDA,URGELL,25003,AGRAMUNT,SERVEIS,509396,
2021,LLEIDA,URGELL,25003,AGRAMUNT,DOMÈSTIC,6806000,
2021,LLEIDA,SEGRIA,25004,"ALAMUS, ELS",SERVEIS,,Dades subjectes a secret estadístic.
2021,LLEIDA,SEGRIA,25004,"ALAMUS, ELS",DOMÈSTIC,1042513,
2021,LLEIDA,SEGRIA,25007,ALBATARREC,SERVEIS,300349,
2021,LLEIDA,SEGRIA,25007,ALBATARREC,DOMÈSTIC,3805028,
2021,LLEIDA,SEGRIA,25011,ALCARRAS,SERVEIS,,Dades subjectes a secret estadístic.
2021,LLEIDA,SEGRIA,25011,ALCARRAS,DOMÈSTIC,22336300,
2021,LLEIDA,SEGRIA,25011,ALCARRAS,INDUSTRIAL,,Dades subjectes a secret estadístic.
2021,LLEIDA,SEGRIA,25012,ALCOLETGE,INDUSTRIAL,11767405,
2021,LLEIDA,SEGRIA,25012,ALCOLETGE,DOMÈSTIC,7829842,
2021,LLEIDA,SEGRIA,25012,ALCOLETGE,SERVEIS,1127014,
2021,LLEIDA,SEGRIA,25013,ALFARRAS,SERVEIS,1929523,
2021,LLEIDA,SEGRIA,25013,ALFARRAS,DOMÈSTIC,5682985,
2021,LLEIDA,SEGRIA,25016,ALGUAIRE,INDUSTRIAL,,Dades subjectes a secret estadístic.
2021,LLEIDA,SEGRIA,25016,ALGUAIRE,SERVEIS,547365,
2021,LLEIDA,SEGRIA,25016,ALGUAIRE,DOMÈSTIC,6032689,
2021,LLEIDA,SEGRIA,25019,ALMACELLES,INDUSTRIAL,,Dades subjectes a secret estadístic.
2021,LLEIDA,SEGRIA,25019,ALMACELLES,DOMÈSTIC,13662257,
2021,LLEIDA,SEGRIA,25019,ALMACELLES,SERVEIS,2374395,
2021,LLEIDA,SEGRIA,25021,ALMENAR,INDUSTRIAL,,Dades subjectes a secret estadístic.
2021,LLEIDA,SEGRIA,25021,ALMENAR,DOMÈSTIC,6484063,
2021,LLEIDA,SEGRIA,25021,ALMENAR,SERVEIS,690075,
2021,LLEIDA,SEGRIA,25023,ALPICAT,SERVEIS,2429411,
2021,LLEIDA,SEGRIA,25023,ALPICAT,DOMÈSTIC,16165518,
2021,LLEIDA,SEGRIA,25023,ALPICAT,INDUSTRIAL,,Dades subjectes a secret estadístic.
2021,LLEIDA,VAL D'ARAN,25025,NAUT ARAN,SERVEIS,3442439,
2021,LLEIDA,VAL D'ARAN,25025,NAUT ARAN,DOMÈSTIC,2763222,
2021,LLEIDA,URGELL,25027,ANGLESOLA,SERVEIS,,Dades subjectes a secret estadístic.
2021,LLEIDA,URGELL,25027,ANGLESOLA,DOMÈSTIC,2249318,
2021,LLEIDA,GARRIGUES,25029,ARBECA,DOMÈSTIC,236606,
2021,LLEIDA,GARRIGUES,25029,ARBECA,SERVEIS,,Dades subjectes a secret estadístic.
2021,LLEIDA,NOGUERA,25034,ARTESA DE SEGRE,SERVEIS,355703,
2021,LLEIDA,NOGUERA,25034,ARTESA DE SEGRE,DOMÈSTIC,4738058,
2021,LLEIDA,SEGRIA,25038,AITONA,DOMÈSTIC,1030372,
2021,LLEIDA,SEGRIA,25038,AITONA,SERVEIS,,Dades subjectes a secret estadístic.
2021,LLEIDA,NOGUERA,25040,BALAGUER,SERVEIS,11259322,
2021,LLEIDA,NOGUERA,25040,BALAGUER,DOMÈSTIC,29660605,
2021,LLEIDA,NOGUERA,25040,BALAGUER,INDUSTRIAL,35374117,
2021,LLEIDA,NOGUERA,25047,BELLCAIRE D'URGELL,SERVEIS,,Dades subjectes a secret estadístic.
2021,LLEIDA,NOGUERA,25047,BELLCAIRE D'URGELL,DOMÈSTIC,3014338,
2021,LLEIDA,NOGUERA,25047,BELLCAIRE D'URGELL,INDUSTRIAL,,Dades subjectes a secret estadístic.
2021,LLEIDA,PLA D'URGELL,25048,BELL-LLOC D'URGELL,SERVEIS,1116460,
2021,LLEIDA,PLA D'URGELL,25048,BELL-LLOC D'URGELL,INDUSTRIAL,,Dades subjectes a secret estadístic.
2021,LLEIDA,PLA D'URGELL,25048,BELL-LLOC D'URGELL,DOMÈSTIC,4765265,
2021,LLEIDA,URGELL,25050,BELLPUIG,SERVEIS,2163702,
2021,LLEIDA,URGELL,25050,BELLPUIG,DOMÈSTIC,11644480,
2021,LLEIDA,URGELL,25050,BELLPUIG,INDUSTRIAL,,Dades subjectes a secret estadístic.
2021,LLEIDA,PLA D'URGELL,25052,BELLVIS,DOMÈSTIC,1208313,
2021,LLEIDA,SEGRIA,25053,BENAVENT DE SEGRIA,DOMÈSTIC,2379826,
2021,LLEIDA,SEGRIA,25053,BENAVENT DE SEGRIA,SERVEIS,,Dades subjectes a secret estadístic.
2021,LLEIDA,GARRIGUES,25058,"BORGES BLANQUES, LES",SERVEIS,1591775,
2021,LLEIDA,GARRIGUES,25058,"BORGES BLANQUES, LES",INDUSTRIAL,,Dades subjectes a secret estadístic. Inclou el consum del sector energètic.
2021,LLEIDA,GARRIGUES,25058,"BORGES BLANQUES, LES",DOMÈSTIC,11466938,
2021,LLEIDA,VAL D'ARAN,25059,BOSSOST,DOMÈSTIC,1813075,
2021,LLEIDA,PLA D'URGELL,25068,CASTELLNOU DE SEANA,DOMÈSTIC,584304,
2021,LLEIDA,PLA D'URGELL,25068,CASTELLNOU DE SEANA,SERVEIS,,Dades subjectes a secret estadístic.
2021,LLEIDA,SEGARRA,25072,CERVERA,DOMÈSTIC,20527001,
2021,LLEIDA,SEGARRA,25072,CERVERA,INDUSTRIAL,58818420,
2021,LLEIDA,SEGARRA,25072,CERVERA,SERVEIS,6849529,
2021,LLEIDA,SEGRIA,25078,CORBINS,SERVEIS,,Dades subjectes a secret estadístic.
2021,LLEIDA,SEGRIA,25078,CORBINS,DOMÈSTIC,1434046,
2021,LLEIDA,GARRIGUES,25081,"ESPLUGA CALBA, L'",INDUSTRIAL,,Dades subjectes a secret estadístic.
2021,LLEIDA,GARRIGUES,25081,"ESPLUGA CALBA, L'",DOMÈSTIC,270896,
2021,LLEIDA,PLA D'URGELL,25093,FONDARELLA,SERVEIS,260988,
2021,LLEIDA,PLA D'URGELL,25093,FONDARELLA,INDUSTRIAL,,Dades subjectes a secret estadístic.
2021,LLEIDA,PLA D'URGELL,25093,FONDARELLA,DOMÈSTIC,1466935,
2021,LLEIDA,PLA D'URGELL,25099,GOLMES,DOMÈSTIC,3632848,
2021,LLEIDA,PLA D'URGELL,25099,GOLMES,SERVEIS,395863,
2021,LLEIDA,SEGARRA,25110,GUISSONA,SERVEIS,6308989,
2021,LLEIDA,SEGARRA,25110,GUISSONA,INDUSTRIAL,,Dades subjectes a secret estadístic.
2021,LLEIDA,SEGARRA,25110,GUISSONA,DOMÈSTIC,12537674,
2021,LLEIDA,PLA D'URGELL,25113,IVARS D'URGELL,DOMÈSTIC,1984354,
2021,LLEIDA,PLA D'URGELL,25113,IVARS D'URGELL,SERVEIS,,Dades subjectes a secret estadístic.
2021,LLEIDA,PLA D'URGELL,25113,IVARS D'URGELL,INDUSTRIAL,,Dades subjectes a secret estadístic.
2021,LLEIDA,GARRIGUES,25119,JUNEDA,DOMÈSTIC,5804059,
2021,LLEIDA,GARRIGUES,25119,JUNEDA,SERVEIS,649328803,
2021,LLEIDA,SEGRIA,25120,LLEIDA,INDUSTRIAL,124302165,
2021,LLEIDA,SEGRIA,25120,LLEIDA,SERVEIS,151300672,
2021,LLEIDA,SEGRIA,25120,LLEIDA,DOMÈSTIC,302247376,
2021,LLEIDA,PLA D'URGELL,25122,LINYOLA,DOMÈSTIC,3888495,
2021,LLEIDA,PLA D'URGELL,25122,LINYOLA,SERVEIS,131938,
2021,LLEIDA,PLA D'URGELL,25122,LINYOLA,INDUSTRIAL,,Dades subjectes a secret estadístic.
2021,LLEIDA,PLA D'URGELL,25135,MIRALCAMP,INDUSTRIAL,,Dades subjectes a secret estadístic.
2021,LLEIDA,PLA D'URGELL,25135,MIRALCAMP,SERVEIS,,Dades subjectes a secret estadístic.
2021,LLEIDA,PLA D'URGELL,25135,MIRALCAMP,DOMÈSTIC,2445201,
2021,LLEIDA,PLA D'URGELL,25137,MOLLERUSSA,SERVEIS,7695669,
2021,LLEIDA,PLA D'URGELL,25137,MOLLERUSSA,INDUSTRIAL,1022770760,
2021,LLEIDA,PLA D'URGELL,25137,MOLLERUSSA,DOMÈSTIC,33550808,
2021,LLEIDA,SOLSONES,25151,OLIUS,SERVEIS,,Dades subjectes a secret estadístic.
2021,LLEIDA,SOLSONES,25151,OLIUS,DOMÈSTIC,798134,
2021,LLEIDA,ALT URGELL,25155,ORGANYA,SERVEIS,,Dades subjectes a secret estadístic.
2021,LLEIDA,ALT URGELL,25155,ORGANYA,DOMÈSTIC,1005505,
2021,LLEIDA,PLA D'URGELL,25158,"PALAU D'ANGLESOLA, EL",DOMÈSTIC,3815289,
2021,LLEIDA,PLA D'URGELL,25158,"PALAU D'ANGLESOLA, EL",INDUSTRIAL,,Dades subjectes a secret estadístic.
2021,LLEIDA,PLA D'URGELL,25158,"PALAU D'ANGLESOLA, EL",SERVEIS,712955,
2021,LLEIDA,NOGUERA,25172,PONTS,DOMÈSTIC,5919771,
2021,LLEIDA,NOGUERA,25172,PONTS,SERVEIS,1356424,
2021,LLEIDA,PALLARS SOBIRA,25183,RIALP,SERVEIS,,Dades subjectes a secret estadístic.
2021,LLEIDA,PALLARS SOBIRA,25183,RIALP,DOMÈSTIC,961491,
2021,LLEIDA,SEGRIA,25189,ROSSELLO,INDUSTRIAL,,Dades subjectes a secret estadístic.
2021,LLEIDA,SEGRIA,25189,ROSSELLO,SERVEIS,615850,
2021,LLEIDA,SEGRIA,25189,ROSSELLO,DOMÈSTIC,7084326,
2021,LLEIDA,SEGARRA,25192,SANT GUIM DE FREIXENET,DOMÈSTIC,2545734,
2021,LLEIDA,SEGARRA,25192,SANT GUIM DE FREIXENET,SERVEIS,93306,
2021,LLEIDA,ALT URGELL,25203,"SEU D'URGELL, LA",INDUSTRIAL,,Dades subjectes a secret estadístic.
2021,LLEIDA,ALT URGELL,25203,"SEU D'URGELL, LA",SERVEIS,1624113,
2021,LLEIDA,ALT URGELL,25203,"SEU D'URGELL, LA",DOMÈSTIC,13309037,
2021,LLEIDA,SEGRIA,25204,SEROS,DOMÈSTIC,1398330,
2021,LLEIDA,SOLSONES,25207,SOLSONA,INDUSTRIAL,,Dades subjectes a secret estadístic.
2021,LLEIDA,SOLSONES,25207,SOLSONA,DOMÈSTIC,18141317,
2021,LLEIDA,SOLSONES,25207,SOLSONA,SERVEIS,1935793,
2021,LLEIDA,URGELL,25217,TARREGA,DOMÈSTIC,40621252,
2021,LLEIDA,URGELL,25217,TARREGA,SERVEIS,10104410,
2021,LLEIDA,URGELL,25217,TARREGA,INDUSTRIAL,,Dades subjectes a secret estadístic.
2021,LLEIDA,GARRIGUES,25218,TARRES,SERVEIS,,Dades subjectes a secret estadístic.
2021,LLEIDA,GARRIGUES,25218,TARRES,DOMÈSTIC,205767,
2021,LLEIDA,NOGUERA,25220,TERMENS,INDUSTRIAL,,Dades subjectes a secret estadístic.
2021,LLEIDA,SEGRIA,25228,TORREFARRERA,SERVEIS,3299953,
2021,LLEIDA,SEGRIA,25228,TORREFARRERA,DOMÈSTIC,13130000,
2021,LLEIDA,PLA D'URGELL,25230,TORREGROSSA,INDUSTRIAL,,Dades subjectes a secret estadístic.
2021,LLEIDA,PLA D'URGELL,25230,TORREGROSSA,SERVEIS,545572,
2021,LLEIDA,PLA D'URGELL,25230,TORREGROSSA,DOMÈSTIC,3435126,
2021,LLEIDA,NOGUERA,25231,TORRELAMEU,SERVEIS,366078,
2021,LLEIDA,NOGUERA,25231,TORRELAMEU,DOMÈSTIC,529159,
2021,LLEIDA,SEGRIA,25233,TORRE-SERONA,DOMÈSTIC,336019,
2021,LLEIDA,NOGUERA,25240,VALLFOGONA DE BALAGUER,INDUSTRIAL,37659123,
2021,LLEIDA,NOGUERA,25240,VALLFOGONA DE BALAGUER,SERVEIS,,Dades subjectes a secret estadístic.
2021,LLEIDA,NOGUERA,25240,VALLFOGONA DE BALAGUER,DOMÈSTIC,3801356,
2021,LLEIDA,URGELL,25244,VILAGRASSA,SERVEIS,,Dades subjectes a secret estadístic.
2021,LLEIDA,URGELL,25244,VILAGRASSA,DOMÈSTIC,643635,
2021,LLEIDA,SEGRIA,25251,VILANOVA DE SEGRIA,SERVEIS,,Dades subjectes a secret estadístic.
2021,LLEIDA,SEGRIA,25251,VILANOVA DE SEGRIA,DOMÈSTIC,1242250,
2021,LLEIDA,SEGRIA,25254,VILANOVA DE LA BARCA,SERVEIS,,Dades subjectes a secret estadístic.
2021,LLEIDA,SEGRIA,25254,VILANOVA DE LA BARCA,DOMÈSTIC,795520,
2021,LLEIDA,SEGARRA,25905,RIBERA D'ONDARA,SERVEIS,,Dades subjectes a secret estadístic.
2021,TARRAGONA,MONTSIA,43004,ALCANAR,SERVEIS,1251305,
2021,TARRAGONA,MONTSIA,43004,ALCANAR,DOMÈSTIC,4668966,
2021,TARRAGONA,ALT CAMP,43005,ALCOVER,SERVEIS,1531079,
2021,TARRAGONA,ALT CAMP,43005,ALCOVER,INDUSTRIAL,,Dades subjectes a secret estadístic.
2021,TARRAGONA,ALT CAMP,43005,ALCOVER,DOMÈSTIC,4490202,
2021,TARRAGONA,BAIX CAMP,43011,ALMOSTER,DOMÈSTIC,273242,
2021,TARRAGONA,TARRAGONES,43012,ALTAFULLA,DOMÈSTIC,8772550,
2021,TARRAGONA,TARRAGONES,43012,ALTAFULLA,SERVEIS,1370536,
2021,TARRAGONA,BAIX EBRE,43013,"AMETLLA DE MAR, L'",DOMÈSTIC,2064580,
2021,TARRAGONA,BAIX EBRE,43013,"AMETLLA DE MAR, L'",SERVEIS,1746174,
2021,TARRAGONA,MONTSIA,43014,AMPOSTA,SERVEIS,5587426,
2021,TARRAGONA,MONTSIA,43014,AMPOSTA,INDUSTRIAL,,Dades subjectes a secret estadístic.
2021,TARRAGONA,MONTSIA,43014,AMPOSTA,DOMÈSTIC,10413312,
2021,TARRAGONA,BAIX PENEDES,43016,"ARBOÇ, L'",SERVEIS,2571005,
2021,TARRAGONA,BAIX PENEDES,43016,"ARBOÇ, L'",INDUSTRIAL,60146635,
2021,TARRAGONA,BAIX PENEDES,43016,"ARBOÇ, L'",DOMÈSTIC,7569320,
2021,TARRAGONA,BAIX PENEDES,43020,BANYERES DEL PENEDES,SERVEIS,,Dades subjectes a secret estadístic.
2021,TARRAGONA,BAIX PENEDES,43020,BANYERES DEL PENEDES,DOMÈSTIC,1748242,
2021,TARRAGONA,BAIX PENEDES,43024,BELLVEI,DOMÈSTIC,2756816,
2021,TARRAGONA,BAIX PENEDES,43024,BELLVEI,INDUSTRIAL,12042654,
2021,TARRAGONA,BAIX PENEDES,43024,BELLVEI,SERVEIS,,Dades subjectes a secret estadístic.
2021,TARRAGONA,RIBERA D'EBRE,43026,BENISSANET,DOMÈSTIC,1645994,
2021,TARRAGONA,RIBERA D'EBRE,43026,BENISSANET,SERVEIS,,Dades subjectes a secret estadístic.
2021,TARRAGONA,BAIX PENEDES,43030,BONASTRE,SERVEIS,,Dades subjectes a secret estadístic.
2021,TARRAGONA,BAIX PENEDES,43030,BONASTRE,DOMÈSTIC,858055,
2021,TARRAGONA,BAIX PENEDES,43037,CALAFELL,DOMÈSTIC,30100581,
2021,TARRAGONA,BAIX PENEDES,43037,CALAFELL,SERVEIS,3985631,
2021,TARRAGONA,BAIX CAMP,43038,CAMBRILS,SERVEIS,12806733,
2021,TARRAGONA,BAIX CAMP,43038,CAMBRILS,DOMÈSTIC,44808142,
2021,TARRAGONA,BAIX CAMP,43042,CASTELLVELL DEL CAMP,DOMÈSTIC,2866389,
2021,TARRAGONA,BAIX CAMP,43042,CASTELLVELL DEL CAMP,SERVEIS,,Dades subjectes a secret estadístic.
2021,TARRAGONA,TARRAGONES,43043,"CATLLAR, EL",DOMÈSTIC,1279073,
2021,TARRAGONA,TARRAGONES,43043,"CATLLAR, EL",SERVEIS,,Dades subjectes a secret estadístic.
2021,TARRAGONA,MONTSIA,43044,"SENIA, LA",DOMÈSTIC,1756330,
2021,TARRAGONA,TARRAGONES,43047,CONSTANTI,INDUSTRIAL,3021948,
2021,TARRAGONA,TARRAGONES,43047,CONSTANTI,SERVEIS,19088831,
2021,TARRAGONA,TARRAGONES,43047,CONSTANTI,DOMÈSTIC,4442106,
2021,TARRAGONA,TARRAGONES,43050,CREIXELL,SERVEIS,,Dades subjectes a secret estadístic.
2021,TARRAGONA,TARRAGONES,43050,CREIXELL,DOMÈSTIC,3923598,
2021,TARRAGONA,BAIX PENEDES,43051,CUNIT,DOMÈSTIC,15293513,
2021,TARRAGONA,BAIX PENEDES,43051,CUNIT,SERVEIS,3424551,
2021,TARRAGONA,CONCA DE BARBERA,43054,"ESPLUGA DE FRANCOLI, L'",DOMÈSTIC,7154279,
2021,TARRAGONA,CONCA DE BARBERA,43054,"ESPLUGA DE FRANCOLI, L'",SERVEIS,2074538,
2021,TARRAGONA,PRIORAT,43055,FALSET,SERVEIS,,Dades subjectes a secret estadístic.
2021,TARRAGONA,PRIORAT,43055,FALSET,DOMÈSTIC,3289378,
2021,TARRAGONA,PRIORAT,43055,FALSET,INDUSTRIAL,,Dades subjectes a secret estadístic.
2021,TARRAGONA,TERRA ALTA,43064,GANDESA,DOMÈSTIC,4044346,
2021,TARRAGONA,TERRA ALTA,43064,GANDESA,SERVEIS,792499,
2021,TARRAGONA,ALT CAMP,43080,"MASO, LA",DOMÈSTIC,281170,
2021,TARRAGONA,CONCA DE BARBERA,43086,MONTBLANC,DOMÈSTIC,15487010,
2021,TARRAGONA,CONCA DE BARBERA,43086,MONTBLANC,INDUSTRIAL,245439326,
2021,TARRAGONA,CONCA DE BARBERA,43086,MONTBLANC,SERVEIS,2981501,
2021,TARRAGONA,BAIX CAMP,43092,MONT-ROIG DEL CAMP,SERVEIS,821931,
2021,TARRAGONA,BAIX CAMP,43092,MONT-ROIG DEL CAMP,DOMÈSTIC,4162926,
2021,TARRAGONA,RIBERA D'EBRE,43093,MORA D'EBRE,INDUSTRIAL,,Dades subjectes a secret estadístic.
2021,TARRAGONA,RIBERA D'EBRE,43093,MORA D'EBRE,SERVEIS,5672433,
2021,TARRAGONA,RIBERA D'EBRE,43093,MORA D'EBRE,DOMÈSTIC,8265863,
2021,TARRAGONA,RIBERA D'EBRE,43094,MORA LA NOVA,DOMÈSTIC,4637391,
2021,TARRAGONA,RIBERA D'EBRE,43094,MORA LA NOVA,INDUSTRIAL,,Dades subjectes a secret estadístic.
2021,TARRAGONA,RIBERA D'EBRE,43094,MORA LA NOVA,SERVEIS,598024,
2021,TARRAGONA,TARRAGONES,43095,"MORELL, EL",DOMÈSTIC,3164216,
2021,TARRAGONA,TARRAGONES,43095,"MORELL, EL",INDUSTRIAL,,Dades subjectes a secret estadístic.
2021,TARRAGONA,TARRAGONES,43095,"MORELL, EL",SERVEIS,826087,
2021,TARRAGONA,TARRAGONES,43100,"PALLARESOS, ELS",INDUSTRIAL,,Dades subjectes a secret estadístic.
2021,TARRAGONA,TARRAGONES,43100,"PALLARESOS, ELS",DOMÈSTIC,3759852,
2021,TARRAGONA,TARRAGONES,43100,"PALLARESOS, ELS",SERVEIS,2858127,
2021,TARRAGONA,BAIX EBRE,43104,"PERELLO, EL",DOMÈSTIC,1246713,
2021,TARRAGONA,BAIX EBRE,43104,"PERELLO, EL",SERVEIS,,Dades subjectes a secret estadístic.
2021,TARRAGONA,ALT CAMP,43108,"PLA DE SANTA MARIA, EL",INDUSTRIAL,,Dades subjectes a secret estadístic.
2021,TARRAGONA,ALT CAMP,43108,"PLA DE SANTA MARIA, EL",DOMÈSTIC,3755851,
2021,TARRAGONA,ALT CAMP,43108,"PLA DE SANTA MARIA, EL",SERVEIS,302928,
2021,TARRAGONA,TARRAGONES,43109,"POBLA DE MAFUMET, LA",INDUSTRIAL,7611806169,Inclou el consum del sector energètic.
2021,TARRAGONA,TARRAGONES,43109,"POBLA DE MAFUMET, LA",DOMÈSTIC,2844735,
2021,TARRAGONA,TARRAGONES,43109,"POBLA DE MAFUMET, LA",SERVEIS,1277478,
2021,TARRAGONA,TARRAGONES,43111,"POBLA DE MONTORNES, LA",SERVEIS,,Dades subjectes a secret estadístic.
2021,TARRAGONA,TARRAGONES,43111,"POBLA DE MONTORNES, LA",DOMÈSTIC,2366579,
2021,TARRAGONA,TARRAGONES,43111,"POBLA DE MONTORNES, LA",INDUSTRIAL,,Dades subjectes a secret estadístic.
2021,TARRAGONA,ALT CAMP,43119,PUIGPELAT,INDUSTRIAL,,Dades subjectes a secret estadístic.
2021,TARRAGONA,BAIX CAMP,43123,REUS,DOMÈSTIC,120691304,
2021,TARRAGONA,BAIX CAMP,43123,REUS,SERVEIS,46285809,Inclou el consum del sector transport.
2021,TARRAGONA,BAIX CAMP,43123,REUS,INDUSTRIAL,144364357,
2021,TARRAGONA,ALT CAMP,43124,"RIBA, LA",INDUSTRIAL,193957179,
2021,TARRAGONA,ALT CAMP,43124,"RIBA, LA",SERVEIS,334249,
2021,TARRAGONA,ALT CAMP,43124,"RIBA, LA",DOMÈSTIC,1384387,
2021,TARRAGONA,BAIX CAMP,43129,RIUDOMS,DOMÈSTIC,3962699,
2021,TARRAGONA,BAIX CAMP,43129,RIUDOMS,INDUSTRIAL,,Dades subjectes a secret estadístic.
2021,TARRAGONA,BAIX CAMP,43129,RIUDOMS,SERVEIS,700038,
2021,TARRAGONA,TARRAGONES,43131,RODA DE BERA,DOMÈSTIC,8047909,
2021,TARRAGONA,TARRAGONES,43131,RODA DE BERA,SERVEIS,1105156,
2021,TARRAGONA,TARRAGONES,43131,RODA DE BERA,INDUSTRIAL,,Dades subjectes a secret estadístic.
2021,TARRAGONA,BAIX EBRE,43133,ROQUETES,SERVEIS,1303709,
2021,TARRAGONA,BAIX EBRE,43133,ROQUETES,DOMÈSTIC,2514600,
2021,TARRAGONA,ALT CAMP,43134,"ROURELL, EL",DOMÈSTIC,169511,
2021,TARRAGONA,MONTSIA,43136,"RAPITA, LA",SERVEIS,2870185,
2021,TARRAGONA,MONTSIA,43136,"RAPITA, LA",INDUSTRIAL,,Dades subjectes a secret estadístic.
2021,TARRAGONA,MONTSIA,43136,"RAPITA, LA",DOMÈSTIC,4998338,
2021,TARRAGONA,BAIX PENEDES,43140,SANTA OLIVA,DOMÈSTIC,256873,
2021,TARRAGONA,BAIX PENEDES,43140,SANTA OLIVA,SERVEIS,,Dades subjectes a secret estadístic.
2021,TARRAGONA,CONCA DE BARBERA,43142,SARRAL,DOMÈSTIC,1596038,
2021,TARRAGONA,CONCA DE BARBERA,43142,SARRAL,INDUSTRIAL,,Dades subjectes a secret estadístic.
2021,TARRAGONA,CONCA DE BARBERA,43142,SARRAL,SERVEIS,,Dades subjectes a secret estadístic.
2021,TARRAGONA,BAIX CAMP,43145,"SELVA DEL CAMP, LA",SERVEIS,3235668,
2021,TARRAGONA,BAIX CAMP,43145,"SELVA DEL CAMP, LA",PRIMARI,,Dades subjectes a secret estadístic.
2021,TARRAGONA,BAIX CAMP,43145,"SELVA DEL CAMP, LA",INDUSTRIAL,69331643,
2021,TARRAGONA,BAIX CAMP,43145,"SELVA DEL CAMP, LA",DOMÈSTIC,7876038,
2021,TARRAGONA,TARRAGONES,43148,TARRAGONA,INDUSTRIAL,1355850368,Inclou el consum del sector energètic.
2021,TARRAGONA,TARRAGONES,43148,TARRAGONA,SERVEIS,71563670,
2021,TARRAGONA,TARRAGONES,43148,TARRAGONA,DOMÈSTIC,137911637,
2021,TARRAGONA,TARRAGONES,43148,TARRAGONA,CT RO,,Dades subjectes a secret estadístic. Inclou el consum de centrals tèrmiques de l'antic règim ordinari.
2021,TARRAGONA,RIBERA D'EBRE,43150,TIVISSA,DOMÈSTIC,1682304,
2021,TARRAGONA,TARRAGONES,43153,TORREDEMBARRA,SERVEIS,4032953,
2021,TARRAGONA,TARRAGONES,43153,TORREDEMBARRA,DOMÈSTIC,16180630,
2021,TARRAGONA,BAIX EBRE,43155,TORTOSA,DOMÈSTIC,19644524,
2021,TARRAGONA,BAIX EBRE,43155,TORTOSA,SERVEIS,22143662,
2021,TARRAGONA,BAIX EBRE,43155,TORTOSA,INDUSTRIAL,,Dades subjectes a secret estadístic.
2021,TARRAGONA,MONTSIA,43156,ULLDECONA,DOMÈSTIC,2805788,
2021,TARRAGONA,MONTSIA,43156,ULLDECONA,SERVEIS,,Dades subjectes a secret estadístic.
2021,TARRAGONA,MONTSIA,43156,ULLDECONA,INDUSTRIAL,11030893,
2021,TARRAGONA,ALT CAMP,43160,VALLMOLL,DOMÈSTIC,873514,
2021,TARRAGONA,ALT CAMP,43160,VALLMOLL,INDUSTRIAL,,Dades subjectes a secret estadístic.
2021,TARRAGONA,ALT CAMP,43160,VALLMOLL,SERVEIS,,Dades subjectes a secret estadístic.
2021,TARRAGONA,ALT CAMP,43161,VALLS,INDUSTRIAL,94602434,
2021,TARRAGONA,ALT CAMP,43161,VALLS,SERVEIS,10315664,
2021,TARRAGONA,ALT CAMP,43161,VALLS,DOMÈSTIC,24773209,
2021,TARRAGONA,BAIX CAMP,43162,VANDELLOS I L'HOSPITALET DE L'INFANT,CT RO,,Dades subjectes a secret estadístic. Inclou el consum de centrals tèrmiques de l'antic règim ordinari.
2021,TARRAGONA,BAIX CAMP,43162,VANDELLOS I L'HOSPITALET DE L'INFANT,DOMÈSTIC,2493886,
2021,TARRAGONA,BAIX CAMP,43162,VANDELLOS I L'HOSPITALET DE L'INFANT,SERVEIS,851767,
2021,TARRAGONA,BAIX PENEDES,43163,"VENDRELL, EL",DOMÈSTIC,45752879,
2021,TARRAGONA,BAIX PENEDES,43163,"VENDRELL, EL",SERVEIS,9198353,
2021,TARRAGONA,TARRAGONES,43166,VILALLONGA DEL CAMP,DOMÈSTIC,2114951,
2021,TARRAGONA,TARRAGONES,43166,VILALLONGA DEL CAMP,SERVEIS,,Dades subjectes a secret estadístic.
2021,TARRAGONA,TARRAGONES,43171,VILA-SECA,DOMÈSTIC,21648907,
2021,TARRAGONA,TARRAGONES,43171,VILA-SECA,SERVEIS,18744274,
2021,TARRAGONA,TARRAGONES,43171,VILA-SECA,INDUSTRIAL,944287470,
2021,TARRAGONA,BAIX CAMP,43178,VINYOLS I ELS ARCS,SERVEIS,,Dades subjectes a secret estadístic.
2021,TARRAGONA,BAIX CAMP,43178,VINYOLS I ELS ARCS,DOMÈSTIC,870611,
2021,TARRAGONA,BAIX EBRE,43904,"ALDEA, L'",INDUSTRIAL,,Dades subjectes a secret estadístic.
2021,TARRAGONA,BAIX EBRE,43904,"ALDEA, L'",DOMÈSTIC,747986,
2021,TARRAGONA,BAIX EBRE,43904,"ALDEA, L'",SERVEIS,,Dades subjectes a secret estadístic.
2021,TARRAGONA,TARRAGONES,43905,SALOU,SERVEIS,21643240,
2021,TARRAGONA,TARRAGONES,43905,SALOU,DOMÈSTIC,24187129,
2021,TARRAGONA,BAIX EBRE,43906,"AMPOLLA, L'",DOMÈSTIC,1328252,
2021,TARRAGONA,BAIX EBRE,43906,"AMPOLLA, L'",SERVEIS,,Dades subjectes a secret estadístic.
2021,TARRAGONA,TARRAGONES,43907,"CANONJA, LA",SERVEIS,1767705,
2021,TARRAGONA,TARRAGONES,43907,"CANONJA, LA",DOMÈSTIC,6128559,
2020,BARCELONA,BAIX LLOBREGAT,08001,ABRERA,SERVEIS,,Dades subjectes a secret estadístic.
2020,BARCELONA,BAIX LLOBREGAT,08001,ABRERA,DOMÈSTIC,16178489,
2020,BARCELONA,BAIX LLOBREGAT,08001,ABRERA,INDUSTRIAL,4570865,
2020,BARCELONA,MARESME,08003,ALELLA,SERVEIS,4304668,
2020,BARCELONA,MARESME,08003,ALELLA,DOMÈSTIC,27346958,
2020,BARCELONA,VALLES ORIENTAL,08005,"AMETLLA DEL VALLES, L'",SERVEIS,1675175,
2020,BARCELONA,VALLES ORIENTAL,08005,"AMETLLA DEL VALLES, L'",DOMÈSTIC,11773068,
2020,BARCELONA,MARESME,08006,ARENYS DE MAR,SERVEIS,6767455,
2020,BARCELONA,MARESME,08006,ARENYS DE MAR,INDUSTRIAL,,Dades subjectes a secret estadístic.
2020,BARCELONA,MARESME,08006,ARENYS DE MAR,DOMÈSTIC,25985232,
2020,BARCELONA,MARESME,08007,ARENYS DE MUNT,SERVEIS,3916562,
2020,BARCELONA,MARESME,08007,ARENYS DE MUNT,DOMÈSTIC,14914180,
2020,BARCELONA,MARESME,08007,ARENYS DE MUNT,INDUSTRIAL,,Dades subjectes a secret estadístic.
2020,BARCELONA,MARESME,08009,ARGENTONA,DOMÈSTIC,22507269,
2020,BARCELONA,MARESME,08009,ARGENTONA,INDUSTRIAL,17539165,
2020,BARCELONA,MARESME,08009,ARGENTONA,SERVEIS,2998274,
2020,BARCELONA,BAGES,08010,ARTES,INDUSTRIAL,13385618,
2020,BARCELONA,BAGES,08010,ARTES,SERVEIS,1648824,
2020,BARCELONA,BAGES,08010,ARTES,DOMÈSTIC,8161155,
2020,BARCELONA,BERGUEDA,08011,AVIA,SERVEIS,590265,
2020,BARCELONA,BERGUEDA,08011,AVIA,DOMÈSTIC,2951482,
2020,BARCELONA,ALT PENEDES,08013,AVINYONET DEL PENEDES,INDUSTRIAL,,Dades subjectes a secret estadístic.
2020,BARCELONA,VALLES ORIENTAL,08014,AIGUAFREDA,SERVEIS,1054632,
2020,BARCELONA,VALLES ORIENTAL,08014,AIGUAFREDA,DOMÈSTIC,7476533,
2020,BARCELONA,BARCELONES,08015,BADALONA,SERVEIS,51506484,
2020,BARCELONA,BARCELONES,08015,BADALONA,INDUSTRIAL,17467834,
2020,BARCELONA,BARCELONES,08015,BADALONA,DOMÈSTIC,225425314,
2020,BARCELONA,BERGUEDA,08016,BAGA,SERVEIS,,Dades subjectes a secret estadístic.
2020,BARCELONA,BERGUEDA,08016,BAGA,DOMÈSTIC,2353849,
2020,BARCELONA,OSONA,08017,BALENYA,SERVEIS,3457961,
2020,BARCELONA,OSONA,08017,BALENYA,INDUSTRIAL,,Dades subjectes a secret estadístic.
2020,BARCELONA,OSONA,08017,BALENYA,DOMÈSTIC,7466940,
2020,BARCELONA,BAGES,08018,BALSARENY,SERVEIS,,Dades subjectes a secret estadístic.
2020,BARCELONA,BAGES,08018,BALSARENY,INDUSTRIAL,,Dades subjectes a secret estadístic.
2020,BARCELONA,BAGES,08018,BALSARENY,DOMÈSTIC,6361775,
2020,BARCELONA,BARCELONES,08019,BARCELONA,SERVEIS,1265324507,Inclou el consum del sector transport.
2020,BARCELONA,BARCELONES,08019,BARCELONA,CT RO,,Dades subjectes a secret estadístic. Inclou el consum de centrals tèrmiques de l'antic règim ordinari.
2020,BARCELONA,BARCELONES,08019,BARCELONA,INDUSTRIAL,1163931520,
2020,BARCELONA,BARCELONES,08019,BARCELONA,DOMÈSTIC,2145950726,
2020,BARCELONA,BAIX LLOBREGAT,08020,BEGUES,SERVEIS,652003,
2020,BARCELONA,BAIX LLOBREGAT,08020,BEGUES,DOMÈSTIC,6684147,
2020,BARCELONA,BERGUEDA,08022,BERGA,INDUSTRIAL,,Dades subjectes a secret estadístic.
2020,BARCELONA,BERGUEDA,08022,BERGA,SERVEIS,5917635,
2020,BARCELONA,BERGUEDA,08022,BERGA,DOMÈSTIC,32696316,
2020,BARCELONA,VALLES ORIENTAL,08023,BIGUES I RIELLS,DOMÈSTIC,376082,
2020,BARCELONA,ANOIA,08028,CABRERA D'ANOIA,DOMÈSTIC,639534,
2020,BARCELONA,MARESME,08029,CABRERA DE MAR,INDUSTRIAL,27470986,
2020,BARCELONA,MARESME,08029,CABRERA DE MAR,SERVEIS,7523122,
2020,BARCELONA,MARESME,08029,CABRERA DE MAR,DOMÈSTIC,10761923,
2020,BARCELONA,MARESME,08030,CABRILS,DOMÈSTIC,24247106,
2020,BARCELONA,MARESME,08030,CABRILS,SERVEIS,2559768,
2020,BARCELONA,ANOIA,08031,CALAF,INDUSTRIAL,,Dades subjectes a secret estadístic.
2020,BARCELONA,ANOIA,08031,CALAF,SERVEIS,1827438,
2020,BARCELONA,ANOIA,08031,CALAF,DOMÈSTIC,7364031,
2020,BARCELONA,MARESME,08032,CALDES D'ESTRAC,SERVEIS,1884248,
2020,BARCELONA,MARESME,08032,CALDES D'ESTRAC,DOMÈSTIC,6827060,
2020,BARCELONA,VALLES ORIENTAL,08033,CALDES DE MONTBUI,DOMÈSTIC,17366796,
2020,BARCELONA,VALLES ORIENTAL,08033,CALDES DE MONTBUI,INDUSTRIAL,12385420,
2020,BARCELONA,VALLES ORIENTAL,08033,CALDES DE MONTBUI,SERVEIS,4129966,
2020,BARCELONA,MARESME,08035,CALELLA,SERVEIS,11620561,
2020,BARCELONA,MARESME,08035,CALELLA,DOMÈSTIC,21903355,
2020,BARCELONA,OSONA,08037,CALLDETENES,SERVEIS,697328,
2020,BARCELONA,OSONA,08037,CALLDETENES,DOMÈSTIC,4397147,
2020,BARCELONA,BAGES,08038,CALLUS,SERVEIS,532208,
2020,BARCELONA,BAGES,08038,CALLUS,DOMÈSTIC,3427289,
2020,BARCELONA,MARESME,08040,CANET DE MAR,INDUSTRIAL,,Dades subjectes a secret estadístic.
2020,BARCELONA,MARESME,08040,CANET DE MAR,SERVEIS,3925256,
2020,BARCELONA,MARESME,08040,CANET DE MAR,DOMÈSTIC,20467484,
2020,BARCELONA,VALLES ORIENTAL,08041,CANOVELLES,INDUSTRIAL,15900897,
2020,BARCELONA,VALLES ORIENTAL,08041,CANOVELLES,SERVEIS,3109508,
2020,BARCELONA,VALLES ORIENTAL,08041,CANOVELLES,DOMÈSTIC,22480659,
2020,BARCELONA,ANOIA,08044,CAPELLADES,INDUSTRIAL,,Dades subjectes a secret estadístic.
2020,BARCELONA,ANOIA,08044,CAPELLADES,SERVEIS,1329734,
2020,BARCELONA,ANOIA,08044,CAPELLADES,DOMÈSTIC,10963294,
2020,BARCELONA,VALLES ORIENTAL,08046,CARDEDEU,INDUSTRIAL,7143386,
2020,BARCELONA,VALLES ORIENTAL,08046,CARDEDEU,SERVEIS,3153238,
2020,BARCELONA,VALLES ORIENTAL,08046,CARDEDEU,DOMÈSTIC,33171376,
2020,BARCELONA,BAGES,08047,CARDONA,INDUSTRIAL,,Dades subjectes a secret estadístic.
2020,BARCELONA,BAGES,08047,CARDONA,SERVEIS,637041,
2020,BARCELONA,BAGES,08047,CARDONA,DOMÈSTIC,4733719,
2020,BARCELONA,BERGUEDA,08049,CASSERRES,INDUSTRIAL,,Dades subjectes a secret estadístic.
2020,BARCELONA,VALLES OCCIDENTAL,08051,CASTELLAR DEL VALLES,INDUSTRIAL,,Dades subjectes a secret estadístic.
2020,BARCELONA,VALLES OCCIDENTAL,08051,CASTELLAR DEL VALLES,SERVEIS,5663788,
2020,BARCELONA,VALLES OCCIDENTAL,08051,CASTELLAR DEL VALLES,DOMÈSTIC,48801597,
2020,BARCELONA,BAGES,08053,CASTELLBELL I EL VILAR,SERVEIS,737138,
2020,BARCELONA,BAGES,08053,CASTELLBELL I EL VILAR,DOMÈSTIC,4128932,
2020,BARCELONA,VALLES OCCIDENTAL,08054,CASTELLBISBAL,INDUSTRIAL,2090385932,
2020,BARCELONA,VALLES OCCIDENTAL,08054,CASTELLBISBAL,SERVEIS,8159579,
2020,BARCELONA,VALLES OCCIDENTAL,08054,CASTELLBISBAL,DOMÈSTIC,19455049,
2020,BARCELONA,BAIX LLOBREGAT,08056,CASTELLDEFELS,SERVEIS,25378803,Inclou el consum del sector transport.
2020,BARCELONA,BAIX LLOBREGAT,08056,CASTELLDEFELS,DOMÈSTIC,73640102,
2020,BARCELONA,ALT PENEDES,08058,CASTELLET I LA GORNAL,INDUSTRIAL,92252358,
2020,BARCELONA,ALT PENEDES,08058,CASTELLET I LA GORNAL,DOMÈSTIC,1589866,
2020,BARCELONA,BAGES,08061,CASTELLGALI,INDUSTRIAL,,Dades subjectes a secret estadístic.
2020,BARCELONA,BAGES,08061,CASTELLGALI,SERVEIS,333522,
2020,BARCELONA,BAGES,08061,CASTELLGALI,DOMÈSTIC,1697470,
2020,BARCELONA,MOIANES,08064,CASTELLTERÇOL,INDUSTRIAL,,Dades subjectes a secret estadístic.
2020,BARCELONA,MOIANES,08064,CASTELLTERÇOL,SERVEIS,607843,
2020,BARCELONA,MOIANES,08064,CASTELLTERÇOL,DOMÈSTIC,4368792,
2020,BARCELONA,BAIX LLOBREGAT,08066,CASTELLVI DE ROSANES,DOMÈSTIC,746852,
2020,BARCELONA,OSONA,08067,CENTELLES,INDUSTRIAL,22593503,
2020,BARCELONA,OSONA,08067,CENTELLES,SERVEIS,5082129,
2020,BARCELONA,OSONA,08067,CENTELLES,DOMÈSTIC,15902798,
2020,BARCELONA,BAIX LLOBREGAT,08068,CERVELLO,SERVEIS,2291301,
2020,BARCELONA,BAIX LLOBREGAT,08068,CERVELLO,DOMÈSTIC,15969358,
2020,BARCELONA,BAIX LLOBREGAT,08069,COLLBATO,SERVEIS,822824,
2020,BARCELONA,BAIX LLOBREGAT,08069,COLLBATO,DOMÈSTIC,8883965,
2020,BARCELONA,BAIX LLOBREGAT,08072,CORBERA DE LLOBREGAT,INDUSTRIAL,,Dades subjectes a secret estadístic.
2020,BARCELONA,BAIX LLOBREGAT,08072,CORBERA DE LLOBREGAT,DOMÈSTIC,15606966,
2020,BARCELONA,BAIX LLOBREGAT,08072,CORBERA DE LLOBREGAT,SERVEIS,1803138,
2020,BARCELONA,BAIX LLOBREGAT,08073,CORNELLA DE LLOBREGAT,SERVEIS,41038280,Inclou el consum del sector transport.
2020,BARCELONA,BAIX LLOBREGAT,08073,CORNELLA DE LLOBREGAT,INDUSTRIAL,29498284,
2020,BARCELONA,BAIX LLOBREGAT,08073,CORNELLA DE LLOBREGAT,DOMÈSTIC,76737684,
2020,BARCELONA,GARRAF,08074,CUBELLES,DOMÈSTIC,21259665,
2020,BARCELONA,GARRAF,08074,CUBELLES,SERVEIS,1489433,
2020,BARCELONA,MARESME,08075,DOSRIUS,SERVEIS,1184883,
2020,BARCELONA,MARESME,08075,DOSRIUS,INDUSTRIAL,37257178,
2020,BARCELONA,MARESME,08075,DOSRIUS,DOMÈSTIC,2849873,
2020,BARCELONA,BAIX LLOBREGAT,08076,ESPARREGUERA,SERVEIS,3267279,
2020,BARCELONA,BAIX LLOBREGAT,08076,ESPARREGUERA,INDUSTRIAL,22705300,
2020,BARCELONA,BAIX LLOBREGAT,08076,ESPARREGUERA,DOMÈSTIC,32041959,
2020,BARCELONA,BAIX LLOBREGAT,08077,ESPLUGUES DE LLOBREGAT,SERVEIS,32484328,
2020,BARCELONA,BAIX LLOBREGAT,08077,ESPLUGUES DE LLOBREGAT,INDUSTRIAL,,Dades subjectes a secret estadístic.
2020,BARCELONA,BAIX LLOBREGAT,08077,ESPLUGUES DE LLOBREGAT,DOMÈSTIC,63224841,
2020,BARCELONA,SELVA,08082,FOGARS DE LA SELVA,SERVEIS,,Dades subjectes a secret estadístic.
2020,BARCELONA,SELVA,08082,FOGARS DE LA SELVA,INDUSTRIAL,,Dades subjectes a secret estadístic.
2020,BARCELONA,SELVA,08082,FOGARS DE LA SELVA,DOMÈSTIC,2088445,
2020,BARCELONA,VALLES ORIENTAL,08086,"FRANQUESES DEL VALLES, LES",DOMÈSTIC,29799889,
2020,BARCELONA,VALLES ORIENTAL,08086,"FRANQUESES DEL VALLES, LES",INDUSTRIAL,138186640,
2020,BARCELONA,VALLES ORIENTAL,08086,"FRANQUESES DEL VALLES, LES",SERVEIS,13704885,
2020,BARCELONA,VALLES ORIENTAL,08088,"GARRIGA, LA",SERVEIS,6415654,
2020,BARCELONA,VALLES ORIENTAL,08088,"GARRIGA, LA",INDUSTRIAL,,Dades subjectes a secret estadístic.
2020,BARCELONA,VALLES ORIENTAL,08088,"GARRIGA, LA",DOMÈSTIC,38311489,
2020,BARCELONA,BAIX LLOBREGAT,08089,GAVA,SERVEIS,12000310,
2020,BARCELONA,BAIX LLOBREGAT,08089,GAVA,DOMÈSTIC,49481418,
2020,BARCELONA,BAIX LLOBREGAT,08089,GAVA,INDUSTRIAL,47956551,
2020,BARCELONA,ALT PENEDES,08091,GELIDA,INDUSTRIAL,,Dades subjectes a secret estadístic.
2020,BARCELONA,ALT PENEDES,08091,GELIDA,SERVEIS,435881,
2020,BARCELONA,ALT PENEDES,08091,GELIDA,DOMÈSTIC,7046022,
2020,BARCELONA,BERGUEDA,08092,GIRONELLA,DOMÈSTIC,9767435,
2020,BARCELONA,BERGUEDA,08092,GIRONELLA,SERVEIS,1220438,
2020,BARCELONA,ALT PENEDES,08094,"GRANADA, LA",DOMÈSTIC,2630651,
2020,BARCELONA,VALLES ORIENTAL,08096,GRANOLLERS,INDUSTRIAL,201242312,
2020,BARCELONA,VALLES ORIENTAL,08096,GRANOLLERS,SERVEIS,31748060,
2020,BARCELONA,VALLES ORIENTAL,08096,GRANOLLERS,DOMÈSTIC,97486518,
2020,BARCELONA,VALLES ORIENTAL,08097,GUALBA,INDUSTRIAL,,Dades subjectes a secret estadístic.
2020,BARCELONA,BAGES,08098,SANT SALVADOR DE GUARDIOLA,INDUSTRIAL,,Dades subjectes a secret estadístic.
2020,BARCELONA,BAGES,08098,SANT SALVADOR DE GUARDIOLA,SERVEIS,,Dades subjectes a secret estadístic.
2020,BARCELONA,BAGES,08098,SANT SALVADOR DE GUARDIOLA,DOMÈSTIC,3556873,
2020,BARCELONA,BERGUEDA,08099,GUARDIOLA DE BERGUEDA,SERVEIS,,Dades subjectes a secret estadístic.
2020,BARCELONA,BERGUEDA,08099,GUARDIOLA DE BERGUEDA,DOMÈSTIC,522776,
2020,BARCELONA,OSONA,08100,GURB,INDUSTRIAL,92415994,
2020,BARCELONA,OSONA,08100,GURB,DOMÈSTIC,4279825,
2020,BARCELONA,OSONA,08100,GURB,SERVEIS,580032,
2020,BARCELONA,BARCELONES,08101,"HOSPITALET DE LLOBREGAT, L'",SERVEIS,112246781,Inclou el consum del sector transport.
2020,BARCELONA,BARCELONES,08101,"HOSPITALET DE LLOBREGAT, L'",DOMÈSTIC,202752453,
2020,BARCELONA,BARCELONES,08101,"HOSPITALET DE LLOBREGAT, L'",INDUSTRIAL,11021773,
2020,BARCELONA,ANOIA,08102,IGUALADA,INDUSTRIAL,36450043,
2020,BARCELONA,ANOIA,08102,IGUALADA,SERVEIS,29161302,Inclou el consum del sector transport.
2020,BARCELONA,ANOIA,08102,IGUALADA,DOMÈSTIC,76546968,
2020,BARCELONA,VALLES ORIENTAL,08105,"LLAGOSTA, LA",DOMÈSTIC,15462293,
2020,BARCELONA,VALLES ORIENTAL,08105,"LLAGOSTA, LA",INDUSTRIAL,30332161,
2020,BARCELONA,VALLES ORIENTAL,08105,"LLAGOSTA, LA",SERVEIS,2230290,
2020,BARCELONA,VALLES ORIENTAL,08106,LLINARS DEL VALLES,SERVEIS,2382504,
2020,BARCELONA,VALLES ORIENTAL,08106,LLINARS DEL VALLES,DOMÈSTIC,16327170,
2020,BARCELONA,VALLES ORIENTAL,08106,LLINARS DEL VALLES,INDUSTRIAL,34462215,
2020,BARCELONA,VALLES ORIENTAL,08107,LLIÇA D'AMUNT,INDUSTRIAL,,Dades subjectes a secret estadístic.
2020,BARCELONA,VALLES ORIENTAL,08107,LLIÇA D'AMUNT,SERVEIS,4811789,
2020,BARCELONA,VALLES ORIENTAL,08107,LLIÇA D'AMUNT,DOMÈSTIC,14493431,
2020,BARCELONA,VALLES ORIENTAL,08108,LLIÇA DE VALL,INDUSTRIAL,32902202,
2020,BARCELONA,VALLES ORIENTAL,08108,LLIÇA DE VALL,SERVEIS,939199,
2020,BARCELONA,VALLES ORIENTAL,08108,LLIÇA DE VALL,DOMÈSTIC,8255363,
2020,BARCELONA,MARESME,08110,MALGRAT DE MAR,SERVEIS,4867040,
2020,BARCELONA,MARESME,08110,MALGRAT DE MAR,DOMÈSTIC,30384071,
2020,BARCELONA,MARESME,08110,MALGRAT DE MAR,INDUSTRIAL,64447258,
2020,BARCELONA,OSONA,08112,MANLLEU,INDUSTRIAL,23850494,
2020,BARCELONA,OSONA,08112,MANLLEU,DOMÈSTIC,30897873,
2020,BARCELONA,OSONA,08112,MANLLEU,SERVEIS,5648303,
2020,BARCELONA,BAGES,08113,MANRESA,DOMÈSTIC,161177438,
2020,BARCELONA,BAGES,08113,MANRESA,SERVEIS,54120561,
2020,BARCELONA,BAGES,08113,MANRESA,INDUSTRIAL,40817732,
2020,BARCELONA,BAIX LLOBREGAT,08114,MARTORELL,INDUSTRIAL,1833777589,
2020,BARCELONA,BAIX LLOBREGAT,08114,MARTORELL,DOMÈSTIC,40685239,
2020,BARCELONA,BAIX LLOBREGAT,08114,MARTORELL,SERVEIS,15835197,
2020,BARCELONA,VALLES ORIENTAL,08115,MARTORELLES,INDUSTRIAL,87674206,
2020,BARCELONA,VALLES ORIENTAL,08115,MARTORELLES,DOMÈSTIC,7352920,
2020,BARCELONA,VALLES ORIENTAL,08115,MARTORELLES,SERVEIS,538491,
2020,BARCELONA,OSONA,08116,"MASIES DE RODA, LES",DOMÈSTIC,184839,
2020,BARCELONA,OSONA,08117,"MASIES DE VOLTREGA, LES",DOMÈSTIC,4541511,
2020,BARCELONA,OSONA,08117,"MASIES DE VOLTREGA, LES",SERVEIS,1011600,
2020,BARCELONA,OSONA,08117,"MASIES DE VOLTREGA, LES",INDUSTRIAL,,Dades subjectes a secret estadístic.
2020,BARCELONA,MARESME,08118,"MASNOU, EL",DOMÈSTIC,40905204,
2020,BARCELONA,MARESME,08118,"MASNOU, EL",SERVEIS,6235799,
2020,BARCELONA,MARESME,08118,"MASNOU, EL",INDUSTRIAL,67733575,
2020,BARCELONA,ANOIA,08119,MASQUEFA,DOMÈSTIC,8610875,
2020,BARCELONA,ANOIA,08119,MASQUEFA,SERVEIS,1335588,
2020,BARCELONA,VALLES OCCIDENTAL,08120,MATADEPERA,DOMÈSTIC,33697764,
2020,BARCELONA,VALLES OCCIDENTAL,08120,MATADEPERA,SERVEIS,7048215,
2020,BARCELONA,MARESME,08121,MATARO,DOMÈSTIC,131431884,
2020,BARCELONA,MARESME,08121,MATARO,SERVEIS,34311612,Inclou el consum del sector transport.
2020,BARCELONA,MARESME,08121,MATARO,PRIMARI,,Dades subjectes a secret estadístic.
2020,BARCELONA,MARESME,08121,MATARO,INDUSTRIAL,36785839,
2020,BARCELONA,ALT PENEDES,08122,MEDIONA,DOMÈSTIC,3381185,
2020,BARCELONA,ALT PENEDES,08122,MEDIONA,INDUSTRIAL,,Dades subjectes a secret estadístic.
2020,BARCELONA,ALT PENEDES,08122,MEDIONA,SERVEIS,,Dades subjectes a secret estadístic.
2020,BARCELONA,BAIX LLOBREGAT,08123,MOLINS DE REI,DOMÈSTIC,36076970,
2020,BARCELONA,BAIX LLOBREGAT,08123,MOLINS DE REI,SERVEIS,6453379,
2020,BARCELONA,BAIX LLOBREGAT,08123,MOLINS DE REI,INDUSTRIAL,5689979,
2020,BARCELONA,VALLES ORIENTAL,08124,MOLLET DEL VALLES,INDUSTRIAL,175721033,
2020,BARCELONA,VALLES ORIENTAL,08124,MOLLET DEL VALLES,SERVEIS,15414751,
2020,BARCELONA,VALLES ORIENTAL,08124,MOLLET DEL VALLES,DOMÈSTIC,70684509,
2020,BARCELONA,VALLES OCCIDENTAL,08125,MONTCADA I REIXAC,DOMÈSTIC,51640191,
2020,BARCELONA,VALLES OCCIDENTAL,08125,MONTCADA I REIXAC,INDUSTRIAL,84965452,
2020,BARCELONA,VALLES OCCIDENTAL,08125,MONTCADA I REIXAC,SERVEIS,6546955,
2020,BARCELONA,MARESME,08126,MONTGAT,DOMÈSTIC,16485702,
2020,BARCELONA,MARESME,08126,MONTGAT,INDUSTRIAL,,Dades subjectes a secret estadístic.
2020,BARCELONA,MARESME,08126,MONTGAT,SERVEIS,1636748,
2020,BARCELONA,BAGES,08127,MONISTROL DE MONTSERRAT,INDUSTRIAL,,Dades subjectes a secret estadístic.
2020,BARCELONA,OSONA,08131,MONTESQUIU,SERVEIS,1039963,
2020,BARCELONA,OSONA,08131,MONTESQUIU,DOMÈSTIC,2349928,
2020,BARCELONA,VALLES ORIENTAL,08134,FIGARO-MONTMANY,SERVEIS,,Dades subjectes a secret estadístic.
2020,BARCELONA,VALLES ORIENTAL,08134,FIGARO-MONTMANY,DOMÈSTIC,3086193,
2020,BARCELONA,VALLES ORIENTAL,08135,MONTMELO,INDUSTRIAL,221131054,Inclou el consum del sector energètic.
2020,BARCELONA,VALLES ORIENTAL,08135,MONTMELO,SERVEIS,1818495,
2020,BARCELONA,VALLES ORIENTAL,08135,MONTMELO,DOMÈSTIC,14472006,
2020,BARCELONA,VALLES ORIENTAL,08136,MONTORNES DEL VALLES,INDUSTRIAL,83236779,
2020,BARCELONA,VALLES ORIENTAL,08136,MONTORNES DEL VALLES,SERVEIS,,Dades subjectes a secret estadístic.
2020,BARCELONA,VALLES ORIENTAL,08136,MONTORNES DEL VALLES,DOMÈSTIC,24767992,
2020,BARCELONA,MOIANES,08138,MOIA,INDUSTRIAL,,Dades subjectes a secret estadístic.
2020,BARCELONA,MOIANES,08138,MOIA,SERVEIS,1641302,
2020,BARCELONA,MOIANES,08138,MOIA,DOMÈSTIC,4479877,
2020,BARCELONA,BAGES,08140,NAVARCLES,SERVEIS,1674364,
2020,BARCELONA,BAGES,08140,NAVARCLES,DOMÈSTIC,11932063,
2020,BARCELONA,BAGES,08141,NAVAS,INDUSTRIAL,,Dades subjectes a secret estadístic.
2020,BARCELONA,BAGES,08141,NAVAS,SERVEIS,1739534,
2020,BARCELONA,BAGES,08141,NAVAS,DOMÈSTIC,12607570,
2020,BARCELONA,ANOIA,08143,ODENA,INDUSTRIAL,,Dades subjectes a secret estadístic.
2020,BARCELONA,ANOIA,08143,ODENA,DOMÈSTIC,4262093,
2020,BARCELONA,ANOIA,08143,ODENA,SERVEIS,366073,
2020,BARCELONA,ALT PENEDES,08145,OLERDOLA,INDUSTRIAL,31356465,
2020,BARCELONA,ALT PENEDES,08145,OLERDOLA,SERVEIS,6435727,
2020,BARCELONA,ALT PENEDES,08145,OLERDOLA,DOMÈSTIC,3637466,
2020,BARCELONA,BAIX LLOBREGAT,08147,OLESA DE MONTSERRAT,DOMÈSTIC,36025790,
2020,BARCELONA,BAIX LLOBREGAT,08147,OLESA DE MONTSERRAT,INDUSTRIAL,254670985,
2020,BARCELONA,BAIX LLOBREGAT,08147,OLESA DE MONTSERRAT,SERVEIS,4445618,
2020,BARCELONA,OSONA,08150,ORIS,INDUSTRIAL,,Dades subjectes a secret estadístic.
2020,BARCELONA,ALT PENEDES,08154,PACS DEL PENEDES,INDUSTRIAL,,Dades subjectes a secret estadístic.
2020,BARCELONA,MARESME,08155,PALAFOLLS,SERVEIS,13977390,
2020,BARCELONA,MARESME,08155,PALAFOLLS,INDUSTRIAL,91452299,
2020,BARCELONA,MARESME,08155,PALAFOLLS,PRIMARI,,Dades subjectes a secret estadístic.
2020,BARCELONA,MARESME,08155,PALAFOLLS,DOMÈSTIC,11641846,
2020,BARCELONA,VALLES OCCIDENTAL,08156,PALAU-SOLITA I PLEGAMANS,SERVEIS,8424664,
2020,BARCELONA,VALLES OCCIDENTAL,08156,PALAU-SOLITA I PLEGAMANS,INDUSTRIAL,44599510,
2020,BARCELONA,VALLES OCCIDENTAL,08156,PALAU-SOLITA I PLEGAMANS,DOMÈSTIC,25201643,
2020,BARCELONA,BAIX LLOBREGAT,08157,PALLEJA,SERVEIS,3145911,
2020,BARCELONA,BAIX LLOBREGAT,08157,PALLEJA,DOMÈSTIC,19015770,
2020,BARCELONA,BAIX LLOBREGAT,08158,"PAPIOL, EL",SERVEIS,,Dades subjectes a secret estadístic.
2020,BARCELONA,BAIX LLOBREGAT,08158,"PAPIOL, EL",INDUSTRIAL,,Dades subjectes a secret estadístic.
2020,BARCELONA,BAIX LLOBREGAT,08158,"PAPIOL, EL",DOMÈSTIC,8086996,
2020,BARCELONA,VALLES ORIENTAL,08159,PARETS DEL VALLES,DOMÈSTIC,33981219,
2020,BARCELONA,VALLES ORIENTAL,08159,PARETS DEL VALLES,INDUSTRIAL,245149811,
2020,BARCELONA,VALLES ORIENTAL,08159,PARETS DEL VALLES,SERVEIS,20831243,
2020,BARCELONA,ANOIA,08161,PIERA,INDUSTRIAL,,Dades subjectes a secret estadístic.
2020,BARCELONA,ANOIA,08161,PIERA,SERVEIS,2219072,
2020,BARCELONA,ANOIA,08161,PIERA,DOMÈSTIC,12877774,
2020,BARCELONA,ANOIA,08162,"HOSTALETS DE PIEROLA, ELS",SERVEIS,319443,
2020,BARCELONA,ANOIA,08162,"HOSTALETS DE PIEROLA, ELS",DOMÈSTIC,2356300,
2020,BARCELONA,MARESME,08163,PINEDA DE MAR,INDUSTRIAL,21525841,
2020,BARCELONA,MARESME,08163,PINEDA DE MAR,SERVEIS,4944299,
2020,BARCELONA,MARESME,08163,PINEDA DE MAR,DOMÈSTIC,31674363,
2020,BARCELONA,ANOIA,08165,"POBLA DE CLARAMUNT, LA",INDUSTRIAL,846274922,Inclou el consum del sector energètic.
2020,BARCELONA,ANOIA,08165,"POBLA DE CLARAMUNT, LA",SERVEIS,557060,
2020,BARCELONA,ANOIA,08165,"POBLA DE CLARAMUNT, LA",DOMÈSTIC,3148903,
2020,BARCELONA,VALLES OCCIDENTAL,08167,POLINYA,INDUSTRIAL,27911284,
2020,BARCELONA,VALLES OCCIDENTAL,08167,POLINYA,SERVEIS,5598634,
2020,BARCELONA,VALLES OCCIDENTAL,08167,POLINYA,DOMÈSTIC,13447413,
2020,BARCELONA,BAIX LLOBREGAT,08169,"PRAT DE LLOBREGAT, EL",INDUSTRIAL,530264224,
2020,BARCELONA,BAIX LLOBREGAT,08169,"PRAT DE LLOBREGAT, EL",SERVEIS,62802646,Inclou el consum del sector transport.
2020,BARCELONA,BAIX LLOBREGAT,08169,"PRAT DE LLOBREGAT, EL",DOMÈSTIC,61423751,
2020,BARCELONA,OSONA,08171,PRATS DE LLUÇANES,SERVEIS,194193,
2020,BARCELONA,OSONA,08171,PRATS DE LLUÇANES,DOMÈSTIC,1816033,
2020,BARCELONA,MARESME,08172,PREMIA DE MAR,SERVEIS,4940389,
2020,BARCELONA,MARESME,08172,PREMIA DE MAR,DOMÈSTIC,40314727,
2020,BARCELONA,BERGUEDA,08175,PUIG-REIG,INDUSTRIAL,,Dades subjectes a secret estadístic.
2020,BARCELONA,BERGUEDA,08175,PUIG-REIG,SERVEIS,2743484,
2020,BARCELONA,BERGUEDA,08175,PUIG-REIG,DOMÈSTIC,10976926,
2020,BARCELONA,VALLES OCCIDENTAL,08180,RIPOLLET,INDUSTRIAL,7069941,
2020,BARCELONA,VALLES OCCIDENTAL,08180,RIPOLLET,SERVEIS,7596238,
2020,BARCELONA,VALLES OCCIDENTAL,08180,RIPOLLET,DOMÈSTIC,47393343,
2020,BARCELONA,VALLES ORIENTAL,08181,"ROCA DEL VALLES, LA",INDUSTRIAL,,Dades subjectes a secret estadístic.
2020,BARCELONA,VALLES ORIENTAL,08181,"ROCA DEL VALLES, LA",SERVEIS,17392724,
2020,BARCELONA,VALLES ORIENTAL,08181,"ROCA DEL VALLES, LA",DOMÈSTIC,19671546,
2020,BARCELONA,BAGES,08182,"PONT DE VILOMARA I ROCAFORT, EL",INDUSTRIAL,,Dades subjectes a secret estadístic.
2020,BARCELONA,BAGES,08182,"PONT DE VILOMARA I ROCAFORT, EL",SERVEIS,817214,
2020,BARCELONA,BAGES,08182,"PONT DE VILOMARA I ROCAFORT, EL",DOMÈSTIC,8917591,
2020,BARCELONA,OSONA,08183,RODA DE TER,SERVEIS,1201263,
2020,BARCELONA,OSONA,08183,RODA DE TER,DOMÈSTIC,11059336,
2020,BARCELONA,VALLES OCCIDENTAL,08184,RUBI,INDUSTRIAL,155315465,
2020,BARCELONA,VALLES OCCIDENTAL,08184,RUBI,SERVEIS,15976975,
2020,BARCELONA,VALLES OCCIDENTAL,08184,RUBI,DOMÈSTIC,94754238,
2020,BARCELONA,VALLES OCCIDENTAL,08187,SABADELL,INDUSTRIAL,57508794,
2020,BARCELONA,VALLES OCCIDENTAL,08187,SABADELL,SERVEIS,99880266,
2020,BARCELONA,VALLES OCCIDENTAL,08187,SABADELL,DOMÈSTIC,341613502,
2020,BARCELONA,BAGES,08191,SALLENT,INDUSTRIAL,19792133,
2020,BARCELONA,BAGES,08191,SALLENT,SERVEIS,10383472,
2020,BARCELONA,BAGES,08191,SALLENT,DOMÈSTIC,15860364,
2020,BARCELONA,BAGES,08192,SANTPEDOR,INDUSTRIAL,16803020,
2020,BARCELONA,BAGES,08192,SANTPEDOR,SERVEIS,8217220,
2020,BARCELONA,BAGES,08192,SANTPEDOR,DOMÈSTIC,20100701,
2020,BARCELONA,BARCELONES,08194,SANT ADRIA DE BESOS,CT RO,,Dades subjectes a secret estadístic. Inclou el consum de centrals tèrmiques de l'antic règim ordinari.
2020,BARCELONA,BARCELONES,08194,SANT ADRIA DE BESOS,INDUSTRIAL,,Dades subjectes a secret estadístic.
2020,BARCELONA,BARCELONES,08194,SANT ADRIA DE BESOS,DOMÈSTIC,31734949,
2020,BARCELONA,BARCELONES,08194,SANT ADRIA DE BESOS,SERVEIS,32220310,
2020,BARCELONA,BAIX LLOBREGAT,08196,SANT ANDREU DE LA BARCA,INDUSTRIAL,27934231,
2020,BARCELONA,BAIX LLOBREGAT,08196,SANT ANDREU DE LA BARCA,DOMÈSTIC,38045870,
2020,BARCELONA,BAIX LLOBREGAT,08196,SANT ANDREU DE LA BARCA,SERVEIS,7935527,
2020,BARCELONA,MARESME,08197,SANT ANDREU DE LLAVANERES,PRIMARI,1974125,
2020,BARCELONA,MARESME,08197,SANT ANDREU DE LLAVANERES,SERVEIS,4135080,
2020,BARCELONA,MARESME,08197,SANT ANDREU DE LLAVANERES,DOMÈSTIC,30390507,
2020,BARCELONA,VALLES ORIENTAL,08198,SANT ANTONI DE VILAMAJOR,DOMÈSTIC,11203828,
2020,BARCELONA,VALLES ORIENTAL,08198,SANT ANTONI DE VILAMAJOR,INDUSTRIAL,,Dades subjectes a secret estadístic.
2020,BARCELONA,VALLES ORIENTAL,08198,SANT ANTONI DE VILAMAJOR,SERVEIS,1099582,
2020,BARCELONA,BAIX LLOBREGAT,08200,SANT BOI DE LLOBREGAT,SERVEIS,34664840,
2020,BARCELONA,BAIX LLOBREGAT,08200,SANT BOI DE LLOBREGAT,INDUSTRIAL,16359647,
2020,BARCELONA,BAIX LLOBREGAT,08200,SANT BOI DE LLOBREGAT,DOMÈSTIC,86018409,
2020,BARCELONA,VALLES ORIENTAL,08202,SANT CELONI,SERVEIS,6220524,
2020,BARCELONA,VALLES ORIENTAL,08202,SANT CELONI,INDUSTRIAL,177436432,
2020,BARCELONA,VALLES ORIENTAL,08202,SANT CELONI,DOMÈSTIC,32201232,
2020,BARCELONA,MARESME,08203,SANT CEBRIA DE VALLALTA,SERVEIS,,Dades subjectes a secret estadístic.
2020,BARCELONA,MARESME,08203,SANT CEBRIA DE VALLALTA,INDUSTRIAL,,Dades subjectes a secret estadístic.
2020,BARCELONA,MARESME,08203,SANT CEBRIA DE VALLALTA,DOMÈSTIC,3758917,
2020,BARCELONA,BAIX LLOBREGAT,08204,SANT CLIMENT DE LLOBREGAT,SERVEIS,,Dades subjectes a secret estadístic.
2020,BARCELONA,BAIX LLOBREGAT,08204,SANT CLIMENT DE LLOBREGAT,DOMÈSTIC,2002304,
2020,BARCELONA,VALLES OCCIDENTAL,08205,SANT CUGAT DEL VALLES,SERVEIS,191349505,
2020,BARCELONA,VALLES OCCIDENTAL,08205,SANT CUGAT DEL VALLES,INDUSTRIAL,56902124,
2020,BARCELONA,VALLES OCCIDENTAL,08205,SANT CUGAT DEL VALLES,DOMÈSTIC,228766024,
2020,BARCELONA,ALT PENEDES,08206,SANT CUGAT SESGARRIGUES,SERVEIS,271547,
2020,BARCELONA,ALT PENEDES,08206,SANT CUGAT SESGARRIGUES,DOMÈSTIC,1578654,
2020,BARCELONA,VALLES ORIENTAL,08207,SANT ESTEVE DE PALAUTORDERA,SERVEIS,,Dades subjectes a secret estadístic.
2020,BARCELONA,VALLES ORIENTAL,08207,SANT ESTEVE DE PALAUTORDERA,DOMÈSTIC,5522691,
2020,BARCELONA,BAIX LLOBREGAT,08208,SANT ESTEVE SESROVIRES,SERVEIS,27847254,
2020,BARCELONA,BAIX LLOBREGAT,08208,SANT ESTEVE SESROVIRES,INDUSTRIAL,33124692,
2020,BARCELONA,BAIX LLOBREGAT,08208,SANT ESTEVE SESROVIRES,DOMÈSTIC,14576760,
2020,BARCELONA,VALLES ORIENTAL,08209,SANT FOST DE CAMPSENTELLES,SERVEIS,5101165,
2020,BARCELONA,VALLES ORIENTAL,08209,SANT FOST DE CAMPSENTELLES,INDUSTRIAL,14961355,
2020,BARCELONA,VALLES ORIENTAL,08209,SANT FOST DE CAMPSENTELLES,DOMÈSTIC,12007988,
2020,BARCELONA,VALLES ORIENTAL,08210,SANT FELIU DE CODINES,SERVEIS,585847,
2020,BARCELONA,VALLES ORIENTAL,08210,SANT FELIU DE CODINES,DOMÈSTIC,5445970,
2020,BARCELONA,BAIX LLOBREGAT,08211,SANT FELIU DE LLOBREGAT,SERVEIS,15113617,
2020,BARCELONA,BAIX LLOBREGAT,08211,SANT FELIU DE LLOBREGAT,INDUSTRIAL,17420941,
2020,BARCELONA,BAIX LLOBREGAT,08211,SANT FELIU DE LLOBREGAT,DOMÈSTIC,54681523,
2020,BARCELONA,BAGES,08213,SANT FRUITOS DE BAGES,SERVEIS,7565627,
2020,BARCELONA,BAGES,08213,SANT FRUITOS DE BAGES,INDUSTRIAL,23334742,
2020,BARCELONA,BAGES,08213,SANT FRUITOS DE BAGES,DOMÈSTIC,20754564,
2020,BARCELONA,MARESME,08214,VILASSAR DE DALT,SERVEIS,2527495,
2020,BARCELONA,MARESME,08214,VILASSAR DE DALT,INDUSTRIAL,,Dades subjectes a secret estadístic.
2020,BARCELONA,MARESME,08214,VILASSAR DE DALT,PRIMARI,,Dades subjectes a secret estadístic.
2020,BARCELONA,MARESME,08214,VILASSAR DE DALT,DOMÈSTIC,19207392,
2020,BARCELONA,OSONA,08215,SANT HIPOLIT DE VOLTREGA,SERVEIS,727238,
2020,BARCELONA,OSONA,08215,SANT HIPOLIT DE VOLTREGA,DOMÈSTIC,6848668,
2020,BARCELONA,BAIX LLOBREGAT,08217,SANT JOAN DESPI,DOMÈSTIC,43446689,
2020,BARCELONA,BAIX LLOBREGAT,08217,SANT JOAN DESPI,INDUSTRIAL,11143671,
2020,BARCELONA,BAIX LLOBREGAT,08217,SANT JOAN DESPI,SERVEIS,18183086,
2020,BARCELONA,BAGES,08218,SANT JOAN DE VILATORRADA,SERVEIS,2676436,
2020,BARCELONA,BAGES,08218,SANT JOAN DE VILATORRADA,INDUSTRIAL,,Dades subjectes a secret estadístic.
2020,BARCELONA,BAGES,08218,SANT JOAN DE VILATORRADA,DOMÈSTIC,27139611,
2020,BARCELONA,MARESME,08219,VILASSAR DE MAR,DOMÈSTIC,38263202,
2020,BARCELONA,MARESME,08219,VILASSAR DE MAR,INDUSTRIAL,,Dades subjectes a secret estadístic.
2020,BARCELONA,MARESME,08219,VILASSAR DE MAR,PRIMARI,1807653,
2020,BARCELONA,MARESME,08219,VILASSAR DE MAR,SERVEIS,3916143,
2020,BARCELONA,OSONA,08220,SANT JULIA DE VILATORTA,SERVEIS,646029,
2020,BARCELONA,OSONA,08220,SANT JULIA DE VILATORTA,DOMÈSTIC,5552262,
2020,BARCELONA,BAIX LLOBREGAT,08221,SANT JUST DESVERN,SERVEIS,11810531,
2020,BARCELONA,BAIX LLOBREGAT,08221,SANT JUST DESVERN,INDUSTRIAL,13920663,
2020,BARCELONA,BAIX LLOBREGAT,08221,SANT JUST DESVERN,DOMÈSTIC,41627573,
2020,BARCELONA,ALT PENEDES,08222,SANT LLORENÇ D'HORTONS,DOMÈSTIC,657924,
2020,BARCELONA,ALT PENEDES,08222,SANT LLORENÇ D'HORTONS,SERVEIS,,Dades subjectes a secret estadístic.
2020,BARCELONA,OSONA,08224,SANT MARTI DE CENTELLES,SERVEIS,,Dades subjectes a secret estadístic.
2020,BARCELONA,OSONA,08224,SANT MARTI DE CENTELLES,DOMÈSTIC,2266679,
2020,BARCELONA,ANOIA,08228,SANT MARTI SESGUEIOLES,DOMÈSTIC,562868,
2020,BARCELONA,MARESME,08230,PREMIA DE DALT,DOMÈSTIC,23520293,
2020,BARCELONA,MARESME,08230,PREMIA DE DALT,INDUSTRIAL,,Dades subjectes a secret estadístic.
2020,BARCELONA,MARESME,08230,PREMIA DE DALT,SERVEIS,3240348,
2020,BARCELONA,MARESME,08230,PREMIA DE DALT,PRIMARI,4759129,
2020,BARCELONA,GARRAF,08231,SANT PERE DE RIBES,SERVEIS,11964466,
2020,BARCELONA,GARRAF,08231,SANT PERE DE RIBES,DOMÈSTIC,44010339,
2020,BARCELONA,ALT PENEDES,08232,SANT PERE DE RIUDEBITLLES,INDUSTRIAL,28108750,
2020,BARCELONA,ALT PENEDES,08232,SANT PERE DE RIUDEBITLLES,SERVEIS,,Dades subjectes a secret estadístic.
2020,BARCELONA,ALT PENEDES,08232,SANT PERE DE RIUDEBITLLES,DOMÈSTIC,6358232,
2020,BARCELONA,VALLES ORIENTAL,08234,SANT PERE DE VILAMAJOR,INDUSTRIAL,,Dades subjectes a secret estadístic.
2020,BARCELONA,VALLES ORIENTAL,08234,SANT PERE DE VILAMAJOR,SERVEIS,230020,
2020,BARCELONA,VALLES ORIENTAL,08234,SANT PERE DE VILAMAJOR,DOMÈSTIC,2770899,
2020,BARCELONA,MARESME,08235,SANT POL DE MAR,SERVEIS,461511,
2020,BARCELONA,MARESME,08235,SANT POL DE MAR,DOMÈSTIC,9622291,
2020,BARCELONA,ALT PENEDES,08236,SANT QUINTI DE MEDIONA,INDUSTRIAL,,Dades subjectes a secret estadístic.
2020,BARCELONA,ALT PENEDES,08236,SANT QUINTI DE MEDIONA,DOMÈSTIC,1580021,
2020,BARCELONA,OSONA,08237,SANT QUIRZE DE BESORA,INDUSTRIAL,,Dades subjectes a secret estadístic.
2020,BARCELONA,OSONA,08237,SANT QUIRZE DE BESORA,SERVEIS,452534,
2020,BARCELONA,OSONA,08237,SANT QUIRZE DE BESORA,DOMÈSTIC,4414756,
2020,BARCELONA,VALLES OCCIDENTAL,08238,SANT QUIRZE DEL VALLES,DOMÈSTIC,48103697,
2020,BARCELONA,VALLES OCCIDENTAL,08238,SANT QUIRZE DEL VALLES,SERVEIS,6519728,
2020,BARCELONA,VALLES OCCIDENTAL,08238,SANT QUIRZE DEL VALLES,INDUSTRIAL,11003278,
2020,BARCELONA,ALT PENEDES,08240,SANT SADURNI D'ANOIA,DOMÈSTIC,19279092,
2020,BARCELONA,ALT PENEDES,08240,SANT SADURNI D'ANOIA,SERVEIS,3689740,
2020,BARCELONA,ALT PENEDES,08240,SANT SADURNI D'ANOIA,INDUSTRIAL,,Dades subjectes a secret estadístic.
2020,BARCELONA,BAIX LLOBREGAT,08244,SANTA COLOMA DE CERVELLO,INDUSTRIAL,,Dades subjectes a secret estadístic.
2020,BARCELONA,BAIX LLOBREGAT,08244,SANTA COLOMA DE CERVELLO,SERVEIS,1162198,
2020,BARCELONA,BAIX LLOBREGAT,08244,SANTA COLOMA DE CERVELLO,DOMÈSTIC,12911662,
2020,BARCELONA,BARCELONES,08245,SANTA COLOMA DE GRAMENET,INDUSTRIAL,,Dades subjectes a secret estadístic.
2020,BARCELONA,BARCELONES,08245,SANTA COLOMA DE GRAMENET,DOMÈSTIC,105354963,
2020,BARCELONA,BARCELONES,08245,SANTA COLOMA DE GRAMENET,SERVEIS,24587013,
2020,BARCELONA,OSONA,08246,SANTA EUGENIA DE BERGA,INDUSTRIAL,73639041,
2020,BARCELONA,OSONA,08246,SANTA EUGENIA DE BERGA,DOMÈSTIC,2911553,
2020,BARCELONA,OSONA,08246,SANTA EUGENIA DE BERGA,SERVEIS,1000615,
2020,BARCELONA,VALLES ORIENTAL,08248,SANTA EULALIA DE RONÇANA,DOMÈSTIC,1251689,
2020,BARCELONA,ANOIA,08250,SANTA MARGARIDA DE MONTBUI,SERVEIS,1134739,
2020,BARCELONA,ANOIA,08250,SANTA MARGARIDA DE MONTBUI,DOMÈSTIC,13289660,
2020,BARCELONA,ALT PENEDES,08251,SANTA MARGARIDA I ELS MONJOS,SERVEIS,2114558,
2020,BARCELONA,ALT PENEDES,08251,SANTA MARGARIDA I ELS MONJOS,INDUSTRIAL,132555399,
2020,BARCELONA,ALT PENEDES,08251,SANTA MARGARIDA I ELS MONJOS,DOMÈSTIC,10652130,
2020,BARCELONA,VALLES OCCIDENTAL,08252,BARBERA DEL VALLES,DOMÈSTIC,48779497,
2020,BARCELONA,VALLES OCCIDENTAL,08252,BARBERA DEL VALLES,SERVEIS,13611578,
2020,BARCELONA,VALLES OCCIDENTAL,08252,BARBERA DEL VALLES,INDUSTRIAL,74317640,
2020,BARCELONA,VALLES ORIENTAL,08256,SANTA MARIA DE MARTORELLES,DOMÈSTIC,664756,
2020,BARCELONA,VALLES ORIENTAL,08259,SANTA MARIA DE PALAUTORDERA,DOMÈSTIC,15393909,
2020,BARCELONA,VALLES ORIENTAL,08259,SANTA MARIA DE PALAUTORDERA,INDUSTRIAL,,Dades subjectes a secret estadístic.
2020,BARCELONA,VALLES ORIENTAL,08259,SANTA MARIA DE PALAUTORDERA,SERVEIS,7407864,
2020,BARCELONA,VALLES OCCIDENTAL,08260,SANTA PERPETUA DE MOGODA,DOMÈSTIC,38592105,
2020,BARCELONA,VALLES OCCIDENTAL,08260,SANTA PERPETUA DE MOGODA,INDUSTRIAL,190547521,
2020,BARCELONA,VALLES OCCIDENTAL,08260,SANTA PERPETUA DE MOGODA,SERVEIS,16604637,
2020,BARCELONA,MARESME,08261,SANTA SUSANNA,SERVEIS,2970702,
2020,BARCELONA,MARESME,08261,SANTA SUSANNA,DOMÈSTIC,4482477,
2020,BARCELONA,BAGES,08262,SANT VICENÇ DE CASTELLET,SERVEIS,1931573,
2020,BARCELONA,BAGES,08262,SANT VICENÇ DE CASTELLET,DOMÈSTIC,20364837,
2020,BARCELONA,BAGES,08262,SANT VICENÇ DE CASTELLET,INDUSTRIAL,8405643,
2020,BARCELONA,BAIX LLOBREGAT,08263,SANT VICENÇ DELS HORTS,INDUSTRIAL,54776405,
2020,BARCELONA,BAIX LLOBREGAT,08263,SANT VICENÇ DELS HORTS,SERVEIS,3810356,
2020,BARCELONA,BAIX LLOBREGAT,08263,SANT VICENÇ DELS HORTS,DOMÈSTIC,31968807,
2020,BARCELONA,MARESME,08264,SANT VICENÇ DE MONTALT,DOMÈSTIC,20598247,
2020,BARCELONA,MARESME,08264,SANT VICENÇ DE MONTALT,SERVEIS,2121406,
2020,BARCELONA,OSONA,08265,SANT VICENÇ DE TORELLO,INDUSTRIAL,,Dades subjectes a secret estadístic.
2020,BARCELONA,OSONA,08265,SANT VICENÇ DE TORELLO,DOMÈSTIC,2509083,
2020,BARCELONA,OSONA,08265,SANT VICENÇ DE TORELLO,SERVEIS,649676,
2020,BARCELONA,VALLES OCCIDENTAL,08266,CERDANYOLA DEL VALLES,SERVEIS,145359238,
2020,BARCELONA,VALLES OCCIDENTAL,08266,CERDANYOLA DEL VALLES,INDUSTRIAL,52093897,
2020,BARCELONA,VALLES OCCIDENTAL,08266,CERDANYOLA DEL VALLES,DOMÈSTIC,104654980,
2020,BARCELONA,VALLES OCCIDENTAL,08267,SENTMENAT,INDUSTRIAL,,Dades subjectes a secret estadístic.
2020,BARCELONA,VALLES OCCIDENTAL,08267,SENTMENAT,SERVEIS,1406960,
2020,BARCELONA,VALLES OCCIDENTAL,08267,SENTMENAT,DOMÈSTIC,13610868,
2020,BARCELONA,OSONA,08269,SEVA,INDUSTRIAL,,Dades subjectes a secret estadístic.
2020,BARCELONA,OSONA,08269,SEVA,DOMÈSTIC,1273052,
2020,BARCELONA,GARRAF,08270,SITGES,SERVEIS,20523501,
2020,BARCELONA,GARRAF,08270,SITGES,DOMÈSTIC,55202941,
2020,BARCELONA,BAGES,08274,SURIA,INDUSTRIAL,,Dades subjectes a secret estadístic.
2020,BARCELONA,BAGES,08274,SURIA,SERVEIS,2050751,
2020,BARCELONA,BAGES,08274,SURIA,DOMÈSTIC,12709801,
2020,BARCELONA,OSONA,08278,TARADELL,SERVEIS,1882064,
2020,BARCELONA,OSONA,08278,TARADELL,INDUSTRIAL,,Dades subjectes a secret estadístic.
2020,BARCELONA,OSONA,08278,TARADELL,DOMÈSTIC,13890607,
2020,BARCELONA,VALLES OCCIDENTAL,08279,TERRASSA,INDUSTRIAL,86441361,
2020,BARCELONA,VALLES OCCIDENTAL,08279,TERRASSA,DOMÈSTIC,343559463,
2020,BARCELONA,VALLES OCCIDENTAL,08279,TERRASSA,SERVEIS,72831372,
2020,BARCELONA,MARESME,08281,TEIA,PRIMARI,,Dades subjectes a secret estadístic.
2020,BARCELONA,MARESME,08281,TEIA,SERVEIS,3024029,
2020,BARCELONA,MARESME,08281,TEIA,DOMÈSTIC,16225275,
2020,BARCELONA,MARESME,08282,TIANA,SERVEIS,2587660,
2020,BARCELONA,MARESME,08282,TIANA,DOMÈSTIC,20611246,
2020,BARCELONA,OSONA,08283,TONA,INDUSTRIAL,,Dades subjectes a secret estadístic.
2020,BARCELONA,OSONA,08283,TONA,SERVEIS,5046292,
2020,BARCELONA,OSONA,08283,TONA,DOMÈSTIC,19473408,
2020,BARCELONA,MARESME,08284,TORDERA,INDUSTRIAL,,Dades subjectes a secret estadístic.
2020,BARCELONA,MARESME,08284,TORDERA,SERVEIS,11208399,
2020,BARCELONA,MARESME,08284,TORDERA,DOMÈSTIC,21976287,
2020,BARCELONA,OSONA,08285,TORELLO,INDUSTRIAL,,Dades subjectes a secret estadístic.
2020,BARCELONA,OSONA,08285,TORELLO,SERVEIS,3370291,
2020,BARCELONA,OSONA,08285,TORELLO,DOMÈSTIC,29066059,
2020,BARCELONA,ANOIA,08286,"TORRE DE CLARAMUNT, LA",SERVEIS,247952,
2020,BARCELONA,ANOIA,08286,"TORRE DE CLARAMUNT, LA",DOMÈSTIC,3260600,
2020,BARCELONA,ALT PENEDES,08287,TORRELAVIT,SERVEIS,,Dades subjectes a secret estadístic.
2020,BARCELONA,ALT PENEDES,08287,TORRELAVIT,DOMÈSTIC,2290714,
2020,BARCELONA,BAIX LLOBREGAT,08289,TORRELLES DE LLOBREGAT,SERVEIS,83730,
2020,BARCELONA,BAIX LLOBREGAT,08289,TORRELLES DE LLOBREGAT,DOMÈSTIC,5624835,
2020,BARCELONA,VALLES OCCIDENTAL,08290,ULLASTRELL,DOMÈSTIC,1800565,
2020,BARCELONA,ANOIA,08292,VALLBONA D'ANOIA,INDUSTRIAL,,Dades subjectes a secret estadístic.
2020,BARCELONA,ANOIA,08292,VALLBONA D'ANOIA,DOMÈSTIC,2654498,
2020,BARCELONA,VALLES ORIENTAL,08294,VALLGORGUINA,DOMÈSTIC,921169,
2020,BARCELONA,BAIX LLOBREGAT,08295,VALLIRANA,SERVEIS,1752698,
2020,BARCELONA,BAIX LLOBREGAT,08295,VALLIRANA,DOMÈSTIC,15548060,
2020,BARCELONA,VALLES ORIENTAL,08296,VALLROMANES,SERVEIS,1139541,
2020,BARCELONA,VALLES ORIENTAL,08296,VALLROMANES,DOMÈSTIC,5367970,
2020,BARCELONA,OSONA,08298,VIC,INDUSTRIAL,76516289,
2020,BARCELONA,OSONA,08298,VIC,SERVEIS,48473613,
2020,BARCELONA,OSONA,08298,VIC,DOMÈSTIC,111673206,
2020,BARCELONA,VALLES OCCIDENTAL,08300,VILADECAVALLS,INDUSTRIAL,3764878,
2020,BARCELONA,VALLES OCCIDENTAL,08300,VILADECAVALLS,SERVEIS,,Dades subjectes a secret estadístic.
2020,BARCELONA,VALLES OCCIDENTAL,08300,VILADECAVALLS,DOMÈSTIC,12979552,
2020,BARCELONA,BAIX LLOBREGAT,08301,VILADECANS,INDUSTRIAL,,Dades subjectes a secret estadístic.
2020,BARCELONA,BAIX LLOBREGAT,08301,VILADECANS,SERVEIS,25116935,Inclou el consum del sector transport.
2020,BARCELONA,BAIX LLOBREGAT,08301,VILADECANS,DOMÈSTIC,69916664,
2020,BARCELONA,ANOIA,08302,VILANOVA DEL CAMI,INDUSTRIAL,,Dades subjectes a secret estadístic.
2020,BARCELONA,ANOIA,08302,VILANOVA DEL CAMI,SERVEIS,1773054,
2020,BARCELONA,ANOIA,08302,VILANOVA DEL CAMI,DOMÈSTIC,18967457,
2020,BARCELONA,ALT PENEDES,08305,VILAFRANCA DEL PENEDES,INDUSTRIAL,4743352,
2020,BARCELONA,ALT PENEDES,08305,VILAFRANCA DEL PENEDES,SERVEIS,13909716,
2020,BARCELONA,ALT PENEDES,08305,VILAFRANCA DEL PENEDES,DOMÈSTIC,65429298,
2020,BARCELONA,VALLES ORIENTAL,08306,VILALBA SASSERRA,SERVEIS,,Dades subjectes a secret estadístic.
2020,BARCELONA,VALLES ORIENTAL,08306,VILALBA SASSERRA,DOMÈSTIC,197360,
2020,BARCELONA,GARRAF,08307,VILANOVA I LA GELTRU,INDUSTRIAL,44579450,
2020,BARCELONA,GARRAF,08307,VILANOVA I LA GELTRU,SERVEIS,13700845,
2020,BARCELONA,GARRAF,08307,VILANOVA I LA GELTRU,DOMÈSTIC,83566041,
2020,BARCELONA,VALLES ORIENTAL,08902,VILANOVA DEL VALLES,SERVEIS,472516,
2020,BARCELONA,VALLES ORIENTAL,08902,VILANOVA DEL VALLES,DOMÈSTIC,6112378,
2020,BARCELONA,VALLES OCCIDENTAL,08904,BADIA DEL VALLES,SERVEIS,2887160,
2020,BARCELONA,VALLES OCCIDENTAL,08904,BADIA DEL VALLES,DOMÈSTIC,12396148,
2020,BARCELONA,BAIX LLOBREGAT,08905,"PALMA DE CERVELLO, LA",INDUSTRIAL,,Dades subjectes a secret estadístic.
2020,BARCELONA,BAIX LLOBREGAT,08905,"PALMA DE CERVELLO, LA",DOMÈSTIC,4369531,
2020,BARCELONA,BAIX LLOBREGAT,08905,"PALMA DE CERVELLO, LA",SERVEIS,450030,
2020,GIRONA,GIRONES,17002,AIGUAVIVA,INDUSTRIAL,25651967,
2020,GIRONA,GIRONES,17002,AIGUAVIVA,SERVEIS,738676,
2020,GIRONA,GIRONES,17002,AIGUAVIVA,DOMÈSTIC,1106561,
2020,GIRONA,GARROTXA,17010,ARGELAGUER,INDUSTRIAL,,Dades subjectes a secret estadístic.
2020,GIRONA,GARROTXA,17010,ARGELAGUER,PRIMARI,,Dades subjectes a secret estadístic.
2020,GIRONA,GARROTXA,17010,ARGELAGUER,SERVEIS,233204,
2020,GIRONA,GARROTXA,17010,ARGELAGUER,DOMÈSTIC,929247,
2020,GIRONA,BAIX EMPORDA,17013,BEGUR,DOMÈSTIC,247015,
2020,GIRONA,PLA DE L'ESTANY,17015,BANYOLES,INDUSTRIAL,,Dades subjectes a secret estadístic.
2020,GIRONA,PLA DE L'ESTANY,17015,BANYOLES,SERVEIS,10462049,
2020,GIRONA,PLA DE L'ESTANY,17015,BANYOLES,DOMÈSTIC,39080534,
2020,GIRONA,BAIX EMPORDA,17018,BELLCAIRE D'EMPORDA,DOMÈSTIC,1455412,
2020,GIRONA,GARROTXA,17019,BESALU,INDUSTRIAL,,Dades subjectes a secret estadístic.
2020,GIRONA,GARROTXA,17019,BESALU,SERVEIS,820646,
2020,GIRONA,GARROTXA,17019,BESALU,DOMÈSTIC,6276678,
2020,GIRONA,GIRONES,17020,BESCANO,SERVEIS,1161291,
2020,GIRONA,GIRONES,17020,BESCANO,DOMÈSTIC,8773865,
2020,GIRONA,GARROTXA,17021,BEUDA,INDUSTRIAL,,Dades subjectes a secret estadístic.
2020,GIRONA,BAIX EMPORDA,17022,"BISBAL D'EMPORDA, LA",INDUSTRIAL,,Dades subjectes a secret estadístic.
2020,GIRONA,BAIX EMPORDA,17022,"BISBAL D'EMPORDA, LA",SERVEIS,2166864,
2020,GIRONA,BAIX EMPORDA,17022,"BISBAL D'EMPORDA, LA",DOMÈSTIC,19968035,
2020,GIRONA,SELVA,17023,BLANES,INDUSTRIAL,,Dades subjectes a secret estadístic.
2020,GIRONA,SELVA,17023,BLANES,SERVEIS,10648950,
2020,GIRONA,SELVA,17023,BLANES,DOMÈSTIC,63653197,
2020,GIRONA,GIRONES,17025,BORDILS,SERVEIS,,Dades subjectes a secret estadístic.
2020,GIRONA,GIRONES,17025,BORDILS,DOMÈSTIC,3323705,
2020,GIRONA,SELVA,17027,BREDA,INDUSTRIAL,4472772,
2020,GIRONA,SELVA,17027,BREDA,SERVEIS,321609,
2020,GIRONA,SELVA,17027,BREDA,DOMÈSTIC,6308161,
2020,GIRONA,SELVA,17033,CALDES DE MALAVELLA,INDUSTRIAL,5116910,
2020,GIRONA,SELVA,17033,CALDES DE MALAVELLA,SERVEIS,4831558,
2020,GIRONA,SELVA,17033,CALDES DE MALAVELLA,DOMÈSTIC,12353073,
2020,GIRONA,BAIX EMPORDA,17034,CALONGE I SANT ANTONI,SERVEIS,3182170,
2020,GIRONA,BAIX EMPORDA,17034,CALONGE I SANT ANTONI,DOMÈSTIC,18137110,
2020,GIRONA,PLA DE L'ESTANY,17035,CAMOS,DOMÈSTIC,563541,
2020,GIRONA,RIPOLLES,17036,CAMPDEVANOL,INDUSTRIAL,3553292,
2020,GIRONA,RIPOLLES,17036,CAMPDEVANOL,SERVEIS,2298857,
2020,GIRONA,RIPOLLES,17036,CAMPDEVANOL,DOMÈSTIC,7536568,
2020,GIRONA,GIRONES,17038,CAMPLLONG,SERVEIS,,Dades subjectes a secret estadístic.
2020,GIRONA,GIRONES,17038,CAMPLLONG,DOMÈSTIC,594302,
2020,GIRONA,GIRONES,17044,CASSA DE LA SELVA,INDUSTRIAL,,Dades subjectes a secret estadístic.
2020,GIRONA,GIRONES,17044,CASSA DE LA SELVA,SERVEIS,3107694,
2020,GIRONA,GIRONES,17044,CASSA DE LA SELVA,DOMÈSTIC,16766369,
2020,GIRONA,GARROTXA,17046,CASTELLFOLLIT DE LA ROCA,SERVEIS,973732,
2020,GIRONA,GARROTXA,17046,CASTELLFOLLIT DE LA ROCA,DOMÈSTIC,2395253,
2020,GIRONA,ALT EMPORDA,17047,CASTELLO D'EMPURIES,DOMÈSTIC,6028020,
2020,GIRONA,ALT EMPORDA,17047,CASTELLO D'EMPURIES,SERVEIS,858634,
2020,GIRONA,BAIX EMPORDA,17048,CASTELL-PLATJA D'ARO,DOMÈSTIC,20145371,
2020,GIRONA,BAIX EMPORDA,17048,CASTELL-PLATJA D'ARO,SERVEIS,8796372,
2020,GIRONA,GIRONES,17049,CELRA,DOMÈSTIC,10966900,
2020,GIRONA,GIRONES,17049,CELRA,INDUSTRIAL,79230359,
2020,GIRONA,GIRONES,17049,CELRA,SERVEIS,1712693,
2020,GIRONA,PLA DE L'ESTANY,17056,CORNELLA DEL TERRI,SERVEIS,413422,
2020,GIRONA,PLA DE L'ESTANY,17056,CORNELLA DEL TERRI,INDUSTRIAL,32799484,
2020,GIRONA,PLA DE L'ESTANY,17056,CORNELLA DEL TERRI,DOMÈSTIC,2570697,
2020,GIRONA,BAIX EMPORDA,17057,CORÇA,SERVEIS,,Dades subjectes a secret estadístic.
2020,GIRONA,BAIX EMPORDA,17057,CORÇA,INDUSTRIAL,,Dades subjectes a secret estadístic.
2020,GIRONA,BAIX EMPORDA,17057,CORÇA,DOMÈSTIC,2112646,
2020,GIRONA,ALT EMPORDA,17062,"ESCALA, L'",SERVEIS,3057623,
2020,GIRONA,ALT EMPORDA,17062,"ESCALA, L'",DOMÈSTIC,12939904,
2020,GIRONA,ALT EMPORDA,17066,FIGUERES,SERVEIS,31487831,
2020,GIRONA,ALT EMPORDA,17066,FIGUERES,DOMÈSTIC,75912237,
2020,GIRONA,GIRONES,17067,FLAÇA,DOMÈSTIC,2161311,
2020,GIRONA,GIRONES,17067,FLAÇA,SERVEIS,,Dades subjectes a secret estadístic.
2020,GIRONA,PLA DE L'ESTANY,17071,FONTCOBERTA,DOMÈSTIC,954722,
2020,GIRONA,GIRONES,17073,FORNELLS DE LA SELVA,SERVEIS,1512847,
2020,GIRONA,GIRONES,17073,FORNELLS DE LA SELVA,DOMÈSTIC,4714315,
2020,GIRONA,GIRONES,17079,GIRONA,SERVEIS,70276204,
2020,GIRONA,GIRONES,17079,GIRONA,INDUSTRIAL,,Dades subjectes a secret estadístic.
2020,GIRONA,GIRONES,17079,GIRONA,DOMÈSTIC,213725125,
2020,GIRONA,BAIX EMPORDA,17081,GUALTA,SERVEIS,,Dades subjectes a secret estadístic.
2020,GIRONA,BAIX EMPORDA,17081,GUALTA,DOMÈSTIC,336507,
2020,GIRONA,SELVA,17083,HOSTALRIC,SERVEIS,317642,
2020,GIRONA,SELVA,17083,HOSTALRIC,INDUSTRIAL,33830261,
2020,GIRONA,SELVA,17083,HOSTALRIC,DOMÈSTIC,8469483,
2020,GIRONA,ALT EMPORDA,17086,"JONQUERA, LA",SERVEIS,2744156,
2020,GIRONA,ALT EMPORDA,17086,"JONQUERA, LA",DOMÈSTIC,3502891,
2020,GIRONA,GIRONES,17087,JUIA,INDUSTRIAL,,Dades subjectes a secret estadístic.
2020,GIRONA,GIRONES,17089,LLAGOSTERA,DOMÈSTIC,14010552,
2020,GIRONA,GIRONES,17089,LLAGOSTERA,SERVEIS,835050,
2020,GIRONA,SELVA,17095,LLORET DE MAR,SERVEIS,26122143,
2020,GIRONA,SELVA,17095,LLORET DE MAR,DOMÈSTIC,45932820,
2020,GIRONA,SELVA,17101,MASSANES,DOMÈSTIC,53207,
2020,GIRONA,SELVA,17101,MASSANES,INDUSTRIAL,30276845,
2020,GIRONA,SELVA,17103,MAÇANET DE LA SELVA,INDUSTRIAL,18069928,
2020,GIRONA,SELVA,17103,MAÇANET DE LA SELVA,SERVEIS,1966275,Inclou el consum del sector transport.
2020,GIRONA,SELVA,17103,MAÇANET DE LA SELVA,DOMÈSTIC,9233727,
2020,GIRONA,BAIX EMPORDA,17110,MONT-RAS,SERVEIS,,Dades subjectes a secret estadístic.
2020,GIRONA,BAIX EMPORDA,17110,MONT-RAS,DOMÈSTIC,2019243,
2020,GIRONA,ALT EMPORDA,17111,NAVATA,SERVEIS,,Dades subjectes a secret estadístic.
2020,GIRONA,ALT EMPORDA,17111,NAVATA,DOMÈSTIC,732903,
2020,GIRONA,GARROTXA,17114,OLOT,INDUSTRIAL,49621509,
2020,GIRONA,GARROTXA,17114,OLOT,SERVEIS,23549107,
2020,GIRONA,GARROTXA,17114,OLOT,DOMÈSTIC,75127816,
2020,GIRONA,BAIX EMPORDA,17117,PALAFRUGELL,SERVEIS,5545782,
2020,GIRONA,BAIX EMPORDA,17117,PALAFRUGELL,DOMÈSTIC,34076013,
2020,GIRONA,BAIX EMPORDA,17118,PALAMOS,INDUSTRIAL,,Dades subjectes a secret estadístic.
2020,GIRONA,BAIX EMPORDA,17118,PALAMOS,SERVEIS,7071314,
2020,GIRONA,BAIX EMPORDA,17118,PALAMOS,DOMÈSTIC,27849718,
2020,GIRONA,PLA DE L'ESTANY,17123,PALOL DE REVARDIT,INDUSTRIAL,,Dades subjectes a secret estadístic.
2020,GIRONA,BAIX EMPORDA,17126,PARLAVA,DOMÈSTIC,199167,
2020,GIRONA,BAIX EMPORDA,17130,"PERA, LA",INDUSTRIAL,,Dades subjectes a secret estadístic.
2020,GIRONA,PLA DE L'ESTANY,17137,PORQUERES,INDUSTRIAL,3332915,
2020,GIRONA,PLA DE L'ESTANY,17137,PORQUERES,SERVEIS,889969,
2020,GIRONA,PLA DE L'ESTANY,17137,PORQUERES,DOMÈSTIC,7798397,
2020,GIRONA,GARROTXA,17139,"PRESES, LES",DOMÈSTIC,2477804,
2020,GIRONA,GARROTXA,17139,"PRESES, LES",SERVEIS,794690,
2020,GIRONA,GARROTXA,17139,"PRESES, LES",INDUSTRIAL,5956983,
2020,GIRONA,CERDANYA,17141,PUIGCERDA,DOMÈSTIC,24819551,
2020,GIRONA,CERDANYA,17141,PUIGCERDA,SERVEIS,8352581,
2020,GIRONA,GIRONES,17142,QUART,SERVEIS,2769217,
2020,GIRONA,GIRONES,17142,QUART,DOMÈSTIC,5993384,
2020,GIRONA,SELVA,17146,RIELLS I VIABREA,DOMÈSTIC,1241581,
2020,GIRONA,SELVA,17146,RIELLS I VIABREA,INDUSTRIAL,11544112,
2020,GIRONA,SELVA,17146,RIELLS I VIABREA,SERVEIS,,Dades subjectes a secret estadístic.
2020,GIRONA,RIPOLLES,17147,RIPOLL,SERVEIS,7186871,
2020,GIRONA,RIPOLLES,17147,RIPOLL,INDUSTRIAL,39019184,
2020,GIRONA,RIPOLLES,17147,RIPOLL,DOMÈSTIC,25060504,
2020,GIRONA,SELVA,17148,RIUDARENES,SERVEIS,1115160,
2020,GIRONA,SELVA,17148,RIUDARENES,INDUSTRIAL,6123575,
2020,GIRONA,SELVA,17148,RIUDARENES,DOMÈSTIC,2937935,
2020,GIRONA,SELVA,17150,RIUDELLOTS DE LA SELVA,SERVEIS,7435180,
2020,GIRONA,SELVA,17150,RIUDELLOTS DE LA SELVA,INDUSTRIAL,138854302,
2020,GIRONA,SELVA,17150,RIUDELLOTS DE LA SELVA,DOMÈSTIC,3565205,
2020,GIRONA,ALT EMPORDA,17152,ROSES,DOMÈSTIC,14051154,
2020,GIRONA,ALT EMPORDA,17152,ROSES,SERVEIS,2707242,
2020,GIRONA,GIRONES,17155,SALT,INDUSTRIAL,,Dades subjectes a secret estadístic.
2020,GIRONA,GIRONES,17155,SALT,SERVEIS,21239642,
2020,GIRONA,GIRONES,17155,SALT,DOMÈSTIC,42788529,
2020,GIRONA,SELVA,17159,SANT FELIU DE BUIXALLEU,INDUSTRIAL,17159325,
2020,GIRONA,SELVA,17159,SANT FELIU DE BUIXALLEU,SERVEIS,,Dades subjectes a secret estadístic.
2020,GIRONA,BAIX EMPORDA,17160,SANT FELIU DE GUIXOLS,SERVEIS,8266520,
2020,GIRONA,BAIX EMPORDA,17160,SANT FELIU DE GUIXOLS,DOMÈSTIC,46178900,
2020,GIRONA,GIRONES,17163,SANT GREGORI,INDUSTRIAL,,Dades subjectes a secret estadístic.
2020,GIRONA,GIRONES,17163,SANT GREGORI,SERVEIS,954974,
2020,GIRONA,GIRONES,17163,SANT GREGORI,DOMÈSTIC,7123554,
2020,GIRONA,GARROTXA,17165,SANT JAUME DE LLIERCA,INDUSTRIAL,,Dades subjectes a secret estadístic.
2020,GIRONA,GARROTXA,17165,SANT JAUME DE LLIERCA,DOMÈSTIC,1371126,
2020,GIRONA,RIPOLLES,17167,SANT JOAN DE LES ABADESSES,INDUSTRIAL,,Dades subjectes a secret estadístic.
2020,GIRONA,RIPOLLES,17167,SANT JOAN DE LES ABADESSES,DOMÈSTIC,8842314,
2020,GIRONA,RIPOLLES,17167,SANT JOAN DE LES ABADESSES,SERVEIS,1772788,
2020,GIRONA,GIRONES,17168,SANT JOAN DE MOLLET,SERVEIS,,Dades subjectes a secret estadístic.
2020,GIRONA,GIRONES,17168,SANT JOAN DE MOLLET,DOMÈSTIC,706423,
2020,GIRONA,GIRONES,17169,SANT JULIA DE RAMIS,DOMÈSTIC,5305578,
2020,GIRONA,GIRONES,17169,SANT JULIA DE RAMIS,SERVEIS,245968,
2020,GIRONA,RIPOLLES,17177,SANT PAU DE SEGURIES,DOMÈSTIC,1195977,
2020,GIRONA,RIPOLLES,17177,SANT PAU DE SEGURIES,SERVEIS,,Dades subjectes a secret estadístic.
2020,GIRONA,SELVA,17180,SANTA COLOMA DE FARNERS,INDUSTRIAL,2733802,
2020,GIRONA,SELVA,17180,SANTA COLOMA DE FARNERS,DOMÈSTIC,19702545,
2020,GIRONA,SELVA,17180,SANTA COLOMA DE FARNERS,SERVEIS,1668103,
2020,GIRONA,BAIX EMPORDA,17181,SANTA CRISTINA D'ARO,DOMÈSTIC,9806086,
2020,GIRONA,BAIX EMPORDA,17181,SANTA CRISTINA D'ARO,SERVEIS,553721,
2020,GIRONA,ALT EMPORDA,17182,SANTA LLOGAIA D'ALGUEMA,DOMÈSTIC,184062,
2020,GIRONA,GARROTXA,17185,SANT JOAN LES FONTS,INDUSTRIAL,596036968,
2020,GIRONA,GARROTXA,17185,SANT JOAN LES FONTS,DOMÈSTIC,6352051,
2020,GIRONA,GARROTXA,17185,SANT JOAN LES FONTS,SERVEIS,1424343,
2020,GIRONA,GIRONES,17186,SARRIA DE TER,SERVEIS,528926,
2020,GIRONA,GIRONES,17186,SARRIA DE TER,INDUSTRIAL,,Dades subjectes a secret estadístic.
2020,GIRONA,GIRONES,17186,SARRIA DE TER,DOMÈSTIC,8339590,
2020,GIRONA,PLA DE L'ESTANY,17190,SERINYA,DOMÈSTIC,1594732,
2020,GIRONA,PLA DE L'ESTANY,17190,SERINYA,INDUSTRIAL,,Dades subjectes a secret estadístic.
2020,GIRONA,BAIX EMPORDA,17191,SERRA DE DARO,DOMÈSTIC,401202,
2020,GIRONA,SELVA,17193,SILS,SERVEIS,2031570,
2020,GIRONA,SELVA,17193,SILS,INDUSTRIAL,,Dades subjectes a secret estadístic.
2020,GIRONA,SELVA,17193,SILS,DOMÈSTIC,7576276,
2020,GIRONA,BAIX EMPORDA,17199,TORROELLA DE MONTGRI,DOMÈSTIC,12533846,
2020,GIRONA,BAIX EMPORDA,17199,TORROELLA DE MONTGRI,INDUSTRIAL,,Dades subjectes a secret estadístic.
2020,GIRONA,BAIX EMPORDA,17199,TORROELLA DE MONTGRI,SERVEIS,2856629,
2020,GIRONA,SELVA,17202,TOSSA DE MAR,SERVEIS,2816819,
2020,GIRONA,SELVA,17202,TOSSA DE MAR,DOMÈSTIC,4885949,
2020,GIRONA,BAIX EMPORDA,17204,ULLA,DOMÈSTIC,1442527,
2020,GIRONA,BAIX EMPORDA,17204,ULLA,SERVEIS,,Dades subjectes a secret estadístic.
2020,GIRONA,BAIX EMPORDA,17204,ULLA,INDUSTRIAL,,Dades subjectes a secret estadístic.
2020,GIRONA,GARROTXA,17207,"VALL D'EN BAS, LA",DOMÈSTIC,1082930,
2020,GIRONA,GARROTXA,17207,"VALL D'EN BAS, LA",SERVEIS,,Dades subjectes a secret estadístic.
2020,GIRONA,GARROTXA,17208,"VALL DE BIANYA, LA",INDUSTRIAL,,Dades subjectes a secret estadístic.
2020,GIRONA,GARROTXA,17208,"VALL DE BIANYA, LA",DOMÈSTIC,1453570,
2020,GIRONA,GARROTXA,17208,"VALL DE BIANYA, LA",SERVEIS,517315,
2020,GIRONA,BAIX EMPORDA,17209,VALL-LLOBREGA,DOMÈSTIC,1454653,
2020,GIRONA,BAIX EMPORDA,17209,VALL-LLOBREGA,SERVEIS,,Dades subjectes a secret estadístic.
2020,GIRONA,SELVA,17213,VIDRERES,SERVEIS,845567,
2020,GIRONA,SELVA,17213,VIDRERES,INDUSTRIAL,,Dades subjectes a secret estadístic.
2020,GIRONA,SELVA,17213,VIDRERES,DOMÈSTIC,10059368,
2020,GIRONA,GIRONES,17215,VILABLAREIX,SERVEIS,460475,
2020,GIRONA,GIRONES,17215,VILABLAREIX,DOMÈSTIC,6854179,
2020,GIRONA,ALT EMPORDA,17221,VILAFANT,SERVEIS,3890154,
2020,GIRONA,ALT EMPORDA,17221,VILAFANT,DOMÈSTIC,7410762,
2020,GIRONA,BAIX EMPORDA,17902,FORALLAC,SERVEIS,469012,
2020,GIRONA,BAIX EMPORDA,17902,FORALLAC,DOMÈSTIC,2260857,
2020,LLEIDA,URGELL,25003,AGRAMUNT,INDUSTRIAL,,Dades subjectes a secret estadístic.
2020,LLEIDA,URGELL,25003,AGRAMUNT,SERVEIS,418433,
2020,LLEIDA,URGELL,25003,AGRAMUNT,DOMÈSTIC,5955333,
2020,LLEIDA,SEGRIA,25004,"ALAMUS, ELS",SERVEIS,,Dades subjectes a secret estadístic.
2020,LLEIDA,SEGRIA,25004,"ALAMUS, ELS",DOMÈSTIC,1023964,
2020,LLEIDA,SEGRIA,25007,ALBATARREC,SERVEIS,,Dades subjectes a secret estadístic.
2020,LLEIDA,SEGRIA,25007,ALBATARREC,DOMÈSTIC,3479278,
2020,LLEIDA,SEGRIA,25011,ALCARRAS,DOMÈSTIC,20770714,
2020,LLEIDA,SEGRIA,25011,ALCARRAS,SERVEIS,,Dades subjectes a secret estadístic.
2020,LLEIDA,SEGRIA,25011,ALCARRAS,INDUSTRIAL,,Dades subjectes a secret estadístic.
2020,LLEIDA,SEGRIA,25012,ALCOLETGE,INDUSTRIAL,11592317,
2020,LLEIDA,SEGRIA,25012,ALCOLETGE,SERVEIS,1032065,
2020,LLEIDA,SEGRIA,25012,ALCOLETGE,DOMÈSTIC,7540786,
2020,LLEIDA,SEGRIA,25013,ALFARRAS,DOMÈSTIC,5482283,
2020,LLEIDA,SEGRIA,25013,ALFARRAS,SERVEIS,1829718,
2020,LLEIDA,SEGRIA,25016,ALGUAIRE,SERVEIS,569613,
2020,LLEIDA,SEGRIA,25016,ALGUAIRE,INDUSTRIAL,,Dades subjectes a secret estadístic.
2020,LLEIDA,SEGRIA,25016,ALGUAIRE,DOMÈSTIC,5789236,
2020,LLEIDA,SEGRIA,25019,ALMACELLES,INDUSTRIAL,,Dades subjectes a secret estadístic.
2020,LLEIDA,SEGRIA,25019,ALMACELLES,SERVEIS,2275115,
2020,LLEIDA,SEGRIA,25019,ALMACELLES,DOMÈSTIC,13292449,
2020,LLEIDA,SEGRIA,25021,ALMENAR,DOMÈSTIC,6322293,
2020,LLEIDA,SEGRIA,25021,ALMENAR,INDUSTRIAL,,Dades subjectes a secret estadístic.
2020,LLEIDA,SEGRIA,25021,ALMENAR,SERVEIS,599407,
2020,LLEIDA,SEGRIA,25023,ALPICAT,DOMÈSTIC,15062829,
2020,LLEIDA,SEGRIA,25023,ALPICAT,INDUSTRIAL,,Dades subjectes a secret estadístic.
2020,LLEIDA,SEGRIA,25023,ALPICAT,SERVEIS,2001841,
2020,LLEIDA,VAL D'ARAN,25025,NAUT ARAN,SERVEIS,3389860,
2020,LLEIDA,VAL D'ARAN,25025,NAUT ARAN,DOMÈSTIC,3592123,
2020,LLEIDA,URGELL,25027,ANGLESOLA,DOMÈSTIC,2075905,
2020,LLEIDA,URGELL,25027,ANGLESOLA,SERVEIS,196696,
2020,LLEIDA,GARRIGUES,25029,ARBECA,DOMÈSTIC,455148,
2020,LLEIDA,NOGUERA,25034,ARTESA DE SEGRE,SERVEIS,314782,
2020,LLEIDA,NOGUERA,25034,ARTESA DE SEGRE,DOMÈSTIC,4344250,
2020,LLEIDA,SEGRIA,25038,AITONA,SERVEIS,,Dades subjectes a secret estadístic.
2020,LLEIDA,SEGRIA,25038,AITONA,DOMÈSTIC,893059,
2020,LLEIDA,NOGUERA,25040,BALAGUER,INDUSTRIAL,30810530,
2020,LLEIDA,NOGUERA,25040,BALAGUER,SERVEIS,8853651,
2020,LLEIDA,NOGUERA,25040,BALAGUER,DOMÈSTIC,29116330,
2020,LLEIDA,NOGUERA,25047,BELLCAIRE D'URGELL,INDUSTRIAL,,Dades subjectes a secret estadístic.
2020,LLEIDA,NOGUERA,25047,BELLCAIRE D'URGELL,SERVEIS,,Dades subjectes a secret estadístic.
2020,LLEIDA,NOGUERA,25047,BELLCAIRE D'URGELL,DOMÈSTIC,2847716,
2020,LLEIDA,PLA D'URGELL,25048,BELL-LLOC D'URGELL,INDUSTRIAL,,Dades subjectes a secret estadístic.
2020,LLEIDA,PLA D'URGELL,25048,BELL-LLOC D'URGELL,SERVEIS,916877,
2020,LLEIDA,PLA D'URGELL,25048,BELL-LLOC D'URGELL,DOMÈSTIC,4881418,
2020,LLEIDA,URGELL,25050,BELLPUIG,INDUSTRIAL,,Dades subjectes a secret estadístic.
2020,LLEIDA,URGELL,25050,BELLPUIG,SERVEIS,2125203,
2020,LLEIDA,URGELL,25050,BELLPUIG,DOMÈSTIC,10997432,
2020,LLEIDA,PLA D'URGELL,25052,BELLVIS,DOMÈSTIC,1244329,
2020,LLEIDA,SEGRIA,25053,BENAVENT DE SEGRIA,DOMÈSTIC,2351284,
2020,LLEIDA,SEGRIA,25053,BENAVENT DE SEGRIA,SERVEIS,,Dades subjectes a secret estadístic.
2020,LLEIDA,GARRIGUES,25058,"BORGES BLANQUES, LES",SERVEIS,1276686,
2020,LLEIDA,GARRIGUES,25058,"BORGES BLANQUES, LES",DOMÈSTIC,10403422,
2020,LLEIDA,GARRIGUES,25058,"BORGES BLANQUES, LES",INDUSTRIAL,,Dades subjectes a secret estadístic. Inclou el consum del sector energètic.
2020,LLEIDA,VAL D'ARAN,25059,BOSSOST,DOMÈSTIC,2008250,
2020,LLEIDA,PLA D'URGELL,25068,CASTELLNOU DE SEANA,SERVEIS,,Dades subjectes a secret estadístic.
2020,LLEIDA,PLA D'URGELL,25068,CASTELLNOU DE SEANA,DOMÈSTIC,537344,
2020,LLEIDA,SEGARRA,25072,CERVERA,DOMÈSTIC,20368546,
2020,LLEIDA,SEGARRA,25072,CERVERA,INDUSTRIAL,56354766,
2020,LLEIDA,SEGARRA,25072,CERVERA,SERVEIS,5256126,
2020,LLEIDA,SEGRIA,25078,CORBINS,SERVEIS,,Dades subjectes a secret estadístic.
2020,LLEIDA,SEGRIA,25078,CORBINS,DOMÈSTIC,1234260,
2020,LLEIDA,GARRIGUES,25081,"ESPLUGA CALBA, L'",INDUSTRIAL,,Dades subjectes a secret estadístic.
2020,LLEIDA,GARRIGUES,25081,"ESPLUGA CALBA, L'",DOMÈSTIC,243938,
2020,LLEIDA,PLA D'URGELL,25093,FONDARELLA,SERVEIS,245419,
2020,LLEIDA,PLA D'URGELL,25093,FONDARELLA,INDUSTRIAL,,Dades subjectes a secret estadístic.
2020,LLEIDA,PLA D'URGELL,25093,FONDARELLA,DOMÈSTIC,1498155,
2020,LLEIDA,PLA D'URGELL,25099,GOLMES,SERVEIS,333003,
2020,LLEIDA,PLA D'URGELL,25099,GOLMES,DOMÈSTIC,2767097,
2020,LLEIDA,SEGARRA,25110,GUISSONA,SERVEIS,5007348,
2020,LLEIDA,SEGARRA,25110,GUISSONA,INDUSTRIAL,,Dades subjectes a secret estadístic.
2020,LLEIDA,SEGARRA,25110,GUISSONA,DOMÈSTIC,12417757,
2020,LLEIDA,PLA D'URGELL,25113,IVARS D'URGELL,INDUSTRIAL,,Dades subjectes a secret estadístic.
2020,LLEIDA,PLA D'URGELL,25113,IVARS D'URGELL,SERVEIS,,Dades subjectes a secret estadístic.
2020,LLEIDA,PLA D'URGELL,25113,IVARS D'URGELL,DOMÈSTIC,1914584,
2020,LLEIDA,GARRIGUES,25119,JUNEDA,SERVEIS,684743012,
2020,LLEIDA,GARRIGUES,25119,JUNEDA,DOMÈSTIC,6021732,
2020,LLEIDA,SEGRIA,25120,LLEIDA,DOMÈSTIC,268410680,
2020,LLEIDA,SEGRIA,25120,LLEIDA,INDUSTRIAL,114795506,
2020,LLEIDA,SEGRIA,25120,LLEIDA,SERVEIS,134030404,
2020,LLEIDA,PLA D'URGELL,25122,LINYOLA,SERVEIS,198501,
2020,LLEIDA,PLA D'URGELL,25122,LINYOLA,INDUSTRIAL,,Dades subjectes a secret estadístic.
2020,LLEIDA,PLA D'URGELL,25122,LINYOLA,DOMÈSTIC,3815626,
2020,LLEIDA,PLA D'URGELL,25135,MIRALCAMP,INDUSTRIAL,,Dades subjectes a secret estadístic.
2020,LLEIDA,PLA D'URGELL,25135,MIRALCAMP,SERVEIS,,Dades subjectes a secret estadístic.
2020,LLEIDA,PLA D'URGELL,25135,MIRALCAMP,DOMÈSTIC,1775398,
2020,LLEIDA,PLA D'URGELL,25137,MOLLERUSSA,SERVEIS,5808225,
2020,LLEIDA,PLA D'URGELL,25137,MOLLERUSSA,DOMÈSTIC,29400297,
2020,LLEIDA,PLA D'URGELL,25137,MOLLERUSSA,INDUSTRIAL,1068806048,
2020,LLEIDA,SOLSONES,25151,OLIUS,DOMÈSTIC,763406,
2020,LLEIDA,SOLSONES,25151,OLIUS,SERVEIS,,Dades subjectes a secret estadístic.
2020,LLEIDA,ALT URGELL,25155,ORGANYA,DOMÈSTIC,876566,
2020,LLEIDA,PLA D'URGELL,25158,"PALAU D'ANGLESOLA, EL",DOMÈSTIC,3605670,
2020,LLEIDA,PLA D'URGELL,25158,"PALAU D'ANGLESOLA, EL",INDUSTRIAL,,Dades subjectes a secret estadístic.
2020,LLEIDA,PLA D'URGELL,25158,"PALAU D'ANGLESOLA, EL",SERVEIS,644209,
2020,LLEIDA,NOGUERA,25172,PONTS,SERVEIS,1316110,
2020,LLEIDA,NOGUERA,25172,PONTS,DOMÈSTIC,5999214,
2020,LLEIDA,PALLARS SOBIRA,25183,RIALP,SERVEIS,,Dades subjectes a secret estadístic.
2020,LLEIDA,PALLARS SOBIRA,25183,RIALP,DOMÈSTIC,826984,
2020,LLEIDA,SEGRIA,25189,ROSSELLO,INDUSTRIAL,,Dades subjectes a secret estadístic.
2020,LLEIDA,SEGRIA,25189,ROSSELLO,SERVEIS,570115,
2020,LLEIDA,SEGRIA,25189,ROSSELLO,DOMÈSTIC,6516798,
2020,LLEIDA,SEGARRA,25192,SANT GUIM DE FREIXENET,SERVEIS,,Dades subjectes a secret estadístic.
2020,LLEIDA,SEGARRA,25192,SANT GUIM DE FREIXENET,DOMÈSTIC,1909959,
2020,LLEIDA,ALT URGELL,25203,"SEU D'URGELL, LA",INDUSTRIAL,,Dades subjectes a secret estadístic.
2020,LLEIDA,ALT URGELL,25203,"SEU D'URGELL, LA",SERVEIS,1797034,
2020,LLEIDA,ALT URGELL,25203,"SEU D'URGELL, LA",DOMÈSTIC,12710003,
2020,LLEIDA,SEGRIA,25204,SEROS,DOMÈSTIC,1063635,
2020,LLEIDA,SOLSONES,25207,SOLSONA,INDUSTRIAL,,Dades subjectes a secret estadístic.
2020,LLEIDA,SOLSONES,25207,SOLSONA,SERVEIS,1619084,
2020,LLEIDA,SOLSONES,25207,SOLSONA,DOMÈSTIC,16789328,
2020,LLEIDA,URGELL,25217,TARREGA,INDUSTRIAL,,Dades subjectes a secret estadístic.
2020,LLEIDA,URGELL,25217,TARREGA,SERVEIS,9292899,
2020,LLEIDA,URGELL,25217,TARREGA,DOMÈSTIC,40969000,
2020,LLEIDA,GARRIGUES,25218,TARRES,SERVEIS,,Dades subjectes a secret estadístic.
2020,LLEIDA,GARRIGUES,25218,TARRES,DOMÈSTIC,156843,
2020,LLEIDA,NOGUERA,25220,TERMENS,INDUSTRIAL,,Dades subjectes a secret estadístic.
2020,LLEIDA,SEGRIA,25228,TORREFARRERA,SERVEIS,2869937,
2020,LLEIDA,SEGRIA,25228,TORREFARRERA,DOMÈSTIC,12315241,
2020,LLEIDA,PLA D'URGELL,25230,TORREGROSSA,INDUSTRIAL,,Dades subjectes a secret estadístic.
2020,LLEIDA,PLA D'URGELL,25230,TORREGROSSA,SERVEIS,521162,
2020,LLEIDA,PLA D'URGELL,25230,TORREGROSSA,DOMÈSTIC,3319826,
2020,LLEIDA,NOGUERA,25231,TORRELAMEU,SERVEIS,360969,
2020,LLEIDA,NOGUERA,25231,TORRELAMEU,DOMÈSTIC,528774,
2020,LLEIDA,SEGRIA,25233,TORRE-SERONA,DOMÈSTIC,272590,
2020,LLEIDA,NOGUERA,25240,VALLFOGONA DE BALAGUER,INDUSTRIAL,38531862,
2020,LLEIDA,NOGUERA,25240,VALLFOGONA DE BALAGUER,SERVEIS,,Dades subjectes a secret estadístic.
2020,LLEIDA,NOGUERA,25240,VALLFOGONA DE BALAGUER,DOMÈSTIC,3669637,
2020,LLEIDA,URGELL,25244,VILAGRASSA,SERVEIS,,Dades subjectes a secret estadístic.
2020,LLEIDA,URGELL,25244,VILAGRASSA,DOMÈSTIC,622512,
2020,LLEIDA,SEGRIA,25251,VILANOVA DE SEGRIA,SERVEIS,,Dades subjectes a secret estadístic.
2020,LLEIDA,SEGRIA,25251,VILANOVA DE SEGRIA,DOMÈSTIC,1147444,
2020,LLEIDA,SEGRIA,25254,VILANOVA DE LA BARCA,SERVEIS,,Dades subjectes a secret estadístic.
2020,LLEIDA,SEGRIA,25254,VILANOVA DE LA BARCA,DOMÈSTIC,743178,
2020,LLEIDA,SEGARRA,25905,RIBERA D'ONDARA,SERVEIS,,Dades subjectes a secret estadístic.
2020,TARRAGONA,MONTSIA,43004,ALCANAR,DOMÈSTIC,4039693,
2020,TARRAGONA,MONTSIA,43004,ALCANAR,SERVEIS,1028749,
2020,TARRAGONA,ALT CAMP,43005,ALCOVER,SERVEIS,1780821,
2020,TARRAGONA,ALT CAMP,43005,ALCOVER,INDUSTRIAL,,Dades subjectes a secret estadístic.
2020,TARRAGONA,ALT CAMP,43005,ALCOVER,DOMÈSTIC,3738682,
2020,TARRAGONA,BAIX CAMP,43011,ALMOSTER,DOMÈSTIC,246406,
2020,TARRAGONA,TARRAGONES,43012,ALTAFULLA,DOMÈSTIC,8218125,
2020,TARRAGONA,TARRAGONES,43012,ALTAFULLA,SERVEIS,734148,
2020,TARRAGONA,BAIX EBRE,43013,"AMETLLA DE MAR, L'",SERVEIS,1268026,
2020,TARRAGONA,BAIX EBRE,43013,"AMETLLA DE MAR, L'",DOMÈSTIC,1773472,
2020,TARRAGONA,MONTSIA,43014,AMPOSTA,SERVEIS,4575846,
2020,TARRAGONA,MONTSIA,43014,AMPOSTA,INDUSTRIAL,,Dades subjectes a secret estadístic.
2020,TARRAGONA,MONTSIA,43014,AMPOSTA,DOMÈSTIC,8904504,
2020,TARRAGONA,BAIX PENEDES,43016,"ARBOÇ, L'",SERVEIS,2330606,
2020,TARRAGONA,BAIX PENEDES,43016,"ARBOÇ, L'",INDUSTRIAL,,Dades subjectes a secret estadístic.
2020,TARRAGONA,BAIX PENEDES,43016,"ARBOÇ, L'",DOMÈSTIC,7189759,
2020,TARRAGONA,BAIX PENEDES,43020,BANYERES DEL PENEDES,SERVEIS,,Dades subjectes a secret estadístic.
2020,TARRAGONA,BAIX PENEDES,43020,BANYERES DEL PENEDES,DOMÈSTIC,1532040,
2020,TARRAGONA,BAIX PENEDES,43024,BELLVEI,SERVEIS,,Dades subjectes a secret estadístic.
2020,TARRAGONA,BAIX PENEDES,43024,BELLVEI,INDUSTRIAL,11844567,
2020,TARRAGONA,BAIX PENEDES,43024,BELLVEI,DOMÈSTIC,2449736,
2020,TARRAGONA,RIBERA D'EBRE,43026,BENISSANET,DOMÈSTIC,1392980,
2020,TARRAGONA,RIBERA D'EBRE,43026,BENISSANET,SERVEIS,,Dades subjectes a secret estadístic.
2020,TARRAGONA,BAIX PENEDES,43030,BONASTRE,DOMÈSTIC,787833,
2020,TARRAGONA,BAIX PENEDES,43037,CALAFELL,DOMÈSTIC,26796410,
2020,TARRAGONA,BAIX PENEDES,43037,CALAFELL,SERVEIS,3823280,
2020,TARRAGONA,BAIX CAMP,43038,CAMBRILS,DOMÈSTIC,39564440,
2020,TARRAGONA,BAIX CAMP,43038,CAMBRILS,SERVEIS,9733998,
2020,TARRAGONA,BAIX CAMP,43042,CASTELLVELL DEL CAMP,DOMÈSTIC,2393811,
2020,TARRAGONA,BAIX CAMP,43042,CASTELLVELL DEL CAMP,SERVEIS,168095,
2020,TARRAGONA,TARRAGONES,43043,"CATLLAR, EL",DOMÈSTIC,1174504,
2020,TARRAGONA,TARRAGONES,43043,"CATLLAR, EL",SERVEIS,,Dades subjectes a secret estadístic.
2020,TARRAGONA,MONTSIA,43044,"SENIA, LA",DOMÈSTIC,1499628,
2020,TARRAGONA,TARRAGONES,43047,CONSTANTI,SERVEIS,14564544,
2020,TARRAGONA,TARRAGONES,43047,CONSTANTI,INDUSTRIAL,4829135,
2020,TARRAGONA,TARRAGONES,43047,CONSTANTI,DOMÈSTIC,3962974,
2020,TARRAGONA,TARRAGONES,43050,CREIXELL,SERVEIS,,Dades subjectes a secret estadístic.
2020,TARRAGONA,TARRAGONES,43050,CREIXELL,DOMÈSTIC,3471176,
2020,TARRAGONA,BAIX PENEDES,43051,CUNIT,SERVEIS,2825773,
2020,TARRAGONA,BAIX PENEDES,43051,CUNIT,DOMÈSTIC,12747160,
2020,TARRAGONA,CONCA DE BARBERA,43054,"ESPLUGA DE FRANCOLI, L'",SERVEIS,1953421,
2020,TARRAGONA,CONCA DE BARBERA,43054,"ESPLUGA DE FRANCOLI, L'",DOMÈSTIC,6148738,
2020,TARRAGONA,PRIORAT,43055,FALSET,INDUSTRIAL,,Dades subjectes a secret estadístic.
2020,TARRAGONA,PRIORAT,43055,FALSET,SERVEIS,,Dades subjectes a secret estadístic.
2020,TARRAGONA,PRIORAT,43055,FALSET,DOMÈSTIC,2774533,
2020,TARRAGONA,TERRA ALTA,43064,GANDESA,DOMÈSTIC,3495191,
2020,TARRAGONA,TERRA ALTA,43064,GANDESA,SERVEIS,567517,
2020,TARRAGONA,ALT CAMP,43080,"MASO, LA",DOMÈSTIC,251142,
2020,TARRAGONA,CONCA DE BARBERA,43086,MONTBLANC,INDUSTRIAL,238254406,
2020,TARRAGONA,CONCA DE BARBERA,43086,MONTBLANC,SERVEIS,2819766,
2020,TARRAGONA,CONCA DE BARBERA,43086,MONTBLANC,DOMÈSTIC,13698438,
2020,TARRAGONA,BAIX CAMP,43092,MONT-ROIG DEL CAMP,SERVEIS,663142,
2020,TARRAGONA,BAIX CAMP,43092,MONT-ROIG DEL CAMP,DOMÈSTIC,3805506,
2020,TARRAGONA,RIBERA D'EBRE,43093,MORA D'EBRE,DOMÈSTIC,7309358,
2020,TARRAGONA,RIBERA D'EBRE,43093,MORA D'EBRE,INDUSTRIAL,,Dades subjectes a secret estadístic.
2020,TARRAGONA,RIBERA D'EBRE,43093,MORA D'EBRE,SERVEIS,5062688,
2020,TARRAGONA,RIBERA D'EBRE,43094,MORA LA NOVA,INDUSTRIAL,,Dades subjectes a secret estadístic.
2020,TARRAGONA,RIBERA D'EBRE,43094,MORA LA NOVA,SERVEIS,624239,
2020,TARRAGONA,RIBERA D'EBRE,43094,MORA LA NOVA,DOMÈSTIC,4061103,
2020,TARRAGONA,TARRAGONES,43095,"MORELL, EL",INDUSTRIAL,,Dades subjectes a secret estadístic.
2020,TARRAGONA,TARRAGONES,43095,"MORELL, EL",SERVEIS,596935,
2020,TARRAGONA,TARRAGONES,43095,"MORELL, EL",DOMÈSTIC,2803254,
2020,TARRAGONA,TARRAGONES,43100,"PALLARESOS, ELS",INDUSTRIAL,,Dades subjectes a secret estadístic.
2020,TARRAGONA,TARRAGONES,43100,"PALLARESOS, ELS",DOMÈSTIC,3158725,
2020,TARRAGONA,TARRAGONES,43100,"PALLARESOS, ELS",SERVEIS,2779061,
2020,TARRAGONA,BAIX EBRE,43104,"PERELLO, EL",SERVEIS,,Dades subjectes a secret estadístic.
2020,TARRAGONA,BAIX EBRE,43104,"PERELLO, EL",DOMÈSTIC,1225191,
2020,TARRAGONA,ALT CAMP,43108,"PLA DE SANTA MARIA, EL",SERVEIS,277879,
2020,TARRAGONA,ALT CAMP,43108,"PLA DE SANTA MARIA, EL",INDUSTRIAL,,Dades subjectes a secret estadístic.
2020,TARRAGONA,ALT CAMP,43108,"PLA DE SANTA MARIA, EL",DOMÈSTIC,3141698,
2020,TARRAGONA,TARRAGONES,43109,"POBLA DE MAFUMET, LA",DOMÈSTIC,2576394,
2020,TARRAGONA,TARRAGONES,43109,"POBLA DE MAFUMET, LA",SERVEIS,1004919,
2020,TARRAGONA,TARRAGONES,43109,"POBLA DE MAFUMET, LA",INDUSTRIAL,6380011072,Inclou el consum del sector energètic.
2020,TARRAGONA,TARRAGONES,43111,"POBLA DE MONTORNES, LA",DOMÈSTIC,2128705,
2020,TARRAGONA,TARRAGONES,43111,"POBLA DE MONTORNES, LA",SERVEIS,154948,
2020,TARRAGONA,TARRAGONES,43111,"POBLA DE MONTORNES, LA",INDUSTRIAL,,Dades subjectes a secret estadístic.
2020,TARRAGONA,ALT CAMP,43119,PUIGPELAT,INDUSTRIAL,,Dades subjectes a secret estadístic.
2020,TARRAGONA,BAIX CAMP,43123,REUS,DOMÈSTIC,111044142,
2020,TARRAGONA,BAIX CAMP,43123,REUS,INDUSTRIAL,136846956,
2020,TARRAGONA,BAIX CAMP,43123,REUS,SERVEIS,39821031,Inclou el consum del sector transport.
2020,TARRAGONA,ALT CAMP,43124,"RIBA, LA",SERVEIS,250497,
2020,TARRAGONA,ALT CAMP,43124,"RIBA, LA",DOMÈSTIC,1368614,
2020,TARRAGONA,ALT CAMP,43124,"RIBA, LA",INDUSTRIAL,183387745,
2020,TARRAGONA,BAIX CAMP,43129,RIUDOMS,INDUSTRIAL,,Dades subjectes a secret estadístic.
2020,TARRAGONA,BAIX CAMP,43129,RIUDOMS,SERVEIS,594661,
2020,TARRAGONA,BAIX CAMP,43129,RIUDOMS,DOMÈSTIC,3664879,
2020,TARRAGONA,TARRAGONES,43131,RODA DE BERA,INDUSTRIAL,,Dades subjectes a secret estadístic.
2020,TARRAGONA,TARRAGONES,43131,RODA DE BERA,SERVEIS,731492,
2020,TARRAGONA,TARRAGONES,43131,RODA DE BERA,DOMÈSTIC,7132027,
2020,TARRAGONA,BAIX EBRE,43133,ROQUETES,DOMÈSTIC,2245217,
2020,TARRAGONA,BAIX EBRE,43133,ROQUETES,SERVEIS,1245592,
2020,TARRAGONA,ALT CAMP,43134,"ROURELL, EL",DOMÈSTIC,157649,
2020,TARRAGONA,MONTSIA,43136,SANT CARLES DE LA RAPITA,INDUSTRIAL,,Dades subjectes a secret estadístic.
2020,TARRAGONA,MONTSIA,43136,SANT CARLES DE LA RAPITA,SERVEIS,2589280,
2020,TARRAGONA,MONTSIA,43136,SANT CARLES DE LA RAPITA,DOMÈSTIC,4695869,
2020,TARRAGONA,BAIX PENEDES,43140,SANTA OLIVA,DOMÈSTIC,297710,
2020,TARRAGONA,BAIX PENEDES,43140,SANTA OLIVA,SERVEIS,,Dades subjectes a secret estadístic.
2020,TARRAGONA,CONCA DE BARBERA,43142,SARRAL,SERVEIS,,Dades subjectes a secret estadístic.
2020,TARRAGONA,CONCA DE BARBERA,43142,SARRAL,INDUSTRIAL,,Dades subjectes a secret estadístic.
2020,TARRAGONA,CONCA DE BARBERA,43142,SARRAL,DOMÈSTIC,1347008,
2020,TARRAGONA,BAIX CAMP,43145,"SELVA DEL CAMP, LA",PRIMARI,,Dades subjectes a secret estadístic.
2020,TARRAGONA,BAIX CAMP,43145,"SELVA DEL CAMP, LA",SERVEIS,2537936,
2020,TARRAGONA,BAIX CAMP,43145,"SELVA DEL CAMP, LA",DOMÈSTIC,6706161,
2020,TARRAGONA,BAIX CAMP,43145,"SELVA DEL CAMP, LA",INDUSTRIAL,68742599,
2020,TARRAGONA,TARRAGONES,43148,TARRAGONA,DOMÈSTIC,130173668,
2020,TARRAGONA,TARRAGONES,43148,TARRAGONA,CT RO,,Dades subjectes a secret estadístic. Inclou el consum de centrals tèrmiques de l'antic règim ordinari.
2020,TARRAGONA,TARRAGONES,43148,TARRAGONA,INDUSTRIAL,1139222539,Inclou el consum del sector energètic.
2020,TARRAGONA,TARRAGONES,43148,TARRAGONA,SERVEIS,59136658,
2020,TARRAGONA,RIBERA D'EBRE,43150,TIVISSA,DOMÈSTIC,1447002,
2020,TARRAGONA,TARRAGONES,43153,TORREDEMBARRA,SERVEIS,3184075,
2020,TARRAGONA,TARRAGONES,43153,TORREDEMBARRA,DOMÈSTIC,14191207,
2020,TARRAGONA,BAIX EBRE,43155,TORTOSA,INDUSTRIAL,,Dades subjectes a secret estadístic.
2020,TARRAGONA,BAIX EBRE,43155,TORTOSA,SERVEIS,20470657,
2020,TARRAGONA,BAIX EBRE,43155,TORTOSA,DOMÈSTIC,17548972,
2020,TARRAGONA,MONTSIA,43156,ULLDECONA,SERVEIS,31512,
2020,TARRAGONA,MONTSIA,43156,ULLDECONA,DOMÈSTIC,2451466,
2020,TARRAGONA,MONTSIA,43156,ULLDECONA,INDUSTRIAL,10357302,
2020,TARRAGONA,ALT CAMP,43160,VALLMOLL,INDUSTRIAL,,Dades subjectes a secret estadístic.
2020,TARRAGONA,ALT CAMP,43160,VALLMOLL,SERVEIS,,Dades subjectes a secret estadístic.
2020,TARRAGONA,ALT CAMP,43160,VALLMOLL,DOMÈSTIC,746615,
2020,TARRAGONA,ALT CAMP,43161,VALLS,DOMÈSTIC,22074301,
2020,TARRAGONA,ALT CAMP,43161,VALLS,INDUSTRIAL,97886920,
2020,TARRAGONA,ALT CAMP,43161,VALLS,SERVEIS,8803469,
2020,TARRAGONA,BAIX CAMP,43162,VANDELLOS I L'HOSPITALET DE L'INFANT,SERVEIS,565287,
2020,TARRAGONA,BAIX CAMP,43162,VANDELLOS I L'HOSPITALET DE L'INFANT,CT RO,,Dades subjectes a secret estadístic. Inclou el consum de centrals tèrmiques de l'antic règim ordinari.
2020,TARRAGONA,BAIX CAMP,43162,VANDELLOS I L'HOSPITALET DE L'INFANT,DOMÈSTIC,2134564,
2020,TARRAGONA,BAIX PENEDES,43163,"VENDRELL, EL",SERVEIS,11190779,
2020,TARRAGONA,BAIX PENEDES,43163,"VENDRELL, EL",DOMÈSTIC,41999650,
2020,TARRAGONA,TARRAGONES,43166,VILALLONGA DEL CAMP,SERVEIS,,Dades subjectes a secret estadístic.
2020,TARRAGONA,TARRAGONES,43166,VILALLONGA DEL CAMP,DOMÈSTIC,1847063,
2020,TARRAGONA,TARRAGONES,43171,VILA-SECA,SERVEIS,14971122,
2020,TARRAGONA,TARRAGONES,43171,VILA-SECA,INDUSTRIAL,904318869,
2020,TARRAGONA,TARRAGONES,43171,VILA-SECA,DOMÈSTIC,19772685,
2020,TARRAGONA,BAIX CAMP,43178,VINYOLS I ELS ARCS,SERVEIS,,Dades subjectes a secret estadístic.
2020,TARRAGONA,BAIX CAMP,43178,VINYOLS I ELS ARCS,DOMÈSTIC,757336,
2020,TARRAGONA,BAIX EBRE,43904,"ALDEA, L'",DOMÈSTIC,673063,
2020,TARRAGONA,BAIX EBRE,43904,"ALDEA, L'",INDUSTRIAL,,Dades subjectes a secret estadístic.
2020,TARRAGONA,BAIX EBRE,43904,"ALDEA, L'",SERVEIS,,Dades subjectes a secret estadístic.
2020,TARRAGONA,TARRAGONES,43905,SALOU,SERVEIS,12417172,
2020,TARRAGONA,TARRAGONES,43905,SALOU,DOMÈSTIC,22416807,
2020,TARRAGONA,BAIX EBRE,43906,"AMPOLLA, L'",DOMÈSTIC,1107151,
2020,TARRAGONA,BAIX EBRE,43906,"AMPOLLA, L'",SERVEIS,,Dades subjectes a secret estadístic.
2020,TARRAGONA,TARRAGONES,43907,"CANONJA, LA",DOMÈSTIC,5688587,
2020,TARRAGONA,TARRAGONES,43907,"CANONJA, LA",SERVEIS,2125406,
2019,BARCELONA,BAIX LLOBREGAT,08001,ABRERA,INDUSTRIAL,8387480,
2019,BARCELONA,BAIX LLOBREGAT,08001,ABRERA,SERVEIS,,Dades subjectes a secret estadístic.
2019,BARCELONA,BAIX LLOBREGAT,08001,ABRERA,DOMÈSTIC,18534178,
2019,BARCELONA,MARESME,08003,ALELLA,SERVEIS,5297412,
2019,BARCELONA,MARESME,08003,ALELLA,DOMÈSTIC,30456594,
2019,BARCELONA,VALLES ORIENTAL,08005,"AMETLLA DEL VALLES, L'",SERVEIS,1926320,
2019,BARCELONA,VALLES ORIENTAL,08005,"AMETLLA DEL VALLES, L'",DOMÈSTIC,12862853,
2019,BARCELONA,MARESME,08006,ARENYS DE MAR,INDUSTRIAL,,Dades subjectes a secret estadístic.
2019,BARCELONA,MARESME,08006,ARENYS DE MAR,SERVEIS,8161252,
2019,BARCELONA,MARESME,08006,ARENYS DE MAR,DOMÈSTIC,26997784,
2019,BARCELONA,MARESME,08007,ARENYS DE MUNT,INDUSTRIAL,,Dades subjectes a secret estadístic.
2019,BARCELONA,MARESME,08007,ARENYS DE MUNT,SERVEIS,4590870,
2019,BARCELONA,MARESME,08007,ARENYS DE MUNT,DOMÈSTIC,15427933,
2019,BARCELONA,MARESME,08009,ARGENTONA,INDUSTRIAL,23422568,
2019,BARCELONA,MARESME,08009,ARGENTONA,SERVEIS,3338916,
2019,BARCELONA,MARESME,08009,ARGENTONA,DOMÈSTIC,26773641,
2019,BARCELONA,BAGES,08010,ARTES,INDUSTRIAL,15744459,
2019,BARCELONA,BAGES,08010,ARTES,DOMÈSTIC,9869082,
2019,BARCELONA,BAGES,08010,ARTES,SERVEIS,1847019,
2019,BARCELONA,BERGUEDA,08011,AVIA,SERVEIS,653288,
2019,BARCELONA,BERGUEDA,08011,AVIA,DOMÈSTIC,3259531,
2019,BARCELONA,ALT PENEDES,08013,AVINYONET DEL PENEDES,INDUSTRIAL,,Dades subjectes a secret estadístic.
2019,BARCELONA,VALLES ORIENTAL,08014,AIGUAFREDA,SERVEIS,1125433,
2019,BARCELONA,VALLES ORIENTAL,08014,AIGUAFREDA,DOMÈSTIC,7897327,
2019,BARCELONA,BARCELONES,08015,BADALONA,DOMÈSTIC,249757890,
2019,BARCELONA,BARCELONES,08015,BADALONA,INDUSTRIAL,27279087,
2019,BARCELONA,BARCELONES,08015,BADALONA,SERVEIS,61902170,
2019,BARCELONA,BERGUEDA,08016,BAGA,SERVEIS,,Dades subjectes a secret estadístic.
2019,BARCELONA,BERGUEDA,08016,BAGA,DOMÈSTIC,2340004,
2019,BARCELONA,OSONA,08017,BALENYA,SERVEIS,3637528,
2019,BARCELONA,OSONA,08017,BALENYA,INDUSTRIAL,,Dades subjectes a secret estadístic.
2019,BARCELONA,OSONA,08017,BALENYA,DOMÈSTIC,7940668,
2019,BARCELONA,BAGES,08018,BALSARENY,INDUSTRIAL,,Dades subjectes a secret estadístic.
2019,BARCELONA,BAGES,08018,BALSARENY,DOMÈSTIC,6802771,
2019,BARCELONA,BAGES,08018,BALSARENY,SERVEIS,,Dades subjectes a secret estadístic.
2019,BARCELONA,BARCELONES,08019,BARCELONA,CT RO,,Dades subjectes a secret estadístic. Inclou el consum de centrals tèrmiques de l'antic règim ordinari.
2019,BARCELONA,BARCELONES,08019,BARCELONA,DOMÈSTIC,2329507765,
2019,BARCELONA,BARCELONES,08019,BARCELONA,SERVEIS,1531898252,Inclou el consum del sector transport.
2019,BARCELONA,BARCELONES,08019,BARCELONA,INDUSTRIAL,1262514558,
2019,BARCELONA,BAIX LLOBREGAT,08020,BEGUES,DOMÈSTIC,8584322,
2019,BARCELONA,BAIX LLOBREGAT,08020,BEGUES,SERVEIS,991040,
2019,BARCELONA,BERGUEDA,08022,BERGA,SERVEIS,6555128,
2019,BARCELONA,BERGUEDA,08022,BERGA,DOMÈSTIC,36596537,
2019,BARCELONA,BERGUEDA,08022,BERGA,INDUSTRIAL,,Dades subjectes a secret estadístic.
2019,BARCELONA,VALLES ORIENTAL,08023,BIGUES I RIELLS,DOMÈSTIC,294766,
2019,BARCELONA,ANOIA,08028,CABRERA D'ANOIA,DOMÈSTIC,698448,
2019,BARCELONA,MARESME,08029,CABRERA DE MAR,DOMÈSTIC,12483876,
2019,BARCELONA,MARESME,08029,CABRERA DE MAR,INDUSTRIAL,29354315,
2019,BARCELONA,MARESME,08029,CABRERA DE MAR,SERVEIS,11542753,
2019,BARCELONA,MARESME,08030,CABRILS,SERVEIS,3382577,
2019,BARCELONA,MARESME,08030,CABRILS,DOMÈSTIC,29157165,
2019,BARCELONA,ANOIA,08031,CALAF,INDUSTRIAL,,Dades subjectes a secret estadístic.
2019,BARCELONA,ANOIA,08031,CALAF,SERVEIS,2250183,
2019,BARCELONA,ANOIA,08031,CALAF,DOMÈSTIC,8141264,
2019,BARCELONA,MARESME,08032,CALDES D'ESTRAC,DOMÈSTIC,7177766,
2019,BARCELONA,MARESME,08032,CALDES D'ESTRAC,SERVEIS,2810240,
2019,BARCELONA,VALLES ORIENTAL,08033,CALDES DE MONTBUI,SERVEIS,5383464,
2019,BARCELONA,VALLES ORIENTAL,08033,CALDES DE MONTBUI,INDUSTRIAL,15234944,
2019,BARCELONA,VALLES ORIENTAL,08033,CALDES DE MONTBUI,DOMÈSTIC,25931704,
2019,BARCELONA,MARESME,08035,CALELLA,DOMÈSTIC,23731442,
2019,BARCELONA,MARESME,08035,CALELLA,SERVEIS,25499118,
2019,BARCELONA,OSONA,08037,CALLDETENES,SERVEIS,584319,
2019,BARCELONA,OSONA,08037,CALLDETENES,DOMÈSTIC,4801302,
2019,BARCELONA,BAGES,08038,CALLUS,SERVEIS,590278,
2019,BARCELONA,BAGES,08038,CALLUS,DOMÈSTIC,3774193,
2019,BARCELONA,MARESME,08040,CANET DE MAR,INDUSTRIAL,,Dades subjectes a secret estadístic.
2019,BARCELONA,MARESME,08040,CANET DE MAR,SERVEIS,4834374,
2019,BARCELONA,MARESME,08040,CANET DE MAR,DOMÈSTIC,22025595,
2019,BARCELONA,VALLES ORIENTAL,08041,CANOVELLES,INDUSTRIAL,16545658,
2019,BARCELONA,VALLES ORIENTAL,08041,CANOVELLES,SERVEIS,3698365,
2019,BARCELONA,VALLES ORIENTAL,08041,CANOVELLES,DOMÈSTIC,26326530,
2019,BARCELONA,ANOIA,08044,CAPELLADES,INDUSTRIAL,,Dades subjectes a secret estadístic.
2019,BARCELONA,ANOIA,08044,CAPELLADES,SERVEIS,1514112,
2019,BARCELONA,ANOIA,08044,CAPELLADES,DOMÈSTIC,11784644,
2019,BARCELONA,VALLES ORIENTAL,08046,CARDEDEU,SERVEIS,4197209,
2019,BARCELONA,VALLES ORIENTAL,08046,CARDEDEU,DOMÈSTIC,35504597,
2019,BARCELONA,VALLES ORIENTAL,08046,CARDEDEU,INDUSTRIAL,9032297,
2019,BARCELONA,BAGES,08047,CARDONA,INDUSTRIAL,,Dades subjectes a secret estadístic.
2019,BARCELONA,BAGES,08047,CARDONA,SERVEIS,492363,
2019,BARCELONA,BAGES,08047,CARDONA,DOMÈSTIC,4902595,
2019,BARCELONA,BERGUEDA,08049,CASSERRES,INDUSTRIAL,,Dades subjectes a secret estadístic.
2019,BARCELONA,VALLES OCCIDENTAL,08051,CASTELLAR DEL VALLES,INDUSTRIAL,,Dades subjectes a secret estadístic.
2019,BARCELONA,VALLES OCCIDENTAL,08051,CASTELLAR DEL VALLES,SERVEIS,7786994,
2019,BARCELONA,VALLES OCCIDENTAL,08051,CASTELLAR DEL VALLES,DOMÈSTIC,52874515,
2019,BARCELONA,BAGES,08053,CASTELLBELL I EL VILAR,SERVEIS,448744,
2019,BARCELONA,BAGES,08053,CASTELLBELL I EL VILAR,DOMÈSTIC,4774120,
2019,BARCELONA,VALLES OCCIDENTAL,08054,CASTELLBISBAL,SERVEIS,9700315,
2019,BARCELONA,VALLES OCCIDENTAL,08054,CASTELLBISBAL,INDUSTRIAL,2220143101,
2019,BARCELONA,VALLES OCCIDENTAL,08054,CASTELLBISBAL,DOMÈSTIC,21117827,
2019,BARCELONA,BAIX LLOBREGAT,08056,CASTELLDEFELS,SERVEIS,32374144,Inclou el consum del sector transport.
2019,BARCELONA,BAIX LLOBREGAT,08056,CASTELLDEFELS,DOMÈSTIC,100950331,
2019,BARCELONA,ALT PENEDES,08058,CASTELLET I LA GORNAL,DOMÈSTIC,1632827,
2019,BARCELONA,ALT PENEDES,08058,CASTELLET I LA GORNAL,INDUSTRIAL,104448363,
2019,BARCELONA,BAGES,08061,CASTELLGALI,DOMÈSTIC,2176402,
2019,BARCELONA,BAGES,08061,CASTELLGALI,INDUSTRIAL,,Dades subjectes a secret estadístic.
2019,BARCELONA,BAGES,08061,CASTELLGALI,SERVEIS,346032,
2019,BARCELONA,MOIANES,08064,CASTELLTERÇOL,DOMÈSTIC,4545145,
2019,BARCELONA,MOIANES,08064,CASTELLTERÇOL,INDUSTRIAL,,Dades subjectes a secret estadístic.
2019,BARCELONA,MOIANES,08064,CASTELLTERÇOL,SERVEIS,708816,
2019,BARCELONA,BAIX LLOBREGAT,08066,CASTELLVI DE ROSANES,DOMÈSTIC,744577,
2019,BARCELONA,OSONA,08067,CENTELLES,SERVEIS,5339523,
2019,BARCELONA,OSONA,08067,CENTELLES,INDUSTRIAL,28824901,
2019,BARCELONA,OSONA,08067,CENTELLES,DOMÈSTIC,17075152,
2019,BARCELONA,BAIX LLOBREGAT,08068,CERVELLO,SERVEIS,2463296,
2019,BARCELONA,BAIX LLOBREGAT,08068,CERVELLO,DOMÈSTIC,16698030,
2019,BARCELONA,BAIX LLOBREGAT,08069,COLLBATO,SERVEIS,563688,
2019,BARCELONA,BAIX LLOBREGAT,08069,COLLBATO,DOMÈSTIC,11124525,
2019,BARCELONA,BAIX LLOBREGAT,08072,CORBERA DE LLOBREGAT,SERVEIS,1915567,
2019,BARCELONA,BAIX LLOBREGAT,08072,CORBERA DE LLOBREGAT,INDUSTRIAL,,Dades subjectes a secret estadístic.
2019,BARCELONA,BAIX LLOBREGAT,08072,CORBERA DE LLOBREGAT,DOMÈSTIC,16393599,
2019,BARCELONA,BAIX LLOBREGAT,08073,CORNELLA DE LLOBREGAT,DOMÈSTIC,89366920,
2019,BARCELONA,BAIX LLOBREGAT,08073,CORNELLA DE LLOBREGAT,INDUSTRIAL,32006316,
2019,BARCELONA,BAIX LLOBREGAT,08073,CORNELLA DE LLOBREGAT,SERVEIS,50653472,Inclou el consum del sector transport.
2019,BARCELONA,GARRAF,08074,CUBELLES,SERVEIS,1729704,
2019,BARCELONA,GARRAF,08074,CUBELLES,DOMÈSTIC,22216882,
2019,BARCELONA,MARESME,08075,DOSRIUS,DOMÈSTIC,3414361,
2019,BARCELONA,MARESME,08075,DOSRIUS,INDUSTRIAL,41289065,
2019,BARCELONA,MARESME,08075,DOSRIUS,SERVEIS,174888,
2019,BARCELONA,BAIX LLOBREGAT,08076,ESPARREGUERA,SERVEIS,4313746,
2019,BARCELONA,BAIX LLOBREGAT,08076,ESPARREGUERA,INDUSTRIAL,29005598,
2019,BARCELONA,BAIX LLOBREGAT,08076,ESPARREGUERA,DOMÈSTIC,37578579,
2019,BARCELONA,BAIX LLOBREGAT,08077,ESPLUGUES DE LLOBREGAT,SERVEIS,35474683,
2019,BARCELONA,BAIX LLOBREGAT,08077,ESPLUGUES DE LLOBREGAT,INDUSTRIAL,,Dades subjectes a secret estadístic.
2019,BARCELONA,BAIX LLOBREGAT,08077,ESPLUGUES DE LLOBREGAT,DOMÈSTIC,58815164,
2019,BARCELONA,SELVA,08082,FOGARS DE LA SELVA,SERVEIS,,Dades subjectes a secret estadístic.
2019,BARCELONA,SELVA,08082,FOGARS DE LA SELVA,INDUSTRIAL,,Dades subjectes a secret estadístic.
2019,BARCELONA,SELVA,08082,FOGARS DE LA SELVA,DOMÈSTIC,2082323,
2019,BARCELONA,VALLES ORIENTAL,08086,"FRANQUESES DEL VALLES, LES",SERVEIS,11064218,
2019,BARCELONA,VALLES ORIENTAL,08086,"FRANQUESES DEL VALLES, LES",INDUSTRIAL,144200680,
2019,BARCELONA,VALLES ORIENTAL,08086,"FRANQUESES DEL VALLES, LES",DOMÈSTIC,31836905,
2019,BARCELONA,VALLES ORIENTAL,08088,"GARRIGA, LA",SERVEIS,8527827,
2019,BARCELONA,VALLES ORIENTAL,08088,"GARRIGA, LA",INDUSTRIAL,,Dades subjectes a secret estadístic.
2019,BARCELONA,VALLES ORIENTAL,08088,"GARRIGA, LA",DOMÈSTIC,36825149,
2019,BARCELONA,BAIX LLOBREGAT,08089,GAVA,SERVEIS,17247558,
2019,BARCELONA,BAIX LLOBREGAT,08089,GAVA,INDUSTRIAL,65820368,
2019,BARCELONA,BAIX LLOBREGAT,08089,GAVA,DOMÈSTIC,60923791,
2019,BARCELONA,ALT PENEDES,08091,GELIDA,DOMÈSTIC,7452337,
2019,BARCELONA,ALT PENEDES,08091,GELIDA,INDUSTRIAL,,Dades subjectes a secret estadístic.
2019,BARCELONA,ALT PENEDES,08091,GELIDA,SERVEIS,380635,
2019,BARCELONA,BERGUEDA,08092,GIRONELLA,SERVEIS,905829,
2019,BARCELONA,BERGUEDA,08092,GIRONELLA,DOMÈSTIC,11417329,
2019,BARCELONA,ALT PENEDES,08094,"GRANADA, LA",DOMÈSTIC,2749698,
2019,BARCELONA,VALLES ORIENTAL,08096,GRANOLLERS,INDUSTRIAL,216284305,
2019,BARCELONA,VALLES ORIENTAL,08096,GRANOLLERS,SERVEIS,38249418,
2019,BARCELONA,VALLES ORIENTAL,08096,GRANOLLERS,DOMÈSTIC,108392662,
2019,BARCELONA,VALLES ORIENTAL,08097,GUALBA,INDUSTRIAL,,Dades subjectes a secret estadístic.
2019,BARCELONA,BAGES,08098,SANT SALVADOR DE GUARDIOLA,DOMÈSTIC,4076378,
2019,BARCELONA,BAGES,08098,SANT SALVADOR DE GUARDIOLA,INDUSTRIAL,,Dades subjectes a secret estadístic.
2019,BARCELONA,BAGES,08098,SANT SALVADOR DE GUARDIOLA,SERVEIS,,Dades subjectes a secret estadístic.
2019,BARCELONA,BERGUEDA,08099,GUARDIOLA DE BERGUEDA,SERVEIS,,Dades subjectes a secret estadístic.
2019,BARCELONA,BERGUEDA,08099,GUARDIOLA DE BERGUEDA,DOMÈSTIC,475580,
2019,BARCELONA,OSONA,08100,GURB,INDUSTRIAL,101130319,
2019,BARCELONA,OSONA,08100,GURB,SERVEIS,657902,
2019,BARCELONA,OSONA,08100,GURB,DOMÈSTIC,4864273,
2019,BARCELONA,BARCELONES,08101,"HOSPITALET DE LLOBREGAT, L'",INDUSTRIAL,17926657,
2019,BARCELONA,BARCELONES,08101,"HOSPITALET DE LLOBREGAT, L'",SERVEIS,133108521,Inclou el consum del sector transport.
2019,BARCELONA,BARCELONES,08101,"HOSPITALET DE LLOBREGAT, L'",DOMÈSTIC,214232328,
2019,BARCELONA,ANOIA,08102,IGUALADA,INDUSTRIAL,42816868,
2019,BARCELONA,ANOIA,08102,IGUALADA,SERVEIS,35684744,Inclou el consum del sector transport.
2019,BARCELONA,ANOIA,08102,IGUALADA,DOMÈSTIC,83248284,
2019,BARCELONA,VALLES ORIENTAL,08105,"LLAGOSTA, LA",INDUSTRIAL,30408915,
2019,BARCELONA,VALLES ORIENTAL,08105,"LLAGOSTA, LA",SERVEIS,3381989,
2019,BARCELONA,VALLES ORIENTAL,08105,"LLAGOSTA, LA",DOMÈSTIC,17426077,
2019,BARCELONA,VALLES ORIENTAL,08106,LLINARS DEL VALLES,INDUSTRIAL,38040419,
2019,BARCELONA,VALLES ORIENTAL,08106,LLINARS DEL VALLES,SERVEIS,2649767,
2019,BARCELONA,VALLES ORIENTAL,08106,LLINARS DEL VALLES,DOMÈSTIC,17751287,
2019,BARCELONA,VALLES ORIENTAL,08107,LLIÇA D'AMUNT,INDUSTRIAL,,Dades subjectes a secret estadístic.
2019,BARCELONA,VALLES ORIENTAL,08107,LLIÇA D'AMUNT,SERVEIS,5306812,
2019,BARCELONA,VALLES ORIENTAL,08107,LLIÇA D'AMUNT,DOMÈSTIC,16295945,
2019,BARCELONA,VALLES ORIENTAL,08108,LLIÇA DE VALL,INDUSTRIAL,34098186,
2019,BARCELONA,VALLES ORIENTAL,08108,LLIÇA DE VALL,SERVEIS,1067418,
2019,BARCELONA,VALLES ORIENTAL,08108,LLIÇA DE VALL,DOMÈSTIC,9331130,
2019,BARCELONA,MARESME,08110,MALGRAT DE MAR,INDUSTRIAL,60275935,
2019,BARCELONA,MARESME,08110,MALGRAT DE MAR,SERVEIS,11767262,
2019,BARCELONA,MARESME,08110,MALGRAT DE MAR,DOMÈSTIC,33422763,
2019,BARCELONA,OSONA,08112,MANLLEU,INDUSTRIAL,29367668,
2019,BARCELONA,OSONA,08112,MANLLEU,SERVEIS,6330226,
2019,BARCELONA,OSONA,08112,MANLLEU,DOMÈSTIC,33335208,
2019,BARCELONA,BAGES,08113,MANRESA,INDUSTRIAL,50543287,
2019,BARCELONA,BAGES,08113,MANRESA,SERVEIS,59711264,
2019,BARCELONA,BAGES,08113,MANRESA,DOMÈSTIC,183328602,
2019,BARCELONA,BAIX LLOBREGAT,08114,MARTORELL,INDUSTRIAL,1902590084,
2019,BARCELONA,BAIX LLOBREGAT,08114,MARTORELL,SERVEIS,18631210,
2019,BARCELONA,BAIX LLOBREGAT,08114,MARTORELL,DOMÈSTIC,44436170,
2019,BARCELONA,VALLES ORIENTAL,08115,MARTORELLES,INDUSTRIAL,96934778,
2019,BARCELONA,VALLES ORIENTAL,08115,MARTORELLES,SERVEIS,540110,
2019,BARCELONA,VALLES ORIENTAL,08115,MARTORELLES,DOMÈSTIC,8606608,
2019,BARCELONA,OSONA,08116,"MASIES DE RODA, LES",DOMÈSTIC,173149,
2019,BARCELONA,OSONA,08117,"MASIES DE VOLTREGA, LES",INDUSTRIAL,,Dades subjectes a secret estadístic.
2019,BARCELONA,OSONA,08117,"MASIES DE VOLTREGA, LES",DOMÈSTIC,4907000,
2019,BARCELONA,OSONA,08117,"MASIES DE VOLTREGA, LES",SERVEIS,1296102,
2019,BARCELONA,MARESME,08118,"MASNOU, EL",PRIMARI,,Dades subjectes a secret estadístic.
2019,BARCELONA,MARESME,08118,"MASNOU, EL",INDUSTRIAL,86898984,
2019,BARCELONA,MARESME,08118,"MASNOU, EL",SERVEIS,7068462,
2019,BARCELONA,MARESME,08118,"MASNOU, EL",DOMÈSTIC,43376814,
2019,BARCELONA,ANOIA,08119,MASQUEFA,DOMÈSTIC,9253162,
2019,BARCELONA,ANOIA,08119,MASQUEFA,SERVEIS,1466534,
2019,BARCELONA,VALLES OCCIDENTAL,08120,MATADEPERA,SERVEIS,9496131,
2019,BARCELONA,VALLES OCCIDENTAL,08120,MATADEPERA,DOMÈSTIC,35970322,
2019,BARCELONA,MARESME,08121,MATARO,SERVEIS,37875345,Inclou el consum del sector transport.
2019,BARCELONA,MARESME,08121,MATARO,INDUSTRIAL,41183609,
2019,BARCELONA,MARESME,08121,MATARO,PRIMARI,,Dades subjectes a secret estadístic.
2019,BARCELONA,MARESME,08121,MATARO,DOMÈSTIC,134509855,
2019,BARCELONA,ALT PENEDES,08122,MEDIONA,SERVEIS,,Dades subjectes a secret estadístic.
2019,BARCELONA,ALT PENEDES,08122,MEDIONA,INDUSTRIAL,,Dades subjectes a secret estadístic.
2019,BARCELONA,ALT PENEDES,08122,MEDIONA,DOMÈSTIC,3708619,
2019,BARCELONA,BAIX LLOBREGAT,08123,MOLINS DE REI,SERVEIS,8888066,
2019,BARCELONA,BAIX LLOBREGAT,08123,MOLINS DE REI,INDUSTRIAL,6599814,
2019,BARCELONA,BAIX LLOBREGAT,08123,MOLINS DE REI,DOMÈSTIC,39595041,
2019,BARCELONA,VALLES ORIENTAL,08124,MOLLET DEL VALLES,DOMÈSTIC,79730427,
2019,BARCELONA,VALLES ORIENTAL,08124,MOLLET DEL VALLES,INDUSTRIAL,169096416,
2019,BARCELONA,VALLES ORIENTAL,08124,MOLLET DEL VALLES,SERVEIS,19111016,
2019,BARCELONA,VALLES OCCIDENTAL,08125,MONTCADA I REIXAC,INDUSTRIAL,93567175,
2019,BARCELONA,VALLES OCCIDENTAL,08125,MONTCADA I REIXAC,SERVEIS,8626275,
2019,BARCELONA,VALLES OCCIDENTAL,08125,MONTCADA I REIXAC,DOMÈSTIC,59351078,
2019,BARCELONA,MARESME,08126,MONTGAT,DOMÈSTIC,17409639,
2019,BARCELONA,MARESME,08126,MONTGAT,INDUSTRIAL,,Dades subjectes a secret estadístic.
2019,BARCELONA,MARESME,08126,MONTGAT,SERVEIS,2372671,
2019,BARCELONA,BAGES,08127,MONISTROL DE MONTSERRAT,INDUSTRIAL,,Dades subjectes a secret estadístic.
2019,BARCELONA,OSONA,08131,MONTESQUIU,SERVEIS,913507,
2019,BARCELONA,OSONA,08131,MONTESQUIU,DOMÈSTIC,2193775,
2019,BARCELONA,VALLES ORIENTAL,08134,FIGARO-MONTMANY,SERVEIS,,Dades subjectes a secret estadístic.
2019,BARCELONA,VALLES ORIENTAL,08134,FIGARO-MONTMANY,DOMÈSTIC,3316255,
2019,BARCELONA,VALLES ORIENTAL,08135,MONTMELO,INDUSTRIAL,214288403,Inclou el consum del sector energètic.
2019,BARCELONA,VALLES ORIENTAL,08135,MONTMELO,SERVEIS,2706143,
2019,BARCELONA,VALLES ORIENTAL,08135,MONTMELO,DOMÈSTIC,16689806,
2019,BARCELONA,VALLES ORIENTAL,08136,MONTORNES DEL VALLES,INDUSTRIAL,94577670,
2019,BARCELONA,VALLES ORIENTAL,08136,MONTORNES DEL VALLES,SERVEIS,50547839,
2019,BARCELONA,VALLES ORIENTAL,08136,MONTORNES DEL VALLES,DOMÈSTIC,29161247,
2019,BARCELONA,MOIANES,08138,MOIA,INDUSTRIAL,,Dades subjectes a secret estadístic.
2019,BARCELONA,MOIANES,08138,MOIA,SERVEIS,1572159,
2019,BARCELONA,MOIANES,08138,MOIA,DOMÈSTIC,4740273,
2019,BARCELONA,BAGES,08140,NAVARCLES,SERVEIS,1650630,
2019,BARCELONA,BAGES,08140,NAVARCLES,DOMÈSTIC,12897940,
2019,BARCELONA,BAGES,08141,NAVAS,SERVEIS,2546152,
2019,BARCELONA,BAGES,08141,NAVAS,DOMÈSTIC,14232132,
2019,BARCELONA,BAGES,08141,NAVAS,INDUSTRIAL,,Dades subjectes a secret estadístic.
2019,BARCELONA,ANOIA,08143,ODENA,DOMÈSTIC,4627818,
2019,BARCELONA,ANOIA,08143,ODENA,INDUSTRIAL,,Dades subjectes a secret estadístic.
2019,BARCELONA,ANOIA,08143,ODENA,SERVEIS,590650,
2019,BARCELONA,ALT PENEDES,08145,OLERDOLA,SERVEIS,7510603,
2019,BARCELONA,ALT PENEDES,08145,OLERDOLA,INDUSTRIAL,29422187,
2019,BARCELONA,ALT PENEDES,08145,OLERDOLA,DOMÈSTIC,3891741,
2019,BARCELONA,BAIX LLOBREGAT,08147,OLESA DE MONTSERRAT,INDUSTRIAL,287052606,
2019,BARCELONA,BAIX LLOBREGAT,08147,OLESA DE MONTSERRAT,SERVEIS,4984398,
2019,BARCELONA,BAIX LLOBREGAT,08147,OLESA DE MONTSERRAT,DOMÈSTIC,41847415,
2019,BARCELONA,OSONA,08150,ORIS,INDUSTRIAL,,Dades subjectes a secret estadístic.
2019,BARCELONA,ALT PENEDES,08154,PACS DEL PENEDES,INDUSTRIAL,,Dades subjectes a secret estadístic.
2019,BARCELONA,MARESME,08155,PALAFOLLS,SERVEIS,16676850,
2019,BARCELONA,MARESME,08155,PALAFOLLS,PRIMARI,,Dades subjectes a secret estadístic.
2019,BARCELONA,MARESME,08155,PALAFOLLS,INDUSTRIAL,91183657,
2019,BARCELONA,MARESME,08155,PALAFOLLS,DOMÈSTIC,11293419,
2019,BARCELONA,VALLES OCCIDENTAL,08156,PALAU-SOLITA I PLEGAMANS,INDUSTRIAL,54988773,
2019,BARCELONA,VALLES OCCIDENTAL,08156,PALAU-SOLITA I PLEGAMANS,SERVEIS,9410479,
2019,BARCELONA,VALLES OCCIDENTAL,08156,PALAU-SOLITA I PLEGAMANS,DOMÈSTIC,28054266,
2019,BARCELONA,BAIX LLOBREGAT,08157,PALLEJA,SERVEIS,5842465,
2019,BARCELONA,BAIX LLOBREGAT,08157,PALLEJA,DOMÈSTIC,20355121,
2019,BARCELONA,BAIX LLOBREGAT,08158,"PAPIOL, EL",DOMÈSTIC,8497567,
2019,BARCELONA,BAIX LLOBREGAT,08158,"PAPIOL, EL",SERVEIS,,Dades subjectes a secret estadístic.
2019,BARCELONA,BAIX LLOBREGAT,08158,"PAPIOL, EL",INDUSTRIAL,,Dades subjectes a secret estadístic.
2019,BARCELONA,VALLES ORIENTAL,08159,PARETS DEL VALLES,DOMÈSTIC,37330783,
2019,BARCELONA,VALLES ORIENTAL,08159,PARETS DEL VALLES,INDUSTRIAL,252891384,
2019,BARCELONA,VALLES ORIENTAL,08159,PARETS DEL VALLES,SERVEIS,27926297,
2019,BARCELONA,ANOIA,08161,PIERA,INDUSTRIAL,,Dades subjectes a secret estadístic.
2019,BARCELONA,ANOIA,08161,PIERA,DOMÈSTIC,13278662,
2019,BARCELONA,ANOIA,08161,PIERA,SERVEIS,2831491,
2019,BARCELONA,ANOIA,08162,"HOSTALETS DE PIEROLA, ELS",DOMÈSTIC,2435587,
2019,BARCELONA,ANOIA,08162,"HOSTALETS DE PIEROLA, ELS",SERVEIS,346495,
2019,BARCELONA,MARESME,08163,PINEDA DE MAR,INDUSTRIAL,27351068,
2019,BARCELONA,MARESME,08163,PINEDA DE MAR,DOMÈSTIC,34194560,
2019,BARCELONA,MARESME,08163,PINEDA DE MAR,SERVEIS,8388225,
2019,BARCELONA,ANOIA,08165,"POBLA DE CLARAMUNT, LA",INDUSTRIAL,1104030143,Inclou el consum del sector energètic.
2019,BARCELONA,ANOIA,08165,"POBLA DE CLARAMUNT, LA",DOMÈSTIC,3362534,
2019,BARCELONA,ANOIA,08165,"POBLA DE CLARAMUNT, LA",SERVEIS,721928,
2019,BARCELONA,VALLES OCCIDENTAL,08167,POLINYA,DOMÈSTIC,15431240,
2019,BARCELONA,VALLES OCCIDENTAL,08167,POLINYA,SERVEIS,5970638,
2019,BARCELONA,VALLES OCCIDENTAL,08167,POLINYA,INDUSTRIAL,31131623,
2019,BARCELONA,BAIX LLOBREGAT,08169,"PRAT DE LLOBREGAT, EL",INDUSTRIAL,608729932,
2019,BARCELONA,BAIX LLOBREGAT,08169,"PRAT DE LLOBREGAT, EL",DOMÈSTIC,69363788,
2019,BARCELONA,BAIX LLOBREGAT,08169,"PRAT DE LLOBREGAT, EL",SERVEIS,77963036,Inclou el consum del sector transport.
2019,BARCELONA,OSONA,08171,PRATS DE LLUÇANES,DOMÈSTIC,1831208,
2019,BARCELONA,OSONA,08171,PRATS DE LLUÇANES,SERVEIS,,Dades subjectes a secret estadístic.
2019,BARCELONA,MARESME,08172,PREMIA DE MAR,SERVEIS,6370961,
2019,BARCELONA,MARESME,08172,PREMIA DE MAR,DOMÈSTIC,44412079,
2019,BARCELONA,BERGUEDA,08175,PUIG-REIG,DOMÈSTIC,12203079,
2019,BARCELONA,BERGUEDA,08175,PUIG-REIG,SERVEIS,3189360,
2019,BARCELONA,BERGUEDA,08175,PUIG-REIG,INDUSTRIAL,,Dades subjectes a secret estadístic.
2019,BARCELONA,VALLES OCCIDENTAL,08180,RIPOLLET,DOMÈSTIC,53599480,
2019,BARCELONA,VALLES OCCIDENTAL,08180,RIPOLLET,INDUSTRIAL,9080948,
2019,BARCELONA,VALLES OCCIDENTAL,08180,RIPOLLET,SERVEIS,10029398,
2019,BARCELONA,VALLES ORIENTAL,08181,"ROCA DEL VALLES, LA",SERVEIS,18932639,
2019,BARCELONA,VALLES ORIENTAL,08181,"ROCA DEL VALLES, LA",INDUSTRIAL,,Dades subjectes a secret estadístic.
2019,BARCELONA,VALLES ORIENTAL,08181,"ROCA DEL VALLES, LA",DOMÈSTIC,22117841,
2019,BARCELONA,BAGES,08182,"PONT DE VILOMARA I ROCAFORT, EL",SERVEIS,838686,
2019,BARCELONA,BAGES,08182,"PONT DE VILOMARA I ROCAFORT, EL",INDUSTRIAL,,Dades subjectes a secret estadístic.
2019,BARCELONA,BAGES,08182,"PONT DE VILOMARA I ROCAFORT, EL",DOMÈSTIC,7344699,
2019,BARCELONA,OSONA,08183,RODA DE TER,DOMÈSTIC,12251214,
2019,BARCELONA,OSONA,08183,RODA DE TER,SERVEIS,1541568,
2019,BARCELONA,VALLES OCCIDENTAL,08184,RUBI,INDUSTRIAL,169202842,
2019,BARCELONA,VALLES OCCIDENTAL,08184,RUBI,SERVEIS,20154482,
2019,BARCELONA,VALLES OCCIDENTAL,08184,RUBI,DOMÈSTIC,110980537,
2019,BARCELONA,VALLES OCCIDENTAL,08187,SABADELL,SERVEIS,108045832,
2019,BARCELONA,VALLES OCCIDENTAL,08187,SABADELL,DOMÈSTIC,389686436,
2019,BARCELONA,VALLES OCCIDENTAL,08187,SABADELL,INDUSTRIAL,62579933,
2019,BARCELONA,BAGES,08191,SALLENT,INDUSTRIAL,,Dades subjectes a secret estadístic.
2019,BARCELONA,BAGES,08191,SALLENT,SERVEIS,9904484,
2019,BARCELONA,BAGES,08191,SALLENT,DOMÈSTIC,17651066,
2019,BARCELONA,BAGES,08192,SANTPEDOR,DOMÈSTIC,23252542,
2019,BARCELONA,BAGES,08192,SANTPEDOR,INDUSTRIAL,20955665,
2019,BARCELONA,BAGES,08192,SANTPEDOR,SERVEIS,9664408,
2019,BARCELONA,BARCELONES,08194,SANT ADRIA DE BESOS,SERVEIS,37250271,
2019,BARCELONA,BARCELONES,08194,SANT ADRIA DE BESOS,CT RO,,Dades subjectes a secret estadístic. Inclou el consum de centrals tèrmiques de l'antic règim ordinari.
2019,BARCELONA,BARCELONES,08194,SANT ADRIA DE BESOS,INDUSTRIAL,647710,
2019,BARCELONA,BARCELONES,08194,SANT ADRIA DE BESOS,DOMÈSTIC,35213565,
2019,BARCELONA,BAIX LLOBREGAT,08196,SANT ANDREU DE LA BARCA,INDUSTRIAL,40610337,
2019,BARCELONA,BAIX LLOBREGAT,08196,SANT ANDREU DE LA BARCA,DOMÈSTIC,41416086,
2019,BARCELONA,BAIX LLOBREGAT,08196,SANT ANDREU DE LA BARCA,SERVEIS,9807908,
2019,BARCELONA,MARESME,08197,SANT ANDREU DE LLAVANERES,SERVEIS,4996211,
2019,BARCELONA,MARESME,08197,SANT ANDREU DE LLAVANERES,DOMÈSTIC,30064621,
2019,BARCELONA,MARESME,08197,SANT ANDREU DE LLAVANERES,PRIMARI,2428377,
2019,BARCELONA,VALLES ORIENTAL,08198,SANT ANTONI DE VILAMAJOR,INDUSTRIAL,,Dades subjectes a secret estadístic.
2019,BARCELONA,VALLES ORIENTAL,08198,SANT ANTONI DE VILAMAJOR,SERVEIS,1179383,
2019,BARCELONA,VALLES ORIENTAL,08198,SANT ANTONI DE VILAMAJOR,DOMÈSTIC,11384863,
2019,BARCELONA,BAIX LLOBREGAT,08200,SANT BOI DE LLOBREGAT,DOMÈSTIC,98498234,
2019,BARCELONA,BAIX LLOBREGAT,08200,SANT BOI DE LLOBREGAT,INDUSTRIAL,20100066,
2019,BARCELONA,BAIX LLOBREGAT,08200,SANT BOI DE LLOBREGAT,SERVEIS,50986154,
2019,BARCELONA,VALLES ORIENTAL,08202,SANT CELONI,INDUSTRIAL,206349934,
2019,BARCELONA,VALLES ORIENTAL,08202,SANT CELONI,SERVEIS,7229197,
2019,BARCELONA,VALLES ORIENTAL,08202,SANT CELONI,DOMÈSTIC,35200991,
2019,BARCELONA,MARESME,08203,SANT CEBRIA DE VALLALTA,INDUSTRIAL,,Dades subjectes a secret estadístic.
2019,BARCELONA,MARESME,08203,SANT CEBRIA DE VALLALTA,SERVEIS,,Dades subjectes a secret estadístic.
2019,BARCELONA,MARESME,08203,SANT CEBRIA DE VALLALTA,DOMÈSTIC,4114321,
2019,BARCELONA,BAIX LLOBREGAT,08204,SANT CLIMENT DE LLOBREGAT,SERVEIS,,Dades subjectes a secret estadístic.
2019,BARCELONA,BAIX LLOBREGAT,08204,SANT CLIMENT DE LLOBREGAT,DOMÈSTIC,2226231,
2019,BARCELONA,VALLES OCCIDENTAL,08205,SANT CUGAT DEL VALLES,INDUSTRIAL,61712495,
2019,BARCELONA,VALLES OCCIDENTAL,08205,SANT CUGAT DEL VALLES,DOMÈSTIC,244849895,
2019,BARCELONA,VALLES OCCIDENTAL,08205,SANT CUGAT DEL VALLES,SERVEIS,184986864,
2019,BARCELONA,ALT PENEDES,08206,SANT CUGAT SESGARRIGUES,DOMÈSTIC,1726580,
2019,BARCELONA,ALT PENEDES,08206,SANT CUGAT SESGARRIGUES,SERVEIS,279952,
2019,BARCELONA,VALLES ORIENTAL,08207,SANT ESTEVE DE PALAUTORDERA,SERVEIS,,Dades subjectes a secret estadístic.
2019,BARCELONA,VALLES ORIENTAL,08207,SANT ESTEVE DE PALAUTORDERA,DOMÈSTIC,5950462,
2019,BARCELONA,BAIX LLOBREGAT,08208,SANT ESTEVE SESROVIRES,SERVEIS,31141248,
2019,BARCELONA,BAIX LLOBREGAT,08208,SANT ESTEVE SESROVIRES,INDUSTRIAL,33447219,
2019,BARCELONA,BAIX LLOBREGAT,08208,SANT ESTEVE SESROVIRES,DOMÈSTIC,15305371,
2019,BARCELONA,VALLES ORIENTAL,08209,SANT FOST DE CAMPSENTELLES,SERVEIS,5703269,
2019,BARCELONA,VALLES ORIENTAL,08209,SANT FOST DE CAMPSENTELLES,INDUSTRIAL,17098622,
2019,BARCELONA,VALLES ORIENTAL,08209,SANT FOST DE CAMPSENTELLES,DOMÈSTIC,13858241,
2019,BARCELONA,VALLES ORIENTAL,08210,SANT FELIU DE CODINES,SERVEIS,686561,
2019,BARCELONA,VALLES ORIENTAL,08210,SANT FELIU DE CODINES,DOMÈSTIC,5619291,
2019,BARCELONA,BAIX LLOBREGAT,08211,SANT FELIU DE LLOBREGAT,SERVEIS,18166957,
2019,BARCELONA,BAIX LLOBREGAT,08211,SANT FELIU DE LLOBREGAT,INDUSTRIAL,18603781,
2019,BARCELONA,BAIX LLOBREGAT,08211,SANT FELIU DE LLOBREGAT,DOMÈSTIC,58123905,
2019,BARCELONA,BAGES,08213,SANT FRUITOS DE BAGES,SERVEIS,10081310,
2019,BARCELONA,BAGES,08213,SANT FRUITOS DE BAGES,INDUSTRIAL,25845317,
2019,BARCELONA,BAGES,08213,SANT FRUITOS DE BAGES,DOMÈSTIC,22593660,
2019,BARCELONA,MARESME,08214,VILASSAR DE DALT,PRIMARI,,Dades subjectes a secret estadístic.
2019,BARCELONA,MARESME,08214,VILASSAR DE DALT,INDUSTRIAL,,Dades subjectes a secret estadístic.
2019,BARCELONA,MARESME,08214,VILASSAR DE DALT,SERVEIS,3439461,
2019,BARCELONA,MARESME,08214,VILASSAR DE DALT,DOMÈSTIC,21479952,
2019,BARCELONA,OSONA,08215,SANT HIPOLIT DE VOLTREGA,DOMÈSTIC,6965165,
2019,BARCELONA,OSONA,08215,SANT HIPOLIT DE VOLTREGA,SERVEIS,904110,
2019,BARCELONA,BAIX LLOBREGAT,08217,SANT JOAN DESPI,INDUSTRIAL,10176653,
2019,BARCELONA,BAIX LLOBREGAT,08217,SANT JOAN DESPI,SERVEIS,21539188,
2019,BARCELONA,BAIX LLOBREGAT,08217,SANT JOAN DESPI,DOMÈSTIC,42867738,
2019,BARCELONA,BAGES,08218,SANT JOAN DE VILATORRADA,INDUSTRIAL,,Dades subjectes a secret estadístic.
2019,BARCELONA,BAGES,08218,SANT JOAN DE VILATORRADA,SERVEIS,3132404,
2019,BARCELONA,BAGES,08218,SANT JOAN DE VILATORRADA,DOMÈSTIC,30672015,
2019,BARCELONA,MARESME,08219,VILASSAR DE MAR,INDUSTRIAL,,Dades subjectes a secret estadístic.
2019,BARCELONA,MARESME,08219,VILASSAR DE MAR,PRIMARI,2613190,
2019,BARCELONA,MARESME,08219,VILASSAR DE MAR,SERVEIS,4725671,
2019,BARCELONA,MARESME,08219,VILASSAR DE MAR,DOMÈSTIC,42046316,
2019,BARCELONA,OSONA,08220,SANT JULIA DE VILATORTA,SERVEIS,454311,
2019,BARCELONA,OSONA,08220,SANT JULIA DE VILATORTA,DOMÈSTIC,6481232,
2019,BARCELONA,BAIX LLOBREGAT,08221,SANT JUST DESVERN,INDUSTRIAL,17514491,
2019,BARCELONA,BAIX LLOBREGAT,08221,SANT JUST DESVERN,SERVEIS,14842546,
2019,BARCELONA,BAIX LLOBREGAT,08221,SANT JUST DESVERN,DOMÈSTIC,43370650,
2019,BARCELONA,ALT PENEDES,08222,SANT LLORENÇ D'HORTONS,SERVEIS,,Dades subjectes a secret estadístic.
2019,BARCELONA,ALT PENEDES,08222,SANT LLORENÇ D'HORTONS,DOMÈSTIC,630194,
2019,BARCELONA,OSONA,08224,SANT MARTI DE CENTELLES,SERVEIS,,Dades subjectes a secret estadístic.
2019,BARCELONA,OSONA,08224,SANT MARTI DE CENTELLES,DOMÈSTIC,2468386,
2019,BARCELONA,ANOIA,08228,SANT MARTI SESGUEIOLES,DOMÈSTIC,616978,
2019,BARCELONA,MARESME,08230,PREMIA DE DALT,INDUSTRIAL,,Dades subjectes a secret estadístic.
2019,BARCELONA,MARESME,08230,PREMIA DE DALT,PRIMARI,4898091,
2019,BARCELONA,MARESME,08230,PREMIA DE DALT,SERVEIS,4145335,
2019,BARCELONA,MARESME,08230,PREMIA DE DALT,DOMÈSTIC,25655653,
2019,BARCELONA,GARRAF,08231,SANT PERE DE RIBES,SERVEIS,15337637,
2019,BARCELONA,GARRAF,08231,SANT PERE DE RIBES,DOMÈSTIC,50709288,
2019,BARCELONA,ALT PENEDES,08232,SANT PERE DE RIUDEBITLLES,INDUSTRIAL,31738530,
2019,BARCELONA,ALT PENEDES,08232,SANT PERE DE RIUDEBITLLES,SERVEIS,,Dades subjectes a secret estadístic.
2019,BARCELONA,ALT PENEDES,08232,SANT PERE DE RIUDEBITLLES,DOMÈSTIC,4416162,
2019,BARCELONA,VALLES ORIENTAL,08234,SANT PERE DE VILAMAJOR,INDUSTRIAL,,Dades subjectes a secret estadístic.
2019,BARCELONA,VALLES ORIENTAL,08234,SANT PERE DE VILAMAJOR,SERVEIS,253916,
2019,BARCELONA,VALLES ORIENTAL,08234,SANT PERE DE VILAMAJOR,DOMÈSTIC,2925972,
2019,BARCELONA,MARESME,08235,SANT POL DE MAR,SERVEIS,587597,
2019,BARCELONA,MARESME,08235,SANT POL DE MAR,DOMÈSTIC,10487169,
2019,BARCELONA,ALT PENEDES,08236,SANT QUINTI DE MEDIONA,INDUSTRIAL,,Dades subjectes a secret estadístic.
2019,BARCELONA,ALT PENEDES,08236,SANT QUINTI DE MEDIONA,DOMÈSTIC,1494586,
2019,BARCELONA,OSONA,08237,SANT QUIRZE DE BESORA,INDUSTRIAL,,Dades subjectes a secret estadístic.
2019,BARCELONA,OSONA,08237,SANT QUIRZE DE BESORA,SERVEIS,430518,
2019,BARCELONA,OSONA,08237,SANT QUIRZE DE BESORA,DOMÈSTIC,4520519,
2019,BARCELONA,VALLES OCCIDENTAL,08238,SANT QUIRZE DEL VALLES,INDUSTRIAL,17477958,
2019,BARCELONA,VALLES OCCIDENTAL,08238,SANT QUIRZE DEL VALLES,DOMÈSTIC,54328023,
2019,BARCELONA,VALLES OCCIDENTAL,08238,SANT QUIRZE DEL VALLES,SERVEIS,7695331,
2019,BARCELONA,ALT PENEDES,08240,SANT SADURNI D'ANOIA,INDUSTRIAL,,Dades subjectes a secret estadístic.
2019,BARCELONA,ALT PENEDES,08240,SANT SADURNI D'ANOIA,DOMÈSTIC,21181714,
2019,BARCELONA,ALT PENEDES,08240,SANT SADURNI D'ANOIA,SERVEIS,3832642,
2019,BARCELONA,BAIX LLOBREGAT,08244,SANTA COLOMA DE CERVELLO,INDUSTRIAL,,Dades subjectes a secret estadístic.
2019,BARCELONA,BAIX LLOBREGAT,08244,SANTA COLOMA DE CERVELLO,SERVEIS,1226239,
2019,BARCELONA,BAIX LLOBREGAT,08244,SANTA COLOMA DE CERVELLO,DOMÈSTIC,13882902,
2019,BARCELONA,BARCELONES,08245,SANTA COLOMA DE GRAMENET,DOMÈSTIC,107872713,
2019,BARCELONA,BARCELONES,08245,SANTA COLOMA DE GRAMENET,INDUSTRIAL,,Dades subjectes a secret estadístic.
2019,BARCELONA,BARCELONES,08245,SANTA COLOMA DE GRAMENET,SERVEIS,29382762,
2019,BARCELONA,OSONA,08246,SANTA EUGENIA DE BERGA,DOMÈSTIC,3168333,
2019,BARCELONA,OSONA,08246,SANTA EUGENIA DE BERGA,INDUSTRIAL,69777315,
2019,BARCELONA,OSONA,08246,SANTA EUGENIA DE BERGA,SERVEIS,1036673,
2019,BARCELONA,VALLES ORIENTAL,08248,SANTA EULALIA DE RONÇANA,DOMÈSTIC,1263508,
2019,BARCELONA,ANOIA,08250,SANTA MARGARIDA DE MONTBUI,SERVEIS,1727759,
2019,BARCELONA,ANOIA,08250,SANTA MARGARIDA DE MONTBUI,DOMÈSTIC,13980880,
2019,BARCELONA,ALT PENEDES,08251,SANTA MARGARIDA I ELS MONJOS,SERVEIS,2349235,
2019,BARCELONA,ALT PENEDES,08251,SANTA MARGARIDA I ELS MONJOS,INDUSTRIAL,147212947,
2019,BARCELONA,ALT PENEDES,08251,SANTA MARGARIDA I ELS MONJOS,DOMÈSTIC,11212472,
2019,BARCELONA,VALLES OCCIDENTAL,08252,BARBERA DEL VALLES,DOMÈSTIC,53824345,
2019,BARCELONA,VALLES OCCIDENTAL,08252,BARBERA DEL VALLES,INDUSTRIAL,84920926,
2019,BARCELONA,VALLES OCCIDENTAL,08252,BARBERA DEL VALLES,SERVEIS,17162465,
2019,BARCELONA,VALLES ORIENTAL,08256,SANTA MARIA DE MARTORELLES,DOMÈSTIC,746662,
2019,BARCELONA,VALLES ORIENTAL,08259,SANTA MARIA DE PALAUTORDERA,SERVEIS,9784046,
2019,BARCELONA,VALLES ORIENTAL,08259,SANTA MARIA DE PALAUTORDERA,INDUSTRIAL,,Dades subjectes a secret estadístic.
2019,BARCELONA,VALLES ORIENTAL,08259,SANTA MARIA DE PALAUTORDERA,DOMÈSTIC,16127855,
2019,BARCELONA,VALLES OCCIDENTAL,08260,SANTA PERPETUA DE MOGODA,SERVEIS,17854985,
2019,BARCELONA,VALLES OCCIDENTAL,08260,SANTA PERPETUA DE MOGODA,INDUSTRIAL,197635468,
2019,BARCELONA,VALLES OCCIDENTAL,08260,SANTA PERPETUA DE MOGODA,DOMÈSTIC,44328429,
2019,BARCELONA,MARESME,08261,SANTA SUSANNA,SERVEIS,14580936,
2019,BARCELONA,MARESME,08261,SANTA SUSANNA,DOMÈSTIC,5082312,
2019,BARCELONA,BAGES,08262,SANT VICENÇ DE CASTELLET,SERVEIS,2013771,
2019,BARCELONA,BAGES,08262,SANT VICENÇ DE CASTELLET,INDUSTRIAL,9867379,
2019,BARCELONA,BAGES,08262,SANT VICENÇ DE CASTELLET,DOMÈSTIC,19988329,
2019,BARCELONA,BAIX LLOBREGAT,08263,SANT VICENÇ DELS HORTS,SERVEIS,4620162,
2019,BARCELONA,BAIX LLOBREGAT,08263,SANT VICENÇ DELS HORTS,INDUSTRIAL,74865507,
2019,BARCELONA,BAIX LLOBREGAT,08263,SANT VICENÇ DELS HORTS,DOMÈSTIC,34488379,
2019,BARCELONA,MARESME,08264,SANT VICENÇ DE MONTALT,DOMÈSTIC,21070236,
2019,BARCELONA,MARESME,08264,SANT VICENÇ DE MONTALT,SERVEIS,2717655,
2019,BARCELONA,OSONA,08265,SANT VICENÇ DE TORELLO,INDUSTRIAL,,Dades subjectes a secret estadístic.
2019,BARCELONA,OSONA,08265,SANT VICENÇ DE TORELLO,SERVEIS,681554,
2019,BARCELONA,OSONA,08265,SANT VICENÇ DE TORELLO,DOMÈSTIC,3425889,
2019,BARCELONA,VALLES OCCIDENTAL,08266,CERDANYOLA DEL VALLES,DOMÈSTIC,114500773,
2019,BARCELONA,VALLES OCCIDENTAL,08266,CERDANYOLA DEL VALLES,INDUSTRIAL,54542177,
2019,BARCELONA,VALLES OCCIDENTAL,08266,CERDANYOLA DEL VALLES,SERVEIS,196924311,
2019,BARCELONA,VALLES OCCIDENTAL,08267,SENTMENAT,SERVEIS,1416376,
2019,BARCELONA,VALLES OCCIDENTAL,08267,SENTMENAT,INDUSTRIAL,,Dades subjectes a secret estadístic.
2019,BARCELONA,VALLES OCCIDENTAL,08267,SENTMENAT,DOMÈSTIC,15469410,
2019,BARCELONA,OSONA,08269,SEVA,INDUSTRIAL,,Dades subjectes a secret estadístic.
2019,BARCELONA,OSONA,08269,SEVA,DOMÈSTIC,1350245,
2019,BARCELONA,GARRAF,08270,SITGES,SERVEIS,29213516,
2019,BARCELONA,GARRAF,08270,SITGES,DOMÈSTIC,67578332,
2019,BARCELONA,BAGES,08274,SURIA,SERVEIS,2341592,
2019,BARCELONA,BAGES,08274,SURIA,INDUSTRIAL,,Dades subjectes a secret estadístic.
2019,BARCELONA,BAGES,08274,SURIA,DOMÈSTIC,14023681,
2019,BARCELONA,OSONA,08278,TARADELL,SERVEIS,2239479,
2019,BARCELONA,OSONA,08278,TARADELL,INDUSTRIAL,,Dades subjectes a secret estadístic.
2019,BARCELONA,OSONA,08278,TARADELL,DOMÈSTIC,14494938,
2019,BARCELONA,VALLES OCCIDENTAL,08279,TERRASSA,INDUSTRIAL,93848011,
2019,BARCELONA,VALLES OCCIDENTAL,08279,TERRASSA,SERVEIS,84523119,
2019,BARCELONA,VALLES OCCIDENTAL,08279,TERRASSA,DOMÈSTIC,382703007,
2019,BARCELONA,MARESME,08281,TEIA,PRIMARI,,Dades subjectes a secret estadístic.
2019,BARCELONA,MARESME,08281,TEIA,SERVEIS,3343767,
2019,BARCELONA,MARESME,08281,TEIA,DOMÈSTIC,17821288,
2019,BARCELONA,MARESME,08282,TIANA,SERVEIS,2816966,
2019,BARCELONA,MARESME,08282,TIANA,DOMÈSTIC,21718683,
2019,BARCELONA,OSONA,08283,TONA,INDUSTRIAL,,Dades subjectes a secret estadístic.
2019,BARCELONA,OSONA,08283,TONA,SERVEIS,5629781,
2019,BARCELONA,OSONA,08283,TONA,DOMÈSTIC,21438517,
2019,BARCELONA,MARESME,08284,TORDERA,INDUSTRIAL,,Dades subjectes a secret estadístic.
2019,BARCELONA,MARESME,08284,TORDERA,SERVEIS,11304033,
2019,BARCELONA,MARESME,08284,TORDERA,DOMÈSTIC,22330559,
2019,BARCELONA,OSONA,08285,TORELLO,INDUSTRIAL,9524827,
2019,BARCELONA,OSONA,08285,TORELLO,SERVEIS,3837153,
2019,BARCELONA,OSONA,08285,TORELLO,DOMÈSTIC,33231648,
2019,BARCELONA,ANOIA,08286,"TORRE DE CLARAMUNT, LA",INDUSTRIAL,,Dades subjectes a secret estadístic.
2019,BARCELONA,ANOIA,08286,"TORRE DE CLARAMUNT, LA",SERVEIS,313617,
2019,BARCELONA,ANOIA,08286,"TORRE DE CLARAMUNT, LA",DOMÈSTIC,3429465,
2019,BARCELONA,ALT PENEDES,08287,TORRELAVIT,DOMÈSTIC,2365868,
2019,BARCELONA,ALT PENEDES,08287,TORRELAVIT,SERVEIS,,Dades subjectes a secret estadístic.
2019,BARCELONA,BAIX LLOBREGAT,08289,TORRELLES DE LLOBREGAT,SERVEIS,173304,
2019,BARCELONA,BAIX LLOBREGAT,08289,TORRELLES DE LLOBREGAT,DOMÈSTIC,5891682,
2019,BARCELONA,VALLES OCCIDENTAL,08290,ULLASTRELL,SERVEIS,,Dades subjectes a secret estadístic.
2019,BARCELONA,VALLES OCCIDENTAL,08290,ULLASTRELL,DOMÈSTIC,2688953,
2019,BARCELONA,ANOIA,08292,VALLBONA D'ANOIA,INDUSTRIAL,,Dades subjectes a secret estadístic.
2019,BARCELONA,ANOIA,08292,VALLBONA D'ANOIA,DOMÈSTIC,2851261,
2019,BARCELONA,VALLES ORIENTAL,08294,VALLGORGUINA,DOMÈSTIC,968306,
2019,BARCELONA,BAIX LLOBREGAT,08295,VALLIRANA,SERVEIS,2250834,
2019,BARCELONA,BAIX LLOBREGAT,08295,VALLIRANA,DOMÈSTIC,17117808,
2019,BARCELONA,VALLES ORIENTAL,08296,VALLROMANES,SERVEIS,1382701,
2019,BARCELONA,VALLES ORIENTAL,08296,VALLROMANES,DOMÈSTIC,6364891,
2019,BARCELONA,OSONA,08298,VIC,INDUSTRIAL,75192517,
2019,BARCELONA,OSONA,08298,VIC,SERVEIS,52473692,
2019,BARCELONA,OSONA,08298,VIC,DOMÈSTIC,123888914,
2019,BARCELONA,VALLES OCCIDENTAL,08300,VILADECAVALLS,INDUSTRIAL,7420251,
2019,BARCELONA,VALLES OCCIDENTAL,08300,VILADECAVALLS,SERVEIS,21302355,
2019,BARCELONA,VALLES OCCIDENTAL,08300,VILADECAVALLS,DOMÈSTIC,13798065,
2019,BARCELONA,BAIX LLOBREGAT,08301,VILADECANS,INDUSTRIAL,,Dades subjectes a secret estadístic.
2019,BARCELONA,BAIX LLOBREGAT,08301,VILADECANS,SERVEIS,29893831,Inclou el consum del sector transport.
2019,BARCELONA,BAIX LLOBREGAT,08301,VILADECANS,DOMÈSTIC,76299480,
2019,BARCELONA,ANOIA,08302,VILANOVA DEL CAMI,INDUSTRIAL,,Dades subjectes a secret estadístic.
2019,BARCELONA,ANOIA,08302,VILANOVA DEL CAMI,SERVEIS,2074827,
2019,BARCELONA,ANOIA,08302,VILANOVA DEL CAMI,DOMÈSTIC,20288523,
2019,BARCELONA,ALT PENEDES,08305,VILAFRANCA DEL PENEDES,INDUSTRIAL,4917177,
2019,BARCELONA,ALT PENEDES,08305,VILAFRANCA DEL PENEDES,SERVEIS,17465153,
2019,BARCELONA,ALT PENEDES,08305,VILAFRANCA DEL PENEDES,DOMÈSTIC,68728275,
2019,BARCELONA,VALLES ORIENTAL,08306,VILALBA SASSERRA,SERVEIS,,Dades subjectes a secret estadístic.
2019,BARCELONA,VALLES ORIENTAL,08306,VILALBA SASSERRA,DOMÈSTIC,170922,
2019,BARCELONA,GARRAF,08307,VILANOVA I LA GELTRU,INDUSTRIAL,53148355,
2019,BARCELONA,GARRAF,08307,VILANOVA I LA GELTRU,SERVEIS,17705374,
2019,BARCELONA,GARRAF,08307,VILANOVA I LA GELTRU,DOMÈSTIC,90470694,
2019,BARCELONA,VALLES ORIENTAL,08902,VILANOVA DEL VALLES,DOMÈSTIC,7313222,
2019,BARCELONA,VALLES ORIENTAL,08902,VILANOVA DEL VALLES,SERVEIS,647329,
2019,BARCELONA,VALLES OCCIDENTAL,08904,BADIA DEL VALLES,SERVEIS,3483933,
2019,BARCELONA,VALLES OCCIDENTAL,08904,BADIA DEL VALLES,DOMÈSTIC,14783100,
2019,BARCELONA,BAIX LLOBREGAT,08905,"PALMA DE CERVELLO, LA",SERVEIS,530333,
2019,BARCELONA,BAIX LLOBREGAT,08905,"PALMA DE CERVELLO, LA",DOMÈSTIC,4390414,
2019,BARCELONA,BAIX LLOBREGAT,08905,"PALMA DE CERVELLO, LA",INDUSTRIAL,,Dades subjectes a secret estadístic.
2019,GIRONA,GIRONES,17002,AIGUAVIVA,INDUSTRIAL,29555684,
2019,GIRONA,GIRONES,17002,AIGUAVIVA,DOMÈSTIC,1210086,
2019,GIRONA,GIRONES,17002,AIGUAVIVA,SERVEIS,845884,
2019,GIRONA,GARROTXA,17010,ARGELAGUER,PRIMARI,,Dades subjectes a secret estadístic.
2019,GIRONA,GARROTXA,17010,ARGELAGUER,INDUSTRIAL,,Dades subjectes a secret estadístic.
2019,GIRONA,GARROTXA,17010,ARGELAGUER,DOMÈSTIC,992350,
2019,GIRONA,GARROTXA,17010,ARGELAGUER,SERVEIS,206430,
2019,GIRONA,BAIX EMPORDA,17013,BEGUR,DOMÈSTIC,239356,
2019,GIRONA,PLA DE L'ESTANY,17015,BANYOLES,INDUSTRIAL,,Dades subjectes a secret estadístic.
2019,GIRONA,PLA DE L'ESTANY,17015,BANYOLES,DOMÈSTIC,42400426,
2019,GIRONA,PLA DE L'ESTANY,17015,BANYOLES,SERVEIS,12137612,
2019,GIRONA,BAIX EMPORDA,17018,BELLCAIRE D'EMPORDA,DOMÈSTIC,1614464,
2019,GIRONA,GARROTXA,17019,BESALU,DOMÈSTIC,6776059,
2019,GIRONA,GARROTXA,17019,BESALU,SERVEIS,931972,
2019,GIRONA,GARROTXA,17019,BESALU,INDUSTRIAL,,Dades subjectes a secret estadístic.
2019,GIRONA,GIRONES,17020,BESCANO,DOMÈSTIC,9471237,
2019,GIRONA,GIRONES,17020,BESCANO,SERVEIS,1290635,
2019,GIRONA,GARROTXA,17021,BEUDA,INDUSTRIAL,,Dades subjectes a secret estadístic.
2019,GIRONA,BAIX EMPORDA,17022,"BISBAL D'EMPORDA, LA",DOMÈSTIC,21101100,
2019,GIRONA,BAIX EMPORDA,17022,"BISBAL D'EMPORDA, LA",SERVEIS,2359275,
2019,GIRONA,BAIX EMPORDA,17022,"BISBAL D'EMPORDA, LA",INDUSTRIAL,,Dades subjectes a secret estadístic.
2019,GIRONA,SELVA,17023,BLANES,SERVEIS,17904034,
2019,GIRONA,SELVA,17023,BLANES,DOMÈSTIC,72956519,
2019,GIRONA,SELVA,17023,BLANES,INDUSTRIAL,,Dades subjectes a secret estadístic.
2019,GIRONA,GIRONES,17025,BORDILS,DOMÈSTIC,3455909,
2019,GIRONA,GIRONES,17025,BORDILS,SERVEIS,,Dades subjectes a secret estadístic.
2019,GIRONA,SELVA,17027,BREDA,DOMÈSTIC,6830789,
2019,GIRONA,SELVA,17027,BREDA,SERVEIS,423983,
2019,GIRONA,SELVA,17027,BREDA,INDUSTRIAL,4866833,
2019,GIRONA,SELVA,17033,CALDES DE MALAVELLA,INDUSTRIAL,6784400,
2019,GIRONA,SELVA,17033,CALDES DE MALAVELLA,SERVEIS,5943742,
2019,GIRONA,SELVA,17033,CALDES DE MALAVELLA,DOMÈSTIC,13050194,
2019,GIRONA,BAIX EMPORDA,17034,CALONGE I SANT ANTONI,DOMÈSTIC,20333701,
2019,GIRONA,BAIX EMPORDA,17034,CALONGE I SANT ANTONI,SERVEIS,3775929,
2019,GIRONA,PLA DE L'ESTANY,17035,CAMOS,DOMÈSTIC,619098,
2019,GIRONA,RIPOLLES,17036,CAMPDEVANOL,DOMÈSTIC,7630545,
2019,GIRONA,RIPOLLES,17036,CAMPDEVANOL,INDUSTRIAL,4369101,
2019,GIRONA,RIPOLLES,17036,CAMPDEVANOL,SERVEIS,2580194,
2019,GIRONA,GIRONES,17038,CAMPLLONG,SERVEIS,,Dades subjectes a secret estadístic.
2019,GIRONA,GIRONES,17038,CAMPLLONG,DOMÈSTIC,574267,
2019,GIRONA,GIRONES,17044,CASSA DE LA SELVA,SERVEIS,3623834,
2019,GIRONA,GIRONES,17044,CASSA DE LA SELVA,INDUSTRIAL,,Dades subjectes a secret estadístic.
2019,GIRONA,GIRONES,17044,CASSA DE LA SELVA,DOMÈSTIC,18951117,
2019,GIRONA,GARROTXA,17046,CASTELLFOLLIT DE LA ROCA,SERVEIS,1059631,
2019,GIRONA,GARROTXA,17046,CASTELLFOLLIT DE LA ROCA,DOMÈSTIC,2481167,
2019,GIRONA,ALT EMPORDA,17047,CASTELLO D'EMPURIES,SERVEIS,1052702,
2019,GIRONA,ALT EMPORDA,17047,CASTELLO D'EMPURIES,DOMÈSTIC,6746025,
2019,GIRONA,BAIX EMPORDA,17048,CASTELL-PLATJA D'ARO,SERVEIS,16585311,
2019,GIRONA,BAIX EMPORDA,17048,CASTELL-PLATJA D'ARO,DOMÈSTIC,22864690,
2019,GIRONA,GIRONES,17049,CELRA,SERVEIS,1978773,
2019,GIRONA,GIRONES,17049,CELRA,INDUSTRIAL,79909345,
2019,GIRONA,GIRONES,17049,CELRA,DOMÈSTIC,11398407,
2019,GIRONA,PLA DE L'ESTANY,17056,CORNELLA DEL TERRI,SERVEIS,470037,
2019,GIRONA,PLA DE L'ESTANY,17056,CORNELLA DEL TERRI,INDUSTRIAL,33750287,
2019,GIRONA,PLA DE L'ESTANY,17056,CORNELLA DEL TERRI,DOMÈSTIC,3651029,
2019,GIRONA,BAIX EMPORDA,17057,CORÇA,SERVEIS,,Dades subjectes a secret estadístic.
2019,GIRONA,BAIX EMPORDA,17057,CORÇA,INDUSTRIAL,,Dades subjectes a secret estadístic.
2019,GIRONA,BAIX EMPORDA,17057,CORÇA,DOMÈSTIC,2402477,
2019,GIRONA,ALT EMPORDA,17062,"ESCALA, L'",SERVEIS,4471074,
2019,GIRONA,ALT EMPORDA,17062,"ESCALA, L'",DOMÈSTIC,14950241,
2019,GIRONA,ALT EMPORDA,17066,FIGUERES,SERVEIS,28997483,
2019,GIRONA,ALT EMPORDA,17066,FIGUERES,DOMÈSTIC,74149836,
2019,GIRONA,GIRONES,17067,FLAÇA,DOMÈSTIC,2599872,
2019,GIRONA,GIRONES,17067,FLAÇA,SERVEIS,,Dades subjectes a secret estadístic.
2019,GIRONA,PLA DE L'ESTANY,17071,FONTCOBERTA,DOMÈSTIC,1049726,
2019,GIRONA,GIRONES,17073,FORNELLS DE LA SELVA,SERVEIS,1885554,
2019,GIRONA,GIRONES,17073,FORNELLS DE LA SELVA,DOMÈSTIC,6643968,
2019,GIRONA,GIRONES,17079,GIRONA,DOMÈSTIC,235103105,
2019,GIRONA,GIRONES,17079,GIRONA,INDUSTRIAL,,Dades subjectes a secret estadístic.
2019,GIRONA,GIRONES,17079,GIRONA,SERVEIS,79130660,
2019,GIRONA,BAIX EMPORDA,17081,GUALTA,SERVEIS,,Dades subjectes a secret estadístic.
2019,GIRONA,BAIX EMPORDA,17081,GUALTA,DOMÈSTIC,302051,
2019,GIRONA,SELVA,17083,HOSTALRIC,SERVEIS,554532,
2019,GIRONA,SELVA,17083,HOSTALRIC,INDUSTRIAL,39964360,
2019,GIRONA,SELVA,17083,HOSTALRIC,DOMÈSTIC,9183603,
2019,GIRONA,ALT EMPORDA,17086,"JONQUERA, LA",DOMÈSTIC,4011594,
2019,GIRONA,ALT EMPORDA,17086,"JONQUERA, LA",SERVEIS,5056767,
2019,GIRONA,GIRONES,17087,JUIA,INDUSTRIAL,,Dades subjectes a secret estadístic.
2019,GIRONA,GIRONES,17089,LLAGOSTERA,SERVEIS,934033,
2019,GIRONA,GIRONES,17089,LLAGOSTERA,DOMÈSTIC,14674469,
2019,GIRONA,SELVA,17095,LLORET DE MAR,SERVEIS,64968299,
2019,GIRONA,SELVA,17095,LLORET DE MAR,DOMÈSTIC,48834242,
2019,GIRONA,SELVA,17101,MASSANES,INDUSTRIAL,41686490,
2019,GIRONA,SELVA,17101,MASSANES,DOMÈSTIC,64631,
2019,GIRONA,SELVA,17103,MAÇANET DE LA SELVA,SERVEIS,1815441,
2019,GIRONA,SELVA,17103,MAÇANET DE LA SELVA,INDUSTRIAL,,Dades subjectes a secret estadístic.
2019,GIRONA,SELVA,17103,MAÇANET DE LA SELVA,DOMÈSTIC,9878871,
2019,GIRONA,BAIX EMPORDA,17110,MONT-RAS,SERVEIS,,Dades subjectes a secret estadístic.
2019,GIRONA,BAIX EMPORDA,17110,MONT-RAS,DOMÈSTIC,2110473,
2019,GIRONA,ALT EMPORDA,17111,NAVATA,SERVEIS,,Dades subjectes a secret estadístic.
2019,GIRONA,ALT EMPORDA,17111,NAVATA,DOMÈSTIC,720740,
2019,GIRONA,GARROTXA,17114,OLOT,SERVEIS,25329580,
2019,GIRONA,GARROTXA,17114,OLOT,INDUSTRIAL,53437077,
2019,GIRONA,GARROTXA,17114,OLOT,DOMÈSTIC,77466880,
2019,GIRONA,BAIX EMPORDA,17117,PALAFRUGELL,SERVEIS,7712080,
2019,GIRONA,BAIX EMPORDA,17117,PALAFRUGELL,DOMÈSTIC,37083240,
2019,GIRONA,BAIX EMPORDA,17118,PALAMOS,INDUSTRIAL,,Dades subjectes a secret estadístic.
2019,GIRONA,BAIX EMPORDA,17118,PALAMOS,SERVEIS,8708741,
2019,GIRONA,BAIX EMPORDA,17118,PALAMOS,DOMÈSTIC,31060606,
2019,GIRONA,PLA DE L'ESTANY,17123,PALOL DE REVARDIT,INDUSTRIAL,,Dades subjectes a secret estadístic.
2019,GIRONA,BAIX EMPORDA,17126,PARLAVA,DOMÈSTIC,202159,
2019,GIRONA,BAIX EMPORDA,17130,"PERA, LA",INDUSTRIAL,,Dades subjectes a secret estadístic.
2019,GIRONA,PLA DE L'ESTANY,17137,PORQUERES,DOMÈSTIC,8115490,
2019,GIRONA,PLA DE L'ESTANY,17137,PORQUERES,INDUSTRIAL,3093960,
2019,GIRONA,PLA DE L'ESTANY,17137,PORQUERES,SERVEIS,823631,
2019,GIRONA,GARROTXA,17139,"PRESES, LES",SERVEIS,936981,
2019,GIRONA,GARROTXA,17139,"PRESES, LES",INDUSTRIAL,7000441,
2019,GIRONA,GARROTXA,17139,"PRESES, LES",DOMÈSTIC,2655125,
2019,GIRONA,CERDANYA,17141,PUIGCERDA,SERVEIS,9324752,
2019,GIRONA,CERDANYA,17141,PUIGCERDA,DOMÈSTIC,25681386,
2019,GIRONA,GIRONES,17142,QUART,SERVEIS,2386921,
2019,GIRONA,GIRONES,17142,QUART,DOMÈSTIC,8339902,
2019,GIRONA,SELVA,17146,RIELLS I VIABREA,SERVEIS,,Dades subjectes a secret estadístic.
2019,GIRONA,SELVA,17146,RIELLS I VIABREA,INDUSTRIAL,11512225,
2019,GIRONA,SELVA,17146,RIELLS I VIABREA,DOMÈSTIC,1292542,
2019,GIRONA,RIPOLLES,17147,RIPOLL,INDUSTRIAL,38540008,
2019,GIRONA,RIPOLLES,17147,RIPOLL,DOMÈSTIC,25651540,
2019,GIRONA,RIPOLLES,17147,RIPOLL,SERVEIS,7282884,
2019,GIRONA,SELVA,17148,RIUDARENES,INDUSTRIAL,,Dades subjectes a secret estadístic.
2019,GIRONA,SELVA,17148,RIUDARENES,SERVEIS,1077523,
2019,GIRONA,SELVA,17148,RIUDARENES,DOMÈSTIC,3341698,
2019,GIRONA,SELVA,17150,RIUDELLOTS DE LA SELVA,SERVEIS,12873935,
2019,GIRONA,SELVA,17150,RIUDELLOTS DE LA SELVA,INDUSTRIAL,139122638,
2019,GIRONA,SELVA,17150,RIUDELLOTS DE LA SELVA,DOMÈSTIC,3829170,
2019,GIRONA,ALT EMPORDA,17152,ROSES,SERVEIS,2948224,
2019,GIRONA,ALT EMPORDA,17152,ROSES,DOMÈSTIC,17187242,
2019,GIRONA,GIRONES,17155,SALT,INDUSTRIAL,,Dades subjectes a secret estadístic.
2019,GIRONA,GIRONES,17155,SALT,SERVEIS,23935033,
2019,GIRONA,GIRONES,17155,SALT,DOMÈSTIC,48244681,
2019,GIRONA,SELVA,17159,SANT FELIU DE BUIXALLEU,SERVEIS,,Dades subjectes a secret estadístic.
2019,GIRONA,SELVA,17159,SANT FELIU DE BUIXALLEU,INDUSTRIAL,27576469,
2019,GIRONA,BAIX EMPORDA,17160,SANT FELIU DE GUIXOLS,SERVEIS,12297204,
2019,GIRONA,BAIX EMPORDA,17160,SANT FELIU DE GUIXOLS,DOMÈSTIC,49702744,
2019,GIRONA,GIRONES,17163,SANT GREGORI,INDUSTRIAL,,Dades subjectes a secret estadístic.
2019,GIRONA,GIRONES,17163,SANT GREGORI,SERVEIS,1179208,
2019,GIRONA,GIRONES,17163,SANT GREGORI,DOMÈSTIC,8051674,
2019,GIRONA,GARROTXA,17165,SANT JAUME DE LLIERCA,INDUSTRIAL,,Dades subjectes a secret estadístic.
2019,GIRONA,GARROTXA,17165,SANT JAUME DE LLIERCA,DOMÈSTIC,1516859,
2019,GIRONA,RIPOLLES,17167,SANT JOAN DE LES ABADESSES,INDUSTRIAL,,Dades subjectes a secret estadístic.
2019,GIRONA,RIPOLLES,17167,SANT JOAN DE LES ABADESSES,SERVEIS,1942174,
2019,GIRONA,RIPOLLES,17167,SANT JOAN DE LES ABADESSES,DOMÈSTIC,8982099,
2019,GIRONA,GIRONES,17168,SANT JOAN DE MOLLET,SERVEIS,,Dades subjectes a secret estadístic.
2019,GIRONA,GIRONES,17168,SANT JOAN DE MOLLET,DOMÈSTIC,948041,
2019,GIRONA,GIRONES,17169,SANT JULIA DE RAMIS,INDUSTRIAL,,Dades subjectes a secret estadístic.
2019,GIRONA,GIRONES,17169,SANT JULIA DE RAMIS,SERVEIS,291992,
2019,GIRONA,GIRONES,17169,SANT JULIA DE RAMIS,DOMÈSTIC,6137401,
2019,GIRONA,RIPOLLES,17177,SANT PAU DE SEGURIES,SERVEIS,,Dades subjectes a secret estadístic.
2019,GIRONA,RIPOLLES,17177,SANT PAU DE SEGURIES,DOMÈSTIC,1160699,
2019,GIRONA,SELVA,17180,SANTA COLOMA DE FARNERS,INDUSTRIAL,3007201,
2019,GIRONA,SELVA,17180,SANTA COLOMA DE FARNERS,SERVEIS,2705264,
2019,GIRONA,SELVA,17180,SANTA COLOMA DE FARNERS,DOMÈSTIC,21111915,
2019,GIRONA,BAIX EMPORDA,17181,SANTA CRISTINA D'ARO,SERVEIS,642227,
2019,GIRONA,BAIX EMPORDA,17181,SANTA CRISTINA D'ARO,DOMÈSTIC,10390622,
2019,GIRONA,ALT EMPORDA,17182,SANTA LLOGAIA D'ALGUEMA,DOMÈSTIC,181411,
2019,GIRONA,GARROTXA,17185,SANT JOAN LES FONTS,INDUSTRIAL,770582775,
2019,GIRONA,GARROTXA,17185,SANT JOAN LES FONTS,SERVEIS,1756138,
2019,GIRONA,GARROTXA,17185,SANT JOAN LES FONTS,DOMÈSTIC,6569973,
2019,GIRONA,GIRONES,17186,SARRIA DE TER,INDUSTRIAL,,Dades subjectes a secret estadístic.
2019,GIRONA,GIRONES,17186,SARRIA DE TER,SERVEIS,877874,
2019,GIRONA,GIRONES,17186,SARRIA DE TER,DOMÈSTIC,13668435,
2019,GIRONA,PLA DE L'ESTANY,17190,SERINYA,DOMÈSTIC,1693420,
2019,GIRONA,PLA DE L'ESTANY,17190,SERINYA,INDUSTRIAL,,Dades subjectes a secret estadístic.
2019,GIRONA,BAIX EMPORDA,17191,SERRA DE DARO,DOMÈSTIC,426603,
2019,GIRONA,SELVA,17193,SILS,SERVEIS,3481574,
2019,GIRONA,SELVA,17193,SILS,INDUSTRIAL,20296999,
2019,GIRONA,SELVA,17193,SILS,DOMÈSTIC,8219561,
2019,GIRONA,BAIX EMPORDA,17199,TORROELLA DE MONTGRI,DOMÈSTIC,13718560,
2019,GIRONA,BAIX EMPORDA,17199,TORROELLA DE MONTGRI,INDUSTRIAL,,Dades subjectes a secret estadístic.
2019,GIRONA,BAIX EMPORDA,17199,TORROELLA DE MONTGRI,SERVEIS,4696811,
2019,GIRONA,SELVA,17202,TOSSA DE MAR,SERVEIS,5922514,
2019,GIRONA,SELVA,17202,TOSSA DE MAR,DOMÈSTIC,7262927,
2019,GIRONA,BAIX EMPORDA,17204,ULLA,SERVEIS,,Dades subjectes a secret estadístic.
2019,GIRONA,BAIX EMPORDA,17204,ULLA,INDUSTRIAL,,Dades subjectes a secret estadístic.
2019,GIRONA,BAIX EMPORDA,17204,ULLA,DOMÈSTIC,1487256,
2019,GIRONA,GARROTXA,17207,"VALL D'EN BAS, LA",SERVEIS,,Dades subjectes a secret estadístic.
2019,GIRONA,GARROTXA,17207,"VALL D'EN BAS, LA",DOMÈSTIC,1139586,
2019,GIRONA,GARROTXA,17208,"VALL DE BIANYA, LA",SERVEIS,450795,
2019,GIRONA,GARROTXA,17208,"VALL DE BIANYA, LA",INDUSTRIAL,,Dades subjectes a secret estadístic.
2019,GIRONA,GARROTXA,17208,"VALL DE BIANYA, LA",DOMÈSTIC,1662159,
2019,GIRONA,BAIX EMPORDA,17209,VALL-LLOBREGA,DOMÈSTIC,1503791,
2019,GIRONA,BAIX EMPORDA,17209,VALL-LLOBREGA,SERVEIS,,Dades subjectes a secret estadístic.
2019,GIRONA,SELVA,17213,VIDRERES,DOMÈSTIC,10821719,
2019,GIRONA,SELVA,17213,VIDRERES,INDUSTRIAL,,Dades subjectes a secret estadístic.
2019,GIRONA,SELVA,17213,VIDRERES,SERVEIS,1376367,
2019,GIRONA,GIRONES,17215,VILABLAREIX,SERVEIS,769892,
2019,GIRONA,GIRONES,17215,VILABLAREIX,DOMÈSTIC,7757280,
2019,GIRONA,ALT EMPORDA,17221,VILAFANT,DOMÈSTIC,6717124,
2019,GIRONA,ALT EMPORDA,17221,VILAFANT,SERVEIS,3849841,
2019,GIRONA,BAIX EMPORDA,17902,FORALLAC,SERVEIS,489229,
2019,GIRONA,BAIX EMPORDA,17902,FORALLAC,DOMÈSTIC,2495430,
2019,LLEIDA,URGELL,25003,AGRAMUNT,SERVEIS,479414,
2019,LLEIDA,URGELL,25003,AGRAMUNT,DOMÈSTIC,6816614,
2019,LLEIDA,SEGRIA,25004,"ALAMUS, ELS",DOMÈSTIC,941946,
2019,LLEIDA,SEGRIA,25007,ALBATARREC,SERVEIS,,Dades subjectes a secret estadístic.
2019,LLEIDA,SEGRIA,25007,ALBATARREC,DOMÈSTIC,3793051,
2019,LLEIDA,SEGRIA,25011,ALCARRAS,INDUSTRIAL,,Dades subjectes a secret estadístic.
2019,LLEIDA,SEGRIA,25011,ALCARRAS,SERVEIS,2201948,
2019,LLEIDA,SEGRIA,25011,ALCARRAS,DOMÈSTIC,22014048,
2019,LLEIDA,SEGRIA,25012,ALCOLETGE,INDUSTRIAL,11385451,
2019,LLEIDA,SEGRIA,25012,ALCOLETGE,SERVEIS,1082325,
2019,LLEIDA,SEGRIA,25012,ALCOLETGE,DOMÈSTIC,8040206,
2019,LLEIDA,SEGRIA,25013,ALFARRAS,SERVEIS,1909713,
2019,LLEIDA,SEGRIA,25013,ALFARRAS,DOMÈSTIC,6141598,
2019,LLEIDA,SEGRIA,25016,ALGUAIRE,INDUSTRIAL,,Dades subjectes a secret estadístic.
2019,LLEIDA,SEGRIA,25016,ALGUAIRE,SERVEIS,780031,
2019,LLEIDA,SEGRIA,25016,ALGUAIRE,DOMÈSTIC,5971691,
2019,LLEIDA,SEGRIA,25019,ALMACELLES,INDUSTRIAL,,Dades subjectes a secret estadístic.
2019,LLEIDA,SEGRIA,25019,ALMACELLES,SERVEIS,2341834,
2019,LLEIDA,SEGRIA,25019,ALMACELLES,DOMÈSTIC,14226559,
2019,LLEIDA,SEGRIA,25021,ALMENAR,DOMÈSTIC,6618460,
2019,LLEIDA,SEGRIA,25021,ALMENAR,SERVEIS,712936,
2019,LLEIDA,SEGRIA,25021,ALMENAR,INDUSTRIAL,,Dades subjectes a secret estadístic.
2019,LLEIDA,SEGRIA,25023,ALPICAT,SERVEIS,2627560,
2019,LLEIDA,SEGRIA,25023,ALPICAT,INDUSTRIAL,,Dades subjectes a secret estadístic.
2019,LLEIDA,SEGRIA,25023,ALPICAT,DOMÈSTIC,16557291,
2019,LLEIDA,VAL D'ARAN,25025,NAUT ARAN,DOMÈSTIC,3985017,
2019,LLEIDA,VAL D'ARAN,25025,NAUT ARAN,SERVEIS,4053275,
2019,LLEIDA,URGELL,25027,ANGLESOLA,SERVEIS,99452,
2019,LLEIDA,URGELL,25027,ANGLESOLA,DOMÈSTIC,2227077,
2019,LLEIDA,GARRIGUES,25029,ARBECA,SERVEIS,,Dades subjectes a secret estadístic.
2019,LLEIDA,GARRIGUES,25029,ARBECA,DOMÈSTIC,339961,
2019,LLEIDA,NOGUERA,25034,ARTESA DE SEGRE,SERVEIS,418901,
2019,LLEIDA,NOGUERA,25034,ARTESA DE SEGRE,DOMÈSTIC,4765704,
2019,LLEIDA,SEGRIA,25038,AITONA,SERVEIS,,Dades subjectes a secret estadístic.
2019,LLEIDA,SEGRIA,25038,AITONA,DOMÈSTIC,666406,
2019,LLEIDA,NOGUERA,25040,BALAGUER,SERVEIS,10811479,
2019,LLEIDA,NOGUERA,25040,BALAGUER,INDUSTRIAL,28254103,
2019,LLEIDA,NOGUERA,25040,BALAGUER,DOMÈSTIC,30185374,
2019,LLEIDA,NOGUERA,25047,BELLCAIRE D'URGELL,INDUSTRIAL,,Dades subjectes a secret estadístic.
2019,LLEIDA,NOGUERA,25047,BELLCAIRE D'URGELL,SERVEIS,,Dades subjectes a secret estadístic.
2019,LLEIDA,NOGUERA,25047,BELLCAIRE D'URGELL,DOMÈSTIC,3252769,
2019,LLEIDA,PLA D'URGELL,25048,BELL-LLOC D'URGELL,INDUSTRIAL,,Dades subjectes a secret estadístic.
2019,LLEIDA,PLA D'URGELL,25048,BELL-LLOC D'URGELL,SERVEIS,1056729,
2019,LLEIDA,PLA D'URGELL,25048,BELL-LLOC D'URGELL,DOMÈSTIC,4441103,
2019,LLEIDA,URGELL,25050,BELLPUIG,SERVEIS,2252940,
2019,LLEIDA,URGELL,25050,BELLPUIG,DOMÈSTIC,8928996,
2019,LLEIDA,URGELL,25050,BELLPUIG,INDUSTRIAL,,Dades subjectes a secret estadístic.
2019,LLEIDA,PLA D'URGELL,25052,BELLVIS,DOMÈSTIC,1075791,
2019,LLEIDA,SEGRIA,25053,BENAVENT DE SEGRIA,SERVEIS,,Dades subjectes a secret estadístic.
2019,LLEIDA,SEGRIA,25053,BENAVENT DE SEGRIA,DOMÈSTIC,2555587,
2019,LLEIDA,GARRIGUES,25058,"BORGES BLANQUES, LES",SERVEIS,1476540,
2019,LLEIDA,GARRIGUES,25058,"BORGES BLANQUES, LES",INDUSTRIAL,,Dades subjectes a secret estadístic. Inclou el consum del sector energètic.
2019,LLEIDA,GARRIGUES,25058,"BORGES BLANQUES, LES",DOMÈSTIC,11399681,
2019,LLEIDA,VAL D'ARAN,25059,BOSSOST,DOMÈSTIC,1865042,
2019,LLEIDA,VAL D'ARAN,25059,BOSSOST,SERVEIS,,Dades subjectes a secret estadístic.
2019,LLEIDA,PLA D'URGELL,25068,CASTELLNOU DE SEANA,SERVEIS,,Dades subjectes a secret estadístic.
2019,LLEIDA,PLA D'URGELL,25068,CASTELLNOU DE SEANA,DOMÈSTIC,432698,
2019,LLEIDA,SEGARRA,25072,CERVERA,INDUSTRIAL,64711819,
2019,LLEIDA,SEGARRA,25072,CERVERA,DOMÈSTIC,17534520,
2019,LLEIDA,SEGARRA,25072,CERVERA,SERVEIS,6402240,
2019,LLEIDA,SEGRIA,25078,CORBINS,DOMÈSTIC,1293350,
2019,LLEIDA,SEGRIA,25078,CORBINS,SERVEIS,,Dades subjectes a secret estadístic.
2019,LLEIDA,GARRIGUES,25081,"ESPLUGA CALBA, L'",DOMÈSTIC,294441,
2019,LLEIDA,GARRIGUES,25081,"ESPLUGA CALBA, L'",INDUSTRIAL,,Dades subjectes a secret estadístic.
2019,LLEIDA,PLA D'URGELL,25093,FONDARELLA,DOMÈSTIC,1355002,
2019,LLEIDA,PLA D'URGELL,25093,FONDARELLA,SERVEIS,162339,
2019,LLEIDA,PLA D'URGELL,25093,FONDARELLA,INDUSTRIAL,,Dades subjectes a secret estadístic.
2019,LLEIDA,PLA D'URGELL,25099,GOLMES,DOMÈSTIC,3691485,
2019,LLEIDA,PLA D'URGELL,25099,GOLMES,SERVEIS,491335,
2019,LLEIDA,SEGARRA,25110,GUISSONA,DOMÈSTIC,12441665,
2019,LLEIDA,SEGARRA,25110,GUISSONA,INDUSTRIAL,,Dades subjectes a secret estadístic.
2019,LLEIDA,SEGARRA,25110,GUISSONA,SERVEIS,5663233,
2019,LLEIDA,PLA D'URGELL,25113,IVARS D'URGELL,DOMÈSTIC,1597584,
2019,LLEIDA,PLA D'URGELL,25113,IVARS D'URGELL,INDUSTRIAL,,Dades subjectes a secret estadístic.
2019,LLEIDA,PLA D'URGELL,25113,IVARS D'URGELL,SERVEIS,,Dades subjectes a secret estadístic.
2019,LLEIDA,GARRIGUES,25119,JUNEDA,DOMÈSTIC,5505548,
2019,LLEIDA,GARRIGUES,25119,JUNEDA,SERVEIS,570381927,
2019,LLEIDA,SEGRIA,25120,LLEIDA,SERVEIS,146510214,
2019,LLEIDA,SEGRIA,25120,LLEIDA,PRIMARI,,Dades subjectes a secret estadístic.
2019,LLEIDA,SEGRIA,25120,LLEIDA,INDUSTRIAL,123679445,
2019,LLEIDA,SEGRIA,25120,LLEIDA,DOMÈSTIC,304937665,
2019,LLEIDA,PLA D'URGELL,25122,LINYOLA,SERVEIS,175506,
2019,LLEIDA,PLA D'URGELL,25122,LINYOLA,INDUSTRIAL,,Dades subjectes a secret estadístic.
2019,LLEIDA,PLA D'URGELL,25122,LINYOLA,DOMÈSTIC,4269912,
2019,LLEIDA,PLA D'URGELL,25135,MIRALCAMP,INDUSTRIAL,,Dades subjectes a secret estadístic.
2019,LLEIDA,PLA D'URGELL,25135,MIRALCAMP,SERVEIS,,Dades subjectes a secret estadístic.
2019,LLEIDA,PLA D'URGELL,25135,MIRALCAMP,DOMÈSTIC,2472176,
2019,LLEIDA,PLA D'URGELL,25137,MOLLERUSSA,DOMÈSTIC,33684572,
2019,LLEIDA,PLA D'URGELL,25137,MOLLERUSSA,SERVEIS,7226411,
2019,LLEIDA,PLA D'URGELL,25137,MOLLERUSSA,INDUSTRIAL,1209099245,
2019,LLEIDA,SOLSONES,25151,OLIUS,DOMÈSTIC,554793,
2019,LLEIDA,SOLSONES,25151,OLIUS,SERVEIS,,Dades subjectes a secret estadístic.
2019,LLEIDA,ALT URGELL,25155,ORGANYA,SERVEIS,,Dades subjectes a secret estadístic.
2019,LLEIDA,ALT URGELL,25155,ORGANYA,DOMÈSTIC,1031782,
2019,LLEIDA,PLA D'URGELL,25158,"PALAU D'ANGLESOLA, EL",SERVEIS,622992,
2019,LLEIDA,PLA D'URGELL,25158,"PALAU D'ANGLESOLA, EL",INDUSTRIAL,,Dades subjectes a secret estadístic.
2019,LLEIDA,PLA D'URGELL,25158,"PALAU D'ANGLESOLA, EL",DOMÈSTIC,3695980,
2019,LLEIDA,NOGUERA,25172,PONTS,SERVEIS,610936,
2019,LLEIDA,NOGUERA,25172,PONTS,DOMÈSTIC,6383164,
2019,LLEIDA,PALLARS SOBIRA,25183,RIALP,SERVEIS,,Dades subjectes a secret estadístic.
2019,LLEIDA,PALLARS SOBIRA,25183,RIALP,DOMÈSTIC,882406,
2019,LLEIDA,SEGRIA,25189,ROSSELLO,INDUSTRIAL,,Dades subjectes a secret estadístic.
2019,LLEIDA,SEGRIA,25189,ROSSELLO,DOMÈSTIC,7301719,
2019,LLEIDA,SEGRIA,25189,ROSSELLO,SERVEIS,614164,
2019,LLEIDA,SEGARRA,25192,SANT GUIM DE FREIXENET,SERVEIS,,Dades subjectes a secret estadístic.
2019,LLEIDA,SEGARRA,25192,SANT GUIM DE FREIXENET,DOMÈSTIC,2320609,
2019,LLEIDA,ALT URGELL,25203,"SEU D'URGELL, LA",INDUSTRIAL,,Dades subjectes a secret estadístic.
2019,LLEIDA,ALT URGELL,25203,"SEU D'URGELL, LA",SERVEIS,1920801,
2019,LLEIDA,ALT URGELL,25203,"SEU D'URGELL, LA",DOMÈSTIC,14086079,
2019,LLEIDA,SEGRIA,25204,SEROS,DOMÈSTIC,1011640,
2019,LLEIDA,SOLSONES,25207,SOLSONA,INDUSTRIAL,,Dades subjectes a secret estadístic.
2019,LLEIDA,SOLSONES,25207,SOLSONA,SERVEIS,2248524,
2019,LLEIDA,SOLSONES,25207,SOLSONA,DOMÈSTIC,15001943,
2019,LLEIDA,URGELL,25217,TARREGA,INDUSTRIAL,,Dades subjectes a secret estadístic.
2019,LLEIDA,URGELL,25217,TARREGA,SERVEIS,10459376,
2019,LLEIDA,URGELL,25217,TARREGA,DOMÈSTIC,35334378,
2019,LLEIDA,GARRIGUES,25218,TARRES,SERVEIS,,Dades subjectes a secret estadístic.
2019,LLEIDA,GARRIGUES,25218,TARRES,DOMÈSTIC,239849,
2019,LLEIDA,NOGUERA,25220,TERMENS,INDUSTRIAL,,Dades subjectes a secret estadístic.
2019,LLEIDA,SEGRIA,25228,TORREFARRERA,SERVEIS,3210631,
2019,LLEIDA,SEGRIA,25228,TORREFARRERA,DOMÈSTIC,13297676,
2019,LLEIDA,PLA D'URGELL,25230,TORREGROSSA,DOMÈSTIC,3346913,
2019,LLEIDA,PLA D'URGELL,25230,TORREGROSSA,SERVEIS,590602,
2019,LLEIDA,PLA D'URGELL,25230,TORREGROSSA,INDUSTRIAL,,Dades subjectes a secret estadístic.
2019,LLEIDA,NOGUERA,25231,TORRELAMEU,SERVEIS,349298,
2019,LLEIDA,NOGUERA,25231,TORRELAMEU,DOMÈSTIC,516642,
2019,LLEIDA,SEGRIA,25233,TORRE-SERONA,DOMÈSTIC,341182,
2019,LLEIDA,NOGUERA,25240,VALLFOGONA DE BALAGUER,DOMÈSTIC,3948015,
2019,LLEIDA,NOGUERA,25240,VALLFOGONA DE BALAGUER,INDUSTRIAL,,Dades subjectes a secret estadístic.
2019,LLEIDA,NOGUERA,25240,VALLFOGONA DE BALAGUER,SERVEIS,,Dades subjectes a secret estadístic.
2019,LLEIDA,URGELL,25244,VILAGRASSA,DOMÈSTIC,491391,
2019,LLEIDA,URGELL,25244,VILAGRASSA,SERVEIS,,Dades subjectes a secret estadístic.
2019,LLEIDA,SEGRIA,25251,VILANOVA DE SEGRIA,DOMÈSTIC,1168334,
2019,LLEIDA,SEGRIA,25254,VILANOVA DE LA BARCA,DOMÈSTIC,879904,
2019,LLEIDA,SEGRIA,25254,VILANOVA DE LA BARCA,SERVEIS,,Dades subjectes a secret estadístic.
2019,LLEIDA,SEGARRA,25905,RIBERA D'ONDARA,INDUSTRIAL,,Dades subjectes a secret estadístic.
2019,TARRAGONA,MONTSIA,43004,ALCANAR,SERVEIS,1353702,
2019,TARRAGONA,MONTSIA,43004,ALCANAR,DOMÈSTIC,4824999,
2019,TARRAGONA,ALT CAMP,43005,ALCOVER,DOMÈSTIC,4586594,
2019,TARRAGONA,ALT CAMP,43005,ALCOVER,INDUSTRIAL,,Dades subjectes a secret estadístic.
2019,TARRAGONA,ALT CAMP,43005,ALCOVER,SERVEIS,1869045,
2019,TARRAGONA,BAIX CAMP,43011,ALMOSTER,DOMÈSTIC,134040,
2019,TARRAGONA,TARRAGONES,43012,ALTAFULLA,SERVEIS,1338257,
2019,TARRAGONA,TARRAGONES,43012,ALTAFULLA,DOMÈSTIC,8982455,
2019,TARRAGONA,BAIX EBRE,43013,"AMETLLA DE MAR, L'",SERVEIS,1811906,
2019,TARRAGONA,BAIX EBRE,43013,"AMETLLA DE MAR, L'",DOMÈSTIC,2230104,
2019,TARRAGONA,MONTSIA,43014,AMPOSTA,SERVEIS,5083260,
2019,TARRAGONA,MONTSIA,43014,AMPOSTA,INDUSTRIAL,,Dades subjectes a secret estadístic.
2019,TARRAGONA,MONTSIA,43014,AMPOSTA,DOMÈSTIC,10852703,
2019,TARRAGONA,BAIX PENEDES,43016,"ARBOÇ, L'",SERVEIS,2667455,
2019,TARRAGONA,BAIX PENEDES,43016,"ARBOÇ, L'",INDUSTRIAL,,Dades subjectes a secret estadístic.
2019,TARRAGONA,BAIX PENEDES,43016,"ARBOÇ, L'",DOMÈSTIC,7521113,
2019,TARRAGONA,BAIX PENEDES,43020,BANYERES DEL PENEDES,SERVEIS,,Dades subjectes a secret estadístic.
2019,TARRAGONA,BAIX PENEDES,43020,BANYERES DEL PENEDES,DOMÈSTIC,1649963,
2019,TARRAGONA,BAIX PENEDES,43024,BELLVEI,INDUSTRIAL,11100150,
2019,TARRAGONA,BAIX PENEDES,43024,BELLVEI,SERVEIS,,Dades subjectes a secret estadístic.
2019,TARRAGONA,BAIX PENEDES,43024,BELLVEI,DOMÈSTIC,2625478,
2019,TARRAGONA,RIBERA D'EBRE,43026,BENISSANET,SERVEIS,,Dades subjectes a secret estadístic.
2019,TARRAGONA,RIBERA D'EBRE,43026,BENISSANET,DOMÈSTIC,1678537,
2019,TARRAGONA,BAIX PENEDES,43030,BONASTRE,DOMÈSTIC,847290,
2019,TARRAGONA,BAIX PENEDES,43037,CALAFELL,SERVEIS,5804292,
2019,TARRAGONA,BAIX PENEDES,43037,CALAFELL,DOMÈSTIC,30481754,
2019,TARRAGONA,BAIX CAMP,43038,CAMBRILS,SERVEIS,19272472,
2019,TARRAGONA,BAIX CAMP,43038,CAMBRILS,DOMÈSTIC,44539453,
2019,TARRAGONA,BAIX CAMP,43042,CASTELLVELL DEL CAMP,SERVEIS,435673,
2019,TARRAGONA,BAIX CAMP,43042,CASTELLVELL DEL CAMP,DOMÈSTIC,2737833,
2019,TARRAGONA,TARRAGONES,43043,"CATLLAR, EL",SERVEIS,,Dades subjectes a secret estadístic.
2019,TARRAGONA,TARRAGONES,43043,"CATLLAR, EL",DOMÈSTIC,1270073,
2019,TARRAGONA,MONTSIA,43044,"SENIA, LA",SERVEIS,,Dades subjectes a secret estadístic.
2019,TARRAGONA,MONTSIA,43044,"SENIA, LA",DOMÈSTIC,1530586,
2019,TARRAGONA,TARRAGONES,43047,CONSTANTI,INDUSTRIAL,5090441,
2019,TARRAGONA,TARRAGONES,43047,CONSTANTI,SERVEIS,14090618,
2019,TARRAGONA,TARRAGONES,43047,CONSTANTI,DOMÈSTIC,4560938,
2019,TARRAGONA,TARRAGONES,43050,CREIXELL,SERVEIS,,Dades subjectes a secret estadístic.
2019,TARRAGONA,TARRAGONES,43050,CREIXELL,DOMÈSTIC,3894638,
2019,TARRAGONA,BAIX PENEDES,43051,CUNIT,SERVEIS,3622192,
2019,TARRAGONA,BAIX PENEDES,43051,CUNIT,DOMÈSTIC,15277065,
2019,TARRAGONA,CONCA DE BARBERA,43054,"ESPLUGA DE FRANCOLI, L'",SERVEIS,2095563,
2019,TARRAGONA,CONCA DE BARBERA,43054,"ESPLUGA DE FRANCOLI, L'",DOMÈSTIC,7162993,
2019,TARRAGONA,PRIORAT,43055,FALSET,INDUSTRIAL,,Dades subjectes a secret estadístic.
2019,TARRAGONA,PRIORAT,43055,FALSET,SERVEIS,,Dades subjectes a secret estadístic.
2019,TARRAGONA,PRIORAT,43055,FALSET,DOMÈSTIC,2876411,
2019,TARRAGONA,TERRA ALTA,43064,GANDESA,SERVEIS,729076,
2019,TARRAGONA,TERRA ALTA,43064,GANDESA,DOMÈSTIC,3948323,
2019,TARRAGONA,ALT CAMP,43080,"MASO, LA",DOMÈSTIC,272909,
2019,TARRAGONA,CONCA DE BARBERA,43086,MONTBLANC,INDUSTRIAL,261044665,
2019,TARRAGONA,CONCA DE BARBERA,43086,MONTBLANC,SERVEIS,3571395,
2019,TARRAGONA,CONCA DE BARBERA,43086,MONTBLANC,DOMÈSTIC,15430957,
2019,TARRAGONA,BAIX CAMP,43092,MONT-ROIG DEL CAMP,SERVEIS,925889,
2019,TARRAGONA,BAIX CAMP,43092,MONT-ROIG DEL CAMP,DOMÈSTIC,4135458,
2019,TARRAGONA,RIBERA D'EBRE,43093,MORA D'EBRE,INDUSTRIAL,,Dades subjectes a secret estadístic.
2019,TARRAGONA,RIBERA D'EBRE,43093,MORA D'EBRE,SERVEIS,5165651,
2019,TARRAGONA,RIBERA D'EBRE,43093,MORA D'EBRE,DOMÈSTIC,8543306,
2019,TARRAGONA,RIBERA D'EBRE,43094,MORA LA NOVA,INDUSTRIAL,,Dades subjectes a secret estadístic.
2019,TARRAGONA,RIBERA D'EBRE,43094,MORA LA NOVA,SERVEIS,742240,
2019,TARRAGONA,RIBERA D'EBRE,43094,MORA LA NOVA,DOMÈSTIC,4310651,
2019,TARRAGONA,TARRAGONES,43095,"MORELL, EL",DOMÈSTIC,3404826,
2019,TARRAGONA,TARRAGONES,43095,"MORELL, EL",SERVEIS,835186,
2019,TARRAGONA,TARRAGONES,43095,"MORELL, EL",INDUSTRIAL,,Dades subjectes a secret estadístic.
2019,TARRAGONA,TARRAGONES,43100,"PALLARESOS, ELS",INDUSTRIAL,,Dades subjectes a secret estadístic.
2019,TARRAGONA,TARRAGONES,43100,"PALLARESOS, ELS",SERVEIS,2833045,
2019,TARRAGONA,TARRAGONES,43100,"PALLARESOS, ELS",DOMÈSTIC,3499124,
2019,TARRAGONA,BAIX EBRE,43104,"PERELLO, EL",DOMÈSTIC,1181572,
2019,TARRAGONA,BAIX EBRE,43104,"PERELLO, EL",SERVEIS,,Dades subjectes a secret estadístic.
2019,TARRAGONA,ALT CAMP,43108,"PLA DE SANTA MARIA, EL",SERVEIS,344095,
2019,TARRAGONA,ALT CAMP,43108,"PLA DE SANTA MARIA, EL",INDUSTRIAL,,Dades subjectes a secret estadístic.
2019,TARRAGONA,ALT CAMP,43108,"PLA DE SANTA MARIA, EL",DOMÈSTIC,3727437,
2019,TARRAGONA,TARRAGONES,43109,"POBLA DE MAFUMET, LA",SERVEIS,1225258,
2019,TARRAGONA,TARRAGONES,43109,"POBLA DE MAFUMET, LA",INDUSTRIAL,7299582704,Inclou el consum del sector energètic.
2019,TARRAGONA,TARRAGONES,43109,"POBLA DE MAFUMET, LA",DOMÈSTIC,2924816,
2019,TARRAGONA,TARRAGONES,43111,"POBLA DE MONTORNES, LA",DOMÈSTIC,2327175,
2019,TARRAGONA,TARRAGONES,43111,"POBLA DE MONTORNES, LA",INDUSTRIAL,,Dades subjectes a secret estadístic.
2019,TARRAGONA,TARRAGONES,43111,"POBLA DE MONTORNES, LA",SERVEIS,182839,
2019,TARRAGONA,ALT CAMP,43119,PUIGPELAT,INDUSTRIAL,,Dades subjectes a secret estadístic.
2019,TARRAGONA,BAIX CAMP,43123,REUS,SERVEIS,53056547,Inclou el consum del sector transport.
2019,TARRAGONA,BAIX CAMP,43123,REUS,INDUSTRIAL,146747430,
2019,TARRAGONA,BAIX CAMP,43123,REUS,DOMÈSTIC,117014470,
2019,TARRAGONA,ALT CAMP,43124,"RIBA, LA",SERVEIS,242446,
2019,TARRAGONA,ALT CAMP,43124,"RIBA, LA",INDUSTRIAL,189039141,
2019,TARRAGONA,ALT CAMP,43124,"RIBA, LA",DOMÈSTIC,1377215,
2019,TARRAGONA,BAIX CAMP,43129,RIUDOMS,SERVEIS,642352,
2019,TARRAGONA,BAIX CAMP,43129,RIUDOMS,INDUSTRIAL,,Dades subjectes a secret estadístic.
2019,TARRAGONA,BAIX CAMP,43129,RIUDOMS,DOMÈSTIC,3902558,
2019,TARRAGONA,TARRAGONES,43131,RODA DE BERA,SERVEIS,771071,
2019,TARRAGONA,TARRAGONES,43131,RODA DE BERA,INDUSTRIAL,,Dades subjectes a secret estadístic.
2019,TARRAGONA,TARRAGONES,43131,RODA DE BERA,DOMÈSTIC,7981335,
2019,TARRAGONA,BAIX EBRE,43133,ROQUETES,DOMÈSTIC,2631538,
2019,TARRAGONA,BAIX EBRE,43133,ROQUETES,SERVEIS,1451237,
2019,TARRAGONA,ALT CAMP,43134,"ROURELL, EL",DOMÈSTIC,176008,
2019,TARRAGONA,MONTSIA,43136,SANT CARLES DE LA RAPITA,INDUSTRIAL,,Dades subjectes a secret estadístic.
2019,TARRAGONA,MONTSIA,43136,SANT CARLES DE LA RAPITA,SERVEIS,3337345,
2019,TARRAGONA,MONTSIA,43136,SANT CARLES DE LA RAPITA,DOMÈSTIC,5294285,
2019,TARRAGONA,BAIX PENEDES,43140,SANTA OLIVA,DOMÈSTIC,349166,
2019,TARRAGONA,BAIX PENEDES,43140,SANTA OLIVA,SERVEIS,,Dades subjectes a secret estadístic.
2019,TARRAGONA,CONCA DE BARBERA,43142,SARRAL,SERVEIS,,Dades subjectes a secret estadístic.
2019,TARRAGONA,CONCA DE BARBERA,43142,SARRAL,INDUSTRIAL,,Dades subjectes a secret estadístic.
2019,TARRAGONA,CONCA DE BARBERA,43142,SARRAL,DOMÈSTIC,1416383,
2019,TARRAGONA,BAIX CAMP,43145,"SELVA DEL CAMP, LA",SERVEIS,3134389,
2019,TARRAGONA,BAIX CAMP,43145,"SELVA DEL CAMP, LA",INDUSTRIAL,70426525,
2019,TARRAGONA,BAIX CAMP,43145,"SELVA DEL CAMP, LA",PRIMARI,,Dades subjectes a secret estadístic.
2019,TARRAGONA,BAIX CAMP,43145,"SELVA DEL CAMP, LA",DOMÈSTIC,7806801,
2019,TARRAGONA,TARRAGONES,43148,TARRAGONA,DOMÈSTIC,138182830,
2019,TARRAGONA,TARRAGONES,43148,TARRAGONA,CT RO,,Dades subjectes a secret estadístic. Inclou el consum de centrals tèrmiques de l'antic règim ordinari.
2019,TARRAGONA,TARRAGONES,43148,TARRAGONA,INDUSTRIAL,1218739697,Inclou el consum del sector energètic.
2019,TARRAGONA,TARRAGONES,43148,TARRAGONA,SERVEIS,65432325,
2019,TARRAGONA,RIBERA D'EBRE,43150,TIVISSA,DOMÈSTIC,1532012,
2019,TARRAGONA,TARRAGONES,43153,TORREDEMBARRA,SERVEIS,3812172,
2019,TARRAGONA,TARRAGONES,43153,TORREDEMBARRA,DOMÈSTIC,16222137,
2019,TARRAGONA,BAIX EBRE,43155,TORTOSA,SERVEIS,22992226,
2019,TARRAGONA,BAIX EBRE,43155,TORTOSA,INDUSTRIAL,,Dades subjectes a secret estadístic.
2019,TARRAGONA,BAIX EBRE,43155,TORTOSA,DOMÈSTIC,18997984,
2019,TARRAGONA,MONTSIA,43156,ULLDECONA,SERVEIS,25204,
2019,TARRAGONA,MONTSIA,43156,ULLDECONA,INDUSTRIAL,10469173,
2019,TARRAGONA,MONTSIA,43156,ULLDECONA,DOMÈSTIC,2826511,
2019,TARRAGONA,ALT CAMP,43160,VALLMOLL,SERVEIS,,Dades subjectes a secret estadístic.
2019,TARRAGONA,ALT CAMP,43160,VALLMOLL,INDUSTRIAL,,Dades subjectes a secret estadístic.
2019,TARRAGONA,ALT CAMP,43160,VALLMOLL,DOMÈSTIC,845290,
2019,TARRAGONA,ALT CAMP,43161,VALLS,DOMÈSTIC,25197059,
2019,TARRAGONA,ALT CAMP,43161,VALLS,INDUSTRIAL,93676021,
2019,TARRAGONA,ALT CAMP,43161,VALLS,SERVEIS,9722639,
2019,TARRAGONA,BAIX CAMP,43162,VANDELLOS I L'HOSPITALET DE L'INFANT,DOMÈSTIC,2448508,
2019,TARRAGONA,BAIX CAMP,43162,VANDELLOS I L'HOSPITALET DE L'INFANT,CT RO,,Dades subjectes a secret estadístic. Inclou el consum de centrals tèrmiques de l'antic règim ordinari.
2019,TARRAGONA,BAIX CAMP,43162,VANDELLOS I L'HOSPITALET DE L'INFANT,SERVEIS,623246,
2019,TARRAGONA,BAIX PENEDES,43163,"VENDRELL, EL",SERVEIS,16624422,
2019,TARRAGONA,BAIX PENEDES,43163,"VENDRELL, EL",DOMÈSTIC,48017950,
2019,TARRAGONA,TARRAGONES,43166,VILALLONGA DEL CAMP,DOMÈSTIC,2215831,
2019,TARRAGONA,TARRAGONES,43166,VILALLONGA DEL CAMP,SERVEIS,,Dades subjectes a secret estadístic.
2019,TARRAGONA,TARRAGONES,43171,VILA-SECA,SERVEIS,32397478,
2019,TARRAGONA,TARRAGONES,43171,VILA-SECA,INDUSTRIAL,932460568,
2019,TARRAGONA,TARRAGONES,43171,VILA-SECA,DOMÈSTIC,22445865,
2019,TARRAGONA,BAIX CAMP,43178,VINYOLS I ELS ARCS,SERVEIS,,Dades subjectes a secret estadístic.
2019,TARRAGONA,BAIX CAMP,43178,VINYOLS I ELS ARCS,DOMÈSTIC,833377,
2019,TARRAGONA,BAIX EBRE,43904,"ALDEA, L'",SERVEIS,,Dades subjectes a secret estadístic.
2019,TARRAGONA,BAIX EBRE,43904,"ALDEA, L'",INDUSTRIAL,,Dades subjectes a secret estadístic.
2019,TARRAGONA,BAIX EBRE,43904,"ALDEA, L'",DOMÈSTIC,792221,
2019,TARRAGONA,TARRAGONES,43905,SALOU,DOMÈSTIC,26626991,
2019,TARRAGONA,TARRAGONES,43905,SALOU,SERVEIS,43673086,
2019,TARRAGONA,BAIX EBRE,43906,"AMPOLLA, L'",SERVEIS,,Dades subjectes a secret estadístic.
2019,TARRAGONA,BAIX EBRE,43906,"AMPOLLA, L'",DOMÈSTIC,1177816,
2019,TARRAGONA,TARRAGONES,43907,"CANONJA, LA",SERVEIS,2835923,
2019,TARRAGONA,TARRAGONES,43907,"CANONJA, LA",INDUSTRIAL,,Dades subjectes a secret estadístic.
2019,TARRAGONA,TARRAGONES,43907,"CANONJA, LA",DOMÈSTIC,6281982,
2018,BARCELONA,BAIX LLOBREGAT,08001,ABRERA,INDUSTRIAL,13372192,
2018,BARCELONA,BAIX LLOBREGAT,08001,ABRERA,SERVEIS,18975562,
2018,BARCELONA,BAIX LLOBREGAT,08001,ABRERA,DOMÈSTIC,19689840,
2018,BARCELONA,MARESME,08003,ALELLA,SERVEIS,5655386,
2018,BARCELONA,MARESME,08003,ALELLA,DOMÈSTIC,32635252,
2018,BARCELONA,VALLES ORIENTAL,08005,"AMETLLA DEL VALLES, L'",SERVEIS,1891568,
2018,BARCELONA,VALLES ORIENTAL,08005,"AMETLLA DEL VALLES, L'",DOMÈSTIC,11103455,
2018,BARCELONA,MARESME,08006,ARENYS DE MAR,SERVEIS,8594907,
2018,BARCELONA,MARESME,08006,ARENYS DE MAR,INDUSTRIAL,,Dades subjectes a secret estadístic.
2018,BARCELONA,MARESME,08006,ARENYS DE MAR,DOMÈSTIC,29840068,
2018,BARCELONA,MARESME,08007,ARENYS DE MUNT,INDUSTRIAL,,Dades subjectes a secret estadístic.
2018,BARCELONA,MARESME,08007,ARENYS DE MUNT,SERVEIS,4664737,
2018,BARCELONA,MARESME,08007,ARENYS DE MUNT,DOMÈSTIC,17074665,
2018,BARCELONA,MARESME,08009,ARGENTONA,INDUSTRIAL,24990778,
2018,BARCELONA,MARESME,08009,ARGENTONA,SERVEIS,3317877,
2018,BARCELONA,MARESME,08009,ARGENTONA,DOMÈSTIC,25584131,
2018,BARCELONA,BAGES,08010,ARTES,INDUSTRIAL,15091031,
2018,BARCELONA,BAGES,08010,ARTES,SERVEIS,1894406,
2018,BARCELONA,BAGES,08010,ARTES,DOMÈSTIC,9597324,
2018,BARCELONA,BERGUEDA,08011,AVIA,SERVEIS,434345,
2018,BARCELONA,BERGUEDA,08011,AVIA,DOMÈSTIC,3345904,
2018,BARCELONA,ALT PENEDES,08013,AVINYONET DEL PENEDES,INDUSTRIAL,,Dades subjectes a secret estadístic.
2018,BARCELONA,VALLES ORIENTAL,08014,AIGUAFREDA,SERVEIS,1317597,
2018,BARCELONA,VALLES ORIENTAL,08014,AIGUAFREDA,DOMÈSTIC,6938427,
2018,BARCELONA,BARCELONES,08015,BADALONA,INDUSTRIAL,32440762,
2018,BARCELONA,BARCELONES,08015,BADALONA,SERVEIS,62493781,
2018,BARCELONA,BARCELONES,08015,BADALONA,DOMÈSTIC,264887501,
2018,BARCELONA,BERGUEDA,08016,BAGA,SERVEIS,,Dades subjectes a secret estadístic.
2018,BARCELONA,BERGUEDA,08016,BAGA,DOMÈSTIC,2538843,
2018,BARCELONA,OSONA,08017,BALENYA,INDUSTRIAL,3423542,
2018,BARCELONA,OSONA,08017,BALENYA,SERVEIS,3517004,
2018,BARCELONA,OSONA,08017,BALENYA,DOMÈSTIC,8269239,
2018,BARCELONA,BAGES,08018,BALSARENY,INDUSTRIAL,,Dades subjectes a secret estadístic.
2018,BARCELONA,BAGES,08018,BALSARENY,SERVEIS,296533,
2018,BARCELONA,BAGES,08018,BALSARENY,DOMÈSTIC,7512441,
2018,BARCELONA,BARCELONES,08019,BARCELONA,CT RO,,Dades subjectes a secret estadístic. Inclou el consum de centrals tèrmiques de l'antic règim ordinari.
2018,BARCELONA,BARCELONES,08019,BARCELONA,INDUSTRIAL,1246515103,
2018,BARCELONA,BARCELONES,08019,BARCELONA,SERVEIS,1561812675,Inclou el consum del sector transport.
2018,BARCELONA,BARCELONES,08019,BARCELONA,DOMÈSTIC,2544151348,
2018,BARCELONA,BAIX LLOBREGAT,08020,BEGUES,SERVEIS,985490,
2018,BARCELONA,BAIX LLOBREGAT,08020,BEGUES,DOMÈSTIC,7953736,
2018,BARCELONA,BERGUEDA,08022,BERGA,SERVEIS,7416622,
2018,BARCELONA,BERGUEDA,08022,BERGA,INDUSTRIAL,,Dades subjectes a secret estadístic.
2018,BARCELONA,BERGUEDA,08022,BERGA,DOMÈSTIC,39198767,
2018,BARCELONA,VALLES ORIENTAL,08023,BIGUES I RIELLS,DOMÈSTIC,14757,
2018,BARCELONA,ANOIA,08028,CABRERA D'ANOIA,DOMÈSTIC,684281,
2018,BARCELONA,MARESME,08029,CABRERA DE MAR,SERVEIS,11620389,
2018,BARCELONA,MARESME,08029,CABRERA DE MAR,INDUSTRIAL,28375461,
2018,BARCELONA,MARESME,08029,CABRERA DE MAR,DOMÈSTIC,12805595,
2018,BARCELONA,MARESME,08030,CABRILS,SERVEIS,2758794,
2018,BARCELONA,MARESME,08030,CABRILS,DOMÈSTIC,27309559,
2018,BARCELONA,ANOIA,08031,CALAF,SERVEIS,2281138,
2018,BARCELONA,ANOIA,08031,CALAF,INDUSTRIAL,,Dades subjectes a secret estadístic.
2018,BARCELONA,ANOIA,08031,CALAF,DOMÈSTIC,6187559,
2018,BARCELONA,MARESME,08032,CALDES D'ESTRAC,DOMÈSTIC,7578222,
2018,BARCELONA,MARESME,08032,CALDES D'ESTRAC,SERVEIS,3001600,
2018,BARCELONA,VALLES ORIENTAL,08033,CALDES DE MONTBUI,INDUSTRIAL,14529528,
2018,BARCELONA,VALLES ORIENTAL,08033,CALDES DE MONTBUI,SERVEIS,5868976,
2018,BARCELONA,VALLES ORIENTAL,08033,CALDES DE MONTBUI,DOMÈSTIC,22586036,
2018,BARCELONA,MARESME,08035,CALELLA,DOMÈSTIC,26476116,
2018,BARCELONA,MARESME,08035,CALELLA,SERVEIS,27089103,
2018,BARCELONA,OSONA,08037,CALLDETENES,SERVEIS,189841,
2018,BARCELONA,OSONA,08037,CALLDETENES,DOMÈSTIC,5592878,
2018,BARCELONA,BAGES,08038,CALLUS,DOMÈSTIC,4242593,
2018,BARCELONA,BAGES,08038,CALLUS,SERVEIS,628980,
2018,BARCELONA,MARESME,08040,CANET DE MAR,SERVEIS,5118586,
2018,BARCELONA,MARESME,08040,CANET DE MAR,INDUSTRIAL,,Dades subjectes a secret estadístic.
2018,BARCELONA,MARESME,08040,CANET DE MAR,DOMÈSTIC,24731731,
2018,BARCELONA,VALLES ORIENTAL,08041,CANOVELLES,INDUSTRIAL,17627249,
2018,BARCELONA,VALLES ORIENTAL,08041,CANOVELLES,SERVEIS,3264172,
2018,BARCELONA,VALLES ORIENTAL,08041,CANOVELLES,DOMÈSTIC,19917552,
2018,BARCELONA,ANOIA,08044,CAPELLADES,INDUSTRIAL,,Dades subjectes a secret estadístic.
2018,BARCELONA,ANOIA,08044,CAPELLADES,SERVEIS,1403995,
2018,BARCELONA,ANOIA,08044,CAPELLADES,DOMÈSTIC,13201777,
2018,BARCELONA,VALLES ORIENTAL,08046,CARDEDEU,INDUSTRIAL,8390093,
2018,BARCELONA,VALLES ORIENTAL,08046,CARDEDEU,SERVEIS,3847693,
2018,BARCELONA,VALLES ORIENTAL,08046,CARDEDEU,DOMÈSTIC,36062704,
2018,BARCELONA,BAGES,08047,CARDONA,INDUSTRIAL,,Dades subjectes a secret estadístic.
2018,BARCELONA,BAGES,08047,CARDONA,SERVEIS,321241,
2018,BARCELONA,BAGES,08047,CARDONA,DOMÈSTIC,4703531,
2018,BARCELONA,BERGUEDA,08049,CASSERRES,INDUSTRIAL,,Dades subjectes a secret estadístic.
2018,BARCELONA,VALLES OCCIDENTAL,08051,CASTELLAR DEL VALLES,SERVEIS,7590501,
2018,BARCELONA,VALLES OCCIDENTAL,08051,CASTELLAR DEL VALLES,DOMÈSTIC,59052273,
2018,BARCELONA,VALLES OCCIDENTAL,08051,CASTELLAR DEL VALLES,INDUSTRIAL,,Dades subjectes a secret estadístic.
2018,BARCELONA,BAGES,08053,CASTELLBELL I EL VILAR,SERVEIS,560931,
2018,BARCELONA,BAGES,08053,CASTELLBELL I EL VILAR,DOMÈSTIC,4870103,
2018,BARCELONA,VALLES OCCIDENTAL,08054,CASTELLBISBAL,SERVEIS,8981047,
2018,BARCELONA,VALLES OCCIDENTAL,08054,CASTELLBISBAL,DOMÈSTIC,22766312,
2018,BARCELONA,VALLES OCCIDENTAL,08054,CASTELLBISBAL,INDUSTRIAL,2245362075,
2018,BARCELONA,BAIX LLOBREGAT,08056,CASTELLDEFELS,SERVEIS,33094841,
2018,BARCELONA,BAIX LLOBREGAT,08056,CASTELLDEFELS,DOMÈSTIC,101801041,
2018,BARCELONA,ALT PENEDES,08058,CASTELLET I LA GORNAL,SERVEIS,,Dades subjectes a secret estadístic.
2018,BARCELONA,ALT PENEDES,08058,CASTELLET I LA GORNAL,DOMÈSTIC,1628808,
2018,BARCELONA,ALT PENEDES,08058,CASTELLET I LA GORNAL,INDUSTRIAL,101537442,
2018,BARCELONA,BAGES,08061,CASTELLGALI,INDUSTRIAL,,Dades subjectes a secret estadístic.
2018,BARCELONA,BAGES,08061,CASTELLGALI,SERVEIS,381513,
2018,BARCELONA,BAGES,08061,CASTELLGALI,DOMÈSTIC,2452058,
2018,BARCELONA,MOIANES,08064,CASTELLTERÇOL,INDUSTRIAL,,Dades subjectes a secret estadístic.
2018,BARCELONA,MOIANES,08064,CASTELLTERÇOL,SERVEIS,713628,
2018,BARCELONA,MOIANES,08064,CASTELLTERÇOL,DOMÈSTIC,4538066,
2018,BARCELONA,BAIX LLOBREGAT,08066,CASTELLVI DE ROSANES,DOMÈSTIC,813197,
2018,BARCELONA,OSONA,08067,CENTELLES,INDUSTRIAL,28168374,
2018,BARCELONA,OSONA,08067,CENTELLES,DOMÈSTIC,19488598,
2018,BARCELONA,OSONA,08067,CENTELLES,SERVEIS,4678696,
2018,BARCELONA,BAIX LLOBREGAT,08068,CERVELLO,DOMÈSTIC,17969709,
2018,BARCELONA,BAIX LLOBREGAT,08068,CERVELLO,SERVEIS,2623597,
2018,BARCELONA,BAIX LLOBREGAT,08069,COLLBATO,DOMÈSTIC,4066835,
2018,BARCELONA,BAIX LLOBREGAT,08072,CORBERA DE LLOBREGAT,INDUSTRIAL,,Dades subjectes a secret estadístic.
2018,BARCELONA,BAIX LLOBREGAT,08072,CORBERA DE LLOBREGAT,DOMÈSTIC,17762994,
2018,BARCELONA,BAIX LLOBREGAT,08072,CORBERA DE LLOBREGAT,SERVEIS,1756617,
2018,BARCELONA,BAIX LLOBREGAT,08073,CORNELLA DE LLOBREGAT,DOMÈSTIC,94654279,
2018,BARCELONA,BAIX LLOBREGAT,08073,CORNELLA DE LLOBREGAT,SERVEIS,48674012,Inclou el consum del sector transport.
2018,BARCELONA,BAIX LLOBREGAT,08073,CORNELLA DE LLOBREGAT,INDUSTRIAL,38824956,
2018,BARCELONA,GARRAF,08074,CUBELLES,DOMÈSTIC,23657489,
2018,BARCELONA,GARRAF,08074,CUBELLES,SERVEIS,1816337,
2018,BARCELONA,MARESME,08075,DOSRIUS,DOMÈSTIC,3149277,
2018,BARCELONA,MARESME,08075,DOSRIUS,SERVEIS,164779,
2018,BARCELONA,MARESME,08075,DOSRIUS,INDUSTRIAL,43118681,
2018,BARCELONA,BAIX LLOBREGAT,08076,ESPARREGUERA,DOMÈSTIC,38740207,
2018,BARCELONA,BAIX LLOBREGAT,08076,ESPARREGUERA,SERVEIS,4210833,
2018,BARCELONA,BAIX LLOBREGAT,08076,ESPARREGUERA,INDUSTRIAL,29613629,
2018,BARCELONA,BAIX LLOBREGAT,08077,ESPLUGUES DE LLOBREGAT,DOMÈSTIC,65332023,
2018,BARCELONA,BAIX LLOBREGAT,08077,ESPLUGUES DE LLOBREGAT,SERVEIS,36673126,
2018,BARCELONA,BAIX LLOBREGAT,08077,ESPLUGUES DE LLOBREGAT,INDUSTRIAL,,Dades subjectes a secret estadístic.
2018,BARCELONA,SELVA,08082,FOGARS DE LA SELVA,INDUSTRIAL,,Dades subjectes a secret estadístic.
2018,BARCELONA,SELVA,08082,FOGARS DE LA SELVA,SERVEIS,,Dades subjectes a secret estadístic.
2018,BARCELONA,SELVA,08082,FOGARS DE LA SELVA,DOMÈSTIC,1102038,
2018,BARCELONA,VALLES ORIENTAL,08086,"FRANQUESES DEL VALLES, LES",SERVEIS,6277814,
2018,BARCELONA,VALLES ORIENTAL,08086,"FRANQUESES DEL VALLES, LES",INDUSTRIAL,145852233,
2018,BARCELONA,VALLES ORIENTAL,08086,"FRANQUESES DEL VALLES, LES",DOMÈSTIC,35222658,
2018,BARCELONA,VALLES ORIENTAL,08088,"GARRIGA, LA",INDUSTRIAL,,Dades subjectes a secret estadístic.
2018,BARCELONA,VALLES ORIENTAL,08088,"GARRIGA, LA",SERVEIS,9269002,
2018,BARCELONA,VALLES ORIENTAL,08088,"GARRIGA, LA",DOMÈSTIC,33521647,
2018,BARCELONA,BAIX LLOBREGAT,08089,GAVA,SERVEIS,17323238,
2018,BARCELONA,BAIX LLOBREGAT,08089,GAVA,DOMÈSTIC,63890165,
2018,BARCELONA,BAIX LLOBREGAT,08089,GAVA,INDUSTRIAL,69238348,
2018,BARCELONA,ALT PENEDES,08091,GELIDA,DOMÈSTIC,7623932,
2018,BARCELONA,ALT PENEDES,08091,GELIDA,INDUSTRIAL,,Dades subjectes a secret estadístic.
2018,BARCELONA,ALT PENEDES,08091,GELIDA,SERVEIS,868076,
2018,BARCELONA,BERGUEDA,08092,GIRONELLA,SERVEIS,1024737,
2018,BARCELONA,BERGUEDA,08092,GIRONELLA,DOMÈSTIC,11624029,
2018,BARCELONA,ALT PENEDES,08094,"GRANADA, LA",DOMÈSTIC,2879533,
2018,BARCELONA,ALT PENEDES,08094,"GRANADA, LA",SERVEIS,,Dades subjectes a secret estadístic.
2018,BARCELONA,VALLES ORIENTAL,08096,GRANOLLERS,INDUSTRIAL,221223157,
2018,BARCELONA,VALLES ORIENTAL,08096,GRANOLLERS,DOMÈSTIC,116887601,
2018,BARCELONA,VALLES ORIENTAL,08096,GRANOLLERS,SERVEIS,38999350,
2018,BARCELONA,VALLES ORIENTAL,08097,GUALBA,INDUSTRIAL,,Dades subjectes a secret estadístic.
2018,BARCELONA,BAGES,08098,SANT SALVADOR DE GUARDIOLA,INDUSTRIAL,,Dades subjectes a secret estadístic.
2018,BARCELONA,BAGES,08098,SANT SALVADOR DE GUARDIOLA,SERVEIS,,Dades subjectes a secret estadístic.
2018,BARCELONA,BAGES,08098,SANT SALVADOR DE GUARDIOLA,DOMÈSTIC,4086566,
2018,BARCELONA,BERGUEDA,08099,GUARDIOLA DE BERGUEDA,SERVEIS,,Dades subjectes a secret estadístic.
2018,BARCELONA,BERGUEDA,08099,GUARDIOLA DE BERGUEDA,DOMÈSTIC,529656,
2018,BARCELONA,OSONA,08100,GURB,SERVEIS,728851,
2018,BARCELONA,OSONA,08100,GURB,INDUSTRIAL,101778816,
2018,BARCELONA,OSONA,08100,GURB,DOMÈSTIC,5516468,
2018,BARCELONA,BARCELONES,08101,"HOSPITALET DE LLOBREGAT, L'",INDUSTRIAL,20447033,
2018,BARCELONA,BARCELONES,08101,"HOSPITALET DE LLOBREGAT, L'",SERVEIS,129623519,Inclou el consum del sector transport.
2018,BARCELONA,BARCELONES,08101,"HOSPITALET DE LLOBREGAT, L'",DOMÈSTIC,229323069,
2018,BARCELONA,ANOIA,08102,IGUALADA,INDUSTRIAL,43127393,
2018,BARCELONA,ANOIA,08102,IGUALADA,SERVEIS,35658819,Inclou el consum del sector transport.
2018,BARCELONA,ANOIA,08102,IGUALADA,DOMÈSTIC,88920845,
2018,BARCELONA,VALLES ORIENTAL,08105,"LLAGOSTA, LA",DOMÈSTIC,18136872,
2018,BARCELONA,VALLES ORIENTAL,08105,"LLAGOSTA, LA",SERVEIS,3396818,
2018,BARCELONA,VALLES ORIENTAL,08105,"LLAGOSTA, LA",INDUSTRIAL,29231724,
2018,BARCELONA,VALLES ORIENTAL,08106,LLINARS DEL VALLES,SERVEIS,2848883,
2018,BARCELONA,VALLES ORIENTAL,08106,LLINARS DEL VALLES,DOMÈSTIC,18630554,
2018,BARCELONA,VALLES ORIENTAL,08106,LLINARS DEL VALLES,INDUSTRIAL,33970692,
2018,BARCELONA,VALLES ORIENTAL,08107,LLIÇA D'AMUNT,DOMÈSTIC,15221871,
2018,BARCELONA,VALLES ORIENTAL,08107,LLIÇA D'AMUNT,INDUSTRIAL,,Dades subjectes a secret estadístic.
2018,BARCELONA,VALLES ORIENTAL,08107,LLIÇA D'AMUNT,SERVEIS,3146496,
2018,BARCELONA,VALLES ORIENTAL,08108,LLIÇA DE VALL,SERVEIS,955096,
2018,BARCELONA,VALLES ORIENTAL,08108,LLIÇA DE VALL,INDUSTRIAL,33822166,
2018,BARCELONA,VALLES ORIENTAL,08108,LLIÇA DE VALL,DOMÈSTIC,9325697,
2018,BARCELONA,MARESME,08110,MALGRAT DE MAR,SERVEIS,11810122,
2018,BARCELONA,MARESME,08110,MALGRAT DE MAR,INDUSTRIAL,65918631,
2018,BARCELONA,MARESME,08110,MALGRAT DE MAR,DOMÈSTIC,34981885,
2018,BARCELONA,OSONA,08112,MANLLEU,SERVEIS,6165117,
2018,BARCELONA,OSONA,08112,MANLLEU,INDUSTRIAL,32445659,
2018,BARCELONA,OSONA,08112,MANLLEU,DOMÈSTIC,34193175,
2018,BARCELONA,BAGES,08113,MANRESA,INDUSTRIAL,46898518,
2018,BARCELONA,BAGES,08113,MANRESA,SERVEIS,63523076,
2018,BARCELONA,BAGES,08113,MANRESA,DOMÈSTIC,193510202,
2018,BARCELONA,BAIX LLOBREGAT,08114,MARTORELL,DOMÈSTIC,49393716,
2018,BARCELONA,BAIX LLOBREGAT,08114,MARTORELL,INDUSTRIAL,1892896720,
2018,BARCELONA,BAIX LLOBREGAT,08114,MARTORELL,SERVEIS,19339384,
2018,BARCELONA,VALLES ORIENTAL,08115,MARTORELLES,SERVEIS,683507,
2018,BARCELONA,VALLES ORIENTAL,08115,MARTORELLES,INDUSTRIAL,93503180,
2018,BARCELONA,VALLES ORIENTAL,08115,MARTORELLES,DOMÈSTIC,9091451,
2018,BARCELONA,OSONA,08116,"MASIES DE RODA, LES",DOMÈSTIC,149159,
2018,BARCELONA,OSONA,08117,"MASIES DE VOLTREGA, LES",INDUSTRIAL,,Dades subjectes a secret estadístic.
2018,BARCELONA,OSONA,08117,"MASIES DE VOLTREGA, LES",SERVEIS,1374959,
2018,BARCELONA,OSONA,08117,"MASIES DE VOLTREGA, LES",DOMÈSTIC,4616025,
2018,BARCELONA,MARESME,08118,"MASNOU, EL",DOMÈSTIC,47087349,
2018,BARCELONA,MARESME,08118,"MASNOU, EL",INDUSTRIAL,69806112,
2018,BARCELONA,MARESME,08118,"MASNOU, EL",PRIMARI,,Dades subjectes a secret estadístic.
2018,BARCELONA,MARESME,08118,"MASNOU, EL",SERVEIS,7431508,
2018,BARCELONA,ANOIA,08119,MASQUEFA,SERVEIS,1754249,
2018,BARCELONA,ANOIA,08119,MASQUEFA,DOMÈSTIC,9791058,
2018,BARCELONA,VALLES OCCIDENTAL,08120,MATADEPERA,SERVEIS,9936553,
2018,BARCELONA,VALLES OCCIDENTAL,08120,MATADEPERA,DOMÈSTIC,40687983,
2018,BARCELONA,MARESME,08121,MATARO,INDUSTRIAL,45843475,
2018,BARCELONA,MARESME,08121,MATARO,PRIMARI,,Dades subjectes a secret estadístic.
2018,BARCELONA,MARESME,08121,MATARO,SERVEIS,40005322,
2018,BARCELONA,MARESME,08121,MATARO,DOMÈSTIC,147225174,
2018,BARCELONA,ALT PENEDES,08122,MEDIONA,INDUSTRIAL,,Dades subjectes a secret estadístic.
2018,BARCELONA,ALT PENEDES,08122,MEDIONA,SERVEIS,,Dades subjectes a secret estadístic.
2018,BARCELONA,ALT PENEDES,08122,MEDIONA,DOMÈSTIC,3772022,
2018,BARCELONA,BAIX LLOBREGAT,08123,MOLINS DE REI,INDUSTRIAL,7022749,
2018,BARCELONA,BAIX LLOBREGAT,08123,MOLINS DE REI,SERVEIS,8505910,
2018,BARCELONA,BAIX LLOBREGAT,08123,MOLINS DE REI,DOMÈSTIC,42538214,
2018,BARCELONA,VALLES ORIENTAL,08124,MOLLET DEL VALLES,INDUSTRIAL,173090750,
2018,BARCELONA,VALLES ORIENTAL,08124,MOLLET DEL VALLES,SERVEIS,18882458,
2018,BARCELONA,VALLES ORIENTAL,08124,MOLLET DEL VALLES,DOMÈSTIC,86077915,
2018,BARCELONA,VALLES OCCIDENTAL,08125,MONTCADA I REIXAC,INDUSTRIAL,98583986,
2018,BARCELONA,VALLES OCCIDENTAL,08125,MONTCADA I REIXAC,SERVEIS,10424699,
2018,BARCELONA,VALLES OCCIDENTAL,08125,MONTCADA I REIXAC,DOMÈSTIC,60899686,
2018,BARCELONA,MARESME,08126,MONTGAT,INDUSTRIAL,,Dades subjectes a secret estadístic.
2018,BARCELONA,MARESME,08126,MONTGAT,SERVEIS,3013743,
2018,BARCELONA,MARESME,08126,MONTGAT,DOMÈSTIC,19270381,
2018,BARCELONA,BAGES,08127,MONISTROL DE MONTSERRAT,INDUSTRIAL,,Dades subjectes a secret estadístic.
2018,BARCELONA,OSONA,08131,MONTESQUIU,SERVEIS,886759,
2018,BARCELONA,OSONA,08131,MONTESQUIU,DOMÈSTIC,2627216,
2018,BARCELONA,VALLES ORIENTAL,08134,FIGARO-MONTMANY,SERVEIS,,Dades subjectes a secret estadístic.
2018,BARCELONA,VALLES ORIENTAL,08134,FIGARO-MONTMANY,DOMÈSTIC,2717314,
2018,BARCELONA,VALLES ORIENTAL,08135,MONTMELO,INDUSTRIAL,181117530,Inclou el consum del sector energètic.
2018,BARCELONA,VALLES ORIENTAL,08135,MONTMELO,SERVEIS,2425042,
2018,BARCELONA,VALLES ORIENTAL,08135,MONTMELO,DOMÈSTIC,18356428,
2018,BARCELONA,VALLES ORIENTAL,08136,MONTORNES DEL VALLES,DOMÈSTIC,29496140,
2018,BARCELONA,VALLES ORIENTAL,08136,MONTORNES DEL VALLES,INDUSTRIAL,92129456,
2018,BARCELONA,VALLES ORIENTAL,08136,MONTORNES DEL VALLES,SERVEIS,58922618,
2018,BARCELONA,MOIANES,08138,MOIA,DOMÈSTIC,4981903,
2018,BARCELONA,MOIANES,08138,MOIA,SERVEIS,1580186,
2018,BARCELONA,MOIANES,08138,MOIA,INDUSTRIAL,,Dades subjectes a secret estadístic.
2018,BARCELONA,BAGES,08140,NAVARCLES,DOMÈSTIC,14385950,
2018,BARCELONA,BAGES,08140,NAVARCLES,SERVEIS,1605940,
2018,BARCELONA,BAGES,08141,NAVAS,INDUSTRIAL,,Dades subjectes a secret estadístic.
2018,BARCELONA,BAGES,08141,NAVAS,SERVEIS,2492261,
2018,BARCELONA,BAGES,08141,NAVAS,DOMÈSTIC,15490833,
2018,BARCELONA,ANOIA,08143,ODENA,INDUSTRIAL,,Dades subjectes a secret estadístic.
2018,BARCELONA,ANOIA,08143,ODENA,SERVEIS,652753,
2018,BARCELONA,ANOIA,08143,ODENA,DOMÈSTIC,4975713,
2018,BARCELONA,ALT PENEDES,08145,OLERDOLA,INDUSTRIAL,25339198,
2018,BARCELONA,ALT PENEDES,08145,OLERDOLA,DOMÈSTIC,4228168,
2018,BARCELONA,ALT PENEDES,08145,OLERDOLA,SERVEIS,7359408,
2018,BARCELONA,BAIX LLOBREGAT,08147,OLESA DE MONTSERRAT,DOMÈSTIC,43930506,
2018,BARCELONA,BAIX LLOBREGAT,08147,OLESA DE MONTSERRAT,SERVEIS,5381821,
2018,BARCELONA,BAIX LLOBREGAT,08147,OLESA DE MONTSERRAT,INDUSTRIAL,298082686,
2018,BARCELONA,OSONA,08150,ORIS,INDUSTRIAL,,Dades subjectes a secret estadístic.
2018,BARCELONA,ALT PENEDES,08154,PACS DEL PENEDES,INDUSTRIAL,,Dades subjectes a secret estadístic.
2018,BARCELONA,MARESME,08155,PALAFOLLS,INDUSTRIAL,107300596,
2018,BARCELONA,MARESME,08155,PALAFOLLS,DOMÈSTIC,14817928,
2018,BARCELONA,MARESME,08155,PALAFOLLS,SERVEIS,21810290,
2018,BARCELONA,MARESME,08155,PALAFOLLS,PRIMARI,1295581,
2018,BARCELONA,VALLES OCCIDENTAL,08156,PALAU-SOLITA I PLEGAMANS,SERVEIS,7953633,
2018,BARCELONA,VALLES OCCIDENTAL,08156,PALAU-SOLITA I PLEGAMANS,INDUSTRIAL,53896478,
2018,BARCELONA,VALLES OCCIDENTAL,08156,PALAU-SOLITA I PLEGAMANS,DOMÈSTIC,28905130,
2018,BARCELONA,BAIX LLOBREGAT,08157,PALLEJA,DOMÈSTIC,22707715,
2018,BARCELONA,BAIX LLOBREGAT,08157,PALLEJA,SERVEIS,8142051,
2018,BARCELONA,BAIX LLOBREGAT,08158,"PAPIOL, EL",DOMÈSTIC,9129557,
2018,BARCELONA,BAIX LLOBREGAT,08158,"PAPIOL, EL",SERVEIS,,Dades subjectes a secret estadístic.
2018,BARCELONA,BAIX LLOBREGAT,08158,"PAPIOL, EL",INDUSTRIAL,,Dades subjectes a secret estadístic.
2018,BARCELONA,VALLES ORIENTAL,08159,PARETS DEL VALLES,DOMÈSTIC,39214192,
2018,BARCELONA,VALLES ORIENTAL,08159,PARETS DEL VALLES,INDUSTRIAL,235292640,
2018,BARCELONA,VALLES ORIENTAL,08159,PARETS DEL VALLES,SERVEIS,22881608,
2018,BARCELONA,ANOIA,08161,PIERA,DOMÈSTIC,14651003,
2018,BARCELONA,ANOIA,08161,PIERA,SERVEIS,2962179,
2018,BARCELONA,ANOIA,08161,PIERA,INDUSTRIAL,,Dades subjectes a secret estadístic.
2018,BARCELONA,ANOIA,08162,"HOSTALETS DE PIEROLA, ELS",DOMÈSTIC,2673176,
2018,BARCELONA,ANOIA,08162,"HOSTALETS DE PIEROLA, ELS",SERVEIS,,Dades subjectes a secret estadístic.
2018,BARCELONA,MARESME,08163,PINEDA DE MAR,INDUSTRIAL,26316697,
2018,BARCELONA,MARESME,08163,PINEDA DE MAR,DOMÈSTIC,37055640,
2018,BARCELONA,MARESME,08163,PINEDA DE MAR,SERVEIS,8227590,
2018,BARCELONA,ANOIA,08165,"POBLA DE CLARAMUNT, LA",INDUSTRIAL,1074086643,Inclou el consum del sector energètic.
2018,BARCELONA,ANOIA,08165,"POBLA DE CLARAMUNT, LA",SERVEIS,663592,
2018,BARCELONA,ANOIA,08165,"POBLA DE CLARAMUNT, LA",DOMÈSTIC,3825860,
2018,BARCELONA,VALLES OCCIDENTAL,08167,POLINYA,DOMÈSTIC,16546449,
2018,BARCELONA,VALLES OCCIDENTAL,08167,POLINYA,INDUSTRIAL,30128427,
2018,BARCELONA,VALLES OCCIDENTAL,08167,POLINYA,SERVEIS,6474217,
2018,BARCELONA,BAIX LLOBREGAT,08169,"PRAT DE LLOBREGAT, EL",SERVEIS,140665157,Inclou el consum del sector transport.
2018,BARCELONA,BAIX LLOBREGAT,08169,"PRAT DE LLOBREGAT, EL",INDUSTRIAL,572201852,
2018,BARCELONA,BAIX LLOBREGAT,08169,"PRAT DE LLOBREGAT, EL",DOMÈSTIC,72752462,
2018,BARCELONA,OSONA,08171,PRATS DE LLUÇANES,SERVEIS,24425,
2018,BARCELONA,OSONA,08171,PRATS DE LLUÇANES,DOMÈSTIC,1453648,
2018,BARCELONA,MARESME,08172,PREMIA DE MAR,SERVEIS,6646845,
2018,BARCELONA,MARESME,08172,PREMIA DE MAR,DOMÈSTIC,47697827,
2018,BARCELONA,BERGUEDA,08175,PUIG-REIG,SERVEIS,3127775,
2018,BARCELONA,BERGUEDA,08175,PUIG-REIG,INDUSTRIAL,,Dades subjectes a secret estadístic.
2018,BARCELONA,BERGUEDA,08175,PUIG-REIG,DOMÈSTIC,12706711,
2018,BARCELONA,VALLES OCCIDENTAL,08180,RIPOLLET,SERVEIS,10787710,
2018,BARCELONA,VALLES OCCIDENTAL,08180,RIPOLLET,INDUSTRIAL,9557576,
2018,BARCELONA,VALLES OCCIDENTAL,08180,RIPOLLET,DOMÈSTIC,62304305,
2018,BARCELONA,VALLES ORIENTAL,08181,"ROCA DEL VALLES, LA",SERVEIS,19012559,
2018,BARCELONA,VALLES ORIENTAL,08181,"ROCA DEL VALLES, LA",INDUSTRIAL,,Dades subjectes a secret estadístic.
2018,BARCELONA,VALLES ORIENTAL,08181,"ROCA DEL VALLES, LA",DOMÈSTIC,23120626,
2018,BARCELONA,BAGES,08182,"PONT DE VILOMARA I ROCAFORT, EL",SERVEIS,780265,
2018,BARCELONA,BAGES,08182,"PONT DE VILOMARA I ROCAFORT, EL",INDUSTRIAL,,Dades subjectes a secret estadístic.
2018,BARCELONA,BAGES,08182,"PONT DE VILOMARA I ROCAFORT, EL",DOMÈSTIC,10091385,
2018,BARCELONA,OSONA,08183,RODA DE TER,SERVEIS,1615877,
2018,BARCELONA,OSONA,08183,RODA DE TER,DOMÈSTIC,12695316,
2018,BARCELONA,VALLES OCCIDENTAL,08184,RUBI,INDUSTRIAL,182592968,
2018,BARCELONA,VALLES OCCIDENTAL,08184,RUBI,SERVEIS,21111700,
2018,BARCELONA,VALLES OCCIDENTAL,08184,RUBI,DOMÈSTIC,113975281,
2018,BARCELONA,VALLES OCCIDENTAL,08187,SABADELL,INDUSTRIAL,61340168,
2018,BARCELONA,VALLES OCCIDENTAL,08187,SABADELL,DOMÈSTIC,423025080,
2018,BARCELONA,VALLES OCCIDENTAL,08187,SABADELL,SERVEIS,114241904,
2018,BARCELONA,BAGES,08191,SALLENT,INDUSTRIAL,,Dades subjectes a secret estadístic.
2018,BARCELONA,BAGES,08191,SALLENT,DOMÈSTIC,19320625,
2018,BARCELONA,BAGES,08191,SALLENT,SERVEIS,9639847,
2018,BARCELONA,BAGES,08192,SANTPEDOR,SERVEIS,9073075,
2018,BARCELONA,BAGES,08192,SANTPEDOR,DOMÈSTIC,24738896,
2018,BARCELONA,BAGES,08192,SANTPEDOR,INDUSTRIAL,19754771,
2018,BARCELONA,BARCELONES,08194,SANT ADRIA DE BESOS,INDUSTRIAL,716531,
2018,BARCELONA,BARCELONES,08194,SANT ADRIA DE BESOS,SERVEIS,45759622,
2018,BARCELONA,BARCELONES,08194,SANT ADRIA DE BESOS,CT RO,,Dades subjectes a secret estadístic. Inclou el consum de centrals tèrmiques de l'antic règim ordinari.
2018,BARCELONA,BARCELONES,08194,SANT ADRIA DE BESOS,DOMÈSTIC,35447161,
2018,BARCELONA,BAIX LLOBREGAT,08196,SANT ANDREU DE LA BARCA,SERVEIS,10516001,
2018,BARCELONA,BAIX LLOBREGAT,08196,SANT ANDREU DE LA BARCA,DOMÈSTIC,44837495,
2018,BARCELONA,BAIX LLOBREGAT,08196,SANT ANDREU DE LA BARCA,INDUSTRIAL,46011975,
2018,BARCELONA,MARESME,08197,SANT ANDREU DE LLAVANERES,SERVEIS,4854244,
2018,BARCELONA,MARESME,08197,SANT ANDREU DE LLAVANERES,DOMÈSTIC,32727071,
2018,BARCELONA,MARESME,08197,SANT ANDREU DE LLAVANERES,PRIMARI,3455227,
2018,BARCELONA,VALLES ORIENTAL,08198,SANT ANTONI DE VILAMAJOR,INDUSTRIAL,,Dades subjectes a secret estadístic.
2018,BARCELONA,VALLES ORIENTAL,08198,SANT ANTONI DE VILAMAJOR,DOMÈSTIC,10010841,
2018,BARCELONA,VALLES ORIENTAL,08198,SANT ANTONI DE VILAMAJOR,SERVEIS,1352148,
2018,BARCELONA,BAIX LLOBREGAT,08200,SANT BOI DE LLOBREGAT,DOMÈSTIC,105079900,
2018,BARCELONA,BAIX LLOBREGAT,08200,SANT BOI DE LLOBREGAT,SERVEIS,51411743,
2018,BARCELONA,BAIX LLOBREGAT,08200,SANT BOI DE LLOBREGAT,INDUSTRIAL,21747921,
2018,BARCELONA,VALLES ORIENTAL,08202,SANT CELONI,DOMÈSTIC,35331097,
2018,BARCELONA,VALLES ORIENTAL,08202,SANT CELONI,INDUSTRIAL,204559880,
2018,BARCELONA,VALLES ORIENTAL,08202,SANT CELONI,SERVEIS,7317259,
2018,BARCELONA,MARESME,08203,SANT CEBRIA DE VALLALTA,SERVEIS,,Dades subjectes a secret estadístic.
2018,BARCELONA,MARESME,08203,SANT CEBRIA DE VALLALTA,INDUSTRIAL,,Dades subjectes a secret estadístic.
2018,BARCELONA,MARESME,08203,SANT CEBRIA DE VALLALTA,DOMÈSTIC,4496591,
2018,BARCELONA,BAIX LLOBREGAT,08204,SANT CLIMENT DE LLOBREGAT,SERVEIS,,Dades subjectes a secret estadístic.
2018,BARCELONA,BAIX LLOBREGAT,08204,SANT CLIMENT DE LLOBREGAT,DOMÈSTIC,1935954,
2018,BARCELONA,VALLES OCCIDENTAL,08205,SANT CUGAT DEL VALLES,SERVEIS,204432092,
2018,BARCELONA,VALLES OCCIDENTAL,08205,SANT CUGAT DEL VALLES,INDUSTRIAL,59856353,
2018,BARCELONA,VALLES OCCIDENTAL,08205,SANT CUGAT DEL VALLES,DOMÈSTIC,260517487,
2018,BARCELONA,ALT PENEDES,08206,SANT CUGAT SESGARRIGUES,SERVEIS,395996,
2018,BARCELONA,ALT PENEDES,08206,SANT CUGAT SESGARRIGUES,DOMÈSTIC,1736631,
2018,BARCELONA,VALLES ORIENTAL,08207,SANT ESTEVE DE PALAUTORDERA,DOMÈSTIC,5895283,
2018,BARCELONA,VALLES ORIENTAL,08207,SANT ESTEVE DE PALAUTORDERA,SERVEIS,,Dades subjectes a secret estadístic.
2018,BARCELONA,BAIX LLOBREGAT,08208,SANT ESTEVE SESROVIRES,SERVEIS,32587273,
2018,BARCELONA,BAIX LLOBREGAT,08208,SANT ESTEVE SESROVIRES,INDUSTRIAL,34096680,
2018,BARCELONA,BAIX LLOBREGAT,08208,SANT ESTEVE SESROVIRES,DOMÈSTIC,16282432,
2018,BARCELONA,VALLES ORIENTAL,08209,SANT FOST DE CAMPSENTELLES,INDUSTRIAL,17738112,
2018,BARCELONA,VALLES ORIENTAL,08209,SANT FOST DE CAMPSENTELLES,SERVEIS,5702978,
2018,BARCELONA,VALLES ORIENTAL,08209,SANT FOST DE CAMPSENTELLES,DOMÈSTIC,14187066,
2018,BARCELONA,VALLES ORIENTAL,08210,SANT FELIU DE CODINES,DOMÈSTIC,5743411,
2018,BARCELONA,VALLES ORIENTAL,08210,SANT FELIU DE CODINES,SERVEIS,716156,
2018,BARCELONA,BAIX LLOBREGAT,08211,SANT FELIU DE LLOBREGAT,DOMÈSTIC,62859227,
2018,BARCELONA,BAIX LLOBREGAT,08211,SANT FELIU DE LLOBREGAT,SERVEIS,18174659,
2018,BARCELONA,BAIX LLOBREGAT,08211,SANT FELIU DE LLOBREGAT,INDUSTRIAL,18091685,
2018,BARCELONA,BAGES,08213,SANT FRUITOS DE BAGES,DOMÈSTIC,23552166,
2018,BARCELONA,BAGES,08213,SANT FRUITOS DE BAGES,INDUSTRIAL,21790130,
2018,BARCELONA,BAGES,08213,SANT FRUITOS DE BAGES,SERVEIS,10950083,
2018,BARCELONA,MARESME,08214,VILASSAR DE DALT,DOMÈSTIC,23738319,
2018,BARCELONA,MARESME,08214,VILASSAR DE DALT,INDUSTRIAL,,Dades subjectes a secret estadístic.
2018,BARCELONA,MARESME,08214,VILASSAR DE DALT,SERVEIS,3177420,
2018,BARCELONA,MARESME,08214,VILASSAR DE DALT,PRIMARI,,Dades subjectes a secret estadístic.
2018,BARCELONA,OSONA,08215,SANT HIPOLIT DE VOLTREGA,SERVEIS,936650,
2018,BARCELONA,OSONA,08215,SANT HIPOLIT DE VOLTREGA,DOMÈSTIC,7044560,
2018,BARCELONA,BAIX LLOBREGAT,08217,SANT JOAN DESPI,INDUSTRIAL,12189575,
2018,BARCELONA,BAIX LLOBREGAT,08217,SANT JOAN DESPI,SERVEIS,20901616,
2018,BARCELONA,BAIX LLOBREGAT,08217,SANT JOAN DESPI,DOMÈSTIC,42325783,
2018,BARCELONA,BAGES,08218,SANT JOAN DE VILATORRADA,INDUSTRIAL,,Dades subjectes a secret estadístic.
2018,BARCELONA,BAGES,08218,SANT JOAN DE VILATORRADA,DOMÈSTIC,32642057,
2018,BARCELONA,BAGES,08218,SANT JOAN DE VILATORRADA,SERVEIS,3027159,
2018,BARCELONA,MARESME,08219,VILASSAR DE MAR,DOMÈSTIC,45415700,
2018,BARCELONA,MARESME,08219,VILASSAR DE MAR,INDUSTRIAL,,Dades subjectes a secret estadístic.
2018,BARCELONA,MARESME,08219,VILASSAR DE MAR,PRIMARI,3766756,
2018,BARCELONA,MARESME,08219,VILASSAR DE MAR,SERVEIS,4621402,
2018,BARCELONA,OSONA,08220,SANT JULIA DE VILATORTA,DOMÈSTIC,584729,
2018,BARCELONA,BAIX LLOBREGAT,08221,SANT JUST DESVERN,SERVEIS,14490147,
2018,BARCELONA,BAIX LLOBREGAT,08221,SANT JUST DESVERN,INDUSTRIAL,16783814,
2018,BARCELONA,BAIX LLOBREGAT,08221,SANT JUST DESVERN,DOMÈSTIC,45815244,
2018,BARCELONA,ALT PENEDES,08222,SANT LLORENÇ D'HORTONS,SERVEIS,,Dades subjectes a secret estadístic.
2018,BARCELONA,ALT PENEDES,08222,SANT LLORENÇ D'HORTONS,DOMÈSTIC,554193,
2018,BARCELONA,OSONA,08224,SANT MARTI DE CENTELLES,SERVEIS,,Dades subjectes a secret estadístic.
2018,BARCELONA,OSONA,08224,SANT MARTI DE CENTELLES,DOMÈSTIC,2477138,
2018,BARCELONA,ANOIA,08228,SANT MARTI SESGUEIOLES,DOMÈSTIC,555573,
2018,BARCELONA,MARESME,08230,PREMIA DE DALT,INDUSTRIAL,,Dades subjectes a secret estadístic.
2018,BARCELONA,MARESME,08230,PREMIA DE DALT,PRIMARI,5925191,
2018,BARCELONA,MARESME,08230,PREMIA DE DALT,SERVEIS,4296920,
2018,BARCELONA,MARESME,08230,PREMIA DE DALT,DOMÈSTIC,28467543,
2018,BARCELONA,GARRAF,08231,SANT PERE DE RIBES,DOMÈSTIC,57264561,
2018,BARCELONA,GARRAF,08231,SANT PERE DE RIBES,SERVEIS,16136822,
2018,BARCELONA,ALT PENEDES,08232,SANT PERE DE RIUDEBITLLES,DOMÈSTIC,4710902,
2018,BARCELONA,ALT PENEDES,08232,SANT PERE DE RIUDEBITLLES,INDUSTRIAL,32758983,
2018,BARCELONA,ALT PENEDES,08232,SANT PERE DE RIUDEBITLLES,SERVEIS,,Dades subjectes a secret estadístic.
2018,BARCELONA,VALLES ORIENTAL,08234,SANT PERE DE VILAMAJOR,DOMÈSTIC,2727147,
2018,BARCELONA,VALLES ORIENTAL,08234,SANT PERE DE VILAMAJOR,SERVEIS,,Dades subjectes a secret estadístic.
2018,BARCELONA,VALLES ORIENTAL,08234,SANT PERE DE VILAMAJOR,INDUSTRIAL,,Dades subjectes a secret estadístic.
2018,BARCELONA,MARESME,08235,SANT POL DE MAR,SERVEIS,639636,
2018,BARCELONA,MARESME,08235,SANT POL DE MAR,DOMÈSTIC,11047159,
2018,BARCELONA,ALT PENEDES,08236,SANT QUINTI DE MEDIONA,INDUSTRIAL,,Dades subjectes a secret estadístic.
2018,BARCELONA,ALT PENEDES,08236,SANT QUINTI DE MEDIONA,DOMÈSTIC,1458143,
2018,BARCELONA,OSONA,08237,SANT QUIRZE DE BESORA,DOMÈSTIC,3996782,
2018,BARCELONA,OSONA,08237,SANT QUIRZE DE BESORA,INDUSTRIAL,,Dades subjectes a secret estadístic.
2018,BARCELONA,OSONA,08237,SANT QUIRZE DE BESORA,SERVEIS,400743,
2018,BARCELONA,VALLES OCCIDENTAL,08238,SANT QUIRZE DEL VALLES,SERVEIS,7370432,
2018,BARCELONA,VALLES OCCIDENTAL,08238,SANT QUIRZE DEL VALLES,INDUSTRIAL,20644862,
2018,BARCELONA,VALLES OCCIDENTAL,08238,SANT QUIRZE DEL VALLES,DOMÈSTIC,54252916,
2018,BARCELONA,ALT PENEDES,08240,SANT SADURNI D'ANOIA,SERVEIS,4397991,
2018,BARCELONA,ALT PENEDES,08240,SANT SADURNI D'ANOIA,INDUSTRIAL,,Dades subjectes a secret estadístic.
2018,BARCELONA,ALT PENEDES,08240,SANT SADURNI D'ANOIA,DOMÈSTIC,22708545,
2018,BARCELONA,BAIX LLOBREGAT,08244,SANTA COLOMA DE CERVELLO,SERVEIS,1142453,
2018,BARCELONA,BAIX LLOBREGAT,08244,SANTA COLOMA DE CERVELLO,INDUSTRIAL,,Dades subjectes a secret estadístic.
2018,BARCELONA,BAIX LLOBREGAT,08244,SANTA COLOMA DE CERVELLO,DOMÈSTIC,14192126,
2018,BARCELONA,BARCELONES,08245,SANTA COLOMA DE GRAMENET,DOMÈSTIC,116285459,
2018,BARCELONA,BARCELONES,08245,SANTA COLOMA DE GRAMENET,INDUSTRIAL,,Dades subjectes a secret estadístic.
2018,BARCELONA,BARCELONES,08245,SANTA COLOMA DE GRAMENET,SERVEIS,29351880,
2018,BARCELONA,OSONA,08246,SANTA EUGENIA DE BERGA,SERVEIS,994956,
2018,BARCELONA,OSONA,08246,SANTA EUGENIA DE BERGA,DOMÈSTIC,3271269,
2018,BARCELONA,OSONA,08246,SANTA EUGENIA DE BERGA,INDUSTRIAL,,Dades subjectes a secret estadístic.
2018,BARCELONA,VALLES ORIENTAL,08248,SANTA EULALIA DE RONÇANA,DOMÈSTIC,935848,
2018,BARCELONA,ANOIA,08250,SANTA MARGARIDA DE MONTBUI,DOMÈSTIC,12402385,
2018,BARCELONA,ANOIA,08250,SANTA MARGARIDA DE MONTBUI,SERVEIS,1627592,
2018,BARCELONA,ALT PENEDES,08251,SANTA MARGARIDA I ELS MONJOS,SERVEIS,2358029,
2018,BARCELONA,ALT PENEDES,08251,SANTA MARGARIDA I ELS MONJOS,INDUSTRIAL,145049945,
2018,BARCELONA,ALT PENEDES,08251,SANTA MARGARIDA I ELS MONJOS,DOMÈSTIC,12367875,
2018,BARCELONA,VALLES OCCIDENTAL,08252,BARBERA DEL VALLES,DOMÈSTIC,55988401,
2018,BARCELONA,VALLES OCCIDENTAL,08252,BARBERA DEL VALLES,INDUSTRIAL,84487156,
2018,BARCELONA,VALLES OCCIDENTAL,08252,BARBERA DEL VALLES,SERVEIS,17200964,
2018,BARCELONA,VALLES ORIENTAL,08256,SANTA MARIA DE MARTORELLES,DOMÈSTIC,721330,
2018,BARCELONA,VALLES ORIENTAL,08259,SANTA MARIA DE PALAUTORDERA,INDUSTRIAL,,Dades subjectes a secret estadístic.
2018,BARCELONA,VALLES ORIENTAL,08259,SANTA MARIA DE PALAUTORDERA,DOMÈSTIC,15841282,
2018,BARCELONA,VALLES ORIENTAL,08259,SANTA MARIA DE PALAUTORDERA,SERVEIS,8829539,
2018,BARCELONA,VALLES OCCIDENTAL,08260,SANTA PERPETUA DE MOGODA,SERVEIS,9106961,
2018,BARCELONA,VALLES OCCIDENTAL,08260,SANTA PERPETUA DE MOGODA,INDUSTRIAL,257563031,
2018,BARCELONA,VALLES OCCIDENTAL,08260,SANTA PERPETUA DE MOGODA,DOMÈSTIC,46818223,
2018,BARCELONA,MARESME,08261,SANTA SUSANNA,DOMÈSTIC,4745399,
2018,BARCELONA,MARESME,08261,SANTA SUSANNA,SERVEIS,14470571,
2018,BARCELONA,BAGES,08262,SANT VICENÇ DE CASTELLET,DOMÈSTIC,25545284,
2018,BARCELONA,BAGES,08262,SANT VICENÇ DE CASTELLET,SERVEIS,2141587,
2018,BARCELONA,BAGES,08262,SANT VICENÇ DE CASTELLET,INDUSTRIAL,9223844,
2018,BARCELONA,BAIX LLOBREGAT,08263,SANT VICENÇ DELS HORTS,DOMÈSTIC,37629543,
2018,BARCELONA,BAIX LLOBREGAT,08263,SANT VICENÇ DELS HORTS,SERVEIS,4483608,
2018,BARCELONA,BAIX LLOBREGAT,08263,SANT VICENÇ DELS HORTS,INDUSTRIAL,80568541,
2018,BARCELONA,MARESME,08264,SANT VICENÇ DE MONTALT,DOMÈSTIC,23064576,
2018,BARCELONA,MARESME,08264,SANT VICENÇ DE MONTALT,SERVEIS,2569691,
2018,BARCELONA,OSONA,08265,SANT VICENÇ DE TORELLO,SERVEIS,748221,
2018,BARCELONA,OSONA,08265,SANT VICENÇ DE TORELLO,INDUSTRIAL,,Dades subjectes a secret estadístic.
2018,BARCELONA,OSONA,08265,SANT VICENÇ DE TORELLO,DOMÈSTIC,2254253,
2018,BARCELONA,VALLES OCCIDENTAL,08266,CERDANYOLA DEL VALLES,DOMÈSTIC,124911358,
2018,BARCELONA,VALLES OCCIDENTAL,08266,CERDANYOLA DEL VALLES,INDUSTRIAL,55370404,
2018,BARCELONA,VALLES OCCIDENTAL,08266,CERDANYOLA DEL VALLES,SERVEIS,200086937,
2018,BARCELONA,VALLES OCCIDENTAL,08267,SENTMENAT,SERVEIS,1990435,
2018,BARCELONA,VALLES OCCIDENTAL,08267,SENTMENAT,INDUSTRIAL,,Dades subjectes a secret estadístic.
2018,BARCELONA,VALLES OCCIDENTAL,08267,SENTMENAT,DOMÈSTIC,15760796,
2018,BARCELONA,OSONA,08269,SEVA,INDUSTRIAL,,Dades subjectes a secret estadístic.
2018,BARCELONA,OSONA,08269,SEVA,DOMÈSTIC,1470145,
2018,BARCELONA,GARRAF,08270,SITGES,SERVEIS,29722877,
2018,BARCELONA,GARRAF,08270,SITGES,DOMÈSTIC,70287079,
2018,BARCELONA,BAGES,08274,SURIA,SERVEIS,2626036,
2018,BARCELONA,BAGES,08274,SURIA,INDUSTRIAL,,Dades subjectes a secret estadístic.
2018,BARCELONA,BAGES,08274,SURIA,DOMÈSTIC,15458853,
2018,BARCELONA,OSONA,08278,TARADELL,SERVEIS,2063313,
2018,BARCELONA,OSONA,08278,TARADELL,INDUSTRIAL,,Dades subjectes a secret estadístic.
2018,BARCELONA,OSONA,08278,TARADELL,DOMÈSTIC,15146486,
2018,BARCELONA,VALLES OCCIDENTAL,08279,TERRASSA,SERVEIS,95246789,
2018,BARCELONA,VALLES OCCIDENTAL,08279,TERRASSA,INDUSTRIAL,91087593,
2018,BARCELONA,VALLES OCCIDENTAL,08279,TERRASSA,DOMÈSTIC,416763476,
2018,BARCELONA,MARESME,08281,TEIA,SERVEIS,3525477,
2018,BARCELONA,MARESME,08281,TEIA,PRIMARI,,Dades subjectes a secret estadístic.
2018,BARCELONA,MARESME,08281,TEIA,DOMÈSTIC,19298979,
2018,BARCELONA,MARESME,08282,TIANA,SERVEIS,2512245,
2018,BARCELONA,MARESME,08282,TIANA,DOMÈSTIC,24288460,
2018,BARCELONA,OSONA,08283,TONA,SERVEIS,5733048,
2018,BARCELONA,OSONA,08283,TONA,INDUSTRIAL,,Dades subjectes a secret estadístic.
2018,BARCELONA,OSONA,08283,TONA,DOMÈSTIC,21976217,
2018,BARCELONA,MARESME,08284,TORDERA,SERVEIS,11450074,
2018,BARCELONA,MARESME,08284,TORDERA,INDUSTRIAL,,Dades subjectes a secret estadístic.
2018,BARCELONA,MARESME,08284,TORDERA,DOMÈSTIC,20992622,
2018,BARCELONA,OSONA,08285,TORELLO,SERVEIS,4014494,
2018,BARCELONA,OSONA,08285,TORELLO,INDUSTRIAL,8473279,
2018,BARCELONA,OSONA,08285,TORELLO,DOMÈSTIC,31155788,
2018,BARCELONA,ANOIA,08286,"TORRE DE CLARAMUNT, LA",DOMÈSTIC,3677108,
2018,BARCELONA,ANOIA,08286,"TORRE DE CLARAMUNT, LA",INDUSTRIAL,,Dades subjectes a secret estadístic.
2018,BARCELONA,ANOIA,08286,"TORRE DE CLARAMUNT, LA",SERVEIS,264065,
2018,BARCELONA,ALT PENEDES,08287,TORRELAVIT,SERVEIS,,Dades subjectes a secret estadístic.
2018,BARCELONA,ALT PENEDES,08287,TORRELAVIT,DOMÈSTIC,2526991,
2018,BARCELONA,BAIX LLOBREGAT,08289,TORRELLES DE LLOBREGAT,DOMÈSTIC,5986618,
2018,BARCELONA,BAIX LLOBREGAT,08289,TORRELLES DE LLOBREGAT,SERVEIS,,Dades subjectes a secret estadístic.
2018,BARCELONA,VALLES OCCIDENTAL,08290,ULLASTRELL,SERVEIS,,Dades subjectes a secret estadístic.
2018,BARCELONA,VALLES OCCIDENTAL,08290,ULLASTRELL,DOMÈSTIC,2412302,
2018,BARCELONA,ANOIA,08292,VALLBONA D'ANOIA,DOMÈSTIC,3045709,
2018,BARCELONA,ANOIA,08292,VALLBONA D'ANOIA,INDUSTRIAL,,Dades subjectes a secret estadístic.
2018,BARCELONA,VALLES ORIENTAL,08294,VALLGORGUINA,DOMÈSTIC,948731,
2018,BARCELONA,BAIX LLOBREGAT,08295,VALLIRANA,SERVEIS,2661563,
2018,BARCELONA,BAIX LLOBREGAT,08295,VALLIRANA,DOMÈSTIC,18301981,
2018,BARCELONA,VALLES ORIENTAL,08296,VALLROMANES,SERVEIS,935185,
2018,BARCELONA,VALLES ORIENTAL,08296,VALLROMANES,DOMÈSTIC,6572203,
2018,BARCELONA,OSONA,08298,VIC,SERVEIS,54050331,
2018,BARCELONA,OSONA,08298,VIC,INDUSTRIAL,81523799,
2018,BARCELONA,OSONA,08298,VIC,DOMÈSTIC,131596618,
2018,BARCELONA,VALLES OCCIDENTAL,08300,VILADECAVALLS,SERVEIS,,Dades subjectes a secret estadístic.
2018,BARCELONA,VALLES OCCIDENTAL,08300,VILADECAVALLS,INDUSTRIAL,7459238,
2018,BARCELONA,VALLES OCCIDENTAL,08300,VILADECAVALLS,DOMÈSTIC,16201859,
2018,BARCELONA,BAIX LLOBREGAT,08301,VILADECANS,SERVEIS,26737452,Inclou el consum del sector transport.
2018,BARCELONA,BAIX LLOBREGAT,08301,VILADECANS,INDUSTRIAL,,Dades subjectes a secret estadístic.
2018,BARCELONA,BAIX LLOBREGAT,08301,VILADECANS,DOMÈSTIC,82474103,
2018,BARCELONA,ANOIA,08302,VILANOVA DEL CAMI,SERVEIS,2154687,
2018,BARCELONA,ANOIA,08302,VILANOVA DEL CAMI,INDUSTRIAL,,Dades subjectes a secret estadístic.
2018,BARCELONA,ANOIA,08302,VILANOVA DEL CAMI,DOMÈSTIC,21401780,
2018,BARCELONA,ALT PENEDES,08305,VILAFRANCA DEL PENEDES,SERVEIS,18124007,
2018,BARCELONA,ALT PENEDES,08305,VILAFRANCA DEL PENEDES,INDUSTRIAL,4823377,
2018,BARCELONA,ALT PENEDES,08305,VILAFRANCA DEL PENEDES,DOMÈSTIC,76393817,
2018,BARCELONA,VALLES ORIENTAL,08306,VILALBA SASSERRA,DOMÈSTIC,125492,
2018,BARCELONA,VALLES ORIENTAL,08306,VILALBA SASSERRA,SERVEIS,,Dades subjectes a secret estadístic.
2018,BARCELONA,GARRAF,08307,VILANOVA I LA GELTRU,INDUSTRIAL,68592071,
2018,BARCELONA,GARRAF,08307,VILANOVA I LA GELTRU,SERVEIS,17164962,
2018,BARCELONA,GARRAF,08307,VILANOVA I LA GELTRU,DOMÈSTIC,93497861,
2018,BARCELONA,VALLES ORIENTAL,08902,VILANOVA DEL VALLES,DOMÈSTIC,7303193,
2018,BARCELONA,VALLES ORIENTAL,08902,VILANOVA DEL VALLES,SERVEIS,521028,
2018,BARCELONA,VALLES OCCIDENTAL,08904,BADIA DEL VALLES,DOMÈSTIC,14411864,
2018,BARCELONA,VALLES OCCIDENTAL,08904,BADIA DEL VALLES,SERVEIS,3503977,
2018,BARCELONA,BAIX LLOBREGAT,08905,"PALMA DE CERVELLO, LA",SERVEIS,592081,
2018,BARCELONA,BAIX LLOBREGAT,08905,"PALMA DE CERVELLO, LA",INDUSTRIAL,,Dades subjectes a secret estadístic.
2018,BARCELONA,BAIX LLOBREGAT,08905,"PALMA DE CERVELLO, LA",DOMÈSTIC,4887192,
2018,GIRONA,GIRONES,17002,AIGUAVIVA,SERVEIS,832824,
2018,GIRONA,GIRONES,17002,AIGUAVIVA,INDUSTRIAL,30219907,
2018,GIRONA,GIRONES,17002,AIGUAVIVA,DOMÈSTIC,1295441,
2018,GIRONA,GARROTXA,17010,ARGELAGUER,DOMÈSTIC,995257,
2018,GIRONA,GARROTXA,17010,ARGELAGUER,INDUSTRIAL,,Dades subjectes a secret estadístic.
2018,GIRONA,GARROTXA,17010,ARGELAGUER,PRIMARI,,Dades subjectes a secret estadístic.
2018,GIRONA,GARROTXA,17010,ARGELAGUER,SERVEIS,,Dades subjectes a secret estadístic.
2018,GIRONA,BAIX EMPORDA,17013,BEGUR,DOMÈSTIC,237647,
2018,GIRONA,PLA DE L'ESTANY,17015,BANYOLES,DOMÈSTIC,44792606,
2018,GIRONA,PLA DE L'ESTANY,17015,BANYOLES,INDUSTRIAL,,Dades subjectes a secret estadístic.
2018,GIRONA,PLA DE L'ESTANY,17015,BANYOLES,SERVEIS,11494021,
2018,GIRONA,BAIX EMPORDA,17018,BELLCAIRE D'EMPORDA,DOMÈSTIC,1172566,
2018,GIRONA,GARROTXA,17019,BESALU,SERVEIS,1085155,
2018,GIRONA,GARROTXA,17019,BESALU,INDUSTRIAL,,Dades subjectes a secret estadístic.
2018,GIRONA,GARROTXA,17019,BESALU,DOMÈSTIC,6990110,
2018,GIRONA,GIRONES,17020,BESCANO,DOMÈSTIC,9587137,
2018,GIRONA,GIRONES,17020,BESCANO,SERVEIS,1125126,
2018,GIRONA,GARROTXA,17021,BEUDA,INDUSTRIAL,,Dades subjectes a secret estadístic.
2018,GIRONA,BAIX EMPORDA,17022,"BISBAL D'EMPORDA, LA",INDUSTRIAL,,Dades subjectes a secret estadístic.
2018,GIRONA,BAIX EMPORDA,17022,"BISBAL D'EMPORDA, LA",SERVEIS,2399158,
2018,GIRONA,BAIX EMPORDA,17022,"BISBAL D'EMPORDA, LA",DOMÈSTIC,22768346,
2018,GIRONA,SELVA,17023,BLANES,INDUSTRIAL,,Dades subjectes a secret estadístic.
2018,GIRONA,SELVA,17023,BLANES,SERVEIS,17137537,
2018,GIRONA,SELVA,17023,BLANES,DOMÈSTIC,76466585,
2018,GIRONA,GIRONES,17025,BORDILS,DOMÈSTIC,4497983,
2018,GIRONA,GIRONES,17025,BORDILS,SERVEIS,,Dades subjectes a secret estadístic.
2018,GIRONA,SELVA,17027,BREDA,SERVEIS,603488,
2018,GIRONA,SELVA,17027,BREDA,DOMÈSTIC,6096786,
2018,GIRONA,SELVA,17027,BREDA,INDUSTRIAL,5221850,
2018,GIRONA,SELVA,17033,CALDES DE MALAVELLA,INDUSTRIAL,6923691,
2018,GIRONA,SELVA,17033,CALDES DE MALAVELLA,SERVEIS,5916004,
2018,GIRONA,SELVA,17033,CALDES DE MALAVELLA,DOMÈSTIC,13726116,
2018,GIRONA,BAIX EMPORDA,17034,CALONGE I SANT ANTONI,SERVEIS,4199472,
2018,GIRONA,BAIX EMPORDA,17034,CALONGE I SANT ANTONI,DOMÈSTIC,21086657,
2018,GIRONA,PLA DE L'ESTANY,17035,CAMOS,DOMÈSTIC,617476,
2018,GIRONA,RIPOLLES,17036,CAMPDEVANOL,SERVEIS,3050723,
2018,GIRONA,RIPOLLES,17036,CAMPDEVANOL,INDUSTRIAL,5706630,
2018,GIRONA,RIPOLLES,17036,CAMPDEVANOL,DOMÈSTIC,8762656,
2018,GIRONA,GIRONES,17038,CAMPLLONG,SERVEIS,,Dades subjectes a secret estadístic.
2018,GIRONA,GIRONES,17038,CAMPLLONG,DOMÈSTIC,714737,
2018,GIRONA,GIRONES,17044,CASSA DE LA SELVA,INDUSTRIAL,,Dades subjectes a secret estadístic.
2018,GIRONA,GIRONES,17044,CASSA DE LA SELVA,SERVEIS,3671146,
2018,GIRONA,GIRONES,17044,CASSA DE LA SELVA,DOMÈSTIC,21754912,
2018,GIRONA,GARROTXA,17046,CASTELLFOLLIT DE LA ROCA,SERVEIS,1274675,
2018,GIRONA,GARROTXA,17046,CASTELLFOLLIT DE LA ROCA,DOMÈSTIC,2520837,
2018,GIRONA,ALT EMPORDA,17047,CASTELLO D'EMPURIES,SERVEIS,413269,
2018,GIRONA,ALT EMPORDA,17047,CASTELLO D'EMPURIES,DOMÈSTIC,3661414,
2018,GIRONA,BAIX EMPORDA,17048,CASTELL-PLATJA D'ARO,SERVEIS,16057584,
2018,GIRONA,BAIX EMPORDA,17048,CASTELL-PLATJA D'ARO,DOMÈSTIC,23616928,
2018,GIRONA,GIRONES,17049,CELRA,INDUSTRIAL,76925948,
2018,GIRONA,GIRONES,17049,CELRA,SERVEIS,2512964,
2018,GIRONA,GIRONES,17049,CELRA,DOMÈSTIC,15594472,
2018,GIRONA,PLA DE L'ESTANY,17056,CORNELLA DEL TERRI,DOMÈSTIC,4448756,
2018,GIRONA,PLA DE L'ESTANY,17056,CORNELLA DEL TERRI,INDUSTRIAL,29343742,
2018,GIRONA,PLA DE L'ESTANY,17056,CORNELLA DEL TERRI,SERVEIS,534909,
2018,GIRONA,BAIX EMPORDA,17057,CORÇA,INDUSTRIAL,,Dades subjectes a secret estadístic.
2018,GIRONA,BAIX EMPORDA,17057,CORÇA,SERVEIS,,Dades subjectes a secret estadístic.
2018,GIRONA,BAIX EMPORDA,17057,CORÇA,DOMÈSTIC,2328681,
2018,GIRONA,ALT EMPORDA,17062,"ESCALA, L'",SERVEIS,4252595,
2018,GIRONA,ALT EMPORDA,17062,"ESCALA, L'",DOMÈSTIC,14819737,
2018,GIRONA,ALT EMPORDA,17066,FIGUERES,SERVEIS,31106781,
2018,GIRONA,ALT EMPORDA,17066,FIGUERES,DOMÈSTIC,87556907,
2018,GIRONA,GIRONES,17067,FLAÇA,SERVEIS,,Dades subjectes a secret estadístic.
2018,GIRONA,GIRONES,17067,FLAÇA,DOMÈSTIC,3074720,
2018,GIRONA,PLA DE L'ESTANY,17071,FONTCOBERTA,DOMÈSTIC,1056401,
2018,GIRONA,GIRONES,17073,FORNELLS DE LA SELVA,SERVEIS,1763598,
2018,GIRONA,GIRONES,17073,FORNELLS DE LA SELVA,DOMÈSTIC,8710951,
2018,GIRONA,GIRONES,17079,GIRONA,INDUSTRIAL,,Dades subjectes a secret estadístic.
2018,GIRONA,GIRONES,17079,GIRONA,SERVEIS,83765024,
2018,GIRONA,GIRONES,17079,GIRONA,DOMÈSTIC,252458596,
2018,GIRONA,BAIX EMPORDA,17081,GUALTA,SERVEIS,,Dades subjectes a secret estadístic.
2018,GIRONA,BAIX EMPORDA,17081,GUALTA,DOMÈSTIC,268697,
2018,GIRONA,SELVA,17083,HOSTALRIC,INDUSTRIAL,46649150,
2018,GIRONA,SELVA,17083,HOSTALRIC,SERVEIS,594255,
2018,GIRONA,SELVA,17083,HOSTALRIC,DOMÈSTIC,7890190,
2018,GIRONA,ALT EMPORDA,17086,"JONQUERA, LA",SERVEIS,4170178,
2018,GIRONA,ALT EMPORDA,17086,"JONQUERA, LA",DOMÈSTIC,4035756,
2018,GIRONA,GIRONES,17087,JUIA,INDUSTRIAL,,Dades subjectes a secret estadístic.
2018,GIRONA,GIRONES,17089,LLAGOSTERA,SERVEIS,901819,
2018,GIRONA,GIRONES,17089,LLAGOSTERA,DOMÈSTIC,16004821,
2018,GIRONA,SELVA,17095,LLORET DE MAR,SERVEIS,67883364,
2018,GIRONA,SELVA,17095,LLORET DE MAR,DOMÈSTIC,51370953,
2018,GIRONA,SELVA,17101,MASSANES,DOMÈSTIC,73497,
2018,GIRONA,SELVA,17101,MASSANES,INDUSTRIAL,42301084,
2018,GIRONA,SELVA,17103,MAÇANET DE LA SELVA,DOMÈSTIC,10061723,
2018,GIRONA,SELVA,17103,MAÇANET DE LA SELVA,SERVEIS,1809844,
2018,GIRONA,SELVA,17103,MAÇANET DE LA SELVA,INDUSTRIAL,,Dades subjectes a secret estadístic.
2018,GIRONA,BAIX EMPORDA,17110,MONT-RAS,DOMÈSTIC,2240732,
2018,GIRONA,BAIX EMPORDA,17110,MONT-RAS,SERVEIS,,Dades subjectes a secret estadístic.
2018,GIRONA,ALT EMPORDA,17111,NAVATA,SERVEIS,,Dades subjectes a secret estadístic.
2018,GIRONA,ALT EMPORDA,17111,NAVATA,DOMÈSTIC,865481,
2018,GIRONA,GARROTXA,17114,OLOT,INDUSTRIAL,57406346,
2018,GIRONA,GARROTXA,17114,OLOT,SERVEIS,25921568,
2018,GIRONA,GARROTXA,17114,OLOT,DOMÈSTIC,83800842,
2018,GIRONA,BAIX EMPORDA,17117,PALAFRUGELL,SERVEIS,7425668,
2018,GIRONA,BAIX EMPORDA,17117,PALAFRUGELL,DOMÈSTIC,39040551,
2018,GIRONA,BAIX EMPORDA,17118,PALAMOS,INDUSTRIAL,,Dades subjectes a secret estadístic.
2018,GIRONA,BAIX EMPORDA,17118,PALAMOS,SERVEIS,8695057,
2018,GIRONA,BAIX EMPORDA,17118,PALAMOS,DOMÈSTIC,32980436,
2018,GIRONA,PLA DE L'ESTANY,17123,PALOL DE REVARDIT,INDUSTRIAL,,Dades subjectes a secret estadístic.
2018,GIRONA,BAIX EMPORDA,17126,PARLAVA,DOMÈSTIC,193462,
2018,GIRONA,BAIX EMPORDA,17130,"PERA, LA",INDUSTRIAL,,Dades subjectes a secret estadístic.
2018,GIRONA,PLA DE L'ESTANY,17137,PORQUERES,INDUSTRIAL,2854485,
2018,GIRONA,PLA DE L'ESTANY,17137,PORQUERES,SERVEIS,1022073,
2018,GIRONA,PLA DE L'ESTANY,17137,PORQUERES,DOMÈSTIC,8775059,
2018,GIRONA,GARROTXA,17139,"PRESES, LES",INDUSTRIAL,7457876,
2018,GIRONA,GARROTXA,17139,"PRESES, LES",SERVEIS,1039708,
2018,GIRONA,GARROTXA,17139,"PRESES, LES",DOMÈSTIC,2823716,
2018,GIRONA,CERDANYA,17141,PUIGCERDA,SERVEIS,10947112,
2018,GIRONA,CERDANYA,17141,PUIGCERDA,DOMÈSTIC,29683322,
2018,GIRONA,GIRONES,17142,QUART,SERVEIS,2734594,
2018,GIRONA,GIRONES,17142,QUART,DOMÈSTIC,10700259,
2018,GIRONA,SELVA,17146,RIELLS I VIABREA,INDUSTRIAL,10722687,
2018,GIRONA,SELVA,17146,RIELLS I VIABREA,SERVEIS,,Dades subjectes a secret estadístic.
2018,GIRONA,SELVA,17146,RIELLS I VIABREA,DOMÈSTIC,1236861,
2018,GIRONA,RIPOLLES,17147,RIPOLL,INDUSTRIAL,31966103,
2018,GIRONA,RIPOLLES,17147,RIPOLL,SERVEIS,6695608,
2018,GIRONA,RIPOLLES,17147,RIPOLL,DOMÈSTIC,26937329,
2018,GIRONA,SELVA,17148,RIUDARENES,INDUSTRIAL,,Dades subjectes a secret estadístic.
2018,GIRONA,SELVA,17148,RIUDARENES,SERVEIS,1083107,
2018,GIRONA,SELVA,17148,RIUDARENES,DOMÈSTIC,3873270,
2018,GIRONA,SELVA,17150,RIUDELLOTS DE LA SELVA,INDUSTRIAL,135647068,
2018,GIRONA,SELVA,17150,RIUDELLOTS DE LA SELVA,SERVEIS,12662843,
2018,GIRONA,SELVA,17150,RIUDELLOTS DE LA SELVA,DOMÈSTIC,3772143,
2018,GIRONA,ALT EMPORDA,17152,ROSES,SERVEIS,1609643,
2018,GIRONA,ALT EMPORDA,17152,ROSES,DOMÈSTIC,12280087,
2018,GIRONA,GIRONES,17155,SALT,INDUSTRIAL,,Dades subjectes a secret estadístic.
2018,GIRONA,GIRONES,17155,SALT,SERVEIS,24466958,
2018,GIRONA,GIRONES,17155,SALT,DOMÈSTIC,48976315,
2018,GIRONA,SELVA,17159,SANT FELIU DE BUIXALLEU,INDUSTRIAL,24868738,
2018,GIRONA,SELVA,17159,SANT FELIU DE BUIXALLEU,SERVEIS,,Dades subjectes a secret estadístic.
2018,GIRONA,BAIX EMPORDA,17160,SANT FELIU DE GUIXOLS,SERVEIS,12442110,
2018,GIRONA,BAIX EMPORDA,17160,SANT FELIU DE GUIXOLS,DOMÈSTIC,55304881,
2018,GIRONA,GIRONES,17163,SANT GREGORI,INDUSTRIAL,,Dades subjectes a secret estadístic.
2018,GIRONA,GIRONES,17163,SANT GREGORI,SERVEIS,1323095,
2018,GIRONA,GIRONES,17163,SANT GREGORI,DOMÈSTIC,8340662,
2018,GIRONA,GARROTXA,17165,SANT JAUME DE LLIERCA,INDUSTRIAL,,Dades subjectes a secret estadístic.
2018,GIRONA,GARROTXA,17165,SANT JAUME DE LLIERCA,SERVEIS,,Dades subjectes a secret estadístic.
2018,GIRONA,GARROTXA,17165,SANT JAUME DE LLIERCA,DOMÈSTIC,1387743,
2018,GIRONA,RIPOLLES,17167,SANT JOAN DE LES ABADESSES,INDUSTRIAL,,Dades subjectes a secret estadístic.
2018,GIRONA,RIPOLLES,17167,SANT JOAN DE LES ABADESSES,SERVEIS,2123755,
2018,GIRONA,RIPOLLES,17167,SANT JOAN DE LES ABADESSES,DOMÈSTIC,9151303,
2018,GIRONA,GIRONES,17168,SANT JOAN DE MOLLET,SERVEIS,,Dades subjectes a secret estadístic.
2018,GIRONA,GIRONES,17168,SANT JOAN DE MOLLET,DOMÈSTIC,1201507,
2018,GIRONA,GIRONES,17169,SANT JULIA DE RAMIS,DOMÈSTIC,6737320,
2018,GIRONA,GIRONES,17169,SANT JULIA DE RAMIS,SERVEIS,258168,
2018,GIRONA,GIRONES,17169,SANT JULIA DE RAMIS,INDUSTRIAL,,Dades subjectes a secret estadístic.
2018,GIRONA,RIPOLLES,17177,SANT PAU DE SEGURIES,SERVEIS,238836,
2018,GIRONA,RIPOLLES,17177,SANT PAU DE SEGURIES,DOMÈSTIC,1020361,
2018,GIRONA,SELVA,17180,SANTA COLOMA DE FARNERS,DOMÈSTIC,23386585,
2018,GIRONA,SELVA,17180,SANTA COLOMA DE FARNERS,INDUSTRIAL,3177346,
2018,GIRONA,SELVA,17180,SANTA COLOMA DE FARNERS,SERVEIS,2700164,
2018,GIRONA,BAIX EMPORDA,17181,SANTA CRISTINA D'ARO,DOMÈSTIC,11202803,
2018,GIRONA,BAIX EMPORDA,17181,SANTA CRISTINA D'ARO,SERVEIS,830761,
2018,GIRONA,ALT EMPORDA,17182,SANTA LLOGAIA D'ALGUEMA,DOMÈSTIC,216300,
2018,GIRONA,GARROTXA,17185,SANT JOAN LES FONTS,SERVEIS,1954582,
2018,GIRONA,GARROTXA,17185,SANT JOAN LES FONTS,INDUSTRIAL,765218407,
2018,GIRONA,GARROTXA,17185,SANT JOAN LES FONTS,DOMÈSTIC,6886840,
2018,GIRONA,GIRONES,17186,SARRIA DE TER,SERVEIS,776653,
2018,GIRONA,GIRONES,17186,SARRIA DE TER,INDUSTRIAL,,Dades subjectes a secret estadístic.
2018,GIRONA,GIRONES,17186,SARRIA DE TER,DOMÈSTIC,12900597,
2018,GIRONA,PLA DE L'ESTANY,17190,SERINYA,DOMÈSTIC,1745240,
2018,GIRONA,PLA DE L'ESTANY,17190,SERINYA,INDUSTRIAL,,Dades subjectes a secret estadístic.
2018,GIRONA,BAIX EMPORDA,17191,SERRA DE DARO,DOMÈSTIC,517289,
2018,GIRONA,SELVA,17193,SILS,SERVEIS,2180005,
2018,GIRONA,SELVA,17193,SILS,INDUSTRIAL,20895066,
2018,GIRONA,SELVA,17193,SILS,DOMÈSTIC,10134698,
2018,GIRONA,BAIX EMPORDA,17199,TORROELLA DE MONTGRI,DOMÈSTIC,14840662,
2018,GIRONA,BAIX EMPORDA,17199,TORROELLA DE MONTGRI,INDUSTRIAL,,Dades subjectes a secret estadístic.
2018,GIRONA,BAIX EMPORDA,17199,TORROELLA DE MONTGRI,SERVEIS,4263933,
2018,GIRONA,BAIX EMPORDA,17204,ULLA,INDUSTRIAL,,Dades subjectes a secret estadístic.
2018,GIRONA,BAIX EMPORDA,17204,ULLA,SERVEIS,,Dades subjectes a secret estadístic.
2018,GIRONA,BAIX EMPORDA,17204,ULLA,DOMÈSTIC,1656315,
2018,GIRONA,GARROTXA,17207,"VALL D'EN BAS, LA",DOMÈSTIC,1244374,
2018,GIRONA,GARROTXA,17207,"VALL D'EN BAS, LA",SERVEIS,,Dades subjectes a secret estadístic.
2018,GIRONA,GARROTXA,17208,"VALL DE BIANYA, LA",SERVEIS,,Dades subjectes a secret estadístic.
2018,GIRONA,GARROTXA,17208,"VALL DE BIANYA, LA",INDUSTRIAL,,Dades subjectes a secret estadístic.
2018,GIRONA,GARROTXA,17208,"VALL DE BIANYA, LA",DOMÈSTIC,1590620,
2018,GIRONA,BAIX EMPORDA,17209,VALL-LLOBREGA,SERVEIS,,Dades subjectes a secret estadístic.
2018,GIRONA,BAIX EMPORDA,17209,VALL-LLOBREGA,DOMÈSTIC,1165325,
2018,GIRONA,SELVA,17213,VIDRERES,SERVEIS,1406667,
2018,GIRONA,SELVA,17213,VIDRERES,INDUSTRIAL,,Dades subjectes a secret estadístic.
2018,GIRONA,SELVA,17213,VIDRERES,DOMÈSTIC,11784595,
2018,GIRONA,GIRONES,17215,VILABLAREIX,SERVEIS,944800,
2018,GIRONA,GIRONES,17215,VILABLAREIX,DOMÈSTIC,6929203,
2018,GIRONA,ALT EMPORDA,17221,VILAFANT,SERVEIS,4385231,
2018,GIRONA,ALT EMPORDA,17221,VILAFANT,DOMÈSTIC,9290828,
2018,GIRONA,BAIX EMPORDA,17902,FORALLAC,SERVEIS,389799,
2018,GIRONA,BAIX EMPORDA,17902,FORALLAC,DOMÈSTIC,2370322,
2018,LLEIDA,URGELL,25003,AGRAMUNT,DOMÈSTIC,6078786,
2018,LLEIDA,URGELL,25003,AGRAMUNT,SERVEIS,249406,
2018,LLEIDA,SEGRIA,25004,"ALAMUS, ELS",DOMÈSTIC,985167,
2018,LLEIDA,SEGRIA,25007,ALBATARREC,SERVEIS,,Dades subjectes a secret estadístic.
2018,LLEIDA,SEGRIA,25007,ALBATARREC,DOMÈSTIC,4012002,
2018,LLEIDA,SEGRIA,25011,ALCARRAS,DOMÈSTIC,23337452,
2018,LLEIDA,SEGRIA,25011,ALCARRAS,INDUSTRIAL,,Dades subjectes a secret estadístic.
2018,LLEIDA,SEGRIA,25011,ALCARRAS,SERVEIS,2276902,
2018,LLEIDA,SEGRIA,25012,ALCOLETGE,INDUSTRIAL,13239064,
2018,LLEIDA,SEGRIA,25012,ALCOLETGE,SERVEIS,1246306,
2018,LLEIDA,SEGRIA,25012,ALCOLETGE,DOMÈSTIC,8735313,
2018,LLEIDA,SEGRIA,25013,ALFARRAS,DOMÈSTIC,6576215,
2018,LLEIDA,SEGRIA,25013,ALFARRAS,SERVEIS,1964453,
2018,LLEIDA,SEGRIA,25016,ALGUAIRE,SERVEIS,783977,
2018,LLEIDA,SEGRIA,25016,ALGUAIRE,INDUSTRIAL,,Dades subjectes a secret estadístic.
2018,LLEIDA,SEGRIA,25016,ALGUAIRE,DOMÈSTIC,6594936,
2018,LLEIDA,SEGRIA,25019,ALMACELLES,SERVEIS,2291525,
2018,LLEIDA,SEGRIA,25019,ALMACELLES,INDUSTRIAL,,Dades subjectes a secret estadístic.
2018,LLEIDA,SEGRIA,25019,ALMACELLES,DOMÈSTIC,15693052,
2018,LLEIDA,SEGRIA,25021,ALMENAR,SERVEIS,621333,
2018,LLEIDA,SEGRIA,25021,ALMENAR,INDUSTRIAL,6335945,
2018,LLEIDA,SEGRIA,25021,ALMENAR,DOMÈSTIC,7223561,
2018,LLEIDA,SEGRIA,25023,ALPICAT,SERVEIS,3046811,
2018,LLEIDA,SEGRIA,25023,ALPICAT,INDUSTRIAL,,Dades subjectes a secret estadístic.
2018,LLEIDA,SEGRIA,25023,ALPICAT,DOMÈSTIC,17252824,
2018,LLEIDA,VAL D'ARAN,25025,NAUT ARAN,SERVEIS,4538727,
2018,LLEIDA,VAL D'ARAN,25025,NAUT ARAN,DOMÈSTIC,4261874,
2018,LLEIDA,URGELL,25027,ANGLESOLA,SERVEIS,,Dades subjectes a secret estadístic.
2018,LLEIDA,URGELL,25027,ANGLESOLA,DOMÈSTIC,2336985,
2018,LLEIDA,NOGUERA,25034,ARTESA DE SEGRE,DOMÈSTIC,4930378,
2018,LLEIDA,NOGUERA,25034,ARTESA DE SEGRE,SERVEIS,388927,
2018,LLEIDA,SEGRIA,25038,AITONA,DOMÈSTIC,667194,
2018,LLEIDA,NOGUERA,25040,BALAGUER,INDUSTRIAL,30861870,
2018,LLEIDA,NOGUERA,25040,BALAGUER,SERVEIS,11277562,
2018,LLEIDA,NOGUERA,25040,BALAGUER,DOMÈSTIC,33913842,
2018,LLEIDA,NOGUERA,25047,BELLCAIRE D'URGELL,SERVEIS,,Dades subjectes a secret estadístic.
2018,LLEIDA,NOGUERA,25047,BELLCAIRE D'URGELL,DOMÈSTIC,3381735,
2018,LLEIDA,NOGUERA,25047,BELLCAIRE D'URGELL,INDUSTRIAL,,Dades subjectes a secret estadístic.
2018,LLEIDA,PLA D'URGELL,25048,BELL-LLOC D'URGELL,DOMÈSTIC,4827302,
2018,LLEIDA,PLA D'URGELL,25048,BELL-LLOC D'URGELL,INDUSTRIAL,,Dades subjectes a secret estadístic.
2018,LLEIDA,PLA D'URGELL,25048,BELL-LLOC D'URGELL,SERVEIS,861991,
2018,LLEIDA,URGELL,25050,BELLPUIG,INDUSTRIAL,48711994,
2018,LLEIDA,URGELL,25050,BELLPUIG,SERVEIS,2436779,
2018,LLEIDA,URGELL,25050,BELLPUIG,DOMÈSTIC,12065655,
2018,LLEIDA,PLA D'URGELL,25052,BELLVIS,DOMÈSTIC,710401,
2018,LLEIDA,SEGRIA,25053,BENAVENT DE SEGRIA,DOMÈSTIC,2689315,
2018,LLEIDA,SEGRIA,25053,BENAVENT DE SEGRIA,SERVEIS,,Dades subjectes a secret estadístic.
2018,LLEIDA,GARRIGUES,25058,"BORGES BLANQUES, LES",INDUSTRIAL,,Dades subjectes a secret estadístic. Inclou el consum del sector energètic.
2018,LLEIDA,GARRIGUES,25058,"BORGES BLANQUES, LES",SERVEIS,1819239,
2018,LLEIDA,GARRIGUES,25058,"BORGES BLANQUES, LES",DOMÈSTIC,10870054,
2018,LLEIDA,VAL D'ARAN,25059,BOSSOST,SERVEIS,,Dades subjectes a secret estadístic.
2018,LLEIDA,VAL D'ARAN,25059,BOSSOST,DOMÈSTIC,1305185,
2018,LLEIDA,PLA D'URGELL,25068,CASTELLNOU DE SEANA,SERVEIS,,Dades subjectes a secret estadístic.
2018,LLEIDA,PLA D'URGELL,25068,CASTELLNOU DE SEANA,DOMÈSTIC,539454,
2018,LLEIDA,SEGARRA,25072,CERVERA,INDUSTRIAL,76470242,
2018,LLEIDA,SEGARRA,25072,CERVERA,SERVEIS,6881799,
2018,LLEIDA,SEGARRA,25072,CERVERA,DOMÈSTIC,22056634,
2018,LLEIDA,SEGRIA,25078,CORBINS,SERVEIS,,Dades subjectes a secret estadístic.
2018,LLEIDA,SEGRIA,25078,CORBINS,DOMÈSTIC,1290869,
2018,LLEIDA,GARRIGUES,25081,"ESPLUGA CALBA, L'",DOMÈSTIC,277366,
2018,LLEIDA,GARRIGUES,25081,"ESPLUGA CALBA, L'",INDUSTRIAL,,Dades subjectes a secret estadístic.
2018,LLEIDA,PLA D'URGELL,25093,FONDARELLA,DOMÈSTIC,1803566,
2018,LLEIDA,PLA D'URGELL,25093,FONDARELLA,INDUSTRIAL,,Dades subjectes a secret estadístic.
2018,LLEIDA,PLA D'URGELL,25093,FONDARELLA,SERVEIS,105942,
2018,LLEIDA,PLA D'URGELL,25099,GOLMES,DOMÈSTIC,4031650,
2018,LLEIDA,PLA D'URGELL,25099,GOLMES,SERVEIS,537696,
2018,LLEIDA,SEGARRA,25110,GUISSONA,INDUSTRIAL,,Dades subjectes a secret estadístic.
2018,LLEIDA,SEGARRA,25110,GUISSONA,SERVEIS,5555450,
2018,LLEIDA,SEGARRA,25110,GUISSONA,DOMÈSTIC,13500501,
2018,LLEIDA,PLA D'URGELL,25113,IVARS D'URGELL,SERVEIS,,Dades subjectes a secret estadístic.
2018,LLEIDA,PLA D'URGELL,25113,IVARS D'URGELL,INDUSTRIAL,,Dades subjectes a secret estadístic.
2018,LLEIDA,PLA D'URGELL,25113,IVARS D'URGELL,DOMÈSTIC,2293300,
2018,LLEIDA,GARRIGUES,25119,JUNEDA,SERVEIS,,Dades subjectes a secret estadístic.
2018,LLEIDA,GARRIGUES,25119,JUNEDA,DOMÈSTIC,5846358,
2018,LLEIDA,SEGRIA,25120,LLEIDA,INDUSTRIAL,126269957,
2018,LLEIDA,SEGRIA,25120,LLEIDA,PRIMARI,,Dades subjectes a secret estadístic.
2018,LLEIDA,SEGRIA,25120,LLEIDA,SERVEIS,150394303,
2018,LLEIDA,SEGRIA,25120,LLEIDA,DOMÈSTIC,314433051,
2018,LLEIDA,PLA D'URGELL,25122,LINYOLA,SERVEIS,,Dades subjectes a secret estadístic.
2018,LLEIDA,PLA D'URGELL,25122,LINYOLA,DOMÈSTIC,4538545,
2018,LLEIDA,PLA D'URGELL,25122,LINYOLA,INDUSTRIAL,,Dades subjectes a secret estadístic.
2018,LLEIDA,PLA D'URGELL,25135,MIRALCAMP,INDUSTRIAL,,Dades subjectes a secret estadístic.
2018,LLEIDA,PLA D'URGELL,25135,MIRALCAMP,DOMÈSTIC,2478025,
2018,LLEIDA,PLA D'URGELL,25135,MIRALCAMP,SERVEIS,,Dades subjectes a secret estadístic.
2018,LLEIDA,PLA D'URGELL,25137,MOLLERUSSA,INDUSTRIAL,1229658267,
2018,LLEIDA,PLA D'URGELL,25137,MOLLERUSSA,DOMÈSTIC,32823830,
2018,LLEIDA,PLA D'URGELL,25137,MOLLERUSSA,SERVEIS,7436439,
2018,LLEIDA,SOLSONES,25151,OLIUS,DOMÈSTIC,1117755,
2018,LLEIDA,SOLSONES,25151,OLIUS,SERVEIS,,Dades subjectes a secret estadístic.
2018,LLEIDA,ALT URGELL,25155,ORGANYA,DOMÈSTIC,997833,
2018,LLEIDA,PLA D'URGELL,25158,"PALAU D'ANGLESOLA, EL",INDUSTRIAL,,Dades subjectes a secret estadístic.
2018,LLEIDA,PLA D'URGELL,25158,"PALAU D'ANGLESOLA, EL",DOMÈSTIC,3877173,
2018,LLEIDA,PLA D'URGELL,25158,"PALAU D'ANGLESOLA, EL",SERVEIS,697327,
2018,LLEIDA,NOGUERA,25172,PONTS,DOMÈSTIC,907606,
2018,LLEIDA,PALLARS SOBIRA,25183,RIALP,DOMÈSTIC,940522,
2018,LLEIDA,PALLARS SOBIRA,25183,RIALP,SERVEIS,,Dades subjectes a secret estadístic.
2018,LLEIDA,SEGRIA,25189,ROSSELLO,DOMÈSTIC,7572714,
2018,LLEIDA,SEGRIA,25189,ROSSELLO,SERVEIS,736162,
2018,LLEIDA,SEGRIA,25189,ROSSELLO,INDUSTRIAL,,Dades subjectes a secret estadístic.
2018,LLEIDA,SEGARRA,25192,SANT GUIM DE FREIXENET,DOMÈSTIC,1804523,
2018,LLEIDA,SEGARRA,25192,SANT GUIM DE FREIXENET,SERVEIS,,Dades subjectes a secret estadístic.
2018,LLEIDA,ALT URGELL,25203,"SEU D'URGELL, LA",DOMÈSTIC,57391,
2018,LLEIDA,ALT URGELL,25203,"SEU D'URGELL, LA",INDUSTRIAL,,Dades subjectes a secret estadístic.
2018,LLEIDA,SEGRIA,25204,SEROS,DOMÈSTIC,878714,
2018,LLEIDA,SOLSONES,25207,SOLSONA,SERVEIS,1946531,
2018,LLEIDA,SOLSONES,25207,SOLSONA,DOMÈSTIC,20352572,
2018,LLEIDA,SOLSONES,25207,SOLSONA,INDUSTRIAL,,Dades subjectes a secret estadístic.
2018,LLEIDA,URGELL,25217,TARREGA,SERVEIS,10996573,
2018,LLEIDA,URGELL,25217,TARREGA,DOMÈSTIC,43373787,
2018,LLEIDA,URGELL,25217,TARREGA,INDUSTRIAL,,Dades subjectes a secret estadístic.
2018,LLEIDA,GARRIGUES,25218,TARRES,SERVEIS,,Dades subjectes a secret estadístic.
2018,LLEIDA,GARRIGUES,25218,TARRES,DOMÈSTIC,180929,
2018,LLEIDA,NOGUERA,25220,TERMENS,INDUSTRIAL,,Dades subjectes a secret estadístic.
2018,LLEIDA,SEGRIA,25228,TORREFARRERA,SERVEIS,3399769,
2018,LLEIDA,SEGRIA,25228,TORREFARRERA,DOMÈSTIC,14891546,
2018,LLEIDA,PLA D'URGELL,25230,TORREGROSSA,DOMÈSTIC,3278422,
2018,LLEIDA,PLA D'URGELL,25230,TORREGROSSA,INDUSTRIAL,,Dades subjectes a secret estadístic.
2018,LLEIDA,PLA D'URGELL,25230,TORREGROSSA,SERVEIS,570654,
2018,LLEIDA,NOGUERA,25231,TORRELAMEU,DOMÈSTIC,470593,
2018,LLEIDA,NOGUERA,25231,TORRELAMEU,SERVEIS,260210,
2018,LLEIDA,SEGRIA,25233,TORRE-SERONA,SERVEIS,,Dades subjectes a secret estadístic.
2018,LLEIDA,SEGRIA,25233,TORRE-SERONA,DOMÈSTIC,362850,
2018,LLEIDA,NOGUERA,25240,VALLFOGONA DE BALAGUER,DOMÈSTIC,4279169,
2018,LLEIDA,NOGUERA,25240,VALLFOGONA DE BALAGUER,INDUSTRIAL,,Dades subjectes a secret estadístic.
2018,LLEIDA,NOGUERA,25240,VALLFOGONA DE BALAGUER,SERVEIS,,Dades subjectes a secret estadístic.
2018,LLEIDA,URGELL,25244,VILAGRASSA,SERVEIS,,Dades subjectes a secret estadístic.
2018,LLEIDA,URGELL,25244,VILAGRASSA,DOMÈSTIC,559274,
2018,LLEIDA,SEGRIA,25251,VILANOVA DE SEGRIA,DOMÈSTIC,1207008,
2018,LLEIDA,SEGRIA,25254,VILANOVA DE LA BARCA,SERVEIS,,Dades subjectes a secret estadístic.
2018,LLEIDA,SEGRIA,25254,VILANOVA DE LA BARCA,DOMÈSTIC,920562,
2018,LLEIDA,SEGARRA,25905,RIBERA D'ONDARA,INDUSTRIAL,,Dades subjectes a secret estadístic.
2018,TARRAGONA,MONTSIA,43004,ALCANAR,SERVEIS,1189470,
2018,TARRAGONA,MONTSIA,43004,ALCANAR,DOMÈSTIC,4833415,
2018,TARRAGONA,ALT CAMP,43005,ALCOVER,INDUSTRIAL,157893478,
2018,TARRAGONA,ALT CAMP,43005,ALCOVER,SERVEIS,1926982,
2018,TARRAGONA,ALT CAMP,43005,ALCOVER,DOMÈSTIC,4960887,
2018,TARRAGONA,BAIX CAMP,43011,ALMOSTER,DOMÈSTIC,85190,
2018,TARRAGONA,TARRAGONES,43012,ALTAFULLA,SERVEIS,1423355,
2018,TARRAGONA,TARRAGONES,43012,ALTAFULLA,DOMÈSTIC,9253664,
2018,TARRAGONA,BAIX EBRE,43013,"AMETLLA DE MAR, L'",SERVEIS,1682962,
2018,TARRAGONA,BAIX EBRE,43013,"AMETLLA DE MAR, L'",DOMÈSTIC,2433360,
2018,TARRAGONA,MONTSIA,43014,AMPOSTA,INDUSTRIAL,,Dades subjectes a secret estadístic.
2018,TARRAGONA,MONTSIA,43014,AMPOSTA,SERVEIS,4806078,
2018,TARRAGONA,MONTSIA,43014,AMPOSTA,DOMÈSTIC,11518164,
2018,TARRAGONA,BAIX PENEDES,43016,"ARBOÇ, L'",INDUSTRIAL,,Dades subjectes a secret estadístic.
2018,TARRAGONA,BAIX PENEDES,43016,"ARBOÇ, L'",SERVEIS,2429769,
2018,TARRAGONA,BAIX PENEDES,43016,"ARBOÇ, L'",DOMÈSTIC,8146408,
2018,TARRAGONA,BAIX PENEDES,43020,BANYERES DEL PENEDES,SERVEIS,,Dades subjectes a secret estadístic.
2018,TARRAGONA,BAIX PENEDES,43020,BANYERES DEL PENEDES,DOMÈSTIC,1383364,
2018,TARRAGONA,BAIX PENEDES,43024,BELLVEI,DOMÈSTIC,2801325,
2018,TARRAGONA,BAIX PENEDES,43024,BELLVEI,INDUSTRIAL,11162337,
2018,TARRAGONA,BAIX PENEDES,43024,BELLVEI,SERVEIS,,Dades subjectes a secret estadístic.
2018,TARRAGONA,RIBERA D'EBRE,43026,BENISSANET,DOMÈSTIC,1636518,
2018,TARRAGONA,RIBERA D'EBRE,43026,BENISSANET,SERVEIS,,Dades subjectes a secret estadístic.
2018,TARRAGONA,BAIX PENEDES,43030,BONASTRE,DOMÈSTIC,812550,
2018,TARRAGONA,BAIX PENEDES,43037,CALAFELL,SERVEIS,5621813,
2018,TARRAGONA,BAIX PENEDES,43037,CALAFELL,DOMÈSTIC,31860212,
2018,TARRAGONA,BAIX CAMP,43038,CAMBRILS,DOMÈSTIC,47109643,
2018,TARRAGONA,BAIX CAMP,43038,CAMBRILS,SERVEIS,18562888,
2018,TARRAGONA,BAIX CAMP,43042,CASTELLVELL DEL CAMP,SERVEIS,622184,
2018,TARRAGONA,BAIX CAMP,43042,CASTELLVELL DEL CAMP,DOMÈSTIC,2870996,
2018,TARRAGONA,TARRAGONES,43043,"CATLLAR, EL",DOMÈSTIC,1335520,
2018,TARRAGONA,TARRAGONES,43043,"CATLLAR, EL",SERVEIS,,Dades subjectes a secret estadístic.
2018,TARRAGONA,MONTSIA,43044,"SENIA, LA",DOMÈSTIC,1613778,
2018,TARRAGONA,MONTSIA,43044,"SENIA, LA",SERVEIS,,Dades subjectes a secret estadístic.
2018,TARRAGONA,TARRAGONES,43047,CONSTANTI,INDUSTRIAL,4305908,
2018,TARRAGONA,TARRAGONES,43047,CONSTANTI,SERVEIS,17869946,
2018,TARRAGONA,TARRAGONES,43047,CONSTANTI,DOMÈSTIC,4814895,
2018,TARRAGONA,TARRAGONES,43050,CREIXELL,DOMÈSTIC,3727020,
2018,TARRAGONA,TARRAGONES,43050,CREIXELL,SERVEIS,,Dades subjectes a secret estadístic.
2018,TARRAGONA,BAIX PENEDES,43051,CUNIT,DOMÈSTIC,15493196,
2018,TARRAGONA,BAIX PENEDES,43051,CUNIT,SERVEIS,3954516,
2018,TARRAGONA,CONCA DE BARBERA,43054,"ESPLUGA DE FRANCOLI, L'",DOMÈSTIC,7202389,
2018,TARRAGONA,CONCA DE BARBERA,43054,"ESPLUGA DE FRANCOLI, L'",SERVEIS,2095334,
2018,TARRAGONA,PRIORAT,43055,FALSET,INDUSTRIAL,,Dades subjectes a secret estadístic.
2018,TARRAGONA,PRIORAT,43055,FALSET,SERVEIS,,Dades subjectes a secret estadístic.
2018,TARRAGONA,PRIORAT,43055,FALSET,DOMÈSTIC,3243560,
2018,TARRAGONA,TERRA ALTA,43064,GANDESA,SERVEIS,342002,
2018,TARRAGONA,TERRA ALTA,43064,GANDESA,DOMÈSTIC,4188794,
2018,TARRAGONA,ALT CAMP,43080,"MASO, LA",DOMÈSTIC,254571,
2018,TARRAGONA,CONCA DE BARBERA,43086,MONTBLANC,INDUSTRIAL,264747440,
2018,TARRAGONA,CONCA DE BARBERA,43086,MONTBLANC,SERVEIS,3777287,
2018,TARRAGONA,CONCA DE BARBERA,43086,MONTBLANC,DOMÈSTIC,16191480,
2018,TARRAGONA,BAIX CAMP,43092,MONT-ROIG DEL CAMP,SERVEIS,586492,
2018,TARRAGONA,BAIX CAMP,43092,MONT-ROIG DEL CAMP,DOMÈSTIC,4372146,
2018,TARRAGONA,RIBERA D'EBRE,43093,MORA D'EBRE,DOMÈSTIC,8785100,
2018,TARRAGONA,RIBERA D'EBRE,43093,MORA D'EBRE,SERVEIS,5475697,
2018,TARRAGONA,RIBERA D'EBRE,43093,MORA D'EBRE,INDUSTRIAL,,Dades subjectes a secret estadístic.
2018,TARRAGONA,RIBERA D'EBRE,43094,MORA LA NOVA,SERVEIS,664862,
2018,TARRAGONA,RIBERA D'EBRE,43094,MORA LA NOVA,DOMÈSTIC,4642620,
2018,TARRAGONA,RIBERA D'EBRE,43094,MORA LA NOVA,INDUSTRIAL,,Dades subjectes a secret estadístic.
2018,TARRAGONA,TARRAGONES,43095,"MORELL, EL",SERVEIS,804431,
2018,TARRAGONA,TARRAGONES,43095,"MORELL, EL",DOMÈSTIC,3384847,
2018,TARRAGONA,TARRAGONES,43095,"MORELL, EL",INDUSTRIAL,,Dades subjectes a secret estadístic.
2018,TARRAGONA,TARRAGONES,43100,"PALLARESOS, ELS",DOMÈSTIC,3633925,
2018,TARRAGONA,TARRAGONES,43100,"PALLARESOS, ELS",SERVEIS,2802996,
2018,TARRAGONA,TARRAGONES,43100,"PALLARESOS, ELS",INDUSTRIAL,,Dades subjectes a secret estadístic.
2018,TARRAGONA,BAIX EBRE,43104,"PERELLO, EL",DOMÈSTIC,994666,
2018,TARRAGONA,ALT CAMP,43108,"PLA DE SANTA MARIA, EL",INDUSTRIAL,,Dades subjectes a secret estadístic.
2018,TARRAGONA,ALT CAMP,43108,"PLA DE SANTA MARIA, EL",SERVEIS,367680,
2018,TARRAGONA,ALT CAMP,43108,"PLA DE SANTA MARIA, EL",DOMÈSTIC,4129180,
2018,TARRAGONA,TARRAGONES,43109,"POBLA DE MAFUMET, LA",SERVEIS,1332495,
2018,TARRAGONA,TARRAGONES,43109,"POBLA DE MAFUMET, LA",DOMÈSTIC,3252830,
2018,TARRAGONA,TARRAGONES,43109,"POBLA DE MAFUMET, LA",INDUSTRIAL,7300864069,Inclou el consum del sector energètic.
2018,TARRAGONA,TARRAGONES,43111,"POBLA DE MONTORNES, LA",INDUSTRIAL,,Dades subjectes a secret estadístic.
2018,TARRAGONA,TARRAGONES,43111,"POBLA DE MONTORNES, LA",DOMÈSTIC,1965005,
2018,TARRAGONA,TARRAGONES,43111,"POBLA DE MONTORNES, LA",SERVEIS,,Dades subjectes a secret estadístic.
2018,TARRAGONA,ALT CAMP,43119,PUIGPELAT,INDUSTRIAL,,Dades subjectes a secret estadístic.
2018,TARRAGONA,BAIX CAMP,43123,REUS,INDUSTRIAL,147460068,
2018,TARRAGONA,BAIX CAMP,43123,REUS,SERVEIS,55861525,Inclou el consum del sector transport.
2018,TARRAGONA,BAIX CAMP,43123,REUS,DOMÈSTIC,126009531,
2018,TARRAGONA,ALT CAMP,43124,"RIBA, LA",DOMÈSTIC,1487690,
2018,TARRAGONA,ALT CAMP,43124,"RIBA, LA",SERVEIS,119587,
2018,TARRAGONA,ALT CAMP,43124,"RIBA, LA",INDUSTRIAL,239029186,
2018,TARRAGONA,BAIX CAMP,43129,RIUDOMS,SERVEIS,,Dades subjectes a secret estadístic.
2018,TARRAGONA,BAIX CAMP,43129,RIUDOMS,INDUSTRIAL,,Dades subjectes a secret estadístic.
2018,TARRAGONA,BAIX CAMP,43129,RIUDOMS,DOMÈSTIC,3684220,
2018,TARRAGONA,TARRAGONES,43131,RODA DE BERA,DOMÈSTIC,7187004,
2018,TARRAGONA,TARRAGONES,43131,RODA DE BERA,SERVEIS,633922,
2018,TARRAGONA,TARRAGONES,43131,RODA DE BERA,INDUSTRIAL,,Dades subjectes a secret estadístic.
2018,TARRAGONA,BAIX EBRE,43133,ROQUETES,DOMÈSTIC,2828007,
2018,TARRAGONA,BAIX EBRE,43133,ROQUETES,SERVEIS,1543744,
2018,TARRAGONA,ALT CAMP,43134,"ROURELL, EL",DOMÈSTIC,172407,
2018,TARRAGONA,MONTSIA,43136,SANT CARLES DE LA RAPITA,SERVEIS,2777332,
2018,TARRAGONA,MONTSIA,43136,SANT CARLES DE LA RAPITA,DOMÈSTIC,5274529,
2018,TARRAGONA,MONTSIA,43136,SANT CARLES DE LA RAPITA,INDUSTRIAL,,Dades subjectes a secret estadístic.
2018,TARRAGONA,BAIX PENEDES,43140,SANTA OLIVA,SERVEIS,,Dades subjectes a secret estadístic.
2018,TARRAGONA,BAIX PENEDES,43140,SANTA OLIVA,DOMÈSTIC,372030,
2018,TARRAGONA,CONCA DE BARBERA,43142,SARRAL,SERVEIS,,Dades subjectes a secret estadístic.
2018,TARRAGONA,CONCA DE BARBERA,43142,SARRAL,DOMÈSTIC,1219254,
2018,TARRAGONA,BAIX CAMP,43145,"SELVA DEL CAMP, LA",INDUSTRIAL,64879168,
2018,TARRAGONA,BAIX CAMP,43145,"SELVA DEL CAMP, LA",DOMÈSTIC,8238133,
2018,TARRAGONA,BAIX CAMP,43145,"SELVA DEL CAMP, LA",SERVEIS,3170897,
2018,TARRAGONA,BAIX CAMP,43145,"SELVA DEL CAMP, LA",PRIMARI,,Dades subjectes a secret estadístic.
2018,TARRAGONA,TARRAGONES,43148,TARRAGONA,CT RO,,Dades subjectes a secret estadístic. Inclou el consum de centrals tèrmiques de l'antic règim ordinari.
2018,TARRAGONA,TARRAGONES,43148,TARRAGONA,INDUSTRIAL,1294529387,Inclou el consum del sector energètic.
2018,TARRAGONA,TARRAGONES,43148,TARRAGONA,SERVEIS,67441942,
2018,TARRAGONA,TARRAGONES,43148,TARRAGONA,DOMÈSTIC,150455732,
2018,TARRAGONA,RIBERA D'EBRE,43150,TIVISSA,DOMÈSTIC,1639029,
2018,TARRAGONA,TARRAGONES,43153,TORREDEMBARRA,SERVEIS,2627290,
2018,TARRAGONA,TARRAGONES,43153,TORREDEMBARRA,DOMÈSTIC,16575714,
2018,TARRAGONA,BAIX EBRE,43155,TORTOSA,SERVEIS,22726706,
2018,TARRAGONA,BAIX EBRE,43155,TORTOSA,INDUSTRIAL,,Dades subjectes a secret estadístic.
2018,TARRAGONA,BAIX EBRE,43155,TORTOSA,DOMÈSTIC,21142904,
2018,TARRAGONA,MONTSIA,43156,ULLDECONA,INDUSTRIAL,10238643,
2018,TARRAGONA,MONTSIA,43156,ULLDECONA,DOMÈSTIC,2941072,
2018,TARRAGONA,ALT CAMP,43160,VALLMOLL,INDUSTRIAL,,Dades subjectes a secret estadístic.
2018,TARRAGONA,ALT CAMP,43160,VALLMOLL,SERVEIS,,Dades subjectes a secret estadístic.
2018,TARRAGONA,ALT CAMP,43160,VALLMOLL,DOMÈSTIC,907312,
2018,TARRAGONA,ALT CAMP,43161,VALLS,SERVEIS,9642608,
2018,TARRAGONA,ALT CAMP,43161,VALLS,INDUSTRIAL,94126785,
2018,TARRAGONA,ALT CAMP,43161,VALLS,DOMÈSTIC,26540906,
2018,TARRAGONA,BAIX CAMP,43162,VANDELLOS I L'HOSPITALET DE L'INFANT,SERVEIS,665101,
2018,TARRAGONA,BAIX CAMP,43162,VANDELLOS I L'HOSPITALET DE L'INFANT,DOMÈSTIC,2702914,
2018,TARRAGONA,BAIX CAMP,43162,VANDELLOS I L'HOSPITALET DE L'INFANT,CT RO,,Dades subjectes a secret estadístic. Inclou el consum de centrals tèrmiques de l'antic règim ordinari.
2018,TARRAGONA,BAIX PENEDES,43163,"VENDRELL, EL",DOMÈSTIC,50255723,
2018,TARRAGONA,BAIX PENEDES,43163,"VENDRELL, EL",SERVEIS,18411562,
2018,TARRAGONA,TARRAGONES,43166,VILALLONGA DEL CAMP,DOMÈSTIC,2254664,
2018,TARRAGONA,TARRAGONES,43166,VILALLONGA DEL CAMP,SERVEIS,,Dades subjectes a secret estadístic.
2018,TARRAGONA,TARRAGONES,43171,VILA-SECA,INDUSTRIAL,870537618,
2018,TARRAGONA,TARRAGONES,43171,VILA-SECA,SERVEIS,33494200,
2018,TARRAGONA,TARRAGONES,43171,VILA-SECA,DOMÈSTIC,23482367,
2018,TARRAGONA,BAIX CAMP,43178,VINYOLS I ELS ARCS,SERVEIS,,Dades subjectes a secret estadístic.
2018,TARRAGONA,BAIX CAMP,43178,VINYOLS I ELS ARCS,DOMÈSTIC,860611,
2018,TARRAGONA,BAIX EBRE,43904,"ALDEA, L'",INDUSTRIAL,,Dades subjectes a secret estadístic.
2018,TARRAGONA,BAIX EBRE,43904,"ALDEA, L'",DOMÈSTIC,879605,
2018,TARRAGONA,BAIX EBRE,43904,"ALDEA, L'",SERVEIS,,Dades subjectes a secret estadístic.
2018,TARRAGONA,TARRAGONES,43905,SALOU,DOMÈSTIC,26355044,
2018,TARRAGONA,TARRAGONES,43905,SALOU,SERVEIS,44132527,
2018,TARRAGONA,BAIX EBRE,43906,"AMPOLLA, L'",SERVEIS,,Dades subjectes a secret estadístic.
2018,TARRAGONA,BAIX EBRE,43906,"AMPOLLA, L'",DOMÈSTIC,1146990,
2018,TARRAGONA,TARRAGONES,43907,"CANONJA, LA",INDUSTRIAL,,Dades subjectes a secret estadístic.
2018,TARRAGONA,TARRAGONES,43907,"CANONJA, LA",DOMÈSTIC,6832717,
2018,TARRAGONA,TARRAGONES,43907,"CANONJA, LA",SERVEIS,2641634,
2017,BARCELONA,BAIX LLOBREGAT,08001,ABRERA,SERVEIS,18935418,
2017,BARCELONA,BAIX LLOBREGAT,08001,ABRERA,INDUSTRIAL,13872603,
2017,BARCELONA,BAIX LLOBREGAT,08001,ABRERA,DOMÈSTIC,17127518,
2017,BARCELONA,MARESME,08003,ALELLA,DOMÈSTIC,28343613,
2017,BARCELONA,MARESME,08003,ALELLA,SERVEIS,5295609,
2017,BARCELONA,VALLES ORIENTAL,08005,"AMETLLA DEL VALLES, L'",DOMÈSTIC,12649301,
2017,BARCELONA,VALLES ORIENTAL,08005,"AMETLLA DEL VALLES, L'",SERVEIS,1670913,
2017,BARCELONA,MARESME,08006,ARENYS DE MAR,INDUSTRIAL,,Dades subjectes a secret estadístic.
2017,BARCELONA,MARESME,08006,ARENYS DE MAR,SERVEIS,8034952,
2017,BARCELONA,MARESME,08006,ARENYS DE MAR,DOMÈSTIC,25057036,
2017,BARCELONA,MARESME,08007,ARENYS DE MUNT,SERVEIS,4309545,
2017,BARCELONA,MARESME,08007,ARENYS DE MUNT,INDUSTRIAL,,Dades subjectes a secret estadístic.
2017,BARCELONA,MARESME,08007,ARENYS DE MUNT,DOMÈSTIC,14506694,
2017,BARCELONA,MARESME,08009,ARGENTONA,DOMÈSTIC,24378435,
2017,BARCELONA,MARESME,08009,ARGENTONA,INDUSTRIAL,22887262,
2017,BARCELONA,MARESME,08009,ARGENTONA,SERVEIS,3210463,
2017,BARCELONA,BAGES,08010,ARTES,SERVEIS,1552005,
2017,BARCELONA,BAGES,08010,ARTES,DOMÈSTIC,8309687,
2017,BARCELONA,BAGES,08010,ARTES,INDUSTRIAL,14392055,
2017,BARCELONA,BERGUEDA,08011,AVIA,DOMÈSTIC,2774443,
2017,BARCELONA,BERGUEDA,08011,AVIA,SERVEIS,,Dades subjectes a secret estadístic.
2017,BARCELONA,ALT PENEDES,08013,AVINYONET DEL PENEDES,INDUSTRIAL,,Dades subjectes a secret estadístic.
2017,BARCELONA,VALLES ORIENTAL,08014,AIGUAFREDA,DOMÈSTIC,7191014,
2017,BARCELONA,VALLES ORIENTAL,08014,AIGUAFREDA,SERVEIS,1280241,
2017,BARCELONA,BARCELONES,08015,BADALONA,SERVEIS,54278656,
2017,BARCELONA,BARCELONES,08015,BADALONA,DOMÈSTIC,240425287,
2017,BARCELONA,BARCELONES,08015,BADALONA,INDUSTRIAL,33589094,
2017,BARCELONA,BERGUEDA,08016,BAGA,DOMÈSTIC,2037866,
2017,BARCELONA,BERGUEDA,08016,BAGA,SERVEIS,,Dades subjectes a secret estadístic.
2017,BARCELONA,OSONA,08017,BALENYA,SERVEIS,2749812,
2017,BARCELONA,OSONA,08017,BALENYA,DOMÈSTIC,6925025,
2017,BARCELONA,OSONA,08017,BALENYA,INDUSTRIAL,4265794,
2017,BARCELONA,BAGES,08018,BALSARENY,SERVEIS,,Dades subjectes a secret estadístic.
2017,BARCELONA,BAGES,08018,BALSARENY,DOMÈSTIC,6489065,
2017,BARCELONA,BAGES,08018,BALSARENY,INDUSTRIAL,,Dades subjectes a secret estadístic.
2017,BARCELONA,BARCELONES,08019,BARCELONA,INDUSTRIAL,1226712982,
2017,BARCELONA,BARCELONES,08019,BARCELONA,SERVEIS,1467146211,Inclou el consum del sector transport.
2017,BARCELONA,BARCELONES,08019,BARCELONA,DOMÈSTIC,2232814054,
2017,BARCELONA,BARCELONES,08019,BARCELONA,CT RO,,Dades subjectes a secret estadístic. Inclou el consum de centrals tèrmiques de l'antic règim ordinari.
2017,BARCELONA,BAIX LLOBREGAT,08020,BEGUES,DOMÈSTIC,7072799,
2017,BARCELONA,BAIX LLOBREGAT,08020,BEGUES,SERVEIS,901133,
2017,BARCELONA,BERGUEDA,08022,BERGA,DOMÈSTIC,30659188,
2017,BARCELONA,BERGUEDA,08022,BERGA,INDUSTRIAL,,Dades subjectes a secret estadístic.
2017,BARCELONA,BERGUEDA,08022,BERGA,SERVEIS,6495345,
2017,BARCELONA,ANOIA,08028,CABRERA D'ANOIA,DOMÈSTIC,496703,
2017,BARCELONA,MARESME,08029,CABRERA DE MAR,INDUSTRIAL,28104051,
2017,BARCELONA,MARESME,08029,CABRERA DE MAR,SERVEIS,11619491,
2017,BARCELONA,MARESME,08029,CABRERA DE MAR,DOMÈSTIC,11772586,
2017,BARCELONA,MARESME,08030,CABRILS,DOMÈSTIC,25608758,
2017,BARCELONA,MARESME,08030,CABRILS,SERVEIS,2751312,
2017,BARCELONA,ANOIA,08031,CALAF,SERVEIS,2020658,
2017,BARCELONA,ANOIA,08031,CALAF,INDUSTRIAL,,Dades subjectes a secret estadístic.
2017,BARCELONA,ANOIA,08031,CALAF,DOMÈSTIC,8015416,
2017,BARCELONA,MARESME,08032,CALDES D'ESTRAC,DOMÈSTIC,6195744,
2017,BARCELONA,MARESME,08032,CALDES D'ESTRAC,SERVEIS,2557169,
2017,BARCELONA,VALLES ORIENTAL,08033,CALDES DE MONTBUI,DOMÈSTIC,23680459,
2017,BARCELONA,VALLES ORIENTAL,08033,CALDES DE MONTBUI,INDUSTRIAL,14595606,
2017,BARCELONA,VALLES ORIENTAL,08033,CALDES DE MONTBUI,SERVEIS,9699566,
2017,BARCELONA,MARESME,08035,CALELLA,SERVEIS,25750812,
2017,BARCELONA,MARESME,08035,CALELLA,DOMÈSTIC,22759374,
2017,BARCELONA,OSONA,08037,CALLDETENES,DOMÈSTIC,4945715,
2017,BARCELONA,OSONA,08037,CALLDETENES,SERVEIS,,Dades subjectes a secret estadístic.
2017,BARCELONA,BAGES,08038,CALLUS,DOMÈSTIC,3594939,
2017,BARCELONA,BAGES,08038,CALLUS,SERVEIS,539638,
2017,BARCELONA,MARESME,08040,CANET DE MAR,DOMÈSTIC,20397140,
2017,BARCELONA,MARESME,08040,CANET DE MAR,INDUSTRIAL,,Dades subjectes a secret estadístic.
2017,BARCELONA,MARESME,08040,CANET DE MAR,SERVEIS,4571547,
2017,BARCELONA,VALLES ORIENTAL,08041,CANOVELLES,SERVEIS,2982547,
2017,BARCELONA,VALLES ORIENTAL,08041,CANOVELLES,INDUSTRIAL,16961303,
2017,BARCELONA,VALLES ORIENTAL,08041,CANOVELLES,DOMÈSTIC,22805235,
2017,BARCELONA,ANOIA,08044,CAPELLADES,INDUSTRIAL,,Dades subjectes a secret estadístic.
2017,BARCELONA,ANOIA,08044,CAPELLADES,SERVEIS,1326814,
2017,BARCELONA,ANOIA,08044,CAPELLADES,DOMÈSTIC,11231910,
2017,BARCELONA,VALLES ORIENTAL,08046,CARDEDEU,INDUSTRIAL,8614378,
2017,BARCELONA,VALLES ORIENTAL,08046,CARDEDEU,SERVEIS,4068465,
2017,BARCELONA,VALLES ORIENTAL,08046,CARDEDEU,DOMÈSTIC,30871201,
2017,BARCELONA,BAGES,08047,CARDONA,INDUSTRIAL,,Dades subjectes a secret estadístic.
2017,BARCELONA,BAGES,08047,CARDONA,DOMÈSTIC,2104646,
2017,BARCELONA,BAGES,08047,CARDONA,SERVEIS,46824,
2017,BARCELONA,BERGUEDA,08049,CASSERRES,INDUSTRIAL,,Dades subjectes a secret estadístic.
2017,BARCELONA,VALLES OCCIDENTAL,08051,CASTELLAR DEL VALLES,SERVEIS,6371924,
2017,BARCELONA,VALLES OCCIDENTAL,08051,CASTELLAR DEL VALLES,INDUSTRIAL,,Dades subjectes a secret estadístic.
2017,BARCELONA,VALLES OCCIDENTAL,08051,CASTELLAR DEL VALLES,DOMÈSTIC,49629594,
2017,BARCELONA,BAGES,08053,CASTELLBELL I EL VILAR,SERVEIS,547530,
2017,BARCELONA,BAGES,08053,CASTELLBELL I EL VILAR,DOMÈSTIC,4276352,
2017,BARCELONA,VALLES OCCIDENTAL,08054,CASTELLBISBAL,INDUSTRIAL,2214466122,
2017,BARCELONA,VALLES OCCIDENTAL,08054,CASTELLBISBAL,SERVEIS,7716963,
2017,BARCELONA,VALLES OCCIDENTAL,08054,CASTELLBISBAL,DOMÈSTIC,20520420,
2017,BARCELONA,BAIX LLOBREGAT,08056,CASTELLDEFELS,SERVEIS,30730897,
2017,BARCELONA,BAIX LLOBREGAT,08056,CASTELLDEFELS,DOMÈSTIC,95475785,
2017,BARCELONA,ALT PENEDES,08058,CASTELLET I LA GORNAL,INDUSTRIAL,98203154,
2017,BARCELONA,ALT PENEDES,08058,CASTELLET I LA GORNAL,SERVEIS,,Dades subjectes a secret estadístic.
2017,BARCELONA,ALT PENEDES,08058,CASTELLET I LA GORNAL,DOMÈSTIC,1536571,
2017,BARCELONA,BAGES,08061,CASTELLGALI,DOMÈSTIC,1398266,
2017,BARCELONA,BAGES,08061,CASTELLGALI,SERVEIS,320692,
2017,BARCELONA,BAGES,08061,CASTELLGALI,INDUSTRIAL,,Dades subjectes a secret estadístic.
2017,BARCELONA,MOIANES,08064,CASTELLTERÇOL,SERVEIS,635059,
2017,BARCELONA,MOIANES,08064,CASTELLTERÇOL,DOMÈSTIC,3320746,
2017,BARCELONA,MOIANES,08064,CASTELLTERÇOL,INDUSTRIAL,,Dades subjectes a secret estadístic.
2017,BARCELONA,BAIX LLOBREGAT,08066,CASTELLVI DE ROSANES,DOMÈSTIC,637482,
2017,BARCELONA,OSONA,08067,CENTELLES,SERVEIS,3582734,
2017,BARCELONA,OSONA,08067,CENTELLES,DOMÈSTIC,15849227,
2017,BARCELONA,OSONA,08067,CENTELLES,INDUSTRIAL,27667831,
2017,BARCELONA,BAIX LLOBREGAT,08068,CERVELLO,DOMÈSTIC,15311999,
2017,BARCELONA,BAIX LLOBREGAT,08068,CERVELLO,SERVEIS,2605458,
2017,BARCELONA,BAIX LLOBREGAT,08072,CORBERA DE LLOBREGAT,INDUSTRIAL,,Dades subjectes a secret estadístic.
2017,BARCELONA,BAIX LLOBREGAT,08072,CORBERA DE LLOBREGAT,SERVEIS,1171866,
2017,BARCELONA,BAIX LLOBREGAT,08072,CORBERA DE LLOBREGAT,DOMÈSTIC,14941302,
2017,BARCELONA,BAIX LLOBREGAT,08073,CORNELLA DE LLOBREGAT,INDUSTRIAL,41108391,
2017,BARCELONA,BAIX LLOBREGAT,08073,CORNELLA DE LLOBREGAT,SERVEIS,46856602,Inclou el consum del sector transport.
2017,BARCELONA,BAIX LLOBREGAT,08073,CORNELLA DE LLOBREGAT,DOMÈSTIC,82968906,
2017,BARCELONA,GARRAF,08074,CUBELLES,SERVEIS,1733123,
2017,BARCELONA,GARRAF,08074,CUBELLES,DOMÈSTIC,20409179,
2017,BARCELONA,MARESME,08075,DOSRIUS,SERVEIS,462317,
2017,BARCELONA,MARESME,08075,DOSRIUS,DOMÈSTIC,3105194,
2017,BARCELONA,MARESME,08075,DOSRIUS,INDUSTRIAL,46449192,
2017,BARCELONA,BAIX LLOBREGAT,08076,ESPARREGUERA,INDUSTRIAL,26605793,
2017,BARCELONA,BAIX LLOBREGAT,08076,ESPARREGUERA,SERVEIS,3982695,
2017,BARCELONA,BAIX LLOBREGAT,08076,ESPARREGUERA,DOMÈSTIC,34146397,
2017,BARCELONA,BAIX LLOBREGAT,08077,ESPLUGUES DE LLOBREGAT,DOMÈSTIC,64650405,
2017,BARCELONA,BAIX LLOBREGAT,08077,ESPLUGUES DE LLOBREGAT,SERVEIS,30529255,
2017,BARCELONA,BAIX LLOBREGAT,08077,ESPLUGUES DE LLOBREGAT,INDUSTRIAL,,Dades subjectes a secret estadístic.
2017,BARCELONA,SELVA,08082,FOGARS DE LA SELVA,INDUSTRIAL,,Dades subjectes a secret estadístic.
2017,BARCELONA,SELVA,08082,FOGARS DE LA SELVA,SERVEIS,,Dades subjectes a secret estadístic.
2017,BARCELONA,VALLES ORIENTAL,08086,"FRANQUESES DEL VALLES, LES",INDUSTRIAL,146627662,
2017,BARCELONA,VALLES ORIENTAL,08086,"FRANQUESES DEL VALLES, LES",DOMÈSTIC,30142921,
2017,BARCELONA,VALLES ORIENTAL,08086,"FRANQUESES DEL VALLES, LES",SERVEIS,5719968,
2017,BARCELONA,VALLES ORIENTAL,08088,"GARRIGA, LA",DOMÈSTIC,35496346,
2017,BARCELONA,VALLES ORIENTAL,08088,"GARRIGA, LA",INDUSTRIAL,1417333,
2017,BARCELONA,VALLES ORIENTAL,08088,"GARRIGA, LA",SERVEIS,7907275,
2017,BARCELONA,BAIX LLOBREGAT,08089,GAVA,INDUSTRIAL,,Dades subjectes a secret estadístic.
2017,BARCELONA,BAIX LLOBREGAT,08089,GAVA,DOMÈSTIC,58988266,
2017,BARCELONA,BAIX LLOBREGAT,08089,GAVA,SERVEIS,15904596,
2017,BARCELONA,ALT PENEDES,08091,GELIDA,INDUSTRIAL,,Dades subjectes a secret estadístic.
2017,BARCELONA,ALT PENEDES,08091,GELIDA,DOMÈSTIC,6721513,
2017,BARCELONA,ALT PENEDES,08091,GELIDA,SERVEIS,795898,
2017,BARCELONA,BERGUEDA,08092,GIRONELLA,SERVEIS,566173,
2017,BARCELONA,BERGUEDA,08092,GIRONELLA,DOMÈSTIC,10236355,
2017,BARCELONA,ALT PENEDES,08094,"GRANADA, LA",DOMÈSTIC,2550794,
2017,BARCELONA,ALT PENEDES,08094,"GRANADA, LA",SERVEIS,,Dades subjectes a secret estadístic.
2017,BARCELONA,VALLES ORIENTAL,08096,GRANOLLERS,DOMÈSTIC,100601070,
2017,BARCELONA,VALLES ORIENTAL,08096,GRANOLLERS,INDUSTRIAL,226066880,
2017,BARCELONA,VALLES ORIENTAL,08096,GRANOLLERS,SERVEIS,36946429,
2017,BARCELONA,VALLES ORIENTAL,08097,GUALBA,INDUSTRIAL,,Dades subjectes a secret estadístic.
2017,BARCELONA,BAGES,08098,SANT SALVADOR DE GUARDIOLA,DOMÈSTIC,3643246,
2017,BARCELONA,BAGES,08098,SANT SALVADOR DE GUARDIOLA,SERVEIS,,Dades subjectes a secret estadístic.
2017,BARCELONA,BAGES,08098,SANT SALVADOR DE GUARDIOLA,INDUSTRIAL,,Dades subjectes a secret estadístic.
2017,BARCELONA,BERGUEDA,08099,GUARDIOLA DE BERGUEDA,DOMÈSTIC,316083,
2017,BARCELONA,OSONA,08100,GURB,DOMÈSTIC,4371886,
2017,BARCELONA,OSONA,08100,GURB,INDUSTRIAL,91812556,
2017,BARCELONA,OSONA,08100,GURB,SERVEIS,721446,
2017,BARCELONA,BARCELONES,08101,"HOSPITALET DE LLOBREGAT, L'",INDUSTRIAL,17465286,
2017,BARCELONA,BARCELONES,08101,"HOSPITALET DE LLOBREGAT, L'",DOMÈSTIC,203395621,
2017,BARCELONA,BARCELONES,08101,"HOSPITALET DE LLOBREGAT, L'",SERVEIS,120584330,Inclou el consum del sector transport.
2017,BARCELONA,ANOIA,08102,IGUALADA,DOMÈSTIC,77716250,
2017,BARCELONA,ANOIA,08102,IGUALADA,INDUSTRIAL,43623924,
2017,BARCELONA,ANOIA,08102,IGUALADA,SERVEIS,30915764,Inclou el consum del sector transport.
2017,BARCELONA,VALLES ORIENTAL,08105,"LLAGOSTA, LA",INDUSTRIAL,28594659,
2017,BARCELONA,VALLES ORIENTAL,08105,"LLAGOSTA, LA",SERVEIS,3170881,
2017,BARCELONA,VALLES ORIENTAL,08105,"LLAGOSTA, LA",DOMÈSTIC,16470712,
2017,BARCELONA,VALLES ORIENTAL,08106,LLINARS DEL VALLES,INDUSTRIAL,30047226,
2017,BARCELONA,VALLES ORIENTAL,08106,LLINARS DEL VALLES,DOMÈSTIC,15508836,
2017,BARCELONA,VALLES ORIENTAL,08106,LLINARS DEL VALLES,SERVEIS,2746972,
2017,BARCELONA,VALLES ORIENTAL,08107,LLIÇA D'AMUNT,INDUSTRIAL,,Dades subjectes a secret estadístic.
2017,BARCELONA,VALLES ORIENTAL,08107,LLIÇA D'AMUNT,SERVEIS,5550511,
2017,BARCELONA,VALLES ORIENTAL,08107,LLIÇA D'AMUNT,DOMÈSTIC,13132630,
2017,BARCELONA,VALLES ORIENTAL,08108,LLIÇA DE VALL,DOMÈSTIC,8530846,
2017,BARCELONA,VALLES ORIENTAL,08108,LLIÇA DE VALL,INDUSTRIAL,31384810,
2017,BARCELONA,VALLES ORIENTAL,08108,LLIÇA DE VALL,SERVEIS,1029480,
2017,BARCELONA,MARESME,08110,MALGRAT DE MAR,INDUSTRIAL,66086188,
2017,BARCELONA,MARESME,08110,MALGRAT DE MAR,DOMÈSTIC,32447555,
2017,BARCELONA,MARESME,08110,MALGRAT DE MAR,SERVEIS,11038354,
2017,BARCELONA,OSONA,08112,MANLLEU,INDUSTRIAL,30262118,
2017,BARCELONA,OSONA,08112,MANLLEU,DOMÈSTIC,30376253,
2017,BARCELONA,OSONA,08112,MANLLEU,SERVEIS,5988402,
2017,BARCELONA,BAGES,08113,MANRESA,DOMÈSTIC,172718339,
2017,BARCELONA,BAGES,08113,MANRESA,INDUSTRIAL,45398822,
2017,BARCELONA,BAGES,08113,MANRESA,SERVEIS,54790182,
2017,BARCELONA,BAIX LLOBREGAT,08114,MARTORELL,DOMÈSTIC,42428655,
2017,BARCELONA,BAIX LLOBREGAT,08114,MARTORELL,INDUSTRIAL,1751766266,
2017,BARCELONA,BAIX LLOBREGAT,08114,MARTORELL,SERVEIS,17180756,
2017,BARCELONA,VALLES ORIENTAL,08115,MARTORELLES,INDUSTRIAL,99038730,
2017,BARCELONA,VALLES ORIENTAL,08115,MARTORELLES,SERVEIS,507267,
2017,BARCELONA,VALLES ORIENTAL,08115,MARTORELLES,DOMÈSTIC,7977647,
2017,BARCELONA,OSONA,08116,"MASIES DE RODA, LES",DOMÈSTIC,125600,
2017,BARCELONA,OSONA,08117,"MASIES DE VOLTREGA, LES",SERVEIS,1040190,
2017,BARCELONA,OSONA,08117,"MASIES DE VOLTREGA, LES",INDUSTRIAL,,Dades subjectes a secret estadístic.
2017,BARCELONA,OSONA,08117,"MASIES DE VOLTREGA, LES",DOMÈSTIC,3982670,
2017,BARCELONA,MARESME,08118,"MASNOU, EL",DOMÈSTIC,40724872,
2017,BARCELONA,MARESME,08118,"MASNOU, EL",SERVEIS,7484564,
2017,BARCELONA,MARESME,08118,"MASNOU, EL",PRIMARI,,Dades subjectes a secret estadístic.
2017,BARCELONA,MARESME,08118,"MASNOU, EL",INDUSTRIAL,87766502,
2017,BARCELONA,ANOIA,08119,MASQUEFA,SERVEIS,1820655,
2017,BARCELONA,ANOIA,08119,MASQUEFA,DOMÈSTIC,8541956,
2017,BARCELONA,VALLES OCCIDENTAL,08120,MATADEPERA,DOMÈSTIC,27502010,
2017,BARCELONA,VALLES OCCIDENTAL,08120,MATADEPERA,SERVEIS,8755116,
2017,BARCELONA,MARESME,08121,MATARO,SERVEIS,37637880,
2017,BARCELONA,MARESME,08121,MATARO,INDUSTRIAL,52157616,
2017,BARCELONA,MARESME,08121,MATARO,PRIMARI,,Dades subjectes a secret estadístic.
2017,BARCELONA,MARESME,08121,MATARO,DOMÈSTIC,134160771,
2017,BARCELONA,ALT PENEDES,08122,MEDIONA,SERVEIS,,Dades subjectes a secret estadístic.
2017,BARCELONA,ALT PENEDES,08122,MEDIONA,INDUSTRIAL,,Dades subjectes a secret estadístic.
2017,BARCELONA,ALT PENEDES,08122,MEDIONA,DOMÈSTIC,3295969,
2017,BARCELONA,BAIX LLOBREGAT,08123,MOLINS DE REI,INDUSTRIAL,6713510,
2017,BARCELONA,BAIX LLOBREGAT,08123,MOLINS DE REI,SERVEIS,7425667,
2017,BARCELONA,BAIX LLOBREGAT,08123,MOLINS DE REI,DOMÈSTIC,35717638,
2017,BARCELONA,VALLES ORIENTAL,08124,MOLLET DEL VALLES,INDUSTRIAL,164704454,
2017,BARCELONA,VALLES ORIENTAL,08124,MOLLET DEL VALLES,SERVEIS,17598045,
2017,BARCELONA,VALLES ORIENTAL,08124,MOLLET DEL VALLES,DOMÈSTIC,78353115,
2017,BARCELONA,VALLES OCCIDENTAL,08125,MONTCADA I REIXAC,DOMÈSTIC,54511808,
2017,BARCELONA,VALLES OCCIDENTAL,08125,MONTCADA I REIXAC,INDUSTRIAL,92374633,
2017,BARCELONA,VALLES OCCIDENTAL,08125,MONTCADA I REIXAC,SERVEIS,9394712,
2017,BARCELONA,MARESME,08126,MONTGAT,SERVEIS,3117132,
2017,BARCELONA,MARESME,08126,MONTGAT,INDUSTRIAL,,Dades subjectes a secret estadístic.
2017,BARCELONA,MARESME,08126,MONTGAT,DOMÈSTIC,16047500,
2017,BARCELONA,BAGES,08127,MONISTROL DE MONTSERRAT,INDUSTRIAL,,Dades subjectes a secret estadístic.
2017,BARCELONA,OSONA,08131,MONTESQUIU,DOMÈSTIC,2253344,
2017,BARCELONA,OSONA,08131,MONTESQUIU,SERVEIS,839095,
2017,BARCELONA,VALLES ORIENTAL,08134,FIGARO-MONTMANY,SERVEIS,213022,
2017,BARCELONA,VALLES ORIENTAL,08134,FIGARO-MONTMANY,DOMÈSTIC,3411702,
2017,BARCELONA,VALLES ORIENTAL,08135,MONTMELO,DOMÈSTIC,15489421,
2017,BARCELONA,VALLES ORIENTAL,08135,MONTMELO,INDUSTRIAL,174091551,Inclou el consum del sector energètic.
2017,BARCELONA,VALLES ORIENTAL,08135,MONTMELO,SERVEIS,2445688,
2017,BARCELONA,VALLES ORIENTAL,08136,MONTORNES DEL VALLES,DOMÈSTIC,26056757,
2017,BARCELONA,VALLES ORIENTAL,08136,MONTORNES DEL VALLES,SERVEIS,,Dades subjectes a secret estadístic.
2017,BARCELONA,VALLES ORIENTAL,08136,MONTORNES DEL VALLES,INDUSTRIAL,91095391,
2017,BARCELONA,MOIANES,08138,MOIA,INDUSTRIAL,,Dades subjectes a secret estadístic.
2017,BARCELONA,MOIANES,08138,MOIA,SERVEIS,1245947,
2017,BARCELONA,MOIANES,08138,MOIA,DOMÈSTIC,3856147,
2017,BARCELONA,BAGES,08140,NAVARCLES,DOMÈSTIC,12461324,
2017,BARCELONA,BAGES,08140,NAVARCLES,SERVEIS,1389017,
2017,BARCELONA,BAGES,08141,NAVAS,DOMÈSTIC,13220486,
2017,BARCELONA,BAGES,08141,NAVAS,SERVEIS,2146994,
2017,BARCELONA,BAGES,08141,NAVAS,INDUSTRIAL,,Dades subjectes a secret estadístic.
2017,BARCELONA,ANOIA,08143,ODENA,DOMÈSTIC,4234066,
2017,BARCELONA,ANOIA,08143,ODENA,INDUSTRIAL,,Dades subjectes a secret estadístic.
2017,BARCELONA,ANOIA,08143,ODENA,SERVEIS,589175,
2017,BARCELONA,ALT PENEDES,08145,OLERDOLA,DOMÈSTIC,3801216,
2017,BARCELONA,ALT PENEDES,08145,OLERDOLA,INDUSTRIAL,23853766,
2017,BARCELONA,ALT PENEDES,08145,OLERDOLA,SERVEIS,7217827,
2017,BARCELONA,BAIX LLOBREGAT,08147,OLESA DE MONTSERRAT,DOMÈSTIC,40622020,
2017,BARCELONA,BAIX LLOBREGAT,08147,OLESA DE MONTSERRAT,INDUSTRIAL,297199599,
2017,BARCELONA,BAIX LLOBREGAT,08147,OLESA DE MONTSERRAT,SERVEIS,5375167,
2017,BARCELONA,OSONA,08150,ORIS,INDUSTRIAL,,Dades subjectes a secret estadístic.
2017,BARCELONA,ALT PENEDES,08154,PACS DEL PENEDES,INDUSTRIAL,,Dades subjectes a secret estadístic.
2017,BARCELONA,MARESME,08155,PALAFOLLS,SERVEIS,25313619,
2017,BARCELONA,MARESME,08155,PALAFOLLS,DOMÈSTIC,10188685,
2017,BARCELONA,MARESME,08155,PALAFOLLS,INDUSTRIAL,106866385,
2017,BARCELONA,MARESME,08155,PALAFOLLS,PRIMARI,1124465,
2017,BARCELONA,VALLES OCCIDENTAL,08156,PALAU-SOLITA I PLEGAMANS,DOMÈSTIC,26363598,
2017,BARCELONA,VALLES OCCIDENTAL,08156,PALAU-SOLITA I PLEGAMANS,SERVEIS,6990116,
2017,BARCELONA,VALLES OCCIDENTAL,08156,PALAU-SOLITA I PLEGAMANS,INDUSTRIAL,48817376,
2017,BARCELONA,BAIX LLOBREGAT,08157,PALLEJA,DOMÈSTIC,19168973,
2017,BARCELONA,BAIX LLOBREGAT,08157,PALLEJA,SERVEIS,6769920,
2017,BARCELONA,BAIX LLOBREGAT,08158,"PAPIOL, EL",DOMÈSTIC,7572517,
2017,BARCELONA,BAIX LLOBREGAT,08158,"PAPIOL, EL",INDUSTRIAL,,Dades subjectes a secret estadístic.
2017,BARCELONA,BAIX LLOBREGAT,08158,"PAPIOL, EL",SERVEIS,4748327,
2017,BARCELONA,VALLES ORIENTAL,08159,PARETS DEL VALLES,DOMÈSTIC,36834381,
2017,BARCELONA,VALLES ORIENTAL,08159,PARETS DEL VALLES,SERVEIS,25221718,
2017,BARCELONA,VALLES ORIENTAL,08159,PARETS DEL VALLES,INDUSTRIAL,225933833,
2017,BARCELONA,ANOIA,08161,PIERA,DOMÈSTIC,12304338,
2017,BARCELONA,ANOIA,08161,PIERA,INDUSTRIAL,,Dades subjectes a secret estadístic.
2017,BARCELONA,ANOIA,08161,PIERA,SERVEIS,2585497,
2017,BARCELONA,ANOIA,08162,"HOSTALETS DE PIEROLA, ELS",SERVEIS,,Dades subjectes a secret estadístic.
2017,BARCELONA,ANOIA,08162,"HOSTALETS DE PIEROLA, ELS",DOMÈSTIC,2195630,
2017,BARCELONA,MARESME,08163,PINEDA DE MAR,INDUSTRIAL,26625710,
2017,BARCELONA,MARESME,08163,PINEDA DE MAR,SERVEIS,8275518,
2017,BARCELONA,MARESME,08163,PINEDA DE MAR,DOMÈSTIC,33193606,
2017,BARCELONA,ANOIA,08165,"POBLA DE CLARAMUNT, LA",INDUSTRIAL,975660150,Inclou el consum del sector energètic.
2017,BARCELONA,ANOIA,08165,"POBLA DE CLARAMUNT, LA",SERVEIS,478579,
2017,BARCELONA,ANOIA,08165,"POBLA DE CLARAMUNT, LA",DOMÈSTIC,3396617,
2017,BARCELONA,VALLES OCCIDENTAL,08167,POLINYA,DOMÈSTIC,14502326,
2017,BARCELONA,VALLES OCCIDENTAL,08167,POLINYA,INDUSTRIAL,29058865,
2017,BARCELONA,VALLES OCCIDENTAL,08167,POLINYA,SERVEIS,5411212,
2017,BARCELONA,BAIX LLOBREGAT,08169,"PRAT DE LLOBREGAT, EL",SERVEIS,157166887,Inclou el consum del sector transport.
2017,BARCELONA,BAIX LLOBREGAT,08169,"PRAT DE LLOBREGAT, EL",INDUSTRIAL,488879450,
2017,BARCELONA,BAIX LLOBREGAT,08169,"PRAT DE LLOBREGAT, EL",DOMÈSTIC,65987895,
2017,BARCELONA,OSONA,08171,PRATS DE LLUÇANES,INDUSTRIAL,,Dades subjectes a secret estadístic.
2017,BARCELONA,OSONA,08171,PRATS DE LLUÇANES,DOMÈSTIC,1413654,
2017,BARCELONA,MARESME,08172,PREMIA DE MAR,SERVEIS,5788614,
2017,BARCELONA,MARESME,08172,PREMIA DE MAR,DOMÈSTIC,41235608,
2017,BARCELONA,BERGUEDA,08175,PUIG-REIG,SERVEIS,2974321,
2017,BARCELONA,BERGUEDA,08175,PUIG-REIG,INDUSTRIAL,,Dades subjectes a secret estadístic.
2017,BARCELONA,BERGUEDA,08175,PUIG-REIG,DOMÈSTIC,11197218,
2017,BARCELONA,VALLES OCCIDENTAL,08180,RIPOLLET,SERVEIS,10774207,
2017,BARCELONA,VALLES OCCIDENTAL,08180,RIPOLLET,INDUSTRIAL,10200664,
2017,BARCELONA,VALLES OCCIDENTAL,08180,RIPOLLET,DOMÈSTIC,43531577,
2017,BARCELONA,VALLES ORIENTAL,08181,"ROCA DEL VALLES, LA",SERVEIS,15437989,
2017,BARCELONA,VALLES ORIENTAL,08181,"ROCA DEL VALLES, LA",INDUSTRIAL,,Dades subjectes a secret estadístic.
2017,BARCELONA,VALLES ORIENTAL,08181,"ROCA DEL VALLES, LA",DOMÈSTIC,19862597,
2017,BARCELONA,BAGES,08182,"PONT DE VILOMARA I ROCAFORT, EL",SERVEIS,718876,
2017,BARCELONA,BAGES,08182,"PONT DE VILOMARA I ROCAFORT, EL",INDUSTRIAL,,Dades subjectes a secret estadístic.
2017,BARCELONA,BAGES,08182,"PONT DE VILOMARA I ROCAFORT, EL",DOMÈSTIC,6348964,
2017,BARCELONA,OSONA,08183,RODA DE TER,SERVEIS,1282519,
2017,BARCELONA,OSONA,08183,RODA DE TER,DOMÈSTIC,11112020,
2017,BARCELONA,VALLES OCCIDENTAL,08184,RUBI,SERVEIS,19348250,
2017,BARCELONA,VALLES OCCIDENTAL,08184,RUBI,INDUSTRIAL,192532269,
2017,BARCELONA,VALLES OCCIDENTAL,08184,RUBI,DOMÈSTIC,111281600,
2017,BARCELONA,VALLES OCCIDENTAL,08187,SABADELL,INDUSTRIAL,66719206,
2017,BARCELONA,VALLES OCCIDENTAL,08187,SABADELL,SERVEIS,105616646,
2017,BARCELONA,VALLES OCCIDENTAL,08187,SABADELL,DOMÈSTIC,359995212,
2017,BARCELONA,BAGES,08191,SALLENT,INDUSTRIAL,,Dades subjectes a secret estadístic.
2017,BARCELONA,BAGES,08191,SALLENT,SERVEIS,8375409,
2017,BARCELONA,BAGES,08191,SALLENT,DOMÈSTIC,16424365,
2017,BARCELONA,BAGES,08192,SANTPEDOR,SERVEIS,7656540,
2017,BARCELONA,BAGES,08192,SANTPEDOR,INDUSTRIAL,19218315,
2017,BARCELONA,BAGES,08192,SANTPEDOR,DOMÈSTIC,21755653,
2017,BARCELONA,BARCELONES,08194,SANT ADRIA DE BESOS,CT RO,,Dades subjectes a secret estadístic. Inclou el consum de centrals tèrmiques de l'antic règim ordinari.
2017,BARCELONA,BARCELONES,08194,SANT ADRIA DE BESOS,INDUSTRIAL,869054,
2017,BARCELONA,BARCELONES,08194,SANT ADRIA DE BESOS,SERVEIS,33982332,
2017,BARCELONA,BARCELONES,08194,SANT ADRIA DE BESOS,DOMÈSTIC,34952172,
2017,BARCELONA,BAIX LLOBREGAT,08196,SANT ANDREU DE LA BARCA,INDUSTRIAL,42497232,
2017,BARCELONA,BAIX LLOBREGAT,08196,SANT ANDREU DE LA BARCA,SERVEIS,10013608,
2017,BARCELONA,BAIX LLOBREGAT,08196,SANT ANDREU DE LA BARCA,DOMÈSTIC,39602522,
2017,BARCELONA,MARESME,08197,SANT ANDREU DE LLAVANERES,PRIMARI,2128803,
2017,BARCELONA,MARESME,08197,SANT ANDREU DE LLAVANERES,SERVEIS,4310783,
2017,BARCELONA,MARESME,08197,SANT ANDREU DE LLAVANERES,DOMÈSTIC,28482656,
2017,BARCELONA,VALLES ORIENTAL,08198,SANT ANTONI DE VILAMAJOR,INDUSTRIAL,,Dades subjectes a secret estadístic.
2017,BARCELONA,VALLES ORIENTAL,08198,SANT ANTONI DE VILAMAJOR,DOMÈSTIC,7760605,
2017,BARCELONA,VALLES ORIENTAL,08198,SANT ANTONI DE VILAMAJOR,SERVEIS,1203539,
2017,BARCELONA,BAIX LLOBREGAT,08200,SANT BOI DE LLOBREGAT,SERVEIS,45338884,
2017,BARCELONA,BAIX LLOBREGAT,08200,SANT BOI DE LLOBREGAT,INDUSTRIAL,21538379,
2017,BARCELONA,BAIX LLOBREGAT,08200,SANT BOI DE LLOBREGAT,DOMÈSTIC,91800057,
2017,BARCELONA,VALLES ORIENTAL,08202,SANT CELONI,DOMÈSTIC,30423723,
2017,BARCELONA,VALLES ORIENTAL,08202,SANT CELONI,INDUSTRIAL,200490726,
2017,BARCELONA,VALLES ORIENTAL,08202,SANT CELONI,SERVEIS,7204399,
2017,BARCELONA,MARESME,08203,SANT CEBRIA DE VALLALTA,INDUSTRIAL,,Dades subjectes a secret estadístic.
2017,BARCELONA,MARESME,08203,SANT CEBRIA DE VALLALTA,SERVEIS,172162,
2017,BARCELONA,MARESME,08203,SANT CEBRIA DE VALLALTA,DOMÈSTIC,3520042,
2017,BARCELONA,BAIX LLOBREGAT,08204,SANT CLIMENT DE LLOBREGAT,DOMÈSTIC,1427068,
2017,BARCELONA,VALLES OCCIDENTAL,08205,SANT CUGAT DEL VALLES,INDUSTRIAL,59990582,
2017,BARCELONA,VALLES OCCIDENTAL,08205,SANT CUGAT DEL VALLES,SERVEIS,211409853,
2017,BARCELONA,VALLES OCCIDENTAL,08205,SANT CUGAT DEL VALLES,DOMÈSTIC,233087284,
2017,BARCELONA,ALT PENEDES,08206,SANT CUGAT SESGARRIGUES,SERVEIS,187515,
2017,BARCELONA,ALT PENEDES,08206,SANT CUGAT SESGARRIGUES,DOMÈSTIC,1630306,
2017,BARCELONA,VALLES ORIENTAL,08207,SANT ESTEVE DE PALAUTORDERA,DOMÈSTIC,4922281,
2017,BARCELONA,VALLES ORIENTAL,08207,SANT ESTEVE DE PALAUTORDERA,SERVEIS,309710,
2017,BARCELONA,BAIX LLOBREGAT,08208,SANT ESTEVE SESROVIRES,INDUSTRIAL,32243945,
2017,BARCELONA,BAIX LLOBREGAT,08208,SANT ESTEVE SESROVIRES,SERVEIS,25573560,
2017,BARCELONA,BAIX LLOBREGAT,08208,SANT ESTEVE SESROVIRES,DOMÈSTIC,14942260,
2017,BARCELONA,VALLES ORIENTAL,08209,SANT FOST DE CAMPSENTELLES,INDUSTRIAL,16835869,
2017,BARCELONA,VALLES ORIENTAL,08209,SANT FOST DE CAMPSENTELLES,SERVEIS,5995774,
2017,BARCELONA,VALLES ORIENTAL,08209,SANT FOST DE CAMPSENTELLES,DOMÈSTIC,12353170,
2017,BARCELONA,VALLES ORIENTAL,08210,SANT FELIU DE CODINES,SERVEIS,657155,
2017,BARCELONA,VALLES ORIENTAL,08210,SANT FELIU DE CODINES,DOMÈSTIC,4587524,
2017,BARCELONA,BAIX LLOBREGAT,08211,SANT FELIU DE LLOBREGAT,SERVEIS,16850874,
2017,BARCELONA,BAIX LLOBREGAT,08211,SANT FELIU DE LLOBREGAT,DOMÈSTIC,54397634,
2017,BARCELONA,BAIX LLOBREGAT,08211,SANT FELIU DE LLOBREGAT,INDUSTRIAL,18929885,
2017,BARCELONA,BAGES,08213,SANT FRUITOS DE BAGES,INDUSTRIAL,18832024,
2017,BARCELONA,BAGES,08213,SANT FRUITOS DE BAGES,DOMÈSTIC,21052328,
2017,BARCELONA,BAGES,08213,SANT FRUITOS DE BAGES,SERVEIS,7642802,
2017,BARCELONA,MARESME,08214,VILASSAR DE DALT,INDUSTRIAL,,Dades subjectes a secret estadístic.
2017,BARCELONA,MARESME,08214,VILASSAR DE DALT,PRIMARI,,Dades subjectes a secret estadístic.
2017,BARCELONA,MARESME,08214,VILASSAR DE DALT,DOMÈSTIC,20348640,
2017,BARCELONA,MARESME,08214,VILASSAR DE DALT,SERVEIS,2862739,
2017,BARCELONA,OSONA,08215,SANT HIPOLIT DE VOLTREGA,SERVEIS,806933,
2017,BARCELONA,OSONA,08215,SANT HIPOLIT DE VOLTREGA,DOMÈSTIC,6624767,
2017,BARCELONA,BAIX LLOBREGAT,08217,SANT JOAN DESPI,SERVEIS,18196192,
2017,BARCELONA,BAIX LLOBREGAT,08217,SANT JOAN DESPI,INDUSTRIAL,12586017,
2017,BARCELONA,BAIX LLOBREGAT,08217,SANT JOAN DESPI,DOMÈSTIC,43595526,
2017,BARCELONA,BAGES,08218,SANT JOAN DE VILATORRADA,DOMÈSTIC,29026776,
2017,BARCELONA,BAGES,08218,SANT JOAN DE VILATORRADA,SERVEIS,2696859,
2017,BARCELONA,BAGES,08218,SANT JOAN DE VILATORRADA,INDUSTRIAL,,Dades subjectes a secret estadístic.
2017,BARCELONA,MARESME,08219,VILASSAR DE MAR,DOMÈSTIC,40782660,
2017,BARCELONA,MARESME,08219,VILASSAR DE MAR,SERVEIS,4744189,
2017,BARCELONA,MARESME,08219,VILASSAR DE MAR,PRIMARI,2798891,
2017,BARCELONA,MARESME,08219,VILASSAR DE MAR,INDUSTRIAL,,Dades subjectes a secret estadístic.
2017,BARCELONA,BAIX LLOBREGAT,08221,SANT JUST DESVERN,DOMÈSTIC,31411597,
2017,BARCELONA,BAIX LLOBREGAT,08221,SANT JUST DESVERN,SERVEIS,12503484,
2017,BARCELONA,BAIX LLOBREGAT,08221,SANT JUST DESVERN,INDUSTRIAL,,Dades subjectes a secret estadístic.
2017,BARCELONA,ALT PENEDES,08222,SANT LLORENÇ D'HORTONS,DOMÈSTIC,149526,
2017,BARCELONA,OSONA,08224,SANT MARTI DE CENTELLES,DOMÈSTIC,1983114,
2017,BARCELONA,OSONA,08224,SANT MARTI DE CENTELLES,SERVEIS,275378,
2017,BARCELONA,ANOIA,08228,SANT MARTI SESGUEIOLES,DOMÈSTIC,632569,
2017,BARCELONA,MARESME,08230,PREMIA DE DALT,SERVEIS,3563633,
2017,BARCELONA,MARESME,08230,PREMIA DE DALT,DOMÈSTIC,24579706,
2017,BARCELONA,MARESME,08230,PREMIA DE DALT,PRIMARI,4452027,
2017,BARCELONA,MARESME,08230,PREMIA DE DALT,INDUSTRIAL,,Dades subjectes a secret estadístic.
2017,BARCELONA,GARRAF,08231,SANT PERE DE RIBES,DOMÈSTIC,45595885,
2017,BARCELONA,GARRAF,08231,SANT PERE DE RIBES,SERVEIS,16024099,
2017,BARCELONA,ALT PENEDES,08232,SANT PERE DE RIUDEBITLLES,SERVEIS,,Dades subjectes a secret estadístic.
2017,BARCELONA,ALT PENEDES,08232,SANT PERE DE RIUDEBITLLES,INDUSTRIAL,34302010,
2017,BARCELONA,ALT PENEDES,08232,SANT PERE DE RIUDEBITLLES,DOMÈSTIC,4220327,
2017,BARCELONA,VALLES ORIENTAL,08234,SANT PERE DE VILAMAJOR,SERVEIS,,Dades subjectes a secret estadístic.
2017,BARCELONA,VALLES ORIENTAL,08234,SANT PERE DE VILAMAJOR,INDUSTRIAL,,Dades subjectes a secret estadístic.
2017,BARCELONA,VALLES ORIENTAL,08234,SANT PERE DE VILAMAJOR,DOMÈSTIC,2281876,
2017,BARCELONA,MARESME,08235,SANT POL DE MAR,SERVEIS,647098,
2017,BARCELONA,MARESME,08235,SANT POL DE MAR,DOMÈSTIC,9314667,
2017,BARCELONA,ALT PENEDES,08236,SANT QUINTI DE MEDIONA,INDUSTRIAL,,Dades subjectes a secret estadístic.
2017,BARCELONA,ALT PENEDES,08236,SANT QUINTI DE MEDIONA,DOMÈSTIC,1175375,
2017,BARCELONA,OSONA,08237,SANT QUIRZE DE BESORA,INDUSTRIAL,,Dades subjectes a secret estadístic.
2017,BARCELONA,OSONA,08237,SANT QUIRZE DE BESORA,DOMÈSTIC,3632775,
2017,BARCELONA,OSONA,08237,SANT QUIRZE DE BESORA,SERVEIS,357129,
2017,BARCELONA,VALLES OCCIDENTAL,08238,SANT QUIRZE DEL VALLES,DOMÈSTIC,51690644,
2017,BARCELONA,VALLES OCCIDENTAL,08238,SANT QUIRZE DEL VALLES,SERVEIS,6360143,
2017,BARCELONA,VALLES OCCIDENTAL,08238,SANT QUIRZE DEL VALLES,INDUSTRIAL,22015486,
2017,BARCELONA,ALT PENEDES,08240,SANT SADURNI D'ANOIA,INDUSTRIAL,,Dades subjectes a secret estadístic.
2017,BARCELONA,ALT PENEDES,08240,SANT SADURNI D'ANOIA,SERVEIS,3648958,
2017,BARCELONA,ALT PENEDES,08240,SANT SADURNI D'ANOIA,DOMÈSTIC,19898108,
2017,BARCELONA,BAIX LLOBREGAT,08244,SANTA COLOMA DE CERVELLO,DOMÈSTIC,12373974,
2017,BARCELONA,BAIX LLOBREGAT,08244,SANTA COLOMA DE CERVELLO,INDUSTRIAL,,Dades subjectes a secret estadístic.
2017,BARCELONA,BAIX LLOBREGAT,08244,SANTA COLOMA DE CERVELLO,SERVEIS,767699,
2017,BARCELONA,BARCELONES,08245,SANTA COLOMA DE GRAMENET,SERVEIS,28014812,
2017,BARCELONA,BARCELONES,08245,SANTA COLOMA DE GRAMENET,INDUSTRIAL,,Dades subjectes a secret estadístic.
2017,BARCELONA,BARCELONES,08245,SANTA COLOMA DE GRAMENET,DOMÈSTIC,104589436,
2017,BARCELONA,OSONA,08246,SANTA EUGENIA DE BERGA,SERVEIS,291136,
2017,BARCELONA,OSONA,08246,SANTA EUGENIA DE BERGA,INDUSTRIAL,,Dades subjectes a secret estadístic.
2017,BARCELONA,OSONA,08246,SANTA EUGENIA DE BERGA,DOMÈSTIC,2942100,
2017,BARCELONA,VALLES ORIENTAL,08248,SANTA EULALIA DE RONÇANA,SERVEIS,,Dades subjectes a secret estadístic.
2017,BARCELONA,VALLES ORIENTAL,08248,SANTA EULALIA DE RONÇANA,DOMÈSTIC,839559,
2017,BARCELONA,ANOIA,08250,SANTA MARGARIDA DE MONTBUI,SERVEIS,1576405,
2017,BARCELONA,ANOIA,08250,SANTA MARGARIDA DE MONTBUI,DOMÈSTIC,14762695,
2017,BARCELONA,ALT PENEDES,08251,SANTA MARGARIDA I ELS MONJOS,INDUSTRIAL,139434689,
2017,BARCELONA,ALT PENEDES,08251,SANTA MARGARIDA I ELS MONJOS,SERVEIS,2134177,
2017,BARCELONA,ALT PENEDES,08251,SANTA MARGARIDA I ELS MONJOS,DOMÈSTIC,11180853,
2017,BARCELONA,VALLES OCCIDENTAL,08252,BARBERA DEL VALLES,INDUSTRIAL,89802084,
2017,BARCELONA,VALLES OCCIDENTAL,08252,BARBERA DEL VALLES,SERVEIS,16074147,
2017,BARCELONA,VALLES OCCIDENTAL,08252,BARBERA DEL VALLES,DOMÈSTIC,53048101,
2017,BARCELONA,VALLES ORIENTAL,08256,SANTA MARIA DE MARTORELLES,DOMÈSTIC,529138,
2017,BARCELONA,VALLES ORIENTAL,08259,SANTA MARIA DE PALAUTORDERA,INDUSTRIAL,,Dades subjectes a secret estadístic.
2017,BARCELONA,VALLES ORIENTAL,08259,SANTA MARIA DE PALAUTORDERA,SERVEIS,7960400,
2017,BARCELONA,VALLES ORIENTAL,08259,SANTA MARIA DE PALAUTORDERA,DOMÈSTIC,13090037,
2017,BARCELONA,VALLES OCCIDENTAL,08260,SANTA PERPETUA DE MOGODA,INDUSTRIAL,350453827,
2017,BARCELONA,VALLES OCCIDENTAL,08260,SANTA PERPETUA DE MOGODA,SERVEIS,7087004,
2017,BARCELONA,VALLES OCCIDENTAL,08260,SANTA PERPETUA DE MOGODA,DOMÈSTIC,41699258,
2017,BARCELONA,MARESME,08261,SANTA SUSANNA,SERVEIS,14901999,
2017,BARCELONA,MARESME,08261,SANTA SUSANNA,DOMÈSTIC,4458163,
2017,BARCELONA,BAGES,08262,SANT VICENÇ DE CASTELLET,INDUSTRIAL,8615692,
2017,BARCELONA,BAGES,08262,SANT VICENÇ DE CASTELLET,SERVEIS,2424539,
2017,BARCELONA,BAGES,08262,SANT VICENÇ DE CASTELLET,DOMÈSTIC,15246030,
2017,BARCELONA,BAIX LLOBREGAT,08263,SANT VICENÇ DELS HORTS,INDUSTRIAL,76311447,
2017,BARCELONA,BAIX LLOBREGAT,08263,SANT VICENÇ DELS HORTS,SERVEIS,3872693,
2017,BARCELONA,BAIX LLOBREGAT,08263,SANT VICENÇ DELS HORTS,DOMÈSTIC,32664580,
2017,BARCELONA,MARESME,08264,SANT VICENÇ DE MONTALT,SERVEIS,2277047,
2017,BARCELONA,MARESME,08264,SANT VICENÇ DE MONTALT,DOMÈSTIC,19289894,
2017,BARCELONA,OSONA,08265,SANT VICENÇ DE TORELLO,INDUSTRIAL,,Dades subjectes a secret estadístic.
2017,BARCELONA,OSONA,08265,SANT VICENÇ DE TORELLO,SERVEIS,612344,
2017,BARCELONA,OSONA,08265,SANT VICENÇ DE TORELLO,DOMÈSTIC,2609858,
2017,BARCELONA,VALLES OCCIDENTAL,08266,CERDANYOLA DEL VALLES,DOMÈSTIC,107542941,
2017,BARCELONA,VALLES OCCIDENTAL,08266,CERDANYOLA DEL VALLES,INDUSTRIAL,53829127,
2017,BARCELONA,VALLES OCCIDENTAL,08266,CERDANYOLA DEL VALLES,SERVEIS,187319592,
2017,BARCELONA,VALLES OCCIDENTAL,08267,SENTMENAT,SERVEIS,2183672,
2017,BARCELONA,VALLES OCCIDENTAL,08267,SENTMENAT,INDUSTRIAL,,Dades subjectes a secret estadístic.
2017,BARCELONA,VALLES OCCIDENTAL,08267,SENTMENAT,DOMÈSTIC,14144633,
2017,BARCELONA,OSONA,08269,SEVA,INDUSTRIAL,,Dades subjectes a secret estadístic.
2017,BARCELONA,OSONA,08269,SEVA,DOMÈSTIC,1203670,
2017,BARCELONA,GARRAF,08270,SITGES,SERVEIS,26933910,
2017,BARCELONA,GARRAF,08270,SITGES,DOMÈSTIC,67000093,
2017,BARCELONA,BAGES,08274,SURIA,INDUSTRIAL,,Dades subjectes a secret estadístic.
2017,BARCELONA,BAGES,08274,SURIA,SERVEIS,2202523,
2017,BARCELONA,BAGES,08274,SURIA,DOMÈSTIC,13561034,
2017,BARCELONA,OSONA,08278,TARADELL,DOMÈSTIC,12623733,
2017,BARCELONA,OSONA,08278,TARADELL,INDUSTRIAL,,Dades subjectes a secret estadístic.
2017,BARCELONA,OSONA,08278,TARADELL,SERVEIS,1970661,
2017,BARCELONA,VALLES OCCIDENTAL,08279,TERRASSA,SERVEIS,87743069,
2017,BARCELONA,VALLES OCCIDENTAL,08279,TERRASSA,INDUSTRIAL,91241287,
2017,BARCELONA,VALLES OCCIDENTAL,08279,TERRASSA,DOMÈSTIC,368057960,
2017,BARCELONA,MARESME,08281,TEIA,DOMÈSTIC,16196631,
2017,BARCELONA,MARESME,08281,TEIA,PRIMARI,,Dades subjectes a secret estadístic.
2017,BARCELONA,MARESME,08281,TEIA,SERVEIS,3161610,
2017,BARCELONA,MARESME,08282,TIANA,SERVEIS,2430222,
2017,BARCELONA,MARESME,08282,TIANA,DOMÈSTIC,19922494,
2017,BARCELONA,OSONA,08283,TONA,INDUSTRIAL,,Dades subjectes a secret estadístic.
2017,BARCELONA,OSONA,08283,TONA,SERVEIS,5567355,
2017,BARCELONA,OSONA,08283,TONA,DOMÈSTIC,18910245,
2017,BARCELONA,MARESME,08284,TORDERA,INDUSTRIAL,,Dades subjectes a secret estadístic.
2017,BARCELONA,MARESME,08284,TORDERA,SERVEIS,13714913,
2017,BARCELONA,MARESME,08284,TORDERA,DOMÈSTIC,23555138,
2017,BARCELONA,OSONA,08285,TORELLO,INDUSTRIAL,11085853,
2017,BARCELONA,OSONA,08285,TORELLO,SERVEIS,3381115,
2017,BARCELONA,OSONA,08285,TORELLO,DOMÈSTIC,28847004,
2017,BARCELONA,ANOIA,08286,"TORRE DE CLARAMUNT, LA",INDUSTRIAL,,Dades subjectes a secret estadístic.
2017,BARCELONA,ANOIA,08286,"TORRE DE CLARAMUNT, LA",SERVEIS,50592,
2017,BARCELONA,ANOIA,08286,"TORRE DE CLARAMUNT, LA",DOMÈSTIC,3165456,
2017,BARCELONA,ALT PENEDES,08287,TORRELAVIT,SERVEIS,,Dades subjectes a secret estadístic.
2017,BARCELONA,ALT PENEDES,08287,TORRELAVIT,DOMÈSTIC,2260442,
2017,BARCELONA,BAIX LLOBREGAT,08289,TORRELLES DE LLOBREGAT,SERVEIS,,Dades subjectes a secret estadístic.
2017,BARCELONA,BAIX LLOBREGAT,08289,TORRELLES DE LLOBREGAT,DOMÈSTIC,4456559,
2017,BARCELONA,VALLES OCCIDENTAL,08290,ULLASTRELL,DOMÈSTIC,1628541,
2017,BARCELONA,ANOIA,08292,VALLBONA D'ANOIA,INDUSTRIAL,,Dades subjectes a secret estadístic.
2017,BARCELONA,ANOIA,08292,VALLBONA D'ANOIA,DOMÈSTIC,2614536,
2017,BARCELONA,VALLES ORIENTAL,08294,VALLGORGUINA,DOMÈSTIC,764112,
2017,BARCELONA,BAIX LLOBREGAT,08295,VALLIRANA,SERVEIS,2207873,
2017,BARCELONA,BAIX LLOBREGAT,08295,VALLIRANA,DOMÈSTIC,15594937,
2017,BARCELONA,VALLES ORIENTAL,08296,VALLROMANES,SERVEIS,692950,
2017,BARCELONA,VALLES ORIENTAL,08296,VALLROMANES,DOMÈSTIC,5192992,
2017,BARCELONA,OSONA,08298,VIC,INDUSTRIAL,91120695,
2017,BARCELONA,OSONA,08298,VIC,SERVEIS,48381212,
2017,BARCELONA,OSONA,08298,VIC,DOMÈSTIC,116557588,
2017,BARCELONA,VALLES OCCIDENTAL,08300,VILADECAVALLS,INDUSTRIAL,7374025,
2017,BARCELONA,VALLES OCCIDENTAL,08300,VILADECAVALLS,SERVEIS,,Dades subjectes a secret estadístic.
2017,BARCELONA,VALLES OCCIDENTAL,08300,VILADECAVALLS,DOMÈSTIC,10340349,
2017,BARCELONA,BAIX LLOBREGAT,08301,VILADECANS,INDUSTRIAL,,Dades subjectes a secret estadístic.
2017,BARCELONA,BAIX LLOBREGAT,08301,VILADECANS,SERVEIS,22862195,Inclou el consum del sector transport.
2017,BARCELONA,BAIX LLOBREGAT,08301,VILADECANS,DOMÈSTIC,74996888,
2017,BARCELONA,ANOIA,08302,VILANOVA DEL CAMI,DOMÈSTIC,19871250,
2017,BARCELONA,ANOIA,08302,VILANOVA DEL CAMI,INDUSTRIAL,,Dades subjectes a secret estadístic.
2017,BARCELONA,ANOIA,08302,VILANOVA DEL CAMI,SERVEIS,1975426,
2017,BARCELONA,ALT PENEDES,08305,VILAFRANCA DEL PENEDES,INDUSTRIAL,4654659,
2017,BARCELONA,ALT PENEDES,08305,VILAFRANCA DEL PENEDES,SERVEIS,14755432,
2017,BARCELONA,ALT PENEDES,08305,VILAFRANCA DEL PENEDES,DOMÈSTIC,67493034,
2017,BARCELONA,VALLES ORIENTAL,08306,VILALBA SASSERRA,SERVEIS,,Dades subjectes a secret estadístic.
2017,BARCELONA,VALLES ORIENTAL,08306,VILALBA SASSERRA,DOMÈSTIC,139089,
2017,BARCELONA,GARRAF,08307,VILANOVA I LA GELTRU,INDUSTRIAL,70846637,
2017,BARCELONA,GARRAF,08307,VILANOVA I LA GELTRU,SERVEIS,17594868,
2017,BARCELONA,GARRAF,08307,VILANOVA I LA GELTRU,DOMÈSTIC,89060020,
2017,BARCELONA,VALLES ORIENTAL,08902,VILANOVA DEL VALLES,SERVEIS,501187,
2017,BARCELONA,VALLES ORIENTAL,08902,VILANOVA DEL VALLES,DOMÈSTIC,6394188,
2017,BARCELONA,VALLES OCCIDENTAL,08904,BADIA DEL VALLES,SERVEIS,3276153,
2017,BARCELONA,VALLES OCCIDENTAL,08904,BADIA DEL VALLES,DOMÈSTIC,14198854,
2017,BARCELONA,BAIX LLOBREGAT,08905,"PALMA DE CERVELLO, LA",INDUSTRIAL,,Dades subjectes a secret estadístic.
2017,BARCELONA,BAIX LLOBREGAT,08905,"PALMA DE CERVELLO, LA",SERVEIS,606640,
2017,BARCELONA,BAIX LLOBREGAT,08905,"PALMA DE CERVELLO, LA",DOMÈSTIC,4013447,
2017,GIRONA,GIRONES,17002,AIGUAVIVA,INDUSTRIAL,29950184,
2017,GIRONA,GIRONES,17002,AIGUAVIVA,SERVEIS,821530,
2017,GIRONA,GIRONES,17002,AIGUAVIVA,DOMÈSTIC,1184582,
2017,GIRONA,GARROTXA,17010,ARGELAGUER,INDUSTRIAL,,Dades subjectes a secret estadístic.
2017,GIRONA,GARROTXA,17010,ARGELAGUER,PRIMARI,,Dades subjectes a secret estadístic.
2017,GIRONA,GARROTXA,17010,ARGELAGUER,SERVEIS,199438,
2017,GIRONA,GARROTXA,17010,ARGELAGUER,DOMÈSTIC,947606,
2017,GIRONA,BAIX EMPORDA,17013,BEGUR,DOMÈSTIC,243674,
2017,GIRONA,PLA DE L'ESTANY,17015,BANYOLES,INDUSTRIAL,,Dades subjectes a secret estadístic.
2017,GIRONA,PLA DE L'ESTANY,17015,BANYOLES,SERVEIS,10566719,
2017,GIRONA,PLA DE L'ESTANY,17015,BANYOLES,DOMÈSTIC,40691205,
2017,GIRONA,BAIX EMPORDA,17018,BELLCAIRE D'EMPORDA,DOMÈSTIC,977439,
2017,GIRONA,GARROTXA,17019,BESALU,INDUSTRIAL,,Dades subjectes a secret estadístic.
2017,GIRONA,GARROTXA,17019,BESALU,SERVEIS,1100547,
2017,GIRONA,GARROTXA,17019,BESALU,DOMÈSTIC,6158086,
2017,GIRONA,GIRONES,17020,BESCANO,SERVEIS,970494,
2017,GIRONA,GIRONES,17020,BESCANO,DOMÈSTIC,9151582,
2017,GIRONA,GARROTXA,17021,BEUDA,INDUSTRIAL,,Dades subjectes a secret estadístic.
2017,GIRONA,BAIX EMPORDA,17022,"BISBAL D'EMPORDA, LA",INDUSTRIAL,,Dades subjectes a secret estadístic.
2017,GIRONA,BAIX EMPORDA,17022,"BISBAL D'EMPORDA, LA",SERVEIS,2145871,
2017,GIRONA,BAIX EMPORDA,17022,"BISBAL D'EMPORDA, LA",DOMÈSTIC,20530413,
2017,GIRONA,SELVA,17023,BLANES,INDUSTRIAL,,Dades subjectes a secret estadístic.
2017,GIRONA,SELVA,17023,BLANES,SERVEIS,16954541,
2017,GIRONA,SELVA,17023,BLANES,DOMÈSTIC,66847446,
2017,GIRONA,GIRONES,17025,BORDILS,SERVEIS,,Dades subjectes a secret estadístic.
2017,GIRONA,GIRONES,17025,BORDILS,DOMÈSTIC,2383235,
2017,GIRONA,SELVA,17027,BREDA,INDUSTRIAL,5020470,
2017,GIRONA,SELVA,17027,BREDA,SERVEIS,478228,
2017,GIRONA,SELVA,17027,BREDA,DOMÈSTIC,5271572,
2017,GIRONA,SELVA,17033,CALDES DE MALAVELLA,INDUSTRIAL,6501538,
2017,GIRONA,SELVA,17033,CALDES DE MALAVELLA,SERVEIS,5310442,
2017,GIRONA,SELVA,17033,CALDES DE MALAVELLA,DOMÈSTIC,11750423,
2017,GIRONA,BAIX EMPORDA,17034,CALONGE I SANT ANTONI,SERVEIS,4190424,
2017,GIRONA,BAIX EMPORDA,17034,CALONGE I SANT ANTONI,DOMÈSTIC,18164735,
2017,GIRONA,PLA DE L'ESTANY,17035,CAMOS,DOMÈSTIC,547143,
2017,GIRONA,RIPOLLES,17036,CAMPDEVANOL,INDUSTRIAL,5026430,
2017,GIRONA,RIPOLLES,17036,CAMPDEVANOL,SERVEIS,2726117,
2017,GIRONA,RIPOLLES,17036,CAMPDEVANOL,DOMÈSTIC,7349968,
2017,GIRONA,GIRONES,17038,CAMPLLONG,SERVEIS,,Dades subjectes a secret estadístic.
2017,GIRONA,GIRONES,17038,CAMPLLONG,DOMÈSTIC,650991,
2017,GIRONA,GIRONES,17044,CASSA DE LA SELVA,INDUSTRIAL,,Dades subjectes a secret estadístic.
2017,GIRONA,GIRONES,17044,CASSA DE LA SELVA,SERVEIS,3324000,
2017,GIRONA,GIRONES,17044,CASSA DE LA SELVA,DOMÈSTIC,15084124,
2017,GIRONA,GARROTXA,17046,CASTELLFOLLIT DE LA ROCA,SERVEIS,1161540,
2017,GIRONA,GARROTXA,17046,CASTELLFOLLIT DE LA ROCA,DOMÈSTIC,2312562,
2017,GIRONA,ALT EMPORDA,17047,CASTELLO D'EMPURIES,SERVEIS,433533,
2017,GIRONA,ALT EMPORDA,17047,CASTELLO D'EMPURIES,DOMÈSTIC,1807675,
2017,GIRONA,BAIX EMPORDA,17048,CASTELL-PLATJA D'ARO,DOMÈSTIC,19426419,
2017,GIRONA,BAIX EMPORDA,17048,CASTELL-PLATJA D'ARO,SERVEIS,15658837,
2017,GIRONA,GIRONES,17049,CELRA,INDUSTRIAL,82568174,
2017,GIRONA,GIRONES,17049,CELRA,SERVEIS,1963083,
2017,GIRONA,GIRONES,17049,CELRA,DOMÈSTIC,8835740,
2017,GIRONA,PLA DE L'ESTANY,17056,CORNELLA DEL TERRI,INDUSTRIAL,28754871,
2017,GIRONA,PLA DE L'ESTANY,17056,CORNELLA DEL TERRI,SERVEIS,378313,
2017,GIRONA,PLA DE L'ESTANY,17056,CORNELLA DEL TERRI,DOMÈSTIC,3206331,
2017,GIRONA,BAIX EMPORDA,17057,CORÇA,INDUSTRIAL,,Dades subjectes a secret estadístic.
2017,GIRONA,BAIX EMPORDA,17057,CORÇA,SERVEIS,,Dades subjectes a secret estadístic.
2017,GIRONA,BAIX EMPORDA,17057,CORÇA,DOMÈSTIC,2285964,
2017,GIRONA,ALT EMPORDA,17062,"ESCALA, L'",SERVEIS,4021204,
2017,GIRONA,ALT EMPORDA,17062,"ESCALA, L'",DOMÈSTIC,12798327,
2017,GIRONA,ALT EMPORDA,17066,FIGUERES,SERVEIS,20686623,
2017,GIRONA,ALT EMPORDA,17066,FIGUERES,DOMÈSTIC,83832457,
2017,GIRONA,GIRONES,17067,FLAÇA,SERVEIS,,Dades subjectes a secret estadístic.
2017,GIRONA,GIRONES,17067,FLAÇA,DOMÈSTIC,2336044,
2017,GIRONA,PLA DE L'ESTANY,17071,FONTCOBERTA,DOMÈSTIC,921755,
2017,GIRONA,GIRONES,17073,FORNELLS DE LA SELVA,SERVEIS,1393775,
2017,GIRONA,GIRONES,17073,FORNELLS DE LA SELVA,DOMÈSTIC,4579913,
2017,GIRONA,GIRONES,17079,GIRONA,INDUSTRIAL,,Dades subjectes a secret estadístic.
2017,GIRONA,GIRONES,17079,GIRONA,SERVEIS,79228937,
2017,GIRONA,GIRONES,17079,GIRONA,DOMÈSTIC,226015095,
2017,GIRONA,BAIX EMPORDA,17081,GUALTA,SERVEIS,,Dades subjectes a secret estadístic.
2017,GIRONA,BAIX EMPORDA,17081,GUALTA,DOMÈSTIC,226479,
2017,GIRONA,SELVA,17083,HOSTALRIC,INDUSTRIAL,46287637,
2017,GIRONA,SELVA,17083,HOSTALRIC,SERVEIS,575384,
2017,GIRONA,SELVA,17083,HOSTALRIC,DOMÈSTIC,8344128,
2017,GIRONA,ALT EMPORDA,17086,"JONQUERA, LA",SERVEIS,3395646,
2017,GIRONA,ALT EMPORDA,17086,"JONQUERA, LA",DOMÈSTIC,4060595,
2017,GIRONA,GIRONES,17087,JUIA,INDUSTRIAL,,Dades subjectes a secret estadístic.
2017,GIRONA,GIRONES,17089,LLAGOSTERA,SERVEIS,758508,
2017,GIRONA,GIRONES,17089,LLAGOSTERA,DOMÈSTIC,13422611,
2017,GIRONA,SELVA,17095,LLORET DE MAR,SERVEIS,67547979,
2017,GIRONA,SELVA,17095,LLORET DE MAR,DOMÈSTIC,44491962,
2017,GIRONA,SELVA,17101,MASSANES,DOMÈSTIC,35639,
2017,GIRONA,SELVA,17101,MASSANES,INDUSTRIAL,41219399,
2017,GIRONA,SELVA,17103,MAÇANET DE LA SELVA,INDUSTRIAL,,Dades subjectes a secret estadístic.
2017,GIRONA,SELVA,17103,MAÇANET DE LA SELVA,SERVEIS,1553011,
2017,GIRONA,SELVA,17103,MAÇANET DE LA SELVA,DOMÈSTIC,9156533,
2017,GIRONA,BAIX EMPORDA,17110,MONT-RAS,SERVEIS,,Dades subjectes a secret estadístic.
2017,GIRONA,BAIX EMPORDA,17110,MONT-RAS,DOMÈSTIC,1779004,
2017,GIRONA,ALT EMPORDA,17111,NAVATA,SERVEIS,,Dades subjectes a secret estadístic.
2017,GIRONA,ALT EMPORDA,17111,NAVATA,DOMÈSTIC,779811,
2017,GIRONA,GARROTXA,17114,OLOT,INDUSTRIAL,61093570,
2017,GIRONA,GARROTXA,17114,OLOT,SERVEIS,24495930,
2017,GIRONA,GARROTXA,17114,OLOT,DOMÈSTIC,70603498,
2017,GIRONA,BAIX EMPORDA,17117,PALAFRUGELL,SERVEIS,6828063,
2017,GIRONA,BAIX EMPORDA,17117,PALAFRUGELL,DOMÈSTIC,34484544,
2017,GIRONA,BAIX EMPORDA,17118,PALAMOS,SERVEIS,7798462,
2017,GIRONA,BAIX EMPORDA,17118,PALAMOS,INDUSTRIAL,,Dades subjectes a secret estadístic.
2017,GIRONA,BAIX EMPORDA,17118,PALAMOS,DOMÈSTIC,29194627,
2017,GIRONA,PLA DE L'ESTANY,17123,PALOL DE REVARDIT,INDUSTRIAL,,Dades subjectes a secret estadístic.
2017,GIRONA,BAIX EMPORDA,17126,PARLAVA,DOMÈSTIC,163416,
2017,GIRONA,BAIX EMPORDA,17130,"PERA, LA",INDUSTRIAL,,Dades subjectes a secret estadístic.
2017,GIRONA,PLA DE L'ESTANY,17137,PORQUERES,SERVEIS,806952,
2017,GIRONA,PLA DE L'ESTANY,17137,PORQUERES,DOMÈSTIC,7358656,
2017,GIRONA,PLA DE L'ESTANY,17137,PORQUERES,INDUSTRIAL,,Dades subjectes a secret estadístic.
2017,GIRONA,GARROTXA,17139,"PRESES, LES",INDUSTRIAL,7655721,
2017,GIRONA,GARROTXA,17139,"PRESES, LES",DOMÈSTIC,2462558,
2017,GIRONA,GARROTXA,17139,"PRESES, LES",SERVEIS,611938,
2017,GIRONA,CERDANYA,17141,PUIGCERDA,SERVEIS,9437737,
2017,GIRONA,CERDANYA,17141,PUIGCERDA,DOMÈSTIC,21903490,
2017,GIRONA,GIRONES,17142,QUART,DOMÈSTIC,7160327,
2017,GIRONA,GIRONES,17142,QUART,SERVEIS,1760659,
2017,GIRONA,SELVA,17146,RIELLS I VIABREA,INDUSTRIAL,10824045,
2017,GIRONA,SELVA,17146,RIELLS I VIABREA,DOMÈSTIC,905379,
2017,GIRONA,SELVA,17146,RIELLS I VIABREA,SERVEIS,,Dades subjectes a secret estadístic.
2017,GIRONA,RIPOLLES,17147,RIPOLL,INDUSTRIAL,34293940,
2017,GIRONA,RIPOLLES,17147,RIPOLL,SERVEIS,5783574,
2017,GIRONA,RIPOLLES,17147,RIPOLL,DOMÈSTIC,23268117,
2017,GIRONA,SELVA,17148,RIUDARENES,INDUSTRIAL,,Dades subjectes a secret estadístic.
2017,GIRONA,SELVA,17148,RIUDARENES,SERVEIS,946981,
2017,GIRONA,SELVA,17148,RIUDARENES,DOMÈSTIC,2298073,
2017,GIRONA,SELVA,17150,RIUDELLOTS DE LA SELVA,INDUSTRIAL,127404795,
2017,GIRONA,SELVA,17150,RIUDELLOTS DE LA SELVA,SERVEIS,13037728,
2017,GIRONA,SELVA,17150,RIUDELLOTS DE LA SELVA,DOMÈSTIC,3661592,
2017,GIRONA,GIRONES,17155,SALT,INDUSTRIAL,,Dades subjectes a secret estadístic.
2017,GIRONA,GIRONES,17155,SALT,SERVEIS,21411653,
2017,GIRONA,GIRONES,17155,SALT,DOMÈSTIC,47080988,
2017,GIRONA,SELVA,17159,SANT FELIU DE BUIXALLEU,INDUSTRIAL,23301129,
2017,GIRONA,SELVA,17159,SANT FELIU DE BUIXALLEU,SERVEIS,,Dades subjectes a secret estadístic.
2017,GIRONA,BAIX EMPORDA,17160,SANT FELIU DE GUIXOLS,SERVEIS,11282826,
2017,GIRONA,BAIX EMPORDA,17160,SANT FELIU DE GUIXOLS,DOMÈSTIC,47248495,
2017,GIRONA,GIRONES,17163,SANT GREGORI,INDUSTRIAL,,Dades subjectes a secret estadístic.
2017,GIRONA,GIRONES,17163,SANT GREGORI,SERVEIS,1224999,
2017,GIRONA,GIRONES,17163,SANT GREGORI,DOMÈSTIC,7593545,
2017,GIRONA,GARROTXA,17165,SANT JAUME DE LLIERCA,INDUSTRIAL,,Dades subjectes a secret estadístic.
2017,GIRONA,GARROTXA,17165,SANT JAUME DE LLIERCA,SERVEIS,,Dades subjectes a secret estadístic.
2017,GIRONA,GARROTXA,17165,SANT JAUME DE LLIERCA,DOMÈSTIC,1282999,
2017,GIRONA,RIPOLLES,17167,SANT JOAN DE LES ABADESSES,INDUSTRIAL,,Dades subjectes a secret estadístic.
2017,GIRONA,RIPOLLES,17167,SANT JOAN DE LES ABADESSES,SERVEIS,2082533,
2017,GIRONA,RIPOLLES,17167,SANT JOAN DE LES ABADESSES,DOMÈSTIC,7688850,
2017,GIRONA,GIRONES,17168,SANT JOAN DE MOLLET,SERVEIS,,Dades subjectes a secret estadístic.
2017,GIRONA,GIRONES,17168,SANT JOAN DE MOLLET,DOMÈSTIC,886709,
2017,GIRONA,GIRONES,17169,SANT JULIA DE RAMIS,INDUSTRIAL,,Dades subjectes a secret estadístic.
2017,GIRONA,GIRONES,17169,SANT JULIA DE RAMIS,SERVEIS,211471,
2017,GIRONA,GIRONES,17169,SANT JULIA DE RAMIS,DOMÈSTIC,4275042,
2017,GIRONA,RIPOLLES,17177,SANT PAU DE SEGURIES,SERVEIS,289489,
2017,GIRONA,RIPOLLES,17177,SANT PAU DE SEGURIES,DOMÈSTIC,800225,
2017,GIRONA,SELVA,17180,SANTA COLOMA DE FARNERS,INDUSTRIAL,2979674,
2017,GIRONA,SELVA,17180,SANTA COLOMA DE FARNERS,SERVEIS,2596500,
2017,GIRONA,SELVA,17180,SANTA COLOMA DE FARNERS,DOMÈSTIC,17016941,
2017,GIRONA,BAIX EMPORDA,17181,SANTA CRISTINA D'ARO,SERVEIS,760900,
2017,GIRONA,BAIX EMPORDA,17181,SANTA CRISTINA D'ARO,DOMÈSTIC,9366859,
2017,GIRONA,ALT EMPORDA,17182,SANTA LLOGAIA D'ALGUEMA,DOMÈSTIC,192813,
2017,GIRONA,GARROTXA,17185,SANT JOAN LES FONTS,INDUSTRIAL,742874969,
2017,GIRONA,GARROTXA,17185,SANT JOAN LES FONTS,SERVEIS,1983193,
2017,GIRONA,GARROTXA,17185,SANT JOAN LES FONTS,DOMÈSTIC,6072880,
2017,GIRONA,GIRONES,17186,SARRIA DE TER,INDUSTRIAL,,Dades subjectes a secret estadístic.
2017,GIRONA,GIRONES,17186,SARRIA DE TER,SERVEIS,706626,
2017,GIRONA,GIRONES,17186,SARRIA DE TER,DOMÈSTIC,8497829,
2017,GIRONA,PLA DE L'ESTANY,17190,SERINYA,INDUSTRIAL,,Dades subjectes a secret estadístic.
2017,GIRONA,PLA DE L'ESTANY,17190,SERINYA,SERVEIS,,Dades subjectes a secret estadístic.
2017,GIRONA,PLA DE L'ESTANY,17190,SERINYA,DOMÈSTIC,1453157,
2017,GIRONA,BAIX EMPORDA,17191,SERRA DE DARO,DOMÈSTIC,401101,
2017,GIRONA,SELVA,17193,SILS,INDUSTRIAL,21102299,
2017,GIRONA,SELVA,17193,SILS,SERVEIS,857339,
2017,GIRONA,SELVA,17193,SILS,DOMÈSTIC,5312453,
2017,GIRONA,BAIX EMPORDA,17199,TORROELLA DE MONTGRI,INDUSTRIAL,,Dades subjectes a secret estadístic.
2017,GIRONA,BAIX EMPORDA,17199,TORROELLA DE MONTGRI,SERVEIS,4211095,
2017,GIRONA,BAIX EMPORDA,17199,TORROELLA DE MONTGRI,DOMÈSTIC,12512384,
2017,GIRONA,BAIX EMPORDA,17204,ULLA,INDUSTRIAL,,Dades subjectes a secret estadístic.
2017,GIRONA,BAIX EMPORDA,17204,ULLA,SERVEIS,,Dades subjectes a secret estadístic.
2017,GIRONA,BAIX EMPORDA,17204,ULLA,DOMÈSTIC,1388537,
2017,GIRONA,GARROTXA,17207,"VALL D'EN BAS, LA",SERVEIS,,Dades subjectes a secret estadístic.
2017,GIRONA,GARROTXA,17207,"VALL D'EN BAS, LA",DOMÈSTIC,1023569,
2017,GIRONA,GARROTXA,17208,"VALL DE BIANYA, LA",INDUSTRIAL,,Dades subjectes a secret estadístic.
2017,GIRONA,GARROTXA,17208,"VALL DE BIANYA, LA",SERVEIS,593808,
2017,GIRONA,GARROTXA,17208,"VALL DE BIANYA, LA",DOMÈSTIC,1293190,
2017,GIRONA,BAIX EMPORDA,17209,VALL-LLOBREGA,SERVEIS,,Dades subjectes a secret estadístic.
2017,GIRONA,BAIX EMPORDA,17209,VALL-LLOBREGA,DOMÈSTIC,964056,
2017,GIRONA,SELVA,17213,VIDRERES,INDUSTRIAL,,Dades subjectes a secret estadístic.
2017,GIRONA,SELVA,17213,VIDRERES,SERVEIS,1398067,
2017,GIRONA,SELVA,17213,VIDRERES,DOMÈSTIC,9939757,
2017,GIRONA,GIRONES,17215,VILABLAREIX,SERVEIS,885595,
2017,GIRONA,GIRONES,17215,VILABLAREIX,DOMÈSTIC,6674070,
2017,GIRONA,ALT EMPORDA,17221,VILAFANT,SERVEIS,4172173,
2017,GIRONA,ALT EMPORDA,17221,VILAFANT,DOMÈSTIC,7768376,
2017,GIRONA,BAIX EMPORDA,17902,FORALLAC,SERVEIS,359874,
2017,GIRONA,BAIX EMPORDA,17902,FORALLAC,DOMÈSTIC,2391957,
2017,LLEIDA,URGELL,25003,AGRAMUNT,SERVEIS,,Dades subjectes a secret estadístic.
2017,LLEIDA,URGELL,25003,AGRAMUNT,DOMÈSTIC,1223410,
2017,LLEIDA,SEGRIA,25004,"ALAMUS, ELS",DOMÈSTIC,903376,
2017,LLEIDA,SEGRIA,25007,ALBATARREC,SERVEIS,,Dades subjectes a secret estadístic.
2017,LLEIDA,SEGRIA,25007,ALBATARREC,DOMÈSTIC,3813327,
2017,LLEIDA,SEGRIA,25011,ALCARRAS,INDUSTRIAL,,Dades subjectes a secret estadístic.
2017,LLEIDA,SEGRIA,25011,ALCARRAS,SERVEIS,2121019,
2017,LLEIDA,SEGRIA,25011,ALCARRAS,DOMÈSTIC,21642141,
2017,LLEIDA,SEGRIA,25012,ALCOLETGE,INDUSTRIAL,14123085,
2017,LLEIDA,SEGRIA,25012,ALCOLETGE,SERVEIS,1308842,
2017,LLEIDA,SEGRIA,25012,ALCOLETGE,DOMÈSTIC,8032009,
2017,LLEIDA,SEGRIA,25013,ALFARRAS,SERVEIS,1939644,
2017,LLEIDA,SEGRIA,25013,ALFARRAS,DOMÈSTIC,6011725,
2017,LLEIDA,SEGRIA,25016,ALGUAIRE,INDUSTRIAL,,Dades subjectes a secret estadístic.
2017,LLEIDA,SEGRIA,25016,ALGUAIRE,SERVEIS,797894,
2017,LLEIDA,SEGRIA,25016,ALGUAIRE,DOMÈSTIC,6035600,
2017,LLEIDA,SEGRIA,25019,ALMACELLES,INDUSTRIAL,,Dades subjectes a secret estadístic.
2017,LLEIDA,SEGRIA,25019,ALMACELLES,SERVEIS,1997784,
2017,LLEIDA,SEGRIA,25019,ALMACELLES,DOMÈSTIC,14237121,
2017,LLEIDA,SEGRIA,25021,ALMENAR,INDUSTRIAL,,Dades subjectes a secret estadístic.
2017,LLEIDA,SEGRIA,25021,ALMENAR,SERVEIS,678874,
2017,LLEIDA,SEGRIA,25021,ALMENAR,DOMÈSTIC,6385959,
2017,LLEIDA,SEGRIA,25023,ALPICAT,INDUSTRIAL,,Dades subjectes a secret estadístic.
2017,LLEIDA,SEGRIA,25023,ALPICAT,SERVEIS,2933322,
2017,LLEIDA,SEGRIA,25023,ALPICAT,DOMÈSTIC,16121611,
2017,LLEIDA,VAL D'ARAN,25025,NAUT ARAN,DOMÈSTIC,3511300,
2017,LLEIDA,VAL D'ARAN,25025,NAUT ARAN,SERVEIS,3806493,
2017,LLEIDA,URGELL,25027,ANGLESOLA,DOMÈSTIC,2147572,
2017,LLEIDA,URGELL,25027,ANGLESOLA,SERVEIS,,Dades subjectes a secret estadístic.
2017,LLEIDA,NOGUERA,25034,ARTESA DE SEGRE,SERVEIS,260047,
2017,LLEIDA,NOGUERA,25034,ARTESA DE SEGRE,DOMÈSTIC,4306252,
2017,LLEIDA,SEGRIA,25038,AITONA,DOMÈSTIC,508884,
2017,LLEIDA,NOGUERA,25040,BALAGUER,SERVEIS,10405563,
2017,LLEIDA,NOGUERA,25040,BALAGUER,INDUSTRIAL,28389622,
2017,LLEIDA,NOGUERA,25040,BALAGUER,DOMÈSTIC,29649103,
2017,LLEIDA,NOGUERA,25047,BELLCAIRE D'URGELL,SERVEIS,,Dades subjectes a secret estadístic.
2017,LLEIDA,NOGUERA,25047,BELLCAIRE D'URGELL,INDUSTRIAL,,Dades subjectes a secret estadístic.
2017,LLEIDA,NOGUERA,25047,BELLCAIRE D'URGELL,DOMÈSTIC,3129849,
2017,LLEIDA,PLA D'URGELL,25048,BELL-LLOC D'URGELL,SERVEIS,533943,
2017,LLEIDA,PLA D'URGELL,25048,BELL-LLOC D'URGELL,INDUSTRIAL,,Dades subjectes a secret estadístic.
2017,LLEIDA,PLA D'URGELL,25048,BELL-LLOC D'URGELL,DOMÈSTIC,4958811,
2017,LLEIDA,URGELL,25050,BELLPUIG,DOMÈSTIC,11467067,
2017,LLEIDA,URGELL,25050,BELLPUIG,INDUSTRIAL,,Dades subjectes a secret estadístic.
2017,LLEIDA,URGELL,25050,BELLPUIG,SERVEIS,2212527,
2017,LLEIDA,PLA D'URGELL,25052,BELLVIS,DOMÈSTIC,219432,
2017,LLEIDA,SEGRIA,25053,BENAVENT DE SEGRIA,SERVEIS,,Dades subjectes a secret estadístic.
2017,LLEIDA,SEGRIA,25053,BENAVENT DE SEGRIA,DOMÈSTIC,2520466,
2017,LLEIDA,GARRIGUES,25058,"BORGES BLANQUES, LES",SERVEIS,1754286,
2017,LLEIDA,GARRIGUES,25058,"BORGES BLANQUES, LES",INDUSTRIAL,,Dades subjectes a secret estadístic. Inclou el consum del sector energètic.
2017,LLEIDA,GARRIGUES,25058,"BORGES BLANQUES, LES",DOMÈSTIC,10889112,
2017,LLEIDA,VAL D'ARAN,25059,BOSSOST,SERVEIS,,Dades subjectes a secret estadístic.
2017,LLEIDA,VAL D'ARAN,25059,BOSSOST,DOMÈSTIC,94868,
2017,LLEIDA,PLA D'URGELL,25068,CASTELLNOU DE SEANA,DOMÈSTIC,472824,
2017,LLEIDA,PLA D'URGELL,25068,CASTELLNOU DE SEANA,SERVEIS,,Dades subjectes a secret estadístic.
2017,LLEIDA,SEGARRA,25072,CERVERA,INDUSTRIAL,67611961,
2017,LLEIDA,SEGARRA,25072,CERVERA,SERVEIS,6060151,
2017,LLEIDA,SEGARRA,25072,CERVERA,DOMÈSTIC,19642013,
2017,LLEIDA,SEGRIA,25078,CORBINS,DOMÈSTIC,1100801,
2017,LLEIDA,SEGRIA,25078,CORBINS,SERVEIS,,Dades subjectes a secret estadístic.
2017,LLEIDA,GARRIGUES,25081,"ESPLUGA CALBA, L'",INDUSTRIAL,,Dades subjectes a secret estadístic.
2017,LLEIDA,GARRIGUES,25081,"ESPLUGA CALBA, L'",DOMÈSTIC,226443,
2017,LLEIDA,PLA D'URGELL,25093,FONDARELLA,DOMÈSTIC,1749303,
2017,LLEIDA,PLA D'URGELL,25093,FONDARELLA,INDUSTRIAL,,Dades subjectes a secret estadístic.
2017,LLEIDA,PLA D'URGELL,25093,FONDARELLA,SERVEIS,,Dades subjectes a secret estadístic.
2017,LLEIDA,PLA D'URGELL,25099,GOLMES,SERVEIS,465600,
2017,LLEIDA,PLA D'URGELL,25099,GOLMES,DOMÈSTIC,3975494,
2017,LLEIDA,SEGARRA,25110,GUISSONA,SERVEIS,5621348,
2017,LLEIDA,SEGARRA,25110,GUISSONA,INDUSTRIAL,,Dades subjectes a secret estadístic.
2017,LLEIDA,SEGARRA,25110,GUISSONA,DOMÈSTIC,11801668,
2017,LLEIDA,PLA D'URGELL,25113,IVARS D'URGELL,INDUSTRIAL,,Dades subjectes a secret estadístic.
2017,LLEIDA,PLA D'URGELL,25113,IVARS D'URGELL,SERVEIS,,Dades subjectes a secret estadístic.
2017,LLEIDA,PLA D'URGELL,25113,IVARS D'URGELL,DOMÈSTIC,2180272,
2017,LLEIDA,GARRIGUES,25119,JUNEDA,SERVEIS,,Dades subjectes a secret estadístic.
2017,LLEIDA,GARRIGUES,25119,JUNEDA,DOMÈSTIC,5773933,
2017,LLEIDA,SEGRIA,25120,LLEIDA,INDUSTRIAL,120365912,
2017,LLEIDA,SEGRIA,25120,LLEIDA,PRIMARI,,Dades subjectes a secret estadístic.
2017,LLEIDA,SEGRIA,25120,LLEIDA,SERVEIS,142344619,
2017,LLEIDA,SEGRIA,25120,LLEIDA,DOMÈSTIC,302224383,
2017,LLEIDA,PLA D'URGELL,25122,LINYOLA,INDUSTRIAL,,Dades subjectes a secret estadístic.
2017,LLEIDA,PLA D'URGELL,25122,LINYOLA,SERVEIS,227328,
2017,LLEIDA,PLA D'URGELL,25122,LINYOLA,DOMÈSTIC,3924699,
2017,LLEIDA,PLA D'URGELL,25135,MIRALCAMP,INDUSTRIAL,,Dades subjectes a secret estadístic.
2017,LLEIDA,PLA D'URGELL,25135,MIRALCAMP,SERVEIS,,Dades subjectes a secret estadístic.
2017,LLEIDA,PLA D'URGELL,25135,MIRALCAMP,DOMÈSTIC,2247745,
2017,LLEIDA,PLA D'URGELL,25137,MOLLERUSSA,INDUSTRIAL,1225948157,
2017,LLEIDA,PLA D'URGELL,25137,MOLLERUSSA,SERVEIS,6755411,
2017,LLEIDA,PLA D'URGELL,25137,MOLLERUSSA,DOMÈSTIC,31993392,
2017,LLEIDA,SOLSONES,25151,OLIUS,DOMÈSTIC,687944,
2017,LLEIDA,ALT URGELL,25155,ORGANYA,DOMÈSTIC,958461,
2017,LLEIDA,PLA D'URGELL,25158,"PALAU D'ANGLESOLA, EL",INDUSTRIAL,,Dades subjectes a secret estadístic.
2017,LLEIDA,PLA D'URGELL,25158,"PALAU D'ANGLESOLA, EL",SERVEIS,642116,
2017,LLEIDA,PLA D'URGELL,25158,"PALAU D'ANGLESOLA, EL",DOMÈSTIC,3770741,
2017,LLEIDA,PALLARS SOBIRA,25183,RIALP,DOMÈSTIC,804343,
2017,LLEIDA,PALLARS SOBIRA,25183,RIALP,SERVEIS,,Dades subjectes a secret estadístic.
2017,LLEIDA,SEGRIA,25189,ROSSELLO,INDUSTRIAL,,Dades subjectes a secret estadístic.
2017,LLEIDA,SEGRIA,25189,ROSSELLO,SERVEIS,725145,
2017,LLEIDA,SEGRIA,25189,ROSSELLO,DOMÈSTIC,7025495,
2017,LLEIDA,SEGARRA,25192,SANT GUIM DE FREIXENET,SERVEIS,,Dades subjectes a secret estadístic.
2017,LLEIDA,SEGARRA,25192,SANT GUIM DE FREIXENET,DOMÈSTIC,1976762,
2017,LLEIDA,SEGRIA,25204,SEROS,DOMÈSTIC,684732,
2017,LLEIDA,SOLSONES,25207,SOLSONA,SERVEIS,1635979,
2017,LLEIDA,SOLSONES,25207,SOLSONA,INDUSTRIAL,,Dades subjectes a secret estadístic.
2017,LLEIDA,SOLSONES,25207,SOLSONA,DOMÈSTIC,15256144,
2017,LLEIDA,URGELL,25217,TARREGA,SERVEIS,10528452,
2017,LLEIDA,URGELL,25217,TARREGA,INDUSTRIAL,,Dades subjectes a secret estadístic.
2017,LLEIDA,URGELL,25217,TARREGA,DOMÈSTIC,40513418,
2017,LLEIDA,GARRIGUES,25218,TARRES,DOMÈSTIC,195569,
2017,LLEIDA,GARRIGUES,25218,TARRES,SERVEIS,,Dades subjectes a secret estadístic.
2017,LLEIDA,NOGUERA,25220,TERMENS,INDUSTRIAL,,Dades subjectes a secret estadístic.
2017,LLEIDA,SEGRIA,25228,TORREFARRERA,SERVEIS,3167234,
2017,LLEIDA,SEGRIA,25228,TORREFARRERA,DOMÈSTIC,13497177,
2017,LLEIDA,PLA D'URGELL,25230,TORREGROSSA,DOMÈSTIC,3339253,
2017,LLEIDA,PLA D'URGELL,25230,TORREGROSSA,SERVEIS,610516,
2017,LLEIDA,PLA D'URGELL,25230,TORREGROSSA,INDUSTRIAL,,Dades subjectes a secret estadístic.
2017,LLEIDA,NOGUERA,25231,TORRELAMEU,SERVEIS,321818,
2017,LLEIDA,NOGUERA,25231,TORRELAMEU,DOMÈSTIC,330310,
2017,LLEIDA,SEGRIA,25233,TORRE-SERONA,SERVEIS,,Dades subjectes a secret estadístic.
2017,LLEIDA,SEGRIA,25233,TORRE-SERONA,DOMÈSTIC,306917,
2017,LLEIDA,NOGUERA,25240,VALLFOGONA DE BALAGUER,INDUSTRIAL,,Dades subjectes a secret estadístic.
2017,LLEIDA,NOGUERA,25240,VALLFOGONA DE BALAGUER,SERVEIS,124350,
2017,LLEIDA,NOGUERA,25240,VALLFOGONA DE BALAGUER,DOMÈSTIC,3624957,
2017,LLEIDA,URGELL,25244,VILAGRASSA,SERVEIS,,Dades subjectes a secret estadístic.
2017,LLEIDA,URGELL,25244,VILAGRASSA,DOMÈSTIC,541404,
2017,LLEIDA,SEGRIA,25251,VILANOVA DE SEGRIA,SERVEIS,,Dades subjectes a secret estadístic.
2017,LLEIDA,SEGRIA,25251,VILANOVA DE SEGRIA,DOMÈSTIC,1125389,
2017,LLEIDA,SEGRIA,25254,VILANOVA DE LA BARCA,DOMÈSTIC,770496,
2017,LLEIDA,SEGARRA,25905,RIBERA D'ONDARA,INDUSTRIAL,,Dades subjectes a secret estadístic.
2017,TARRAGONA,MONTSIA,43004,ALCANAR,SERVEIS,1268518,
2017,TARRAGONA,MONTSIA,43004,ALCANAR,DOMÈSTIC,4111289,
2017,TARRAGONA,ALT CAMP,43005,ALCOVER,DOMÈSTIC,4189075,
2017,TARRAGONA,ALT CAMP,43005,ALCOVER,INDUSTRIAL,97484090,
2017,TARRAGONA,ALT CAMP,43005,ALCOVER,SERVEIS,1963664,
2017,TARRAGONA,BAIX CAMP,43011,ALMOSTER,DOMÈSTIC,36629,
2017,TARRAGONA,TARRAGONES,43012,ALTAFULLA,SERVEIS,1458277,
2017,TARRAGONA,TARRAGONES,43012,ALTAFULLA,DOMÈSTIC,7414472,
2017,TARRAGONA,BAIX EBRE,43013,"AMETLLA DE MAR, L'",DOMÈSTIC,1979793,
2017,TARRAGONA,BAIX EBRE,43013,"AMETLLA DE MAR, L'",SERVEIS,1609645,
2017,TARRAGONA,MONTSIA,43014,AMPOSTA,INDUSTRIAL,,Dades subjectes a secret estadístic.
2017,TARRAGONA,MONTSIA,43014,AMPOSTA,DOMÈSTIC,10907108,
2017,TARRAGONA,MONTSIA,43014,AMPOSTA,SERVEIS,4613119,
2017,TARRAGONA,BAIX PENEDES,43016,"ARBOÇ, L'",INDUSTRIAL,,Dades subjectes a secret estadístic.
2017,TARRAGONA,BAIX PENEDES,43016,"ARBOÇ, L'",DOMÈSTIC,7435147,
2017,TARRAGONA,BAIX PENEDES,43016,"ARBOÇ, L'",SERVEIS,2337038,
2017,TARRAGONA,BAIX PENEDES,43020,BANYERES DEL PENEDES,DOMÈSTIC,877258,
2017,TARRAGONA,BAIX PENEDES,43020,BANYERES DEL PENEDES,SERVEIS,,Dades subjectes a secret estadístic.
2017,TARRAGONA,BAIX PENEDES,43024,BELLVEI,INDUSTRIAL,10097536,
2017,TARRAGONA,BAIX PENEDES,43024,BELLVEI,DOMÈSTIC,2590048,
2017,TARRAGONA,BAIX PENEDES,43024,BELLVEI,SERVEIS,,Dades subjectes a secret estadístic.
2017,TARRAGONA,RIBERA D'EBRE,43026,BENISSANET,DOMÈSTIC,1543377,
2017,TARRAGONA,RIBERA D'EBRE,43026,BENISSANET,SERVEIS,,Dades subjectes a secret estadístic.
2017,TARRAGONA,BAIX PENEDES,43030,BONASTRE,DOMÈSTIC,560124,
2017,TARRAGONA,BAIX PENEDES,43037,CALAFELL,DOMÈSTIC,26841921,
2017,TARRAGONA,BAIX PENEDES,43037,CALAFELL,SERVEIS,5254915,
2017,TARRAGONA,BAIX CAMP,43038,CAMBRILS,DOMÈSTIC,42239456,
2017,TARRAGONA,BAIX CAMP,43038,CAMBRILS,SERVEIS,17725770,
2017,TARRAGONA,BAIX CAMP,43042,CASTELLVELL DEL CAMP,DOMÈSTIC,2310153,
2017,TARRAGONA,BAIX CAMP,43042,CASTELLVELL DEL CAMP,SERVEIS,458881,
2017,TARRAGONA,TARRAGONES,43043,"CATLLAR, EL",DOMÈSTIC,1065704,
2017,TARRAGONA,TARRAGONES,43043,"CATLLAR, EL",SERVEIS,,Dades subjectes a secret estadístic.
2017,TARRAGONA,MONTSIA,43044,"SENIA, LA",SERVEIS,,Dades subjectes a secret estadístic.
2017,TARRAGONA,MONTSIA,43044,"SENIA, LA",DOMÈSTIC,1376525,
2017,TARRAGONA,TARRAGONES,43047,CONSTANTI,DOMÈSTIC,4231310,
2017,TARRAGONA,TARRAGONES,43047,CONSTANTI,INDUSTRIAL,4003250,
2017,TARRAGONA,TARRAGONES,43047,CONSTANTI,SERVEIS,19197387,
2017,TARRAGONA,TARRAGONES,43050,CREIXELL,SERVEIS,,Dades subjectes a secret estadístic.
2017,TARRAGONA,TARRAGONES,43050,CREIXELL,DOMÈSTIC,3085794,
2017,TARRAGONA,BAIX PENEDES,43051,CUNIT,SERVEIS,3588230,
2017,TARRAGONA,BAIX PENEDES,43051,CUNIT,DOMÈSTIC,13257055,
2017,TARRAGONA,CONCA DE BARBERA,43054,"ESPLUGA DE FRANCOLI, L'",DOMÈSTIC,6470803,
2017,TARRAGONA,CONCA DE BARBERA,43054,"ESPLUGA DE FRANCOLI, L'",SERVEIS,812532,
2017,TARRAGONA,PRIORAT,43055,FALSET,SERVEIS,,Dades subjectes a secret estadístic.
2017,TARRAGONA,PRIORAT,43055,FALSET,INDUSTRIAL,,Dades subjectes a secret estadístic.
2017,TARRAGONA,PRIORAT,43055,FALSET,DOMÈSTIC,2600671,
2017,TARRAGONA,TERRA ALTA,43064,GANDESA,SERVEIS,,Dades subjectes a secret estadístic.
2017,TARRAGONA,TERRA ALTA,43064,GANDESA,DOMÈSTIC,617310,
2017,TARRAGONA,ALT CAMP,43080,"MASO, LA",DOMÈSTIC,240527,
2017,TARRAGONA,CONCA DE BARBERA,43086,MONTBLANC,INDUSTRIAL,255366567,
2017,TARRAGONA,CONCA DE BARBERA,43086,MONTBLANC,SERVEIS,3369376,
2017,TARRAGONA,CONCA DE BARBERA,43086,MONTBLANC,DOMÈSTIC,14629808,
2017,TARRAGONA,BAIX CAMP,43092,MONT-ROIG DEL CAMP,SERVEIS,498470,
2017,TARRAGONA,BAIX CAMP,43092,MONT-ROIG DEL CAMP,DOMÈSTIC,3727533,
2017,TARRAGONA,RIBERA D'EBRE,43093,MORA D'EBRE,INDUSTRIAL,,Dades subjectes a secret estadístic.
2017,TARRAGONA,RIBERA D'EBRE,43093,MORA D'EBRE,SERVEIS,5015019,
2017,TARRAGONA,RIBERA D'EBRE,43093,MORA D'EBRE,DOMÈSTIC,7552060,
2017,TARRAGONA,RIBERA D'EBRE,43094,MORA LA NOVA,DOMÈSTIC,4149396,
2017,TARRAGONA,RIBERA D'EBRE,43094,MORA LA NOVA,SERVEIS,586376,
2017,TARRAGONA,RIBERA D'EBRE,43094,MORA LA NOVA,INDUSTRIAL,,Dades subjectes a secret estadístic.
2017,TARRAGONA,TARRAGONES,43095,"MORELL, EL",DOMÈSTIC,2888123,
2017,TARRAGONA,TARRAGONES,43095,"MORELL, EL",INDUSTRIAL,,Dades subjectes a secret estadístic.
2017,TARRAGONA,TARRAGONES,43095,"MORELL, EL",SERVEIS,737063,
2017,TARRAGONA,TARRAGONES,43100,"PALLARESOS, ELS",INDUSTRIAL,,Dades subjectes a secret estadístic.
2017,TARRAGONA,TARRAGONES,43100,"PALLARESOS, ELS",SERVEIS,2719422,
2017,TARRAGONA,TARRAGONES,43100,"PALLARESOS, ELS",DOMÈSTIC,2976645,
2017,TARRAGONA,BAIX EBRE,43104,"PERELLO, EL",DOMÈSTIC,331793,
2017,TARRAGONA,ALT CAMP,43108,"PLA DE SANTA MARIA, EL",DOMÈSTIC,3262513,
2017,TARRAGONA,ALT CAMP,43108,"PLA DE SANTA MARIA, EL",INDUSTRIAL,,Dades subjectes a secret estadístic.
2017,TARRAGONA,ALT CAMP,43108,"PLA DE SANTA MARIA, EL",SERVEIS,378737,
2017,TARRAGONA,TARRAGONES,43109,"POBLA DE MAFUMET, LA",INDUSTRIAL,7595783286,Inclou el consum del sector energètic.
2017,TARRAGONA,TARRAGONES,43109,"POBLA DE MAFUMET, LA",SERVEIS,1311321,
2017,TARRAGONA,TARRAGONES,43109,"POBLA DE MAFUMET, LA",DOMÈSTIC,2741583,
2017,TARRAGONA,TARRAGONES,43111,"POBLA DE MONTORNES, LA",DOMÈSTIC,1633302,
2017,TARRAGONA,TARRAGONES,43111,"POBLA DE MONTORNES, LA",INDUSTRIAL,,Dades subjectes a secret estadístic.
2017,TARRAGONA,TARRAGONES,43111,"POBLA DE MONTORNES, LA",SERVEIS,,Dades subjectes a secret estadístic.
2017,TARRAGONA,ALT CAMP,43119,PUIGPELAT,INDUSTRIAL,,Dades subjectes a secret estadístic.
2017,TARRAGONA,BAIX CAMP,43123,REUS,SERVEIS,51911762,Inclou el consum del sector transport.
2017,TARRAGONA,BAIX CAMP,43123,REUS,INDUSTRIAL,134256001,
2017,TARRAGONA,BAIX CAMP,43123,REUS,DOMÈSTIC,117462897,
2017,TARRAGONA,ALT CAMP,43124,"RIBA, LA",SERVEIS,323200,
2017,TARRAGONA,ALT CAMP,43124,"RIBA, LA",INDUSTRIAL,229137375,
2017,TARRAGONA,ALT CAMP,43124,"RIBA, LA",DOMÈSTIC,1407132,
2017,TARRAGONA,BAIX CAMP,43129,RIUDOMS,INDUSTRIAL,,Dades subjectes a secret estadístic.
2017,TARRAGONA,BAIX CAMP,43129,RIUDOMS,SERVEIS,,Dades subjectes a secret estadístic.
2017,TARRAGONA,BAIX CAMP,43129,RIUDOMS,DOMÈSTIC,3526830,
2017,TARRAGONA,TARRAGONES,43131,RODA DE BERA,INDUSTRIAL,,Dades subjectes a secret estadístic.
2017,TARRAGONA,TARRAGONES,43131,RODA DE BERA,SERVEIS,634846,
2017,TARRAGONA,TARRAGONES,43131,RODA DE BERA,DOMÈSTIC,5969944,
2017,TARRAGONA,BAIX EBRE,43133,ROQUETES,SERVEIS,1448815,
2017,TARRAGONA,BAIX EBRE,43133,ROQUETES,DOMÈSTIC,2724795,
2017,TARRAGONA,ALT CAMP,43134,"ROURELL, EL",DOMÈSTIC,133493,
2017,TARRAGONA,MONTSIA,43136,SANT CARLES DE LA RAPITA,INDUSTRIAL,,Dades subjectes a secret estadístic.
2017,TARRAGONA,MONTSIA,43136,SANT CARLES DE LA RAPITA,SERVEIS,2771058,
2017,TARRAGONA,MONTSIA,43136,SANT CARLES DE LA RAPITA,DOMÈSTIC,4736956,
2017,TARRAGONA,BAIX PENEDES,43140,SANTA OLIVA,SERVEIS,,Dades subjectes a secret estadístic.
2017,TARRAGONA,BAIX PENEDES,43140,SANTA OLIVA,DOMÈSTIC,347760,
2017,TARRAGONA,CONCA DE BARBERA,43142,SARRAL,SERVEIS,,Dades subjectes a secret estadístic.
2017,TARRAGONA,CONCA DE BARBERA,43142,SARRAL,DOMÈSTIC,593914,
2017,TARRAGONA,BAIX CAMP,43145,"SELVA DEL CAMP, LA",INDUSTRIAL,62907082,
2017,TARRAGONA,BAIX CAMP,43145,"SELVA DEL CAMP, LA",PRIMARI,,Dades subjectes a secret estadístic.
2017,TARRAGONA,BAIX CAMP,43145,"SELVA DEL CAMP, LA",SERVEIS,2667891,
2017,TARRAGONA,BAIX CAMP,43145,"SELVA DEL CAMP, LA",DOMÈSTIC,7229639,
2017,TARRAGONA,TARRAGONES,43148,TARRAGONA,SERVEIS,59833204,
2017,TARRAGONA,TARRAGONES,43148,TARRAGONA,DOMÈSTIC,131503626,
2017,TARRAGONA,TARRAGONES,43148,TARRAGONA,INDUSTRIAL,1299792169,Inclou el consum del sector energètic.
2017,TARRAGONA,TARRAGONES,43148,TARRAGONA,CT RO,,Dades subjectes a secret estadístic. Inclou el consum de centrals tèrmiques de l'antic règim ordinari.
2017,TARRAGONA,RIBERA D'EBRE,43150,TIVISSA,DOMÈSTIC,1463161,
2017,TARRAGONA,RIBERA D'EBRE,43150,TIVISSA,SERVEIS,,Dades subjectes a secret estadístic.
2017,TARRAGONA,TARRAGONES,43153,TORREDEMBARRA,SERVEIS,2911298,
2017,TARRAGONA,TARRAGONES,43153,TORREDEMBARRA,DOMÈSTIC,14186544,
2017,TARRAGONA,BAIX EBRE,43155,TORTOSA,SERVEIS,22182930,
2017,TARRAGONA,BAIX EBRE,43155,TORTOSA,INDUSTRIAL,,Dades subjectes a secret estadístic.
2017,TARRAGONA,BAIX EBRE,43155,TORTOSA,DOMÈSTIC,20033238,
2017,TARRAGONA,MONTSIA,43156,ULLDECONA,INDUSTRIAL,9623877,
2017,TARRAGONA,MONTSIA,43156,ULLDECONA,DOMÈSTIC,2663299,
2017,TARRAGONA,ALT CAMP,43160,VALLMOLL,SERVEIS,,Dades subjectes a secret estadístic.
2017,TARRAGONA,ALT CAMP,43160,VALLMOLL,INDUSTRIAL,,Dades subjectes a secret estadístic.
2017,TARRAGONA,ALT CAMP,43160,VALLMOLL,DOMÈSTIC,810861,
2017,TARRAGONA,ALT CAMP,43161,VALLS,SERVEIS,8841854,
2017,TARRAGONA,ALT CAMP,43161,VALLS,INDUSTRIAL,88458427,
2017,TARRAGONA,ALT CAMP,43161,VALLS,DOMÈSTIC,23508010,
2017,TARRAGONA,BAIX CAMP,43162,VANDELLOS I L'HOSPITALET DE L'INFANT,SERVEIS,692238,
2017,TARRAGONA,BAIX CAMP,43162,VANDELLOS I L'HOSPITALET DE L'INFANT,CT RO,,Dades subjectes a secret estadístic. Inclou el consum de centrals tèrmiques de l'antic règim ordinari.
2017,TARRAGONA,BAIX CAMP,43162,VANDELLOS I L'HOSPITALET DE L'INFANT,DOMÈSTIC,2301280,
2017,TARRAGONA,BAIX PENEDES,43163,"VENDRELL, EL",SERVEIS,19016494,
2017,TARRAGONA,BAIX PENEDES,43163,"VENDRELL, EL",DOMÈSTIC,45235259,
2017,TARRAGONA,TARRAGONES,43166,VILALLONGA DEL CAMP,SERVEIS,,Dades subjectes a secret estadístic.
2017,TARRAGONA,TARRAGONES,43166,VILALLONGA DEL CAMP,DOMÈSTIC,2140577,
2017,TARRAGONA,TARRAGONES,43171,VILA-SECA,DOMÈSTIC,22301720,
2017,TARRAGONA,TARRAGONES,43171,VILA-SECA,INDUSTRIAL,850795414,
2017,TARRAGONA,TARRAGONES,43171,VILA-SECA,SERVEIS,32841069,
2017,TARRAGONA,BAIX CAMP,43178,VINYOLS I ELS ARCS,DOMÈSTIC,606994,
2017,TARRAGONA,BAIX CAMP,43178,VINYOLS I ELS ARCS,SERVEIS,,Dades subjectes a secret estadístic.
2017,TARRAGONA,BAIX EBRE,43904,"ALDEA, L'",INDUSTRIAL,,Dades subjectes a secret estadístic.
2017,TARRAGONA,BAIX EBRE,43904,"ALDEA, L'",SERVEIS,,Dades subjectes a secret estadístic.
2017,TARRAGONA,BAIX EBRE,43904,"ALDEA, L'",DOMÈSTIC,769837,
2017,TARRAGONA,TARRAGONES,43905,SALOU,DOMÈSTIC,24552838,
2017,TARRAGONA,TARRAGONES,43905,SALOU,SERVEIS,43797640,
2017,TARRAGONA,BAIX EBRE,43906,"AMPOLLA, L'",SERVEIS,132153,
2017,TARRAGONA,BAIX EBRE,43906,"AMPOLLA, L'",DOMÈSTIC,802705,
2017,TARRAGONA,TARRAGONES,43907,"CANONJA, LA",SERVEIS,1937670,
2017,TARRAGONA,TARRAGONES,43907,"CANONJA, LA",INDUSTRIAL,,Dades subjectes a secret estadístic.
2017,TARRAGONA,TARRAGONES,43907,"CANONJA, LA",DOMÈSTIC,6181717,
2016,BARCELONA,BAIX LLOBREGAT,08001,ABRERA,INDUSTRIAL,12906810,
2016,BARCELONA,BAIX LLOBREGAT,08001,ABRERA,SERVEIS,17317135,
2016,BARCELONA,BAIX LLOBREGAT,08001,ABRERA,DOMÈSTIC,15601907,
2016,BARCELONA,MARESME,08003,ALELLA,SERVEIS,5322095,
2016,BARCELONA,MARESME,08003,ALELLA,DOMÈSTIC,28152553,
2016,BARCELONA,VALLES ORIENTAL,08005,"AMETLLA DEL VALLES, L'",SERVEIS,1669028,
2016,BARCELONA,VALLES ORIENTAL,08005,"AMETLLA DEL VALLES, L'",DOMÈSTIC,10524041,
2016,BARCELONA,MARESME,08006,ARENYS DE MAR,INDUSTRIAL,,Dades subjectes a secret estadístic.
2016,BARCELONA,MARESME,08006,ARENYS DE MAR,SERVEIS,7901463,
2016,BARCELONA,MARESME,08006,ARENYS DE MAR,DOMÈSTIC,24648101,
2016,BARCELONA,MARESME,08007,ARENYS DE MUNT,INDUSTRIAL,,Dades subjectes a secret estadístic.
2016,BARCELONA,MARESME,08007,ARENYS DE MUNT,SERVEIS,4284769,
2016,BARCELONA,MARESME,08007,ARENYS DE MUNT,DOMÈSTIC,14001883,
2016,BARCELONA,MARESME,08009,ARGENTONA,SERVEIS,2851192,
2016,BARCELONA,MARESME,08009,ARGENTONA,INDUSTRIAL,19910560,
2016,BARCELONA,MARESME,08009,ARGENTONA,DOMÈSTIC,21725186,
2016,BARCELONA,BAGES,08010,ARTES,INDUSTRIAL,12773831,
2016,BARCELONA,BAGES,08010,ARTES,SERVEIS,1496006,
2016,BARCELONA,BAGES,08010,ARTES,DOMÈSTIC,8075166,
2016,BARCELONA,BERGUEDA,08011,AVIA,SERVEIS,306147,
2016,BARCELONA,BERGUEDA,08011,AVIA,DOMÈSTIC,2893117,
2016,BARCELONA,ALT PENEDES,08013,AVINYONET DEL PENEDES,INDUSTRIAL,,Dades subjectes a secret estadístic.
2016,BARCELONA,VALLES ORIENTAL,08014,AIGUAFREDA,SERVEIS,1313985,
2016,BARCELONA,VALLES ORIENTAL,08014,AIGUAFREDA,DOMÈSTIC,6745915,
2016,BARCELONA,BARCELONES,08015,BADALONA,INDUSTRIAL,34833167,
2016,BARCELONA,BARCELONES,08015,BADALONA,SERVEIS,53633633,
2016,BARCELONA,BARCELONES,08015,BADALONA,DOMÈSTIC,226451682,
2016,BARCELONA,BERGUEDA,08016,BAGA,SERVEIS,315722,
2016,BARCELONA,BERGUEDA,08016,BAGA,DOMÈSTIC,1830705,
2016,BARCELONA,OSONA,08017,BALENYA,INDUSTRIAL,4189880,
2016,BARCELONA,OSONA,08017,BALENYA,SERVEIS,2210587,
2016,BARCELONA,OSONA,08017,BALENYA,DOMÈSTIC,6648717,
2016,BARCELONA,BAGES,08018,BALSARENY,INDUSTRIAL,,Dades subjectes a secret estadístic.
2016,BARCELONA,BAGES,08018,BALSARENY,SERVEIS,,Dades subjectes a secret estadístic.
2016,BARCELONA,BAGES,08018,BALSARENY,DOMÈSTIC,6393338,
2016,BARCELONA,BARCELONES,08019,BARCELONA,CT RO,,Dades subjectes a secret estadístic. Inclou el consum de centrals tèrmiques de l'antic règim ordinari.
2016,BARCELONA,BARCELONES,08019,BARCELONA,INDUSTRIAL,1270778232,
2016,BARCELONA,BARCELONES,08019,BARCELONA,SERVEIS,1464010768,Inclou el consum del sector transport.
2016,BARCELONA,BARCELONES,08019,BARCELONA,DOMÈSTIC,2174078811,
2016,BARCELONA,BAIX LLOBREGAT,08020,BEGUES,SERVEIS,780573,
2016,BARCELONA,BAIX LLOBREGAT,08020,BEGUES,DOMÈSTIC,5044614,
2016,BARCELONA,BERGUEDA,08022,BERGA,INDUSTRIAL,,Dades subjectes a secret estadístic.
2016,BARCELONA,BERGUEDA,08022,BERGA,SERVEIS,7476926,
2016,BARCELONA,BERGUEDA,08022,BERGA,DOMÈSTIC,33670873,
2016,BARCELONA,ANOIA,08028,CABRERA D'ANOIA,DOMÈSTIC,387734,
2016,BARCELONA,MARESME,08029,CABRERA DE MAR,INDUSTRIAL,26151316,
2016,BARCELONA,MARESME,08029,CABRERA DE MAR,SERVEIS,10083378,
2016,BARCELONA,MARESME,08029,CABRERA DE MAR,DOMÈSTIC,10722146,
2016,BARCELONA,MARESME,08030,CABRILS,SERVEIS,2691040,
2016,BARCELONA,MARESME,08030,CABRILS,DOMÈSTIC,24073358,
2016,BARCELONA,ANOIA,08031,CALAF,INDUSTRIAL,,Dades subjectes a secret estadístic.
2016,BARCELONA,ANOIA,08031,CALAF,SERVEIS,2002656,
2016,BARCELONA,ANOIA,08031,CALAF,DOMÈSTIC,8612968,
2016,BARCELONA,MARESME,08032,CALDES D'ESTRAC,SERVEIS,2620653,
2016,BARCELONA,MARESME,08032,CALDES D'ESTRAC,DOMÈSTIC,6125473,
2016,BARCELONA,VALLES ORIENTAL,08033,CALDES DE MONTBUI,INDUSTRIAL,14518235,
2016,BARCELONA,VALLES ORIENTAL,08033,CALDES DE MONTBUI,SERVEIS,8946474,
2016,BARCELONA,VALLES ORIENTAL,08033,CALDES DE MONTBUI,DOMÈSTIC,21271610,
2016,BARCELONA,MARESME,08035,CALELLA,SERVEIS,24205165,
2016,BARCELONA,MARESME,08035,CALELLA,DOMÈSTIC,21618058,
2016,BARCELONA,ANOIA,08036,CALONGE DE SEGARRA,INDUSTRIAL,,Dades subjectes a secret estadístic.
2016,BARCELONA,OSONA,08037,CALLDETENES,SERVEIS,,Dades subjectes a secret estadístic.
2016,BARCELONA,OSONA,08037,CALLDETENES,DOMÈSTIC,1947359,
2016,BARCELONA,BAGES,08038,CALLUS,SERVEIS,560676,
2016,BARCELONA,BAGES,08038,CALLUS,DOMÈSTIC,3527915,
2016,BARCELONA,MARESME,08040,CANET DE MAR,INDUSTRIAL,,Dades subjectes a secret estadístic.
2016,BARCELONA,MARESME,08040,CANET DE MAR,DOMÈSTIC,20180747,
2016,BARCELONA,MARESME,08040,CANET DE MAR,SERVEIS,4433948,
2016,BARCELONA,VALLES ORIENTAL,08041,CANOVELLES,SERVEIS,2876083,
2016,BARCELONA,VALLES ORIENTAL,08041,CANOVELLES,INDUSTRIAL,16631222,
2016,BARCELONA,VALLES ORIENTAL,08041,CANOVELLES,DOMÈSTIC,23786371,
2016,BARCELONA,ANOIA,08044,CAPELLADES,DOMÈSTIC,10580556,
2016,BARCELONA,ANOIA,08044,CAPELLADES,INDUSTRIAL,,Dades subjectes a secret estadístic.
2016,BARCELONA,ANOIA,08044,CAPELLADES,SERVEIS,1280940,
2016,BARCELONA,VALLES ORIENTAL,08046,CARDEDEU,DOMÈSTIC,29409699,
2016,BARCELONA,VALLES ORIENTAL,08046,CARDEDEU,INDUSTRIAL,6443477,
2016,BARCELONA,VALLES ORIENTAL,08046,CARDEDEU,SERVEIS,4188201,
2016,BARCELONA,BAGES,08047,CARDONA,INDUSTRIAL,,Dades subjectes a secret estadístic.
2016,BARCELONA,BERGUEDA,08049,CASSERRES,INDUSTRIAL,,Dades subjectes a secret estadístic.
2016,BARCELONA,VALLES OCCIDENTAL,08051,CASTELLAR DEL VALLES,INDUSTRIAL,,Dades subjectes a secret estadístic.
2016,BARCELONA,VALLES OCCIDENTAL,08051,CASTELLAR DEL VALLES,SERVEIS,6745650,
2016,BARCELONA,VALLES OCCIDENTAL,08051,CASTELLAR DEL VALLES,DOMÈSTIC,47034740,
2016,BARCELONA,BAGES,08053,CASTELLBELL I EL VILAR,DOMÈSTIC,4137589,
2016,BARCELONA,BAGES,08053,CASTELLBELL I EL VILAR,SERVEIS,527009,
2016,BARCELONA,VALLES OCCIDENTAL,08054,CASTELLBISBAL,SERVEIS,7356607,
2016,BARCELONA,VALLES OCCIDENTAL,08054,CASTELLBISBAL,INDUSTRIAL,2215344876,
2016,BARCELONA,VALLES OCCIDENTAL,08054,CASTELLBISBAL,DOMÈSTIC,17067496,
2016,BARCELONA,BAIX LLOBREGAT,08056,CASTELLDEFELS,SERVEIS,30371112,
2016,BARCELONA,BAIX LLOBREGAT,08056,CASTELLDEFELS,DOMÈSTIC,93048334,
2016,BARCELONA,ALT PENEDES,08058,CASTELLET I LA GORNAL,INDUSTRIAL,92750832,
2016,BARCELONA,ALT PENEDES,08058,CASTELLET I LA GORNAL,DOMÈSTIC,1394396,
2016,BARCELONA,BAGES,08061,CASTELLGALI,DOMÈSTIC,2086040,
2016,BARCELONA,BAGES,08061,CASTELLGALI,SERVEIS,298011,
2016,BARCELONA,BAGES,08061,CASTELLGALI,INDUSTRIAL,,Dades subjectes a secret estadístic.
2016,BARCELONA,MOIANES,08064,CASTELLTERÇOL,INDUSTRIAL,,Dades subjectes a secret estadístic.
2016,BARCELONA,MOIANES,08064,CASTELLTERÇOL,SERVEIS,662880,
2016,BARCELONA,MOIANES,08064,CASTELLTERÇOL,DOMÈSTIC,2931417,
2016,BARCELONA,BAIX LLOBREGAT,08066,CASTELLVI DE ROSANES,DOMÈSTIC,516572,
2016,BARCELONA,OSONA,08067,CENTELLES,INDUSTRIAL,26016757,
2016,BARCELONA,OSONA,08067,CENTELLES,SERVEIS,3619043,
2016,BARCELONA,OSONA,08067,CENTELLES,DOMÈSTIC,15370205,
2016,BARCELONA,BAIX LLOBREGAT,08068,CERVELLO,SERVEIS,2632575,
2016,BARCELONA,BAIX LLOBREGAT,08068,CERVELLO,DOMÈSTIC,14537589,
2016,BARCELONA,BAIX LLOBREGAT,08072,CORBERA DE LLOBREGAT,INDUSTRIAL,,Dades subjectes a secret estadístic.
2016,BARCELONA,BAIX LLOBREGAT,08072,CORBERA DE LLOBREGAT,SERVEIS,1098889,
2016,BARCELONA,BAIX LLOBREGAT,08072,CORBERA DE LLOBREGAT,DOMÈSTIC,11435632,
2016,BARCELONA,BAIX LLOBREGAT,08073,CORNELLA DE LLOBREGAT,SERVEIS,43361462,
2016,BARCELONA,BAIX LLOBREGAT,08073,CORNELLA DE LLOBREGAT,DOMÈSTIC,78795074,
2016,BARCELONA,BAIX LLOBREGAT,08073,CORNELLA DE LLOBREGAT,INDUSTRIAL,39907289,
2016,BARCELONA,GARRAF,08074,CUBELLES,SERVEIS,1413163,
2016,BARCELONA,GARRAF,08074,CUBELLES,DOMÈSTIC,18624813,
2016,BARCELONA,MARESME,08075,DOSRIUS,SERVEIS,616293,
2016,BARCELONA,MARESME,08075,DOSRIUS,INDUSTRIAL,46088003,
2016,BARCELONA,MARESME,08075,DOSRIUS,DOMÈSTIC,2665380,
2016,BARCELONA,BAIX LLOBREGAT,08076,ESPARREGUERA,DOMÈSTIC,30718464,
2016,BARCELONA,BAIX LLOBREGAT,08076,ESPARREGUERA,SERVEIS,4022219,
2016,BARCELONA,BAIX LLOBREGAT,08076,ESPARREGUERA,INDUSTRIAL,26517803,
2016,BARCELONA,BAIX LLOBREGAT,08077,ESPLUGUES DE LLOBREGAT,INDUSTRIAL,,Dades subjectes a secret estadístic.
2016,BARCELONA,BAIX LLOBREGAT,08077,ESPLUGUES DE LLOBREGAT,SERVEIS,28585362,
2016,BARCELONA,BAIX LLOBREGAT,08077,ESPLUGUES DE LLOBREGAT,DOMÈSTIC,66134767,
2016,BARCELONA,SELVA,08082,FOGARS DE LA SELVA,INDUSTRIAL,,Dades subjectes a secret estadístic.
2016,BARCELONA,SELVA,08082,FOGARS DE LA SELVA,SERVEIS,,Dades subjectes a secret estadístic.
2016,BARCELONA,VALLES ORIENTAL,08086,"FRANQUESES DEL VALLES, LES",SERVEIS,5681553,
2016,BARCELONA,VALLES ORIENTAL,08086,"FRANQUESES DEL VALLES, LES",DOMÈSTIC,28545075,
2016,BARCELONA,VALLES ORIENTAL,08086,"FRANQUESES DEL VALLES, LES",INDUSTRIAL,153739888,
2016,BARCELONA,VALLES ORIENTAL,08088,"GARRIGA, LA",SERVEIS,7543457,
2016,BARCELONA,VALLES ORIENTAL,08088,"GARRIGA, LA",INDUSTRIAL,2179260,
2016,BARCELONA,VALLES ORIENTAL,08088,"GARRIGA, LA",DOMÈSTIC,35145683,
2016,BARCELONA,BAIX LLOBREGAT,08089,GAVA,DOMÈSTIC,54263802,
2016,BARCELONA,BAIX LLOBREGAT,08089,GAVA,SERVEIS,14709580,
2016,BARCELONA,BAIX LLOBREGAT,08089,GAVA,INDUSTRIAL,,Dades subjectes a secret estadístic.
2016,BARCELONA,ALT PENEDES,08091,GELIDA,INDUSTRIAL,,Dades subjectes a secret estadístic.
2016,BARCELONA,ALT PENEDES,08091,GELIDA,DOMÈSTIC,6112367,
2016,BARCELONA,ALT PENEDES,08091,GELIDA,SERVEIS,597524,
2016,BARCELONA,BERGUEDA,08092,GIRONELLA,SERVEIS,522506,
2016,BARCELONA,BERGUEDA,08092,GIRONELLA,DOMÈSTIC,10038526,
2016,BARCELONA,ALT PENEDES,08094,"GRANADA, LA",DOMÈSTIC,2250835,
2016,BARCELONA,ALT PENEDES,08094,"GRANADA, LA",SERVEIS,,Dades subjectes a secret estadístic.
2016,BARCELONA,VALLES ORIENTAL,08096,GRANOLLERS,DOMÈSTIC,96791356,
2016,BARCELONA,VALLES ORIENTAL,08096,GRANOLLERS,SERVEIS,36517132,
2016,BARCELONA,VALLES ORIENTAL,08096,GRANOLLERS,INDUSTRIAL,219743902,
2016,BARCELONA,VALLES ORIENTAL,08097,GUALBA,INDUSTRIAL,,Dades subjectes a secret estadístic.
2016,BARCELONA,BAGES,08098,SANT SALVADOR DE GUARDIOLA,DOMÈSTIC,3234543,
2016,BARCELONA,BAGES,08098,SANT SALVADOR DE GUARDIOLA,INDUSTRIAL,,Dades subjectes a secret estadístic.
2016,BARCELONA,BERGUEDA,08099,GUARDIOLA DE BERGUEDA,DOMÈSTIC,46488,
2016,BARCELONA,OSONA,08100,GURB,SERVEIS,651018,
2016,BARCELONA,OSONA,08100,GURB,DOMÈSTIC,5337160,
2016,BARCELONA,OSONA,08100,GURB,INDUSTRIAL,88816489,
2016,BARCELONA,BARCELONES,08101,"HOSPITALET DE LLOBREGAT, L'",INDUSTRIAL,16197211,
2016,BARCELONA,BARCELONES,08101,"HOSPITALET DE LLOBREGAT, L'",DOMÈSTIC,198278906,
2016,BARCELONA,BARCELONES,08101,"HOSPITALET DE LLOBREGAT, L'",SERVEIS,118989034,Inclou el consum del sector transport.
2016,BARCELONA,ANOIA,08102,IGUALADA,INDUSTRIAL,47861532,
2016,BARCELONA,ANOIA,08102,IGUALADA,DOMÈSTIC,73021973,
2016,BARCELONA,ANOIA,08102,IGUALADA,SERVEIS,29687313,Inclou el consum del sector transport.
2016,BARCELONA,VALLES ORIENTAL,08105,"LLAGOSTA, LA",INDUSTRIAL,27056789,
2016,BARCELONA,VALLES ORIENTAL,08105,"LLAGOSTA, LA",SERVEIS,2774562,
2016,BARCELONA,VALLES ORIENTAL,08105,"LLAGOSTA, LA",DOMÈSTIC,15604419,
2016,BARCELONA,VALLES ORIENTAL,08106,LLINARS DEL VALLES,DOMÈSTIC,14604627,
2016,BARCELONA,VALLES ORIENTAL,08106,LLINARS DEL VALLES,INDUSTRIAL,28088595,
2016,BARCELONA,VALLES ORIENTAL,08106,LLINARS DEL VALLES,SERVEIS,2447022,
2016,BARCELONA,VALLES ORIENTAL,08107,LLIÇA D'AMUNT,INDUSTRIAL,,Dades subjectes a secret estadístic.
2016,BARCELONA,VALLES ORIENTAL,08107,LLIÇA D'AMUNT,DOMÈSTIC,11744285,
2016,BARCELONA,VALLES ORIENTAL,08107,LLIÇA D'AMUNT,SERVEIS,592500,
2016,BARCELONA,VALLES ORIENTAL,08108,LLIÇA DE VALL,INDUSTRIAL,29870073,
2016,BARCELONA,VALLES ORIENTAL,08108,LLIÇA DE VALL,SERVEIS,916021,
2016,BARCELONA,VALLES ORIENTAL,08108,LLIÇA DE VALL,DOMÈSTIC,7816960,
2016,BARCELONA,MARESME,08110,MALGRAT DE MAR,INDUSTRIAL,65157969,
2016,BARCELONA,MARESME,08110,MALGRAT DE MAR,SERVEIS,10786837,
2016,BARCELONA,MARESME,08110,MALGRAT DE MAR,DOMÈSTIC,31297963,
2016,BARCELONA,OSONA,08112,MANLLEU,INDUSTRIAL,27723286,
2016,BARCELONA,OSONA,08112,MANLLEU,SERVEIS,6282284,
2016,BARCELONA,OSONA,08112,MANLLEU,DOMÈSTIC,27865349,
2016,BARCELONA,BAGES,08113,MANRESA,INDUSTRIAL,42214726,
2016,BARCELONA,BAGES,08113,MANRESA,SERVEIS,55677151,
2016,BARCELONA,BAGES,08113,MANRESA,DOMÈSTIC,171363273,
2016,BARCELONA,BAIX LLOBREGAT,08114,MARTORELL,INDUSTRIAL,1693363074,
2016,BARCELONA,BAIX LLOBREGAT,08114,MARTORELL,DOMÈSTIC,39158953,
2016,BARCELONA,BAIX LLOBREGAT,08114,MARTORELL,SERVEIS,17008476,
2016,BARCELONA,VALLES ORIENTAL,08115,MARTORELLES,DOMÈSTIC,7546204,
2016,BARCELONA,VALLES ORIENTAL,08115,MARTORELLES,INDUSTRIAL,93924732,
2016,BARCELONA,VALLES ORIENTAL,08115,MARTORELLES,SERVEIS,570270,
2016,BARCELONA,OSONA,08116,"MASIES DE RODA, LES",DOMÈSTIC,92306,
2016,BARCELONA,OSONA,08117,"MASIES DE VOLTREGA, LES",DOMÈSTIC,4880788,
2016,BARCELONA,OSONA,08117,"MASIES DE VOLTREGA, LES",INDUSTRIAL,,Dades subjectes a secret estadístic.
2016,BARCELONA,OSONA,08117,"MASIES DE VOLTREGA, LES",SERVEIS,1018562,
2016,BARCELONA,MARESME,08118,"MASNOU, EL",SERVEIS,7698768,
2016,BARCELONA,MARESME,08118,"MASNOU, EL",INDUSTRIAL,71942534,
2016,BARCELONA,MARESME,08118,"MASNOU, EL",PRIMARI,,Dades subjectes a secret estadístic.
2016,BARCELONA,MARESME,08118,"MASNOU, EL",DOMÈSTIC,39657228,
2016,BARCELONA,ANOIA,08119,MASQUEFA,SERVEIS,1594425,
2016,BARCELONA,ANOIA,08119,MASQUEFA,DOMÈSTIC,7398484,
2016,BARCELONA,VALLES OCCIDENTAL,08120,MATADEPERA,SERVEIS,10068561,
2016,BARCELONA,VALLES OCCIDENTAL,08120,MATADEPERA,DOMÈSTIC,41605229,
2016,BARCELONA,MARESME,08121,MATARO,SERVEIS,36691610,
2016,BARCELONA,MARESME,08121,MATARO,INDUSTRIAL,49258538,
2016,BARCELONA,MARESME,08121,MATARO,PRIMARI,,Dades subjectes a secret estadístic.
2016,BARCELONA,MARESME,08121,MATARO,DOMÈSTIC,132865713,
2016,BARCELONA,ALT PENEDES,08122,MEDIONA,DOMÈSTIC,3083526,
2016,BARCELONA,ALT PENEDES,08122,MEDIONA,INDUSTRIAL,,Dades subjectes a secret estadístic.
2016,BARCELONA,ALT PENEDES,08122,MEDIONA,SERVEIS,,Dades subjectes a secret estadístic.
2016,BARCELONA,BAIX LLOBREGAT,08123,MOLINS DE REI,INDUSTRIAL,6588153,
2016,BARCELONA,BAIX LLOBREGAT,08123,MOLINS DE REI,SERVEIS,7369748,
2016,BARCELONA,BAIX LLOBREGAT,08123,MOLINS DE REI,DOMÈSTIC,33029244,
2016,BARCELONA,VALLES ORIENTAL,08124,MOLLET DEL VALLES,INDUSTRIAL,159468254,
2016,BARCELONA,VALLES ORIENTAL,08124,MOLLET DEL VALLES,SERVEIS,16896723,
2016,BARCELONA,VALLES ORIENTAL,08124,MOLLET DEL VALLES,DOMÈSTIC,71193628,
2016,BARCELONA,VALLES OCCIDENTAL,08125,MONTCADA I REIXAC,INDUSTRIAL,80462260,
2016,BARCELONA,VALLES OCCIDENTAL,08125,MONTCADA I REIXAC,SERVEIS,9190638,
2016,BARCELONA,VALLES OCCIDENTAL,08125,MONTCADA I REIXAC,DOMÈSTIC,51655415,
2016,BARCELONA,MARESME,08126,MONTGAT,INDUSTRIAL,,Dades subjectes a secret estadístic.
2016,BARCELONA,MARESME,08126,MONTGAT,SERVEIS,3062707,
2016,BARCELONA,MARESME,08126,MONTGAT,DOMÈSTIC,15674612,
2016,BARCELONA,BAGES,08127,MONISTROL DE MONTSERRAT,INDUSTRIAL,,Dades subjectes a secret estadístic.
2016,BARCELONA,OSONA,08131,MONTESQUIU,SERVEIS,894667,
2016,BARCELONA,OSONA,08131,MONTESQUIU,DOMÈSTIC,2850707,
2016,BARCELONA,VALLES ORIENTAL,08134,FIGARO-MONTMANY,SERVEIS,520878,
2016,BARCELONA,VALLES ORIENTAL,08134,FIGARO-MONTMANY,DOMÈSTIC,2777519,
2016,BARCELONA,VALLES ORIENTAL,08135,MONTMELO,INDUSTRIAL,180131648,Inclou el consum del sector energètic.
2016,BARCELONA,VALLES ORIENTAL,08135,MONTMELO,SERVEIS,2217898,
2016,BARCELONA,VALLES ORIENTAL,08135,MONTMELO,DOMÈSTIC,14728810,
2016,BARCELONA,VALLES ORIENTAL,08136,MONTORNES DEL VALLES,INDUSTRIAL,85338956,
2016,BARCELONA,VALLES ORIENTAL,08136,MONTORNES DEL VALLES,SERVEIS,54749209,
2016,BARCELONA,VALLES ORIENTAL,08136,MONTORNES DEL VALLES,DOMÈSTIC,24769680,
2016,BARCELONA,MOIANES,08138,MOIA,INDUSTRIAL,,Dades subjectes a secret estadístic.
2016,BARCELONA,MOIANES,08138,MOIA,SERVEIS,984724,
2016,BARCELONA,MOIANES,08138,MOIA,DOMÈSTIC,3593204,
2016,BARCELONA,BAGES,08140,NAVARCLES,SERVEIS,1158476,
2016,BARCELONA,BAGES,08140,NAVARCLES,DOMÈSTIC,12276162,
2016,BARCELONA,BAGES,08141,NAVAS,INDUSTRIAL,,Dades subjectes a secret estadístic.
2016,BARCELONA,BAGES,08141,NAVAS,SERVEIS,2126111,
2016,BARCELONA,BAGES,08141,NAVAS,DOMÈSTIC,12861210,
2016,BARCELONA,ANOIA,08143,ODENA,INDUSTRIAL,,Dades subjectes a secret estadístic.
2016,BARCELONA,ANOIA,08143,ODENA,SERVEIS,543553,
2016,BARCELONA,ANOIA,08143,ODENA,DOMÈSTIC,3886265,
2016,BARCELONA,ALT PENEDES,08145,OLERDOLA,INDUSTRIAL,23864137,
2016,BARCELONA,ALT PENEDES,08145,OLERDOLA,SERVEIS,7969617,
2016,BARCELONA,ALT PENEDES,08145,OLERDOLA,DOMÈSTIC,3319701,
2016,BARCELONA,BAIX LLOBREGAT,08147,OLESA DE MONTSERRAT,INDUSTRIAL,286114389,
2016,BARCELONA,BAIX LLOBREGAT,08147,OLESA DE MONTSERRAT,SERVEIS,4442412,
2016,BARCELONA,BAIX LLOBREGAT,08147,OLESA DE MONTSERRAT,DOMÈSTIC,35884433,
2016,BARCELONA,OSONA,08150,ORIS,INDUSTRIAL,,Dades subjectes a secret estadístic.
2016,BARCELONA,ALT PENEDES,08154,PACS DEL PENEDES,INDUSTRIAL,,Dades subjectes a secret estadístic.
2016,BARCELONA,MARESME,08155,PALAFOLLS,INDUSTRIAL,106227104,
2016,BARCELONA,MARESME,08155,PALAFOLLS,PRIMARI,1058226,
2016,BARCELONA,MARESME,08155,PALAFOLLS,SERVEIS,22952168,
2016,BARCELONA,MARESME,08155,PALAFOLLS,DOMÈSTIC,12375272,
2016,BARCELONA,VALLES OCCIDENTAL,08156,PALAU-SOLITA I PLEGAMANS,INDUSTRIAL,47697503,
2016,BARCELONA,VALLES OCCIDENTAL,08156,PALAU-SOLITA I PLEGAMANS,SERVEIS,6791271,
2016,BARCELONA,VALLES OCCIDENTAL,08156,PALAU-SOLITA I PLEGAMANS,DOMÈSTIC,24022531,
2016,BARCELONA,BAIX LLOBREGAT,08157,PALLEJA,SERVEIS,5378415,
2016,BARCELONA,BAIX LLOBREGAT,08157,PALLEJA,DOMÈSTIC,18142357,
2016,BARCELONA,BAIX LLOBREGAT,08158,"PAPIOL, EL",INDUSTRIAL,,Dades subjectes a secret estadístic.
2016,BARCELONA,BAIX LLOBREGAT,08158,"PAPIOL, EL",SERVEIS,4263384,
2016,BARCELONA,BAIX LLOBREGAT,08158,"PAPIOL, EL",DOMÈSTIC,7019487,
2016,BARCELONA,VALLES ORIENTAL,08159,PARETS DEL VALLES,INDUSTRIAL,226662883,
2016,BARCELONA,VALLES ORIENTAL,08159,PARETS DEL VALLES,SERVEIS,23009056,
2016,BARCELONA,VALLES ORIENTAL,08159,PARETS DEL VALLES,DOMÈSTIC,31805711,
2016,BARCELONA,ANOIA,08161,PIERA,INDUSTRIAL,,Dades subjectes a secret estadístic.
2016,BARCELONA,ANOIA,08161,PIERA,SERVEIS,2420106,
2016,BARCELONA,ANOIA,08161,PIERA,DOMÈSTIC,10921723,
2016,BARCELONA,ANOIA,08162,"HOSTALETS DE PIEROLA, ELS",SERVEIS,259069,
2016,BARCELONA,ANOIA,08162,"HOSTALETS DE PIEROLA, ELS",DOMÈSTIC,2021730,
2016,BARCELONA,MARESME,08163,PINEDA DE MAR,INDUSTRIAL,25675459,
2016,BARCELONA,MARESME,08163,PINEDA DE MAR,SERVEIS,7854747,
2016,BARCELONA,MARESME,08163,PINEDA DE MAR,DOMÈSTIC,30637967,
2016,BARCELONA,ANOIA,08165,"POBLA DE CLARAMUNT, LA",INDUSTRIAL,939403244,
2016,BARCELONA,ANOIA,08165,"POBLA DE CLARAMUNT, LA",DOMÈSTIC,3061759,
2016,BARCELONA,ANOIA,08165,"POBLA DE CLARAMUNT, LA",SERVEIS,613662,
2016,BARCELONA,VALLES OCCIDENTAL,08167,POLINYA,INDUSTRIAL,28824843,
2016,BARCELONA,VALLES OCCIDENTAL,08167,POLINYA,SERVEIS,5664593,
2016,BARCELONA,VALLES OCCIDENTAL,08167,POLINYA,DOMÈSTIC,13814036,
2016,BARCELONA,BAIX LLOBREGAT,08169,"PRAT DE LLOBREGAT, EL",DOMÈSTIC,62044639,
2016,BARCELONA,BAIX LLOBREGAT,08169,"PRAT DE LLOBREGAT, EL",INDUSTRIAL,555429299,
2016,BARCELONA,BAIX LLOBREGAT,08169,"PRAT DE LLOBREGAT, EL",SERVEIS,134971582,Inclou el consum del sector transport.
2016,BARCELONA,OSONA,08171,PRATS DE LLUÇANES,INDUSTRIAL,,Dades subjectes a secret estadístic.
2016,BARCELONA,OSONA,08171,PRATS DE LLUÇANES,DOMÈSTIC,678652,
2016,BARCELONA,MARESME,08172,PREMIA DE MAR,DOMÈSTIC,40578318,
2016,BARCELONA,MARESME,08172,PREMIA DE MAR,SERVEIS,5932385,
2016,BARCELONA,BERGUEDA,08175,PUIG-REIG,SERVEIS,2926352,
2016,BARCELONA,BERGUEDA,08175,PUIG-REIG,INDUSTRIAL,,Dades subjectes a secret estadístic.
2016,BARCELONA,BERGUEDA,08175,PUIG-REIG,DOMÈSTIC,11283121,
2016,BARCELONA,VALLES OCCIDENTAL,08180,RIPOLLET,SERVEIS,10488753,
2016,BARCELONA,VALLES OCCIDENTAL,08180,RIPOLLET,INDUSTRIAL,11544860,
2016,BARCELONA,VALLES OCCIDENTAL,08180,RIPOLLET,DOMÈSTIC,56956260,
2016,BARCELONA,VALLES ORIENTAL,08181,"ROCA DEL VALLES, LA",SERVEIS,15961423,
2016,BARCELONA,VALLES ORIENTAL,08181,"ROCA DEL VALLES, LA",INDUSTRIAL,,Dades subjectes a secret estadístic.
2016,BARCELONA,VALLES ORIENTAL,08181,"ROCA DEL VALLES, LA",DOMÈSTIC,19282908,
2016,BARCELONA,BAGES,08182,"PONT DE VILOMARA I ROCAFORT, EL",SERVEIS,681777,
2016,BARCELONA,BAGES,08182,"PONT DE VILOMARA I ROCAFORT, EL",INDUSTRIAL,,Dades subjectes a secret estadístic.
2016,BARCELONA,BAGES,08182,"PONT DE VILOMARA I ROCAFORT, EL",DOMÈSTIC,9334065,
2016,BARCELONA,OSONA,08183,RODA DE TER,SERVEIS,1320084,
2016,BARCELONA,OSONA,08183,RODA DE TER,DOMÈSTIC,10753798,
2016,BARCELONA,VALLES OCCIDENTAL,08184,RUBI,SERVEIS,18802470,
2016,BARCELONA,VALLES OCCIDENTAL,08184,RUBI,INDUSTRIAL,179874821,
2016,BARCELONA,VALLES OCCIDENTAL,08184,RUBI,DOMÈSTIC,99183622,
2016,BARCELONA,VALLES OCCIDENTAL,08187,SABADELL,INDUSTRIAL,71674820,
2016,BARCELONA,VALLES OCCIDENTAL,08187,SABADELL,SERVEIS,103949011,
2016,BARCELONA,VALLES OCCIDENTAL,08187,SABADELL,DOMÈSTIC,357164337,
2016,BARCELONA,BAGES,08191,SALLENT,SERVEIS,7225679,
2016,BARCELONA,BAGES,08191,SALLENT,INDUSTRIAL,,Dades subjectes a secret estadístic.
2016,BARCELONA,BAGES,08191,SALLENT,DOMÈSTIC,15912138,
2016,BARCELONA,BAGES,08192,SANTPEDOR,DOMÈSTIC,20866717,
2016,BARCELONA,BAGES,08192,SANTPEDOR,INDUSTRIAL,16655253,
2016,BARCELONA,BAGES,08192,SANTPEDOR,SERVEIS,7593029,
2016,BARCELONA,BARCELONES,08194,SANT ADRIA DE BESOS,SERVEIS,33099223,
2016,BARCELONA,BARCELONES,08194,SANT ADRIA DE BESOS,CT RO,,Dades subjectes a secret estadístic. Inclou el consum de centrals tèrmiques de l'antic règim ordinari.
2016,BARCELONA,BARCELONES,08194,SANT ADRIA DE BESOS,INDUSTRIAL,1378091,
2016,BARCELONA,BARCELONES,08194,SANT ADRIA DE BESOS,DOMÈSTIC,33514558,
2016,BARCELONA,BAIX LLOBREGAT,08196,SANT ANDREU DE LA BARCA,SERVEIS,9869263,
2016,BARCELONA,BAIX LLOBREGAT,08196,SANT ANDREU DE LA BARCA,INDUSTRIAL,35041667,
2016,BARCELONA,BAIX LLOBREGAT,08196,SANT ANDREU DE LA BARCA,DOMÈSTIC,36638827,
2016,BARCELONA,MARESME,08197,SANT ANDREU DE LLAVANERES,DOMÈSTIC,28461454,
2016,BARCELONA,MARESME,08197,SANT ANDREU DE LLAVANERES,PRIMARI,1966111,
2016,BARCELONA,MARESME,08197,SANT ANDREU DE LLAVANERES,SERVEIS,4010142,
2016,BARCELONA,VALLES ORIENTAL,08198,SANT ANTONI DE VILAMAJOR,DOMÈSTIC,7286156,
2016,BARCELONA,VALLES ORIENTAL,08198,SANT ANTONI DE VILAMAJOR,INDUSTRIAL,,Dades subjectes a secret estadístic.
2016,BARCELONA,VALLES ORIENTAL,08198,SANT ANTONI DE VILAMAJOR,SERVEIS,1095710,
2016,BARCELONA,BAIX LLOBREGAT,08200,SANT BOI DE LLOBREGAT,INDUSTRIAL,18768174,
2016,BARCELONA,BAIX LLOBREGAT,08200,SANT BOI DE LLOBREGAT,SERVEIS,46314247,
2016,BARCELONA,BAIX LLOBREGAT,08200,SANT BOI DE LLOBREGAT,DOMÈSTIC,87561047,
2016,BARCELONA,VALLES ORIENTAL,08202,SANT CELONI,INDUSTRIAL,205653786,
2016,BARCELONA,VALLES ORIENTAL,08202,SANT CELONI,SERVEIS,7157544,
2016,BARCELONA,VALLES ORIENTAL,08202,SANT CELONI,DOMÈSTIC,28434203,
2016,BARCELONA,MARESME,08203,SANT CEBRIA DE VALLALTA,INDUSTRIAL,,Dades subjectes a secret estadístic.
2016,BARCELONA,MARESME,08203,SANT CEBRIA DE VALLALTA,SERVEIS,214539,
2016,BARCELONA,MARESME,08203,SANT CEBRIA DE VALLALTA,DOMÈSTIC,3288031,
2016,BARCELONA,BAIX LLOBREGAT,08204,SANT CLIMENT DE LLOBREGAT,DOMÈSTIC,402241,
2016,BARCELONA,VALLES OCCIDENTAL,08205,SANT CUGAT DEL VALLES,INDUSTRIAL,67358693,
2016,BARCELONA,VALLES OCCIDENTAL,08205,SANT CUGAT DEL VALLES,SERVEIS,208952495,
2016,BARCELONA,VALLES OCCIDENTAL,08205,SANT CUGAT DEL VALLES,DOMÈSTIC,218129614,
2016,BARCELONA,ALT PENEDES,08206,SANT CUGAT SESGARRIGUES,SERVEIS,,Dades subjectes a secret estadístic.
2016,BARCELONA,ALT PENEDES,08206,SANT CUGAT SESGARRIGUES,DOMÈSTIC,1510330,
2016,BARCELONA,VALLES ORIENTAL,08207,SANT ESTEVE DE PALAUTORDERA,SERVEIS,256141,
2016,BARCELONA,VALLES ORIENTAL,08207,SANT ESTEVE DE PALAUTORDERA,DOMÈSTIC,4600178,
2016,BARCELONA,BAIX LLOBREGAT,08208,SANT ESTEVE SESROVIRES,SERVEIS,28371667,
2016,BARCELONA,BAIX LLOBREGAT,08208,SANT ESTEVE SESROVIRES,INDUSTRIAL,29741946,
2016,BARCELONA,BAIX LLOBREGAT,08208,SANT ESTEVE SESROVIRES,DOMÈSTIC,13083384,
2016,BARCELONA,VALLES ORIENTAL,08209,SANT FOST DE CAMPSENTELLES,INDUSTRIAL,14628777,
2016,BARCELONA,VALLES ORIENTAL,08209,SANT FOST DE CAMPSENTELLES,DOMÈSTIC,11418886,
2016,BARCELONA,VALLES ORIENTAL,08209,SANT FOST DE CAMPSENTELLES,SERVEIS,5462586,
2016,BARCELONA,VALLES ORIENTAL,08210,SANT FELIU DE CODINES,SERVEIS,1424747,
2016,BARCELONA,VALLES ORIENTAL,08210,SANT FELIU DE CODINES,DOMÈSTIC,4303832,
2016,BARCELONA,BAIX LLOBREGAT,08211,SANT FELIU DE LLOBREGAT,DOMÈSTIC,51412678,
2016,BARCELONA,BAIX LLOBREGAT,08211,SANT FELIU DE LLOBREGAT,INDUSTRIAL,18951410,
2016,BARCELONA,BAIX LLOBREGAT,08211,SANT FELIU DE LLOBREGAT,SERVEIS,16984577,
2016,BARCELONA,BAGES,08213,SANT FRUITOS DE BAGES,DOMÈSTIC,20577810,
2016,BARCELONA,BAGES,08213,SANT FRUITOS DE BAGES,INDUSTRIAL,18389449,
2016,BARCELONA,BAGES,08213,SANT FRUITOS DE BAGES,SERVEIS,7193355,
2016,BARCELONA,MARESME,08214,VILASSAR DE DALT,INDUSTRIAL,,Dades subjectes a secret estadístic.
2016,BARCELONA,MARESME,08214,VILASSAR DE DALT,PRIMARI,,Dades subjectes a secret estadístic.
2016,BARCELONA,MARESME,08214,VILASSAR DE DALT,SERVEIS,2933597,
2016,BARCELONA,MARESME,08214,VILASSAR DE DALT,DOMÈSTIC,19512162,
2016,BARCELONA,OSONA,08215,SANT HIPOLIT DE VOLTREGA,DOMÈSTIC,7396752,
2016,BARCELONA,OSONA,08215,SANT HIPOLIT DE VOLTREGA,SERVEIS,791125,
2016,BARCELONA,BAIX LLOBREGAT,08217,SANT JOAN DESPI,INDUSTRIAL,11603884,
2016,BARCELONA,BAIX LLOBREGAT,08217,SANT JOAN DESPI,DOMÈSTIC,48232518,
2016,BARCELONA,BAIX LLOBREGAT,08217,SANT JOAN DESPI,SERVEIS,18061598,
2016,BARCELONA,BAGES,08218,SANT JOAN DE VILATORRADA,INDUSTRIAL,,Dades subjectes a secret estadístic.
2016,BARCELONA,BAGES,08218,SANT JOAN DE VILATORRADA,SERVEIS,2652694,
2016,BARCELONA,BAGES,08218,SANT JOAN DE VILATORRADA,DOMÈSTIC,27900809,
2016,BARCELONA,MARESME,08219,VILASSAR DE MAR,INDUSTRIAL,,Dades subjectes a secret estadístic.
2016,BARCELONA,MARESME,08219,VILASSAR DE MAR,PRIMARI,3020644,
2016,BARCELONA,MARESME,08219,VILASSAR DE MAR,SERVEIS,4870114,
2016,BARCELONA,MARESME,08219,VILASSAR DE MAR,DOMÈSTIC,38109985,
2016,BARCELONA,BAIX LLOBREGAT,08221,SANT JUST DESVERN,INDUSTRIAL,13026052,
2016,BARCELONA,BAIX LLOBREGAT,08221,SANT JUST DESVERN,SERVEIS,13098475,
2016,BARCELONA,BAIX LLOBREGAT,08221,SANT JUST DESVERN,DOMÈSTIC,46268252,
2016,BARCELONA,ALT PENEDES,08222,SANT LLORENÇ D'HORTONS,DOMÈSTIC,103019,
2016,BARCELONA,OSONA,08224,SANT MARTI DE CENTELLES,SERVEIS,236212,
2016,BARCELONA,OSONA,08224,SANT MARTI DE CENTELLES,DOMÈSTIC,1786715,
2016,BARCELONA,ANOIA,08228,SANT MARTI SESGUEIOLES,DOMÈSTIC,635833,
2016,BARCELONA,MARESME,08230,PREMIA DE DALT,INDUSTRIAL,,Dades subjectes a secret estadístic.
2016,BARCELONA,MARESME,08230,PREMIA DE DALT,PRIMARI,4630184,
2016,BARCELONA,MARESME,08230,PREMIA DE DALT,SERVEIS,3592393,
2016,BARCELONA,MARESME,08230,PREMIA DE DALT,DOMÈSTIC,23742358,
2016,BARCELONA,GARRAF,08231,SANT PERE DE RIBES,DOMÈSTIC,51383402,
2016,BARCELONA,GARRAF,08231,SANT PERE DE RIBES,SERVEIS,15915377,
2016,BARCELONA,ALT PENEDES,08232,SANT PERE DE RIUDEBITLLES,INDUSTRIAL,32358497,
2016,BARCELONA,ALT PENEDES,08232,SANT PERE DE RIUDEBITLLES,DOMÈSTIC,3890539,
2016,BARCELONA,ALT PENEDES,08232,SANT PERE DE RIUDEBITLLES,SERVEIS,,Dades subjectes a secret estadístic.
2016,BARCELONA,VALLES ORIENTAL,08234,SANT PERE DE VILAMAJOR,DOMÈSTIC,2067385,
2016,BARCELONA,VALLES ORIENTAL,08234,SANT PERE DE VILAMAJOR,SERVEIS,,Dades subjectes a secret estadístic.
2016,BARCELONA,VALLES ORIENTAL,08234,SANT PERE DE VILAMAJOR,INDUSTRIAL,,Dades subjectes a secret estadístic.
2016,BARCELONA,MARESME,08235,SANT POL DE MAR,SERVEIS,709332,
2016,BARCELONA,MARESME,08235,SANT POL DE MAR,DOMÈSTIC,8861765,
2016,BARCELONA,ALT PENEDES,08236,SANT QUINTI DE MEDIONA,INDUSTRIAL,,Dades subjectes a secret estadístic.
2016,BARCELONA,ALT PENEDES,08236,SANT QUINTI DE MEDIONA,DOMÈSTIC,981781,
2016,BARCELONA,OSONA,08237,SANT QUIRZE DE BESORA,SERVEIS,,Dades subjectes a secret estadístic.
2016,BARCELONA,OSONA,08237,SANT QUIRZE DE BESORA,INDUSTRIAL,,Dades subjectes a secret estadístic.
2016,BARCELONA,OSONA,08237,SANT QUIRZE DE BESORA,DOMÈSTIC,4929310,
2016,BARCELONA,VALLES OCCIDENTAL,08238,SANT QUIRZE DEL VALLES,DOMÈSTIC,46444378,
2016,BARCELONA,VALLES OCCIDENTAL,08238,SANT QUIRZE DEL VALLES,SERVEIS,6219572,
2016,BARCELONA,VALLES OCCIDENTAL,08238,SANT QUIRZE DEL VALLES,INDUSTRIAL,23920950,
2016,BARCELONA,ALT PENEDES,08240,SANT SADURNI D'ANOIA,DOMÈSTIC,18252391,
2016,BARCELONA,ALT PENEDES,08240,SANT SADURNI D'ANOIA,INDUSTRIAL,,Dades subjectes a secret estadístic.
2016,BARCELONA,ALT PENEDES,08240,SANT SADURNI D'ANOIA,SERVEIS,4267828,
2016,BARCELONA,BAIX LLOBREGAT,08244,SANTA COLOMA DE CERVELLO,SERVEIS,636837,
2016,BARCELONA,BAIX LLOBREGAT,08244,SANTA COLOMA DE CERVELLO,DOMÈSTIC,11655468,
2016,BARCELONA,BAIX LLOBREGAT,08244,SANTA COLOMA DE CERVELLO,INDUSTRIAL,,Dades subjectes a secret estadístic.
2016,BARCELONA,BARCELONES,08245,SANTA COLOMA DE GRAMENET,DOMÈSTIC,107545999,
2016,BARCELONA,BARCELONES,08245,SANTA COLOMA DE GRAMENET,SERVEIS,26500635,
2016,BARCELONA,BARCELONES,08245,SANTA COLOMA DE GRAMENET,INDUSTRIAL,,Dades subjectes a secret estadístic.
2016,BARCELONA,OSONA,08246,SANTA EUGENIA DE BERGA,DOMÈSTIC,2501920,
2016,BARCELONA,OSONA,08246,SANTA EUGENIA DE BERGA,SERVEIS,296947,
2016,BARCELONA,OSONA,08246,SANTA EUGENIA DE BERGA,INDUSTRIAL,,Dades subjectes a secret estadístic.
2016,BARCELONA,VALLES ORIENTAL,08248,SANTA EULALIA DE RONÇANA,DOMÈSTIC,166573,
2016,BARCELONA,ANOIA,08250,SANTA MARGARIDA DE MONTBUI,SERVEIS,1592300,
2016,BARCELONA,ANOIA,08250,SANTA MARGARIDA DE MONTBUI,DOMÈSTIC,15718485,
2016,BARCELONA,ALT PENEDES,08251,SANTA MARGARIDA I ELS MONJOS,DOMÈSTIC,9912516,
2016,BARCELONA,ALT PENEDES,08251,SANTA MARGARIDA I ELS MONJOS,INDUSTRIAL,141951978,
2016,BARCELONA,ALT PENEDES,08251,SANTA MARGARIDA I ELS MONJOS,SERVEIS,1980320,
2016,BARCELONA,VALLES OCCIDENTAL,08252,BARBERA DEL VALLES,INDUSTRIAL,83532705,
2016,BARCELONA,VALLES OCCIDENTAL,08252,BARBERA DEL VALLES,DOMÈSTIC,46196892,
2016,BARCELONA,VALLES OCCIDENTAL,08252,BARBERA DEL VALLES,SERVEIS,15311702,
2016,BARCELONA,VALLES ORIENTAL,08256,SANTA MARIA DE MARTORELLES,DOMÈSTIC,435695,
2016,BARCELONA,VALLES ORIENTAL,08259,SANTA MARIA DE PALAUTORDERA,INDUSTRIAL,,Dades subjectes a secret estadístic.
2016,BARCELONA,VALLES ORIENTAL,08259,SANTA MARIA DE PALAUTORDERA,SERVEIS,,Dades subjectes a secret estadístic.
2016,BARCELONA,VALLES ORIENTAL,08259,SANTA MARIA DE PALAUTORDERA,DOMÈSTIC,12147218,
2016,BARCELONA,VALLES OCCIDENTAL,08260,SANTA PERPETUA DE MOGODA,INDUSTRIAL,342919955,
2016,BARCELONA,VALLES OCCIDENTAL,08260,SANTA PERPETUA DE MOGODA,SERVEIS,6485175,
2016,BARCELONA,VALLES OCCIDENTAL,08260,SANTA PERPETUA DE MOGODA,DOMÈSTIC,38946230,
2016,BARCELONA,MARESME,08261,SANTA SUSANNA,PRIMARI,,Dades subjectes a secret estadístic.
2016,BARCELONA,MARESME,08261,SANTA SUSANNA,DOMÈSTIC,4038472,
2016,BARCELONA,MARESME,08261,SANTA SUSANNA,SERVEIS,14357682,
2016,BARCELONA,BAGES,08262,SANT VICENÇ DE CASTELLET,SERVEIS,2460789,
2016,BARCELONA,BAGES,08262,SANT VICENÇ DE CASTELLET,DOMÈSTIC,22409227,
2016,BARCELONA,BAGES,08262,SANT VICENÇ DE CASTELLET,INDUSTRIAL,9367363,
2016,BARCELONA,BAIX LLOBREGAT,08263,SANT VICENÇ DELS HORTS,SERVEIS,3672021,
2016,BARCELONA,BAIX LLOBREGAT,08263,SANT VICENÇ DELS HORTS,INDUSTRIAL,75958729,
2016,BARCELONA,BAIX LLOBREGAT,08263,SANT VICENÇ DELS HORTS,DOMÈSTIC,30644967,
2016,BARCELONA,MARESME,08264,SANT VICENÇ DE MONTALT,DOMÈSTIC,18665319,
2016,BARCELONA,MARESME,08264,SANT VICENÇ DE MONTALT,SERVEIS,1940160,
2016,BARCELONA,OSONA,08265,SANT VICENÇ DE TORELLO,SERVEIS,568721,
2016,BARCELONA,OSONA,08265,SANT VICENÇ DE TORELLO,INDUSTRIAL,,Dades subjectes a secret estadístic.
2016,BARCELONA,OSONA,08265,SANT VICENÇ DE TORELLO,DOMÈSTIC,3065865,
2016,BARCELONA,VALLES OCCIDENTAL,08266,CERDANYOLA DEL VALLES,SERVEIS,166424779,
2016,BARCELONA,VALLES OCCIDENTAL,08266,CERDANYOLA DEL VALLES,INDUSTRIAL,53161293,
2016,BARCELONA,VALLES OCCIDENTAL,08266,CERDANYOLA DEL VALLES,DOMÈSTIC,101985154,
2016,BARCELONA,VALLES OCCIDENTAL,08267,SENTMENAT,INDUSTRIAL,,Dades subjectes a secret estadístic.
2016,BARCELONA,VALLES OCCIDENTAL,08267,SENTMENAT,SERVEIS,2066531,
2016,BARCELONA,VALLES OCCIDENTAL,08267,SENTMENAT,DOMÈSTIC,12799623,
2016,BARCELONA,OSONA,08269,SEVA,DOMÈSTIC,1146895,
2016,BARCELONA,OSONA,08269,SEVA,INDUSTRIAL,,Dades subjectes a secret estadístic.
2016,BARCELONA,GARRAF,08270,SITGES,SERVEIS,25627881,
2016,BARCELONA,GARRAF,08270,SITGES,DOMÈSTIC,64987192,
2016,BARCELONA,BAGES,08274,SURIA,INDUSTRIAL,,Dades subjectes a secret estadístic.
2016,BARCELONA,BAGES,08274,SURIA,SERVEIS,1978201,
2016,BARCELONA,BAGES,08274,SURIA,DOMÈSTIC,13271576,
2016,BARCELONA,OSONA,08278,TARADELL,SERVEIS,1833754,
2016,BARCELONA,OSONA,08278,TARADELL,INDUSTRIAL,,Dades subjectes a secret estadístic.
2016,BARCELONA,OSONA,08278,TARADELL,DOMÈSTIC,11841628,
2016,BARCELONA,VALLES OCCIDENTAL,08279,TERRASSA,DOMÈSTIC,351922616,
2016,BARCELONA,VALLES OCCIDENTAL,08279,TERRASSA,INDUSTRIAL,89154229,
2016,BARCELONA,VALLES OCCIDENTAL,08279,TERRASSA,SERVEIS,87218489,
2016,BARCELONA,MARESME,08281,TEIA,INDUSTRIAL,,Dades subjectes a secret estadístic.
2016,BARCELONA,MARESME,08281,TEIA,PRIMARI,,Dades subjectes a secret estadístic.
2016,BARCELONA,MARESME,08281,TEIA,SERVEIS,2862853,
2016,BARCELONA,MARESME,08281,TEIA,DOMÈSTIC,15999026,
2016,BARCELONA,MARESME,08282,TIANA,SERVEIS,2496894,
2016,BARCELONA,MARESME,08282,TIANA,DOMÈSTIC,19646413,
2016,BARCELONA,OSONA,08283,TONA,INDUSTRIAL,,Dades subjectes a secret estadístic.
2016,BARCELONA,OSONA,08283,TONA,SERVEIS,5197662,
2016,BARCELONA,OSONA,08283,TONA,DOMÈSTIC,18276092,
2016,BARCELONA,MARESME,08284,TORDERA,INDUSTRIAL,,Dades subjectes a secret estadístic.
2016,BARCELONA,MARESME,08284,TORDERA,SERVEIS,15563643,
2016,BARCELONA,MARESME,08284,TORDERA,DOMÈSTIC,21004141,
2016,BARCELONA,OSONA,08285,TORELLO,INDUSTRIAL,11248209,
2016,BARCELONA,OSONA,08285,TORELLO,DOMÈSTIC,31048835,
2016,BARCELONA,OSONA,08285,TORELLO,SERVEIS,3156914,
2016,BARCELONA,ANOIA,08286,"TORRE DE CLARAMUNT, LA",DOMÈSTIC,2924681,
2016,BARCELONA,ANOIA,08286,"TORRE DE CLARAMUNT, LA",INDUSTRIAL,,Dades subjectes a secret estadístic.
2016,BARCELONA,ALT PENEDES,08287,TORRELAVIT,SERVEIS,,Dades subjectes a secret estadístic.
2016,BARCELONA,ALT PENEDES,08287,TORRELAVIT,DOMÈSTIC,2035933,
2016,BARCELONA,BAIX LLOBREGAT,08289,TORRELLES DE LLOBREGAT,SERVEIS,31128,
2016,BARCELONA,BAIX LLOBREGAT,08289,TORRELLES DE LLOBREGAT,DOMÈSTIC,3477565,
2016,BARCELONA,VALLES OCCIDENTAL,08290,ULLASTRELL,DOMÈSTIC,1442427,
2016,BARCELONA,ANOIA,08292,VALLBONA D'ANOIA,DOMÈSTIC,2403535,
2016,BARCELONA,ANOIA,08292,VALLBONA D'ANOIA,INDUSTRIAL,,Dades subjectes a secret estadístic.
2016,BARCELONA,VALLES ORIENTAL,08294,VALLGORGUINA,DOMÈSTIC,718628,
2016,BARCELONA,BAIX LLOBREGAT,08295,VALLIRANA,SERVEIS,1970293,
2016,BARCELONA,BAIX LLOBREGAT,08295,VALLIRANA,DOMÈSTIC,15102244,
2016,BARCELONA,VALLES ORIENTAL,08296,VALLROMANES,SERVEIS,699,
2016,BARCELONA,VALLES ORIENTAL,08296,VALLROMANES,DOMÈSTIC,5860,
2016,BARCELONA,OSONA,08298,VIC,SERVEIS,48065422,
2016,BARCELONA,OSONA,08298,VIC,INDUSTRIAL,90203818,
2016,BARCELONA,OSONA,08298,VIC,DOMÈSTIC,111368833,
2016,BARCELONA,VALLES OCCIDENTAL,08300,VILADECAVALLS,SERVEIS,,Dades subjectes a secret estadístic.
2016,BARCELONA,VALLES OCCIDENTAL,08300,VILADECAVALLS,INDUSTRIAL,7253108,
2016,BARCELONA,VALLES OCCIDENTAL,08300,VILADECAVALLS,DOMÈSTIC,15247087,
2016,BARCELONA,BAIX LLOBREGAT,08301,VILADECANS,SERVEIS,19544689,Inclou el consum del sector transport.
2016,BARCELONA,BAIX LLOBREGAT,08301,VILADECANS,INDUSTRIAL,,Dades subjectes a secret estadístic.
2016,BARCELONA,BAIX LLOBREGAT,08301,VILADECANS,DOMÈSTIC,68481082,
2016,BARCELONA,ANOIA,08302,VILANOVA DEL CAMI,SERVEIS,1834620,
2016,BARCELONA,ANOIA,08302,VILANOVA DEL CAMI,INDUSTRIAL,,Dades subjectes a secret estadístic.
2016,BARCELONA,ANOIA,08302,VILANOVA DEL CAMI,DOMÈSTIC,22188536,
2016,BARCELONA,ALT PENEDES,08305,VILAFRANCA DEL PENEDES,SERVEIS,15810037,
2016,BARCELONA,ALT PENEDES,08305,VILAFRANCA DEL PENEDES,INDUSTRIAL,5224739,
2016,BARCELONA,ALT PENEDES,08305,VILAFRANCA DEL PENEDES,DOMÈSTIC,60448569,
2016,BARCELONA,VALLES ORIENTAL,08306,VILALBA SASSERRA,SERVEIS,,Dades subjectes a secret estadístic.
2016,BARCELONA,VALLES ORIENTAL,08306,VILALBA SASSERRA,DOMÈSTIC,148034,
2016,BARCELONA,GARRAF,08307,VILANOVA I LA GELTRU,INDUSTRIAL,66751508,
2016,BARCELONA,GARRAF,08307,VILANOVA I LA GELTRU,SERVEIS,16809039,
2016,BARCELONA,GARRAF,08307,VILANOVA I LA GELTRU,DOMÈSTIC,77861534,
2016,BARCELONA,VALLES ORIENTAL,08902,VILANOVA DEL VALLES,DOMÈSTIC,5939414,
2016,BARCELONA,VALLES ORIENTAL,08902,VILANOVA DEL VALLES,SERVEIS,583364,
2016,BARCELONA,VALLES OCCIDENTAL,08904,BADIA DEL VALLES,SERVEIS,3329883,
2016,BARCELONA,VALLES OCCIDENTAL,08904,BADIA DEL VALLES,DOMÈSTIC,13637924,
2016,BARCELONA,BAIX LLOBREGAT,08905,"PALMA DE CERVELLO, LA",SERVEIS,511168,
2016,BARCELONA,BAIX LLOBREGAT,08905,"PALMA DE CERVELLO, LA",INDUSTRIAL,,Dades subjectes a secret estadístic.
2016,BARCELONA,BAIX LLOBREGAT,08905,"PALMA DE CERVELLO, LA",DOMÈSTIC,3735316,
2016,GIRONA,GIRONES,17002,AIGUAVIVA,SERVEIS,603947,
2016,GIRONA,GIRONES,17002,AIGUAVIVA,INDUSTRIAL,29433215,
2016,GIRONA,GIRONES,17002,AIGUAVIVA,DOMÈSTIC,1108508,
2016,GIRONA,GARROTXA,17010,ARGELAGUER,DOMÈSTIC,988705,
2016,GIRONA,GARROTXA,17010,ARGELAGUER,INDUSTRIAL,,Dades subjectes a secret estadístic.
2016,GIRONA,GARROTXA,17010,ARGELAGUER,PRIMARI,,Dades subjectes a secret estadístic.
2016,GIRONA,GARROTXA,17010,ARGELAGUER,SERVEIS,,Dades subjectes a secret estadístic.
2016,GIRONA,BAIX EMPORDA,17013,BEGUR,DOMÈSTIC,196725,
2016,GIRONA,PLA DE L'ESTANY,17015,BANYOLES,DOMÈSTIC,38681169,
2016,GIRONA,PLA DE L'ESTANY,17015,BANYOLES,INDUSTRIAL,,Dades subjectes a secret estadístic.
2016,GIRONA,PLA DE L'ESTANY,17015,BANYOLES,SERVEIS,10585160,
2016,GIRONA,BAIX EMPORDA,17018,BELLCAIRE D'EMPORDA,DOMÈSTIC,984847,
2016,GIRONA,GARROTXA,17019,BESALU,SERVEIS,1043998,
2016,GIRONA,GARROTXA,17019,BESALU,INDUSTRIAL,,Dades subjectes a secret estadístic.
2016,GIRONA,GARROTXA,17019,BESALU,DOMÈSTIC,6228532,
2016,GIRONA,GIRONES,17020,BESCANO,DOMÈSTIC,8541274,
2016,GIRONA,GIRONES,17020,BESCANO,SERVEIS,875309,
2016,GIRONA,GARROTXA,17021,BEUDA,INDUSTRIAL,,Dades subjectes a secret estadístic.
2016,GIRONA,BAIX EMPORDA,17022,"BISBAL D'EMPORDA, LA",INDUSTRIAL,,Dades subjectes a secret estadístic.
2016,GIRONA,BAIX EMPORDA,17022,"BISBAL D'EMPORDA, LA",DOMÈSTIC,18418030,
2016,GIRONA,BAIX EMPORDA,17022,"BISBAL D'EMPORDA, LA",SERVEIS,2226937,
2016,GIRONA,SELVA,17023,BLANES,INDUSTRIAL,,Dades subjectes a secret estadístic.
2016,GIRONA,SELVA,17023,BLANES,SERVEIS,16282024,
2016,GIRONA,SELVA,17023,BLANES,DOMÈSTIC,70535255,
2016,GIRONA,GIRONES,17025,BORDILS,SERVEIS,,Dades subjectes a secret estadístic.
2016,GIRONA,GIRONES,17025,BORDILS,DOMÈSTIC,3937149,
2016,GIRONA,SELVA,17027,BREDA,DOMÈSTIC,5872167,
2016,GIRONA,SELVA,17027,BREDA,INDUSTRIAL,5242248,
2016,GIRONA,SELVA,17027,BREDA,SERVEIS,567555,
2016,GIRONA,SELVA,17033,CALDES DE MALAVELLA,SERVEIS,4790682,
2016,GIRONA,SELVA,17033,CALDES DE MALAVELLA,INDUSTRIAL,6880175,
2016,GIRONA,SELVA,17033,CALDES DE MALAVELLA,DOMÈSTIC,13190658,
2016,GIRONA,BAIX EMPORDA,17034,CALONGE I SANT ANTONI,DOMÈSTIC,17893788,
2016,GIRONA,BAIX EMPORDA,17034,CALONGE I SANT ANTONI,SERVEIS,3975747,
2016,GIRONA,PLA DE L'ESTANY,17035,CAMOS,DOMÈSTIC,549264,
2016,GIRONA,RIPOLLES,17036,CAMPDEVANOL,SERVEIS,2499259,
2016,GIRONA,RIPOLLES,17036,CAMPDEVANOL,INDUSTRIAL,5928695,
2016,GIRONA,RIPOLLES,17036,CAMPDEVANOL,DOMÈSTIC,7422595,
2016,GIRONA,GIRONES,17038,CAMPLLONG,SERVEIS,,Dades subjectes a secret estadístic.
2016,GIRONA,GIRONES,17038,CAMPLLONG,DOMÈSTIC,250722,
2016,GIRONA,GIRONES,17044,CASSA DE LA SELVA,SERVEIS,3206745,
2016,GIRONA,GIRONES,17044,CASSA DE LA SELVA,INDUSTRIAL,,Dades subjectes a secret estadístic.
2016,GIRONA,GIRONES,17044,CASSA DE LA SELVA,DOMÈSTIC,18795954,
2016,GIRONA,GARROTXA,17046,CASTELLFOLLIT DE LA ROCA,SERVEIS,1021219,
2016,GIRONA,GARROTXA,17046,CASTELLFOLLIT DE LA ROCA,DOMÈSTIC,2387746,
2016,GIRONA,ALT EMPORDA,17047,CASTELLO D'EMPURIES,SERVEIS,548160,
2016,GIRONA,ALT EMPORDA,17047,CASTELLO D'EMPURIES,DOMÈSTIC,1103648,
2016,GIRONA,BAIX EMPORDA,17048,CASTELL-PLATJA D'ARO,SERVEIS,15748103,
2016,GIRONA,BAIX EMPORDA,17048,CASTELL-PLATJA D'ARO,DOMÈSTIC,19528238,
2016,GIRONA,GIRONES,17049,CELRA,SERVEIS,2627986,
2016,GIRONA,GIRONES,17049,CELRA,INDUSTRIAL,72222424,
2016,GIRONA,GIRONES,17049,CELRA,DOMÈSTIC,12622731,
2016,GIRONA,PLA DE L'ESTANY,17056,CORNELLA DEL TERRI,INDUSTRIAL,31271197,
2016,GIRONA,PLA DE L'ESTANY,17056,CORNELLA DEL TERRI,SERVEIS,306776,
2016,GIRONA,PLA DE L'ESTANY,17056,CORNELLA DEL TERRI,DOMÈSTIC,3177785,
2016,GIRONA,BAIX EMPORDA,17057,CORÇA,DOMÈSTIC,2207961,
2016,GIRONA,BAIX EMPORDA,17057,CORÇA,INDUSTRIAL,,Dades subjectes a secret estadístic.
2016,GIRONA,BAIX EMPORDA,17057,CORÇA,SERVEIS,,Dades subjectes a secret estadístic.
2016,GIRONA,ALT EMPORDA,17062,"ESCALA, L'",SERVEIS,4245239,
2016,GIRONA,ALT EMPORDA,17062,"ESCALA, L'",DOMÈSTIC,12637241,
2016,GIRONA,ALT EMPORDA,17066,FIGUERES,DOMÈSTIC,80746599,
2016,GIRONA,ALT EMPORDA,17066,FIGUERES,SERVEIS,28674455,
2016,GIRONA,GIRONES,17067,FLAÇA,SERVEIS,,Dades subjectes a secret estadístic.
2016,GIRONA,GIRONES,17067,FLAÇA,DOMÈSTIC,2292113,
2016,GIRONA,PLA DE L'ESTANY,17071,FONTCOBERTA,SERVEIS,7556,
2016,GIRONA,PLA DE L'ESTANY,17071,FONTCOBERTA,DOMÈSTIC,829486,
2016,GIRONA,GIRONES,17073,FORNELLS DE LA SELVA,SERVEIS,1539292,
2016,GIRONA,GIRONES,17073,FORNELLS DE LA SELVA,DOMÈSTIC,7488925,
2016,GIRONA,GIRONES,17079,GIRONA,SERVEIS,71618141,
2016,GIRONA,GIRONES,17079,GIRONA,INDUSTRIAL,,Dades subjectes a secret estadístic.
2016,GIRONA,GIRONES,17079,GIRONA,DOMÈSTIC,218029284,
2016,GIRONA,BAIX EMPORDA,17081,GUALTA,SERVEIS,,Dades subjectes a secret estadístic.
2016,GIRONA,BAIX EMPORDA,17081,GUALTA,DOMÈSTIC,196747,
2016,GIRONA,SELVA,17083,HOSTALRIC,SERVEIS,483853,
2016,GIRONA,SELVA,17083,HOSTALRIC,INDUSTRIAL,47724396,
2016,GIRONA,SELVA,17083,HOSTALRIC,DOMÈSTIC,9138378,
2016,GIRONA,ALT EMPORDA,17086,"JONQUERA, LA",DOMÈSTIC,5293308,
2016,GIRONA,ALT EMPORDA,17086,"JONQUERA, LA",SERVEIS,2846863,
2016,GIRONA,GIRONES,17087,JUIA,INDUSTRIAL,,Dades subjectes a secret estadístic.
2016,GIRONA,GIRONES,17089,LLAGOSTERA,DOMÈSTIC,12859066,
2016,GIRONA,GIRONES,17089,LLAGOSTERA,SERVEIS,846631,
2016,GIRONA,SELVA,17095,LLORET DE MAR,SERVEIS,70646869,
2016,GIRONA,SELVA,17095,LLORET DE MAR,DOMÈSTIC,42466647,
2016,GIRONA,SELVA,17101,MASSANES,INDUSTRIAL,40295845,
2016,GIRONA,SELVA,17101,MASSANES,DOMÈSTIC,6492,
2016,GIRONA,SELVA,17103,MAÇANET DE LA SELVA,DOMÈSTIC,8754540,
2016,GIRONA,SELVA,17103,MAÇANET DE LA SELVA,SERVEIS,1346489,
2016,GIRONA,SELVA,17103,MAÇANET DE LA SELVA,INDUSTRIAL,,Dades subjectes a secret estadístic.
2016,GIRONA,BAIX EMPORDA,17110,MONT-RAS,SERVEIS,,Dades subjectes a secret estadístic.
2016,GIRONA,BAIX EMPORDA,17110,MONT-RAS,DOMÈSTIC,1809115,
2016,GIRONA,ALT EMPORDA,17111,NAVATA,SERVEIS,,Dades subjectes a secret estadístic.
2016,GIRONA,ALT EMPORDA,17111,NAVATA,DOMÈSTIC,669145,
2016,GIRONA,GARROTXA,17114,OLOT,INDUSTRIAL,52091351,
2016,GIRONA,GARROTXA,17114,OLOT,DOMÈSTIC,69022607,
2016,GIRONA,GARROTXA,17114,OLOT,SERVEIS,22929391,
2016,GIRONA,BAIX EMPORDA,17117,PALAFRUGELL,SERVEIS,6448319,
2016,GIRONA,BAIX EMPORDA,17117,PALAFRUGELL,DOMÈSTIC,33055983,
2016,GIRONA,BAIX EMPORDA,17118,PALAMOS,SERVEIS,7974033,
2016,GIRONA,BAIX EMPORDA,17118,PALAMOS,INDUSTRIAL,,Dades subjectes a secret estadístic.
2016,GIRONA,BAIX EMPORDA,17118,PALAMOS,DOMÈSTIC,27662387,
2016,GIRONA,PLA DE L'ESTANY,17123,PALOL DE REVARDIT,INDUSTRIAL,,Dades subjectes a secret estadístic.
2016,GIRONA,BAIX EMPORDA,17126,PARLAVA,DOMÈSTIC,142590,
2016,GIRONA,BAIX EMPORDA,17130,"PERA, LA",INDUSTRIAL,,Dades subjectes a secret estadístic.
2016,GIRONA,PLA DE L'ESTANY,17137,PORQUERES,DOMÈSTIC,7331820,
2016,GIRONA,PLA DE L'ESTANY,17137,PORQUERES,INDUSTRIAL,,Dades subjectes a secret estadístic.
2016,GIRONA,PLA DE L'ESTANY,17137,PORQUERES,SERVEIS,844494,
2016,GIRONA,GARROTXA,17139,"PRESES, LES",SERVEIS,503266,
2016,GIRONA,GARROTXA,17139,"PRESES, LES",DOMÈSTIC,2466959,
2016,GIRONA,GARROTXA,17139,"PRESES, LES",INDUSTRIAL,8626030,
2016,GIRONA,CERDANYA,17141,PUIGCERDA,DOMÈSTIC,24974149,
2016,GIRONA,CERDANYA,17141,PUIGCERDA,SERVEIS,9747435,
2016,GIRONA,GIRONES,17142,QUART,DOMÈSTIC,7527832,
2016,GIRONA,GIRONES,17142,QUART,SERVEIS,2415541,
2016,GIRONA,SELVA,17146,RIELLS I VIABREA,INDUSTRIAL,10575420,
2016,GIRONA,SELVA,17146,RIELLS I VIABREA,DOMÈSTIC,722122,
2016,GIRONA,RIPOLLES,17147,RIPOLL,DOMÈSTIC,22917558,
2016,GIRONA,RIPOLLES,17147,RIPOLL,INDUSTRIAL,33358625,
2016,GIRONA,RIPOLLES,17147,RIPOLL,SERVEIS,6149522,
2016,GIRONA,SELVA,17148,RIUDARENES,SERVEIS,1104729,
2016,GIRONA,SELVA,17148,RIUDARENES,INDUSTRIAL,,Dades subjectes a secret estadístic.
2016,GIRONA,SELVA,17148,RIUDARENES,DOMÈSTIC,3424331,
2016,GIRONA,SELVA,17150,RIUDELLOTS DE LA SELVA,SERVEIS,11815072,
2016,GIRONA,SELVA,17150,RIUDELLOTS DE LA SELVA,INDUSTRIAL,116920872,
2016,GIRONA,SELVA,17150,RIUDELLOTS DE LA SELVA,DOMÈSTIC,4007127,
2016,GIRONA,GIRONES,17155,SALT,SERVEIS,22123043,
2016,GIRONA,GIRONES,17155,SALT,INDUSTRIAL,,Dades subjectes a secret estadístic.
2016,GIRONA,GIRONES,17155,SALT,DOMÈSTIC,43364157,
2016,GIRONA,SELVA,17159,SANT FELIU DE BUIXALLEU,INDUSTRIAL,21371045,
2016,GIRONA,SELVA,17159,SANT FELIU DE BUIXALLEU,SERVEIS,,Dades subjectes a secret estadístic.
2016,GIRONA,BAIX EMPORDA,17160,SANT FELIU DE GUIXOLS,SERVEIS,10500978,
2016,GIRONA,BAIX EMPORDA,17160,SANT FELIU DE GUIXOLS,DOMÈSTIC,46824788,
2016,GIRONA,GIRONES,17163,SANT GREGORI,SERVEIS,1321013,
2016,GIRONA,GIRONES,17163,SANT GREGORI,INDUSTRIAL,,Dades subjectes a secret estadístic.
2016,GIRONA,GIRONES,17163,SANT GREGORI,DOMÈSTIC,6914974,
2016,GIRONA,GARROTXA,17165,SANT JAUME DE LLIERCA,INDUSTRIAL,,Dades subjectes a secret estadístic.
2016,GIRONA,GARROTXA,17165,SANT JAUME DE LLIERCA,DOMÈSTIC,1284358,
2016,GIRONA,RIPOLLES,17167,SANT JOAN DE LES ABADESSES,DOMÈSTIC,7795542,
2016,GIRONA,RIPOLLES,17167,SANT JOAN DE LES ABADESSES,INDUSTRIAL,,Dades subjectes a secret estadístic.
2016,GIRONA,RIPOLLES,17167,SANT JOAN DE LES ABADESSES,SERVEIS,2100305,
2016,GIRONA,GIRONES,17168,SANT JOAN DE MOLLET,DOMÈSTIC,799209,
2016,GIRONA,GIRONES,17169,SANT JULIA DE RAMIS,DOMÈSTIC,5331581,
2016,GIRONA,GIRONES,17169,SANT JULIA DE RAMIS,INDUSTRIAL,,Dades subjectes a secret estadístic.
2016,GIRONA,GIRONES,17169,SANT JULIA DE RAMIS,SERVEIS,,Dades subjectes a secret estadístic.
2016,GIRONA,RIPOLLES,17177,SANT PAU DE SEGURIES,SERVEIS,,Dades subjectes a secret estadístic.
2016,GIRONA,RIPOLLES,17177,SANT PAU DE SEGURIES,DOMÈSTIC,701842,
2016,GIRONA,SELVA,17180,SANTA COLOMA DE FARNERS,SERVEIS,2215107,
2016,GIRONA,SELVA,17180,SANTA COLOMA DE FARNERS,INDUSTRIAL,2755570,
2016,GIRONA,SELVA,17180,SANTA COLOMA DE FARNERS,DOMÈSTIC,22468857,
2016,GIRONA,BAIX EMPORDA,17181,SANTA CRISTINA D'ARO,DOMÈSTIC,8772659,
2016,GIRONA,BAIX EMPORDA,17181,SANTA CRISTINA D'ARO,SERVEIS,785647,
2016,GIRONA,ALT EMPORDA,17182,SANTA LLOGAIA D'ALGUEMA,DOMÈSTIC,162226,
2016,GIRONA,GARROTXA,17185,SANT JOAN LES FONTS,SERVEIS,1815737,
2016,GIRONA,GARROTXA,17185,SANT JOAN LES FONTS,INDUSTRIAL,741489512,
2016,GIRONA,GARROTXA,17185,SANT JOAN LES FONTS,DOMÈSTIC,5951336,
2016,GIRONA,GIRONES,17186,SARRIA DE TER,SERVEIS,610089,
2016,GIRONA,GIRONES,17186,SARRIA DE TER,INDUSTRIAL,,Dades subjectes a secret estadístic.
2016,GIRONA,GIRONES,17186,SARRIA DE TER,DOMÈSTIC,12942752,
2016,GIRONA,PLA DE L'ESTANY,17190,SERINYA,DOMÈSTIC,1490361,
2016,GIRONA,PLA DE L'ESTANY,17190,SERINYA,INDUSTRIAL,,Dades subjectes a secret estadístic.
2016,GIRONA,PLA DE L'ESTANY,17190,SERINYA,SERVEIS,,Dades subjectes a secret estadístic.
2016,GIRONA,BAIX EMPORDA,17191,SERRA DE DARO,DOMÈSTIC,451038,
2016,GIRONA,SELVA,17193,SILS,INDUSTRIAL,18042610,
2016,GIRONA,SELVA,17193,SILS,SERVEIS,853408,
2016,GIRONA,SELVA,17193,SILS,DOMÈSTIC,8357947,
2016,GIRONA,BAIX EMPORDA,17199,TORROELLA DE MONTGRI,SERVEIS,4139863,
2016,GIRONA,BAIX EMPORDA,17199,TORROELLA DE MONTGRI,INDUSTRIAL,,Dades subjectes a secret estadístic.
2016,GIRONA,BAIX EMPORDA,17199,TORROELLA DE MONTGRI,DOMÈSTIC,12392810,
2016,GIRONA,BAIX EMPORDA,17204,ULLA,SERVEIS,,Dades subjectes a secret estadístic.
2016,GIRONA,BAIX EMPORDA,17204,ULLA,DOMÈSTIC,1350421,
2016,GIRONA,GARROTXA,17207,"VALL D'EN BAS, LA",SERVEIS,,Dades subjectes a secret estadístic.
2016,GIRONA,GARROTXA,17207,"VALL D'EN BAS, LA",DOMÈSTIC,982532,
2016,GIRONA,GARROTXA,17208,"VALL DE BIANYA, LA",SERVEIS,599548,
2016,GIRONA,GARROTXA,17208,"VALL DE BIANYA, LA",INDUSTRIAL,,Dades subjectes a secret estadístic.
2016,GIRONA,GARROTXA,17208,"VALL DE BIANYA, LA",DOMÈSTIC,1258007,
2016,GIRONA,BAIX EMPORDA,17209,VALL-LLOBREGA,SERVEIS,,Dades subjectes a secret estadístic.
2016,GIRONA,BAIX EMPORDA,17209,VALL-LLOBREGA,DOMÈSTIC,946060,
2016,GIRONA,SELVA,17213,VIDRERES,SERVEIS,1343662,
2016,GIRONA,SELVA,17213,VIDRERES,INDUSTRIAL,,Dades subjectes a secret estadístic.
2016,GIRONA,SELVA,17213,VIDRERES,DOMÈSTIC,9530321,
2016,GIRONA,GIRONES,17215,VILABLAREIX,SERVEIS,947496,
2016,GIRONA,GIRONES,17215,VILABLAREIX,DOMÈSTIC,6060659,
2016,GIRONA,ALT EMPORDA,17221,VILAFANT,SERVEIS,3745058,
2016,GIRONA,ALT EMPORDA,17221,VILAFANT,DOMÈSTIC,7376671,
2016,GIRONA,BAIX EMPORDA,17902,FORALLAC,DOMÈSTIC,2353643,
2016,GIRONA,BAIX EMPORDA,17902,FORALLAC,SERVEIS,412621,
2016,LLEIDA,SEGRIA,25004,"ALAMUS, ELS",DOMÈSTIC,852904,
2016,LLEIDA,SEGRIA,25007,ALBATARREC,SERVEIS,,Dades subjectes a secret estadístic.
2016,LLEIDA,SEGRIA,25007,ALBATARREC,DOMÈSTIC,3249759,
2016,LLEIDA,SEGRIA,25011,ALCARRAS,DOMÈSTIC,19823453,
2016,LLEIDA,SEGRIA,25011,ALCARRAS,INDUSTRIAL,,Dades subjectes a secret estadístic.
2016,LLEIDA,SEGRIA,25011,ALCARRAS,SERVEIS,1843520,
2016,LLEIDA,SEGRIA,25012,ALCOLETGE,SERVEIS,1223564,
2016,LLEIDA,SEGRIA,25012,ALCOLETGE,INDUSTRIAL,14688311,
2016,LLEIDA,SEGRIA,25012,ALCOLETGE,DOMÈSTIC,6162152,
2016,LLEIDA,SEGRIA,25013,ALFARRAS,SERVEIS,2018206,
2016,LLEIDA,SEGRIA,25013,ALFARRAS,DOMÈSTIC,5662148,
2016,LLEIDA,SEGRIA,25016,ALGUAIRE,SERVEIS,814484,
2016,LLEIDA,SEGRIA,25016,ALGUAIRE,INDUSTRIAL,,Dades subjectes a secret estadístic.
2016,LLEIDA,SEGRIA,25016,ALGUAIRE,DOMÈSTIC,5961263,
2016,LLEIDA,SEGRIA,25019,ALMACELLES,SERVEIS,2187715,
2016,LLEIDA,SEGRIA,25019,ALMACELLES,INDUSTRIAL,,Dades subjectes a secret estadístic.
2016,LLEIDA,SEGRIA,25019,ALMACELLES,DOMÈSTIC,13141987,
2016,LLEIDA,SEGRIA,25021,ALMENAR,INDUSTRIAL,,Dades subjectes a secret estadístic.
2016,LLEIDA,SEGRIA,25021,ALMENAR,DOMÈSTIC,6156029,
2016,LLEIDA,SEGRIA,25021,ALMENAR,SERVEIS,658917,
2016,LLEIDA,SEGRIA,25023,ALPICAT,DOMÈSTIC,15680615,
2016,LLEIDA,SEGRIA,25023,ALPICAT,SERVEIS,2759810,
2016,LLEIDA,SEGRIA,25023,ALPICAT,INDUSTRIAL,,Dades subjectes a secret estadístic.
2016,LLEIDA,VAL D'ARAN,25025,NAUT ARAN,DOMÈSTIC,3112681,
2016,LLEIDA,VAL D'ARAN,25025,NAUT ARAN,SERVEIS,3649982,
2016,LLEIDA,URGELL,25027,ANGLESOLA,SERVEIS,,Dades subjectes a secret estadístic.
2016,LLEIDA,URGELL,25027,ANGLESOLA,DOMÈSTIC,1931899,
2016,LLEIDA,NOGUERA,25034,ARTESA DE SEGRE,DOMÈSTIC,3689396,
2016,LLEIDA,NOGUERA,25034,ARTESA DE SEGRE,SERVEIS,,Dades subjectes a secret estadístic.
2016,LLEIDA,SEGRIA,25038,AITONA,DOMÈSTIC,108585,
2016,LLEIDA,NOGUERA,25040,BALAGUER,INDUSTRIAL,25710362,
2016,LLEIDA,NOGUERA,25040,BALAGUER,DOMÈSTIC,27656793,
2016,LLEIDA,NOGUERA,25040,BALAGUER,SERVEIS,10811287,
2016,LLEIDA,NOGUERA,25047,BELLCAIRE D'URGELL,SERVEIS,,Dades subjectes a secret estadístic.
2016,LLEIDA,NOGUERA,25047,BELLCAIRE D'URGELL,DOMÈSTIC,2954294,
2016,LLEIDA,NOGUERA,25047,BELLCAIRE D'URGELL,INDUSTRIAL,,Dades subjectes a secret estadístic.
2016,LLEIDA,PLA D'URGELL,25048,BELL-LLOC D'URGELL,INDUSTRIAL,,Dades subjectes a secret estadístic.
2016,LLEIDA,PLA D'URGELL,25048,BELL-LLOC D'URGELL,DOMÈSTIC,4696568,
2016,LLEIDA,PLA D'URGELL,25048,BELL-LLOC D'URGELL,SERVEIS,592742,
2016,LLEIDA,URGELL,25050,BELLPUIG,DOMÈSTIC,11255869,
2016,LLEIDA,URGELL,25050,BELLPUIG,INDUSTRIAL,32332542,
2016,LLEIDA,URGELL,25050,BELLPUIG,SERVEIS,2336666,
2016,LLEIDA,SEGRIA,25053,BENAVENT DE SEGRIA,DOMÈSTIC,2456303,
2016,LLEIDA,SEGRIA,25053,BENAVENT DE SEGRIA,SERVEIS,,Dades subjectes a secret estadístic.
2016,LLEIDA,GARRIGUES,25058,"BORGES BLANQUES, LES",DOMÈSTIC,9611371,
2016,LLEIDA,GARRIGUES,25058,"BORGES BLANQUES, LES",SERVEIS,1701937,
2016,LLEIDA,GARRIGUES,25058,"BORGES BLANQUES, LES",INDUSTRIAL,,Dades subjectes a secret estadístic. Inclou el consum del sector energètic.
2016,LLEIDA,PLA D'URGELL,25068,CASTELLNOU DE SEANA,SERVEIS,,Dades subjectes a secret estadístic.
2016,LLEIDA,PLA D'URGELL,25068,CASTELLNOU DE SEANA,DOMÈSTIC,411537,
2016,LLEIDA,SEGARRA,25072,CERVERA,INDUSTRIAL,76456674,
2016,LLEIDA,SEGARRA,25072,CERVERA,DOMÈSTIC,23091023,
2016,LLEIDA,SEGARRA,25072,CERVERA,SERVEIS,6194987,
2016,LLEIDA,SEGRIA,25078,CORBINS,DOMÈSTIC,954435,
2016,LLEIDA,SEGRIA,25078,CORBINS,SERVEIS,,Dades subjectes a secret estadístic.
2016,LLEIDA,GARRIGUES,25081,"ESPLUGA CALBA, L'",DOMÈSTIC,215059,
2016,LLEIDA,GARRIGUES,25081,"ESPLUGA CALBA, L'",INDUSTRIAL,,Dades subjectes a secret estadístic.
2016,LLEIDA,PLA D'URGELL,25093,FONDARELLA,DOMÈSTIC,1626077,
2016,LLEIDA,PLA D'URGELL,25093,FONDARELLA,INDUSTRIAL,,Dades subjectes a secret estadístic.
2016,LLEIDA,PLA D'URGELL,25093,FONDARELLA,SERVEIS,165934,
2016,LLEIDA,PLA D'URGELL,25099,GOLMES,SERVEIS,419073,
2016,LLEIDA,PLA D'URGELL,25099,GOLMES,DOMÈSTIC,3852143,
2016,LLEIDA,SEGARRA,25110,GUISSONA,DOMÈSTIC,10993397,
2016,LLEIDA,SEGARRA,25110,GUISSONA,INDUSTRIAL,,Dades subjectes a secret estadístic.
2016,LLEIDA,SEGARRA,25110,GUISSONA,SERVEIS,5655826,
2016,LLEIDA,PLA D'URGELL,25113,IVARS D'URGELL,INDUSTRIAL,20679018,
2016,LLEIDA,PLA D'URGELL,25113,IVARS D'URGELL,SERVEIS,,Dades subjectes a secret estadístic.
2016,LLEIDA,PLA D'URGELL,25113,IVARS D'URGELL,DOMÈSTIC,2138367,
2016,LLEIDA,GARRIGUES,25119,JUNEDA,SERVEIS,922383,
2016,LLEIDA,GARRIGUES,25119,JUNEDA,DOMÈSTIC,5491388,
2016,LLEIDA,SEGRIA,25120,LLEIDA,SERVEIS,142983316,
2016,LLEIDA,SEGRIA,25120,LLEIDA,INDUSTRIAL,113856491,
2016,LLEIDA,SEGRIA,25120,LLEIDA,PRIMARI,,Dades subjectes a secret estadístic.
2016,LLEIDA,SEGRIA,25120,LLEIDA,DOMÈSTIC,282203747,
2016,LLEIDA,PLA D'URGELL,25122,LINYOLA,INDUSTRIAL,,Dades subjectes a secret estadístic.
2016,LLEIDA,PLA D'URGELL,25122,LINYOLA,DOMÈSTIC,3885004,
2016,LLEIDA,PLA D'URGELL,25122,LINYOLA,SERVEIS,204781,
2016,LLEIDA,PLA D'URGELL,25135,MIRALCAMP,SERVEIS,,Dades subjectes a secret estadístic.
2016,LLEIDA,PLA D'URGELL,25135,MIRALCAMP,INDUSTRIAL,,Dades subjectes a secret estadístic.
2016,LLEIDA,PLA D'URGELL,25135,MIRALCAMP,DOMÈSTIC,2203564,
2016,LLEIDA,PLA D'URGELL,25137,MOLLERUSSA,DOMÈSTIC,31322253,
2016,LLEIDA,PLA D'URGELL,25137,MOLLERUSSA,INDUSTRIAL,925304213,
2016,LLEIDA,PLA D'URGELL,25137,MOLLERUSSA,SERVEIS,6869016,
2016,LLEIDA,SOLSONES,25151,OLIUS,DOMÈSTIC,749595,
2016,LLEIDA,ALT URGELL,25155,ORGANYA,DOMÈSTIC,449256,
2016,LLEIDA,PLA D'URGELL,25158,"PALAU D'ANGLESOLA, EL",INDUSTRIAL,,Dades subjectes a secret estadístic.
2016,LLEIDA,PLA D'URGELL,25158,"PALAU D'ANGLESOLA, EL",DOMÈSTIC,3704811,
2016,LLEIDA,PLA D'URGELL,25158,"PALAU D'ANGLESOLA, EL",SERVEIS,585774,
2016,LLEIDA,PALLARS SOBIRA,25183,RIALP,SERVEIS,182157,
2016,LLEIDA,PALLARS SOBIRA,25183,RIALP,DOMÈSTIC,682651,
2016,LLEIDA,SEGRIA,25189,ROSSELLO,INDUSTRIAL,,Dades subjectes a secret estadístic.
2016,LLEIDA,SEGRIA,25189,ROSSELLO,SERVEIS,822759,
2016,LLEIDA,SEGRIA,25189,ROSSELLO,DOMÈSTIC,6581595,
2016,LLEIDA,SEGARRA,25192,SANT GUIM DE FREIXENET,DOMÈSTIC,2181945,
2016,LLEIDA,SEGARRA,25192,SANT GUIM DE FREIXENET,SERVEIS,,Dades subjectes a secret estadístic.
2016,LLEIDA,SEGRIA,25204,SEROS,DOMÈSTIC,131944,
2016,LLEIDA,SOLSONES,25207,SOLSONA,INDUSTRIAL,,Dades subjectes a secret estadístic.
2016,LLEIDA,SOLSONES,25207,SOLSONA,SERVEIS,1196498,
2016,LLEIDA,SOLSONES,25207,SOLSONA,DOMÈSTIC,13017784,
2016,LLEIDA,URGELL,25217,TARREGA,DOMÈSTIC,40736437,
2016,LLEIDA,URGELL,25217,TARREGA,INDUSTRIAL,,Dades subjectes a secret estadístic.
2016,LLEIDA,URGELL,25217,TARREGA,SERVEIS,9920785,
2016,LLEIDA,GARRIGUES,25218,TARRES,DOMÈSTIC,238566,
2016,LLEIDA,NOGUERA,25220,TERMENS,INDUSTRIAL,,Dades subjectes a secret estadístic.
2016,LLEIDA,SEGRIA,25228,TORREFARRERA,SERVEIS,2871459,
2016,LLEIDA,SEGRIA,25228,TORREFARRERA,DOMÈSTIC,12288730,
2016,LLEIDA,PLA D'URGELL,25230,TORREGROSSA,DOMÈSTIC,3203494,
2016,LLEIDA,PLA D'URGELL,25230,TORREGROSSA,INDUSTRIAL,,Dades subjectes a secret estadístic.
2016,LLEIDA,PLA D'URGELL,25230,TORREGROSSA,SERVEIS,567228,
2016,LLEIDA,NOGUERA,25231,TORRELAMEU,DOMÈSTIC,316555,
2016,LLEIDA,NOGUERA,25231,TORRELAMEU,SERVEIS,253848,
2016,LLEIDA,SEGRIA,25233,TORRE-SERONA,SERVEIS,,Dades subjectes a secret estadístic.
2016,LLEIDA,SEGRIA,25233,TORRE-SERONA,DOMÈSTIC,311780,
2016,LLEIDA,NOGUERA,25240,VALLFOGONA DE BALAGUER,SERVEIS,51646,
2016,LLEIDA,NOGUERA,25240,VALLFOGONA DE BALAGUER,INDUSTRIAL,,Dades subjectes a secret estadístic.
2016,LLEIDA,NOGUERA,25240,VALLFOGONA DE BALAGUER,DOMÈSTIC,3352976,
2016,LLEIDA,URGELL,25244,VILAGRASSA,SERVEIS,,Dades subjectes a secret estadístic.
2016,LLEIDA,URGELL,25244,VILAGRASSA,DOMÈSTIC,518638,
2016,LLEIDA,SEGRIA,25251,VILANOVA DE SEGRIA,SERVEIS,,Dades subjectes a secret estadístic.
2016,LLEIDA,SEGRIA,25251,VILANOVA DE SEGRIA,DOMÈSTIC,1079415,
2016,LLEIDA,SEGRIA,25254,VILANOVA DE LA BARCA,DOMÈSTIC,448294,
2016,LLEIDA,SEGARRA,25905,RIBERA D'ONDARA,INDUSTRIAL,,Dades subjectes a secret estadístic.
2016,TARRAGONA,MONTSIA,43004,ALCANAR,SERVEIS,1168806,
2016,TARRAGONA,MONTSIA,43004,ALCANAR,DOMÈSTIC,3811016,
2016,TARRAGONA,ALT CAMP,43005,ALCOVER,DOMÈSTIC,3947099,
2016,TARRAGONA,ALT CAMP,43005,ALCOVER,INDUSTRIAL,,Dades subjectes a secret estadístic.
2016,TARRAGONA,ALT CAMP,43005,ALCOVER,SERVEIS,1427292,
2016,TARRAGONA,BAIX CAMP,43011,ALMOSTER,DOMÈSTIC,15030,
2016,TARRAGONA,TARRAGONES,43012,ALTAFULLA,DOMÈSTIC,6843130,
2016,TARRAGONA,TARRAGONES,43012,ALTAFULLA,SERVEIS,1324273,
2016,TARRAGONA,BAIX EBRE,43013,"AMETLLA DE MAR, L'",DOMÈSTIC,1657683,
2016,TARRAGONA,BAIX EBRE,43013,"AMETLLA DE MAR, L'",SERVEIS,1948369,
2016,TARRAGONA,MONTSIA,43014,AMPOSTA,INDUSTRIAL,,Dades subjectes a secret estadístic.
2016,TARRAGONA,MONTSIA,43014,AMPOSTA,SERVEIS,4517518,
2016,TARRAGONA,MONTSIA,43014,AMPOSTA,DOMÈSTIC,9910710,
2016,TARRAGONA,BAIX PENEDES,43016,"ARBOÇ, L'",INDUSTRIAL,,Dades subjectes a secret estadístic.
2016,TARRAGONA,BAIX PENEDES,43016,"ARBOÇ, L'",SERVEIS,2313963,
2016,TARRAGONA,BAIX PENEDES,43016,"ARBOÇ, L'",DOMÈSTIC,6523549,
2016,TARRAGONA,BAIX PENEDES,43020,BANYERES DEL PENEDES,SERVEIS,,Dades subjectes a secret estadístic.
2016,TARRAGONA,BAIX PENEDES,43020,BANYERES DEL PENEDES,DOMÈSTIC,33589,
2016,TARRAGONA,BAIX PENEDES,43024,BELLVEI,INDUSTRIAL,9552612,
2016,TARRAGONA,BAIX PENEDES,43024,BELLVEI,SERVEIS,,Dades subjectes a secret estadístic.
2016,TARRAGONA,BAIX PENEDES,43024,BELLVEI,DOMÈSTIC,2349292,
2016,TARRAGONA,RIBERA D'EBRE,43026,BENISSANET,SERVEIS,,Dades subjectes a secret estadístic.
2016,TARRAGONA,RIBERA D'EBRE,43026,BENISSANET,DOMÈSTIC,1496380,
2016,TARRAGONA,BAIX PENEDES,43030,BONASTRE,DOMÈSTIC,623992,
2016,TARRAGONA,BAIX PENEDES,43037,CALAFELL,SERVEIS,4759535,
2016,TARRAGONA,BAIX PENEDES,43037,CALAFELL,DOMÈSTIC,23839798,
2016,TARRAGONA,BAIX CAMP,43038,CAMBRILS,DOMÈSTIC,38844579,
2016,TARRAGONA,BAIX CAMP,43038,CAMBRILS,SERVEIS,18024350,
2016,TARRAGONA,BAIX CAMP,43042,CASTELLVELL DEL CAMP,SERVEIS,512337,
2016,TARRAGONA,BAIX CAMP,43042,CASTELLVELL DEL CAMP,DOMÈSTIC,2375180,
2016,TARRAGONA,TARRAGONES,43043,"CATLLAR, EL",SERVEIS,,Dades subjectes a secret estadístic.
2016,TARRAGONA,TARRAGONES,43043,"CATLLAR, EL",DOMÈSTIC,935406,
2016,TARRAGONA,MONTSIA,43044,"SENIA, LA",DOMÈSTIC,837583,
2016,TARRAGONA,TARRAGONES,43047,CONSTANTI,DOMÈSTIC,3900727,
2016,TARRAGONA,TARRAGONES,43047,CONSTANTI,INDUSTRIAL,4203915,
2016,TARRAGONA,TARRAGONES,43047,CONSTANTI,SERVEIS,16099029,
2016,TARRAGONA,TARRAGONES,43050,CREIXELL,SERVEIS,,Dades subjectes a secret estadístic.
2016,TARRAGONA,TARRAGONES,43050,CREIXELL,DOMÈSTIC,3299704,
2016,TARRAGONA,BAIX PENEDES,43051,CUNIT,DOMÈSTIC,11895037,
2016,TARRAGONA,BAIX PENEDES,43051,CUNIT,SERVEIS,3213388,
2016,TARRAGONA,CONCA DE BARBERA,43054,"ESPLUGA DE FRANCOLI, L'",SERVEIS,551960,
2016,TARRAGONA,CONCA DE BARBERA,43054,"ESPLUGA DE FRANCOLI, L'",DOMÈSTIC,6171710,
2016,TARRAGONA,PRIORAT,43055,FALSET,INDUSTRIAL,,Dades subjectes a secret estadístic.
2016,TARRAGONA,PRIORAT,43055,FALSET,DOMÈSTIC,2277609,
2016,TARRAGONA,PRIORAT,43055,FALSET,SERVEIS,,Dades subjectes a secret estadístic.
2016,TARRAGONA,ALT CAMP,43080,"MASO, LA",DOMÈSTIC,236306,
2016,TARRAGONA,CONCA DE BARBERA,43086,MONTBLANC,INDUSTRIAL,254536395,
2016,TARRAGONA,CONCA DE BARBERA,43086,MONTBLANC,DOMÈSTIC,13992251,
2016,TARRAGONA,CONCA DE BARBERA,43086,MONTBLANC,SERVEIS,3405549,
2016,TARRAGONA,BAIX CAMP,43092,MONT-ROIG DEL CAMP,DOMÈSTIC,3403347,
2016,TARRAGONA,BAIX CAMP,43092,MONT-ROIG DEL CAMP,SERVEIS,328793,
2016,TARRAGONA,RIBERA D'EBRE,43093,MORA D'EBRE,INDUSTRIAL,,Dades subjectes a secret estadístic.
2016,TARRAGONA,RIBERA D'EBRE,43093,MORA D'EBRE,DOMÈSTIC,7354886,
2016,TARRAGONA,RIBERA D'EBRE,43093,MORA D'EBRE,SERVEIS,5592831,
2016,TARRAGONA,RIBERA D'EBRE,43094,MORA LA NOVA,DOMÈSTIC,4038652,
2016,TARRAGONA,RIBERA D'EBRE,43094,MORA LA NOVA,SERVEIS,488523,
2016,TARRAGONA,RIBERA D'EBRE,43094,MORA LA NOVA,INDUSTRIAL,,Dades subjectes a secret estadístic.
2016,TARRAGONA,TARRAGONES,43095,"MORELL, EL",SERVEIS,698890,
2016,TARRAGONA,TARRAGONES,43095,"MORELL, EL",DOMÈSTIC,2844990,
2016,TARRAGONA,TARRAGONES,43095,"MORELL, EL",INDUSTRIAL,,Dades subjectes a secret estadístic.
2016,TARRAGONA,TARRAGONES,43100,"PALLARESOS, ELS",SERVEIS,2569631,
2016,TARRAGONA,TARRAGONES,43100,"PALLARESOS, ELS",DOMÈSTIC,2533710,
2016,TARRAGONA,TARRAGONES,43100,"PALLARESOS, ELS",INDUSTRIAL,,Dades subjectes a secret estadístic.
2016,TARRAGONA,ALT CAMP,43108,"PLA DE SANTA MARIA, EL",DOMÈSTIC,3210849,
2016,TARRAGONA,ALT CAMP,43108,"PLA DE SANTA MARIA, EL",INDUSTRIAL,,Dades subjectes a secret estadístic.
2016,TARRAGONA,ALT CAMP,43108,"PLA DE SANTA MARIA, EL",SERVEIS,461426,
2016,TARRAGONA,TARRAGONES,43109,"POBLA DE MAFUMET, LA",DOMÈSTIC,2488392,
2016,TARRAGONA,TARRAGONES,43109,"POBLA DE MAFUMET, LA",SERVEIS,1375480,
2016,TARRAGONA,TARRAGONES,43109,"POBLA DE MAFUMET, LA",INDUSTRIAL,6872965933,Inclou el consum del sector energètic.
2016,TARRAGONA,TARRAGONES,43111,"POBLA DE MONTORNES, LA",DOMÈSTIC,1854035,
2016,TARRAGONA,TARRAGONES,43111,"POBLA DE MONTORNES, LA",INDUSTRIAL,,Dades subjectes a secret estadístic.
2016,TARRAGONA,TARRAGONES,43111,"POBLA DE MONTORNES, LA",SERVEIS,,Dades subjectes a secret estadístic.
2016,TARRAGONA,ALT CAMP,43119,PUIGPELAT,INDUSTRIAL,,Dades subjectes a secret estadístic.
2016,TARRAGONA,BAIX CAMP,43123,REUS,DOMÈSTIC,128587586,
2016,TARRAGONA,BAIX CAMP,43123,REUS,INDUSTRIAL,134428188,
2016,TARRAGONA,BAIX CAMP,43123,REUS,SERVEIS,53268434,Inclou el consum del sector transport.
2016,TARRAGONA,ALT CAMP,43124,"RIBA, LA",INDUSTRIAL,229497348,
2016,TARRAGONA,ALT CAMP,43124,"RIBA, LA",DOMÈSTIC,1292135,
2016,TARRAGONA,ALT CAMP,43124,"RIBA, LA",SERVEIS,278671,
2016,TARRAGONA,BAIX CAMP,43129,RIUDOMS,SERVEIS,418159,
2016,TARRAGONA,BAIX CAMP,43129,RIUDOMS,DOMÈSTIC,3947579,
2016,TARRAGONA,TARRAGONES,43131,RODA DE BERA,INDUSTRIAL,,Dades subjectes a secret estadístic.
2016,TARRAGONA,TARRAGONES,43131,RODA DE BERA,SERVEIS,633851,
2016,TARRAGONA,TARRAGONES,43131,RODA DE BERA,DOMÈSTIC,6662093,
2016,TARRAGONA,BAIX EBRE,43133,ROQUETES,SERVEIS,1424763,
2016,TARRAGONA,BAIX EBRE,43133,ROQUETES,DOMÈSTIC,2362731,
2016,TARRAGONA,ALT CAMP,43134,"ROURELL, EL",DOMÈSTIC,66327,
2016,TARRAGONA,MONTSIA,43136,SANT CARLES DE LA RAPITA,INDUSTRIAL,,Dades subjectes a secret estadístic.
2016,TARRAGONA,MONTSIA,43136,SANT CARLES DE LA RAPITA,SERVEIS,2777995,
2016,TARRAGONA,MONTSIA,43136,SANT CARLES DE LA RAPITA,DOMÈSTIC,4363828,
2016,TARRAGONA,BAIX PENEDES,43140,SANTA OLIVA,DOMÈSTIC,311856,
2016,TARRAGONA,BAIX PENEDES,43140,SANTA OLIVA,SERVEIS,,Dades subjectes a secret estadístic.
2016,TARRAGONA,BAIX CAMP,43145,"SELVA DEL CAMP, LA",DOMÈSTIC,6898325,
2016,TARRAGONA,BAIX CAMP,43145,"SELVA DEL CAMP, LA",SERVEIS,2473387,
2016,TARRAGONA,BAIX CAMP,43145,"SELVA DEL CAMP, LA",PRIMARI,,Dades subjectes a secret estadístic.
2016,TARRAGONA,BAIX CAMP,43145,"SELVA DEL CAMP, LA",INDUSTRIAL,60761953,
2016,TARRAGONA,TARRAGONES,43148,TARRAGONA,CT RO,,Dades subjectes a secret estadístic. Inclou el consum de centrals tèrmiques de l'antic règim ordinari.
2016,TARRAGONA,TARRAGONES,43148,TARRAGONA,INDUSTRIAL,1325396929,Inclou el consum del sector energètic.
2016,TARRAGONA,TARRAGONES,43148,TARRAGONA,SERVEIS,56489215,
2016,TARRAGONA,TARRAGONES,43148,TARRAGONA,DOMÈSTIC,123783311,
2016,TARRAGONA,RIBERA D'EBRE,43150,TIVISSA,DOMÈSTIC,1428808,
2016,TARRAGONA,RIBERA D'EBRE,43150,TIVISSA,SERVEIS,,Dades subjectes a secret estadístic.
2016,TARRAGONA,TARRAGONES,43153,TORREDEMBARRA,SERVEIS,2286381,
2016,TARRAGONA,TARRAGONES,43153,TORREDEMBARRA,DOMÈSTIC,13407348,
2016,TARRAGONA,BAIX EBRE,43155,TORTOSA,SERVEIS,23037715,
2016,TARRAGONA,BAIX EBRE,43155,TORTOSA,INDUSTRIAL,,Dades subjectes a secret estadístic.
2016,TARRAGONA,BAIX EBRE,43155,TORTOSA,DOMÈSTIC,18849667,
2016,TARRAGONA,MONTSIA,43156,ULLDECONA,INDUSTRIAL,7508980,
2016,TARRAGONA,MONTSIA,43156,ULLDECONA,DOMÈSTIC,2608546,
2016,TARRAGONA,ALT CAMP,43160,VALLMOLL,SERVEIS,,Dades subjectes a secret estadístic.
2016,TARRAGONA,ALT CAMP,43160,VALLMOLL,INDUSTRIAL,,Dades subjectes a secret estadístic.
2016,TARRAGONA,ALT CAMP,43160,VALLMOLL,DOMÈSTIC,725557,
2016,TARRAGONA,ALT CAMP,43161,VALLS,SERVEIS,8859135,
2016,TARRAGONA,ALT CAMP,43161,VALLS,INDUSTRIAL,84313085,
2016,TARRAGONA,ALT CAMP,43161,VALLS,DOMÈSTIC,21823215,
2016,TARRAGONA,BAIX CAMP,43162,VANDELLOS I L'HOSPITALET DE L'INFANT,SERVEIS,650380,
2016,TARRAGONA,BAIX CAMP,43162,VANDELLOS I L'HOSPITALET DE L'INFANT,CT RO,,Dades subjectes a secret estadístic. Inclou el consum de centrals tèrmiques de l'antic règim ordinari.
2016,TARRAGONA,BAIX CAMP,43162,VANDELLOS I L'HOSPITALET DE L'INFANT,DOMÈSTIC,2294905,
2016,TARRAGONA,BAIX PENEDES,43163,"VENDRELL, EL",SERVEIS,20052552,
2016,TARRAGONA,BAIX PENEDES,43163,"VENDRELL, EL",DOMÈSTIC,40394692,
2016,TARRAGONA,TARRAGONES,43166,VILALLONGA DEL CAMP,SERVEIS,,Dades subjectes a secret estadístic.
2016,TARRAGONA,TARRAGONES,43166,VILALLONGA DEL CAMP,DOMÈSTIC,1923287,
2016,TARRAGONA,TARRAGONES,43171,VILA-SECA,INDUSTRIAL,807460474,
2016,TARRAGONA,TARRAGONES,43171,VILA-SECA,SERVEIS,31977382,
2016,TARRAGONA,TARRAGONES,43171,VILA-SECA,DOMÈSTIC,21257607,
2016,TARRAGONA,BAIX CAMP,43178,VINYOLS I ELS ARCS,SERVEIS,,Dades subjectes a secret estadístic.
2016,TARRAGONA,BAIX CAMP,43178,VINYOLS I ELS ARCS,DOMÈSTIC,801348,
2016,TARRAGONA,BAIX EBRE,43904,"ALDEA, L'",SERVEIS,,Dades subjectes a secret estadístic.
2016,TARRAGONA,BAIX EBRE,43904,"ALDEA, L'",INDUSTRIAL,,Dades subjectes a secret estadístic.
2016,TARRAGONA,BAIX EBRE,43904,"ALDEA, L'",DOMÈSTIC,718261,
2016,TARRAGONA,TARRAGONES,43905,SALOU,DOMÈSTIC,22843731,
2016,TARRAGONA,TARRAGONES,43905,SALOU,SERVEIS,42594479,
2016,TARRAGONA,BAIX EBRE,43906,"AMPOLLA, L'",SERVEIS,84692,
2016,TARRAGONA,BAIX EBRE,43906,"AMPOLLA, L'",DOMÈSTIC,697405,
2016,TARRAGONA,TARRAGONES,43907,"CANONJA, LA",DOMÈSTIC,5800410,
2016,TARRAGONA,TARRAGONES,43907,"CANONJA, LA",INDUSTRIAL,,Dades subjectes a secret estadístic.
2016,TARRAGONA,TARRAGONES,43907,"CANONJA, LA",SERVEIS,828980,
2015,BARCELONA,BAIX LLOBREGAT,08001,ABRERA,INDUSTRIAL,13376287,
2015,BARCELONA,BAIX LLOBREGAT,08001,ABRERA,SERVEIS,16274580,
2015,BARCELONA,BAIX LLOBREGAT,08001,ABRERA,DOMÈSTIC,17293568,
2015,BARCELONA,MARESME,08003,ALELLA,SERVEIS,6096107,
2015,BARCELONA,MARESME,08003,ALELLA,DOMÈSTIC,29059812,
2015,BARCELONA,VALLES ORIENTAL,08005,"AMETLLA DEL VALLES, L'",SERVEIS,1885772,
2015,BARCELONA,VALLES ORIENTAL,08005,"AMETLLA DEL VALLES, L'",DOMÈSTIC,11859600,
2015,BARCELONA,MARESME,08006,ARENYS DE MAR,DOMÈSTIC,26638394,
2015,BARCELONA,MARESME,08006,ARENYS DE MAR,INDUSTRIAL,,Dades subjectes a secret estadístic.
2015,BARCELONA,MARESME,08006,ARENYS DE MAR,SERVEIS,7757332,
2015,BARCELONA,MARESME,08007,ARENYS DE MUNT,SERVEIS,4314805,
2015,BARCELONA,MARESME,08007,ARENYS DE MUNT,INDUSTRIAL,,Dades subjectes a secret estadístic.
2015,BARCELONA,MARESME,08007,ARENYS DE MUNT,DOMÈSTIC,15172448,
2015,BARCELONA,MARESME,08009,ARGENTONA,SERVEIS,2888883,
2015,BARCELONA,MARESME,08009,ARGENTONA,DOMÈSTIC,24936613,
2015,BARCELONA,MARESME,08009,ARGENTONA,INDUSTRIAL,22709707,
2015,BARCELONA,BAGES,08010,ARTES,INDUSTRIAL,11358828,
2015,BARCELONA,BAGES,08010,ARTES,DOMÈSTIC,8151511,
2015,BARCELONA,BAGES,08010,ARTES,SERVEIS,1538147,
2015,BARCELONA,BERGUEDA,08011,AVIA,SERVEIS,329949,
2015,BARCELONA,BERGUEDA,08011,AVIA,DOMÈSTIC,2713139,
2015,BARCELONA,ALT PENEDES,08013,AVINYONET DEL PENEDES,INDUSTRIAL,,Dades subjectes a secret estadístic.
2015,BARCELONA,VALLES ORIENTAL,08014,AIGUAFREDA,SERVEIS,1490696,
2015,BARCELONA,VALLES ORIENTAL,08014,AIGUAFREDA,DOMÈSTIC,6143994,
2015,BARCELONA,BARCELONES,08015,BADALONA,DOMÈSTIC,258276799,
2015,BARCELONA,BARCELONES,08015,BADALONA,INDUSTRIAL,37895559,
2015,BARCELONA,BARCELONES,08015,BADALONA,SERVEIS,55925628,
2015,BARCELONA,BERGUEDA,08016,BAGA,SERVEIS,224130,
2015,BARCELONA,BERGUEDA,08016,BAGA,DOMÈSTIC,1358961,
2015,BARCELONA,OSONA,08017,BALENYA,DOMÈSTIC,6969206,
2015,BARCELONA,OSONA,08017,BALENYA,INDUSTRIAL,4347036,
2015,BARCELONA,OSONA,08017,BALENYA,SERVEIS,2220178,
2015,BARCELONA,BAGES,08018,BALSARENY,INDUSTRIAL,,Dades subjectes a secret estadístic.
2015,BARCELONA,BAGES,08018,BALSARENY,SERVEIS,,Dades subjectes a secret estadístic.
2015,BARCELONA,BAGES,08018,BALSARENY,DOMÈSTIC,5932106,
2015,BARCELONA,BARCELONES,08019,BARCELONA,DOMÈSTIC,2362252906,
2015,BARCELONA,BARCELONES,08019,BARCELONA,CT RO,,Dades subjectes a secret estadístic. Inclou el consum de centrals tèrmiques de l'antic règim ordinari.
2015,BARCELONA,BARCELONES,08019,BARCELONA,INDUSTRIAL,1349797669,
2015,BARCELONA,BARCELONES,08019,BARCELONA,SERVEIS,1482056438,Inclou el consum del sector transport.
2015,BARCELONA,BAIX LLOBREGAT,08020,BEGUES,SERVEIS,254069,
2015,BARCELONA,BAIX LLOBREGAT,08020,BEGUES,DOMÈSTIC,4064193,
2015,BARCELONA,BERGUEDA,08022,BERGA,DOMÈSTIC,32847668,
2015,BARCELONA,BERGUEDA,08022,BERGA,INDUSTRIAL,,Dades subjectes a secret estadístic.
2015,BARCELONA,BERGUEDA,08022,BERGA,SERVEIS,7712487,
2015,BARCELONA,ANOIA,08028,CABRERA D'ANOIA,DOMÈSTIC,5769,
2015,BARCELONA,MARESME,08029,CABRERA DE MAR,INDUSTRIAL,28573202,
2015,BARCELONA,MARESME,08029,CABRERA DE MAR,SERVEIS,9300782,
2015,BARCELONA,MARESME,08029,CABRERA DE MAR,DOMÈSTIC,11853821,
2015,BARCELONA,MARESME,08030,CABRILS,SERVEIS,3081227,
2015,BARCELONA,MARESME,08030,CABRILS,DOMÈSTIC,26900608,
2015,BARCELONA,ANOIA,08031,CALAF,DOMÈSTIC,7247781,
2015,BARCELONA,ANOIA,08031,CALAF,SERVEIS,2407260,
2015,BARCELONA,ANOIA,08031,CALAF,INDUSTRIAL,,Dades subjectes a secret estadístic.
2015,BARCELONA,MARESME,08032,CALDES D'ESTRAC,SERVEIS,2779725,
2015,BARCELONA,MARESME,08032,CALDES D'ESTRAC,DOMÈSTIC,6756758,
2015,BARCELONA,VALLES ORIENTAL,08033,CALDES DE MONTBUI,DOMÈSTIC,22993873,
2015,BARCELONA,VALLES ORIENTAL,08033,CALDES DE MONTBUI,SERVEIS,9154120,
2015,BARCELONA,VALLES ORIENTAL,08033,CALDES DE MONTBUI,INDUSTRIAL,15617956,
2015,BARCELONA,MARESME,08035,CALELLA,SERVEIS,23351997,
2015,BARCELONA,MARESME,08035,CALELLA,DOMÈSTIC,23807910,
2015,BARCELONA,ANOIA,08036,CALONGE DE SEGARRA,INDUSTRIAL,,Dades subjectes a secret estadístic.
2015,BARCELONA,BAGES,08038,CALLUS,SERVEIS,554945,
2015,BARCELONA,BAGES,08038,CALLUS,DOMÈSTIC,3521367,
2015,BARCELONA,MARESME,08040,CANET DE MAR,DOMÈSTIC,21845196,
2015,BARCELONA,MARESME,08040,CANET DE MAR,SERVEIS,4757917,
2015,BARCELONA,MARESME,08040,CANET DE MAR,INDUSTRIAL,,Dades subjectes a secret estadístic.
2015,BARCELONA,VALLES ORIENTAL,08041,CANOVELLES,INDUSTRIAL,17862276,
2015,BARCELONA,VALLES ORIENTAL,08041,CANOVELLES,DOMÈSTIC,20228855,
2015,BARCELONA,VALLES ORIENTAL,08041,CANOVELLES,SERVEIS,2932649,
2015,BARCELONA,ANOIA,08044,CAPELLADES,SERVEIS,1300037,
2015,BARCELONA,ANOIA,08044,CAPELLADES,DOMÈSTIC,11750120,
2015,BARCELONA,ANOIA,08044,CAPELLADES,INDUSTRIAL,,Dades subjectes a secret estadístic.
2015,BARCELONA,VALLES ORIENTAL,08046,CARDEDEU,DOMÈSTIC,32970182,
2015,BARCELONA,VALLES ORIENTAL,08046,CARDEDEU,SERVEIS,4391117,
2015,BARCELONA,VALLES ORIENTAL,08046,CARDEDEU,INDUSTRIAL,9268136,
2015,BARCELONA,BERGUEDA,08049,CASSERRES,INDUSTRIAL,,Dades subjectes a secret estadístic.
2015,BARCELONA,VALLES OCCIDENTAL,08051,CASTELLAR DEL VALLES,SERVEIS,6383731,
2015,BARCELONA,VALLES OCCIDENTAL,08051,CASTELLAR DEL VALLES,DOMÈSTIC,51346152,
2015,BARCELONA,VALLES OCCIDENTAL,08051,CASTELLAR DEL VALLES,INDUSTRIAL,,Dades subjectes a secret estadístic.
2015,BARCELONA,BAGES,08053,CASTELLBELL I EL VILAR,DOMÈSTIC,4525368,
2015,BARCELONA,BAGES,08053,CASTELLBELL I EL VILAR,SERVEIS,537857,
2015,BARCELONA,VALLES OCCIDENTAL,08054,CASTELLBISBAL,DOMÈSTIC,19790203,
2015,BARCELONA,VALLES OCCIDENTAL,08054,CASTELLBISBAL,INDUSTRIAL,2202388616,
2015,BARCELONA,VALLES OCCIDENTAL,08054,CASTELLBISBAL,SERVEIS,7634577,
2015,BARCELONA,BAIX LLOBREGAT,08056,CASTELLDEFELS,DOMÈSTIC,91843647,
2015,BARCELONA,BAIX LLOBREGAT,08056,CASTELLDEFELS,SERVEIS,31096897,
2015,BARCELONA,ALT PENEDES,08058,CASTELLET I LA GORNAL,DOMÈSTIC,1334200,
2015,BARCELONA,ALT PENEDES,08058,CASTELLET I LA GORNAL,SERVEIS,46451,
2015,BARCELONA,ALT PENEDES,08058,CASTELLET I LA GORNAL,INDUSTRIAL,96251548,
2015,BARCELONA,BAGES,08061,CASTELLGALI,SERVEIS,220700,
2015,BARCELONA,BAGES,08061,CASTELLGALI,INDUSTRIAL,,Dades subjectes a secret estadístic.
2015,BARCELONA,BAGES,08061,CASTELLGALI,DOMÈSTIC,1865348,
2015,BARCELONA,MOIANES,08064,CASTELLTERÇOL,SERVEIS,632610,
2015,BARCELONA,MOIANES,08064,CASTELLTERÇOL,INDUSTRIAL,,Dades subjectes a secret estadístic.
2015,BARCELONA,MOIANES,08064,CASTELLTERÇOL,DOMÈSTIC,2815839,
2015,BARCELONA,BAIX LLOBREGAT,08066,CASTELLVI DE ROSANES,DOMÈSTIC,28055,
2015,BARCELONA,OSONA,08067,CENTELLES,DOMÈSTIC,15871369,
2015,BARCELONA,OSONA,08067,CENTELLES,INDUSTRIAL,24651168,
2015,BARCELONA,OSONA,08067,CENTELLES,SERVEIS,4130566,
2015,BARCELONA,BAIX LLOBREGAT,08068,CERVELLO,INDUSTRIAL,,Dades subjectes a secret estadístic.
2015,BARCELONA,BAIX LLOBREGAT,08068,CERVELLO,SERVEIS,1935920,
2015,BARCELONA,BAIX LLOBREGAT,08068,CERVELLO,DOMÈSTIC,15070719,
2015,BARCELONA,BAIX LLOBREGAT,08072,CORBERA DE LLOBREGAT,INDUSTRIAL,,Dades subjectes a secret estadístic.
2015,BARCELONA,BAIX LLOBREGAT,08072,CORBERA DE LLOBREGAT,SERVEIS,1080724,
2015,BARCELONA,BAIX LLOBREGAT,08072,CORBERA DE LLOBREGAT,DOMÈSTIC,11106193,
2015,BARCELONA,BAIX LLOBREGAT,08073,CORNELLA DE LLOBREGAT,INDUSTRIAL,39394747,
2015,BARCELONA,BAIX LLOBREGAT,08073,CORNELLA DE LLOBREGAT,SERVEIS,42670647,
2015,BARCELONA,BAIX LLOBREGAT,08073,CORNELLA DE LLOBREGAT,DOMÈSTIC,85458572,
2015,BARCELONA,GARRAF,08074,CUBELLES,SERVEIS,1602725,
2015,BARCELONA,GARRAF,08074,CUBELLES,DOMÈSTIC,21189780,
2015,BARCELONA,MARESME,08075,DOSRIUS,DOMÈSTIC,3047814,
2015,BARCELONA,MARESME,08075,DOSRIUS,INDUSTRIAL,42935795,
2015,BARCELONA,MARESME,08075,DOSRIUS,SERVEIS,667291,
2015,BARCELONA,BAIX LLOBREGAT,08076,ESPARREGUERA,SERVEIS,3878304,
2015,BARCELONA,BAIX LLOBREGAT,08076,ESPARREGUERA,DOMÈSTIC,35280983,
2015,BARCELONA,BAIX LLOBREGAT,08076,ESPARREGUERA,INDUSTRIAL,28996947,
2015,BARCELONA,BAIX LLOBREGAT,08077,ESPLUGUES DE LLOBREGAT,INDUSTRIAL,,Dades subjectes a secret estadístic.
2015,BARCELONA,BAIX LLOBREGAT,08077,ESPLUGUES DE LLOBREGAT,SERVEIS,29872094,
2015,BARCELONA,BAIX LLOBREGAT,08077,ESPLUGUES DE LLOBREGAT,DOMÈSTIC,63168547,
2015,BARCELONA,SELVA,08082,FOGARS DE LA SELVA,INDUSTRIAL,,Dades subjectes a secret estadístic.
2015,BARCELONA,SELVA,08082,FOGARS DE LA SELVA,SERVEIS,,Dades subjectes a secret estadístic.
2015,BARCELONA,VALLES ORIENTAL,08086,"FRANQUESES DEL VALLES, LES",INDUSTRIAL,155565584,
2015,BARCELONA,VALLES ORIENTAL,08086,"FRANQUESES DEL VALLES, LES",SERVEIS,5181169,
2015,BARCELONA,VALLES ORIENTAL,08086,"FRANQUESES DEL VALLES, LES",DOMÈSTIC,32503792,
2015,BARCELONA,VALLES ORIENTAL,08088,"GARRIGA, LA",INDUSTRIAL,2033125,
2015,BARCELONA,VALLES ORIENTAL,08088,"GARRIGA, LA",SERVEIS,7491944,
2015,BARCELONA,VALLES ORIENTAL,08088,"GARRIGA, LA",DOMÈSTIC,31467528,
2015,BARCELONA,BAIX LLOBREGAT,08089,GAVA,INDUSTRIAL,,Dades subjectes a secret estadístic.
2015,BARCELONA,BAIX LLOBREGAT,08089,GAVA,SERVEIS,18749233,
2015,BARCELONA,BAIX LLOBREGAT,08089,GAVA,DOMÈSTIC,59073180,
2015,BARCELONA,ALT PENEDES,08091,GELIDA,INDUSTRIAL,,Dades subjectes a secret estadístic.
2015,BARCELONA,ALT PENEDES,08091,GELIDA,SERVEIS,562105,
2015,BARCELONA,ALT PENEDES,08091,GELIDA,DOMÈSTIC,6340843,
2015,BARCELONA,BERGUEDA,08092,GIRONELLA,SERVEIS,639261,
2015,BARCELONA,BERGUEDA,08092,GIRONELLA,DOMÈSTIC,9911988,
2015,BARCELONA,ALT PENEDES,08094,"GRANADA, LA",SERVEIS,,Dades subjectes a secret estadístic.
2015,BARCELONA,ALT PENEDES,08094,"GRANADA, LA",DOMÈSTIC,2550153,
2015,BARCELONA,VALLES ORIENTAL,08096,GRANOLLERS,INDUSTRIAL,212449341,
2015,BARCELONA,VALLES ORIENTAL,08096,GRANOLLERS,SERVEIS,35907558,
2015,BARCELONA,VALLES ORIENTAL,08096,GRANOLLERS,DOMÈSTIC,106670257,
2015,BARCELONA,VALLES ORIENTAL,08097,GUALBA,INDUSTRIAL,,Dades subjectes a secret estadístic.
2015,BARCELONA,BAGES,08098,SANT SALVADOR DE GUARDIOLA,INDUSTRIAL,,Dades subjectes a secret estadístic.
2015,BARCELONA,BAGES,08098,SANT SALVADOR DE GUARDIOLA,DOMÈSTIC,3139499,
2015,BARCELONA,OSONA,08100,GURB,INDUSTRIAL,85035792,
2015,BARCELONA,OSONA,08100,GURB,SERVEIS,699636,
2015,BARCELONA,OSONA,08100,GURB,DOMÈSTIC,4626395,
2015,BARCELONA,BARCELONES,08101,"HOSPITALET DE LLOBREGAT, L'",INDUSTRIAL,15583485,
2015,BARCELONA,BARCELONES,08101,"HOSPITALET DE LLOBREGAT, L'",SERVEIS,121149226,Inclou el consum del sector transport.
2015,BARCELONA,BARCELONES,08101,"HOSPITALET DE LLOBREGAT, L'",DOMÈSTIC,212202439,
2015,BARCELONA,ANOIA,08102,IGUALADA,DOMÈSTIC,78295253,
2015,BARCELONA,ANOIA,08102,IGUALADA,INDUSTRIAL,42608496,
2015,BARCELONA,ANOIA,08102,IGUALADA,SERVEIS,29175747,Inclou el consum del sector transport.
2015,BARCELONA,VALLES ORIENTAL,08105,"LLAGOSTA, LA",DOMÈSTIC,17168528,
2015,BARCELONA,VALLES ORIENTAL,08105,"LLAGOSTA, LA",INDUSTRIAL,29517399,
2015,BARCELONA,VALLES ORIENTAL,08105,"LLAGOSTA, LA",SERVEIS,3029446,
2015,BARCELONA,VALLES ORIENTAL,08106,LLINARS DEL VALLES,DOMÈSTIC,16043837,
2015,BARCELONA,VALLES ORIENTAL,08106,LLINARS DEL VALLES,INDUSTRIAL,24200047,
2015,BARCELONA,VALLES ORIENTAL,08106,LLINARS DEL VALLES,SERVEIS,3028434,
2015,BARCELONA,VALLES ORIENTAL,08107,LLIÇA D'AMUNT,DOMÈSTIC,11273557,
2015,BARCELONA,VALLES ORIENTAL,08107,LLIÇA D'AMUNT,INDUSTRIAL,,Dades subjectes a secret estadístic.
2015,BARCELONA,VALLES ORIENTAL,08107,LLIÇA D'AMUNT,SERVEIS,299794,
2015,BARCELONA,VALLES ORIENTAL,08108,LLIÇA DE VALL,INDUSTRIAL,28687228,
2015,BARCELONA,VALLES ORIENTAL,08108,LLIÇA DE VALL,SERVEIS,631419,
2015,BARCELONA,VALLES ORIENTAL,08108,LLIÇA DE VALL,DOMÈSTIC,8262920,
2015,BARCELONA,MARESME,08110,MALGRAT DE MAR,INDUSTRIAL,65082128,
2015,BARCELONA,MARESME,08110,MALGRAT DE MAR,SERVEIS,10726551,
2015,BARCELONA,MARESME,08110,MALGRAT DE MAR,DOMÈSTIC,33678415,
2015,BARCELONA,OSONA,08112,MANLLEU,INDUSTRIAL,28538313,
2015,BARCELONA,OSONA,08112,MANLLEU,SERVEIS,6493770,
2015,BARCELONA,OSONA,08112,MANLLEU,DOMÈSTIC,30425065,
2015,BARCELONA,BAGES,08113,MANRESA,INDUSTRIAL,43830243,
2015,BARCELONA,BAGES,08113,MANRESA,SERVEIS,58333470,
2015,BARCELONA,BAGES,08113,MANRESA,DOMÈSTIC,176563173,
2015,BARCELONA,BAIX LLOBREGAT,08114,MARTORELL,INDUSTRIAL,1740254368,
2015,BARCELONA,BAIX LLOBREGAT,08114,MARTORELL,SERVEIS,16212519,
2015,BARCELONA,BAIX LLOBREGAT,08114,MARTORELL,DOMÈSTIC,43864119,
2015,BARCELONA,VALLES ORIENTAL,08115,MARTORELLES,INDUSTRIAL,84565726,
2015,BARCELONA,VALLES ORIENTAL,08115,MARTORELLES,SERVEIS,606382,
2015,BARCELONA,VALLES ORIENTAL,08115,MARTORELLES,DOMÈSTIC,8108001,
2015,BARCELONA,OSONA,08116,"MASIES DE RODA, LES",DOMÈSTIC,98632,
2015,BARCELONA,OSONA,08117,"MASIES DE VOLTREGA, LES",INDUSTRIAL,,Dades subjectes a secret estadístic.
2015,BARCELONA,OSONA,08117,"MASIES DE VOLTREGA, LES",SERVEIS,823409,
2015,BARCELONA,OSONA,08117,"MASIES DE VOLTREGA, LES",DOMÈSTIC,4351501,
2015,BARCELONA,MARESME,08118,"MASNOU, EL",INDUSTRIAL,71157128,
2015,BARCELONA,MARESME,08118,"MASNOU, EL",PRIMARI,,Dades subjectes a secret estadístic.
2015,BARCELONA,MARESME,08118,"MASNOU, EL",SERVEIS,7835139,
2015,BARCELONA,MARESME,08118,"MASNOU, EL",DOMÈSTIC,43697057,
2015,BARCELONA,ANOIA,08119,MASQUEFA,SERVEIS,1458038,
2015,BARCELONA,ANOIA,08119,MASQUEFA,DOMÈSTIC,7124422,
2015,BARCELONA,VALLES OCCIDENTAL,08120,MATADEPERA,DOMÈSTIC,36683638,
2015,BARCELONA,VALLES OCCIDENTAL,08120,MATADEPERA,SERVEIS,8733428,
2015,BARCELONA,MARESME,08121,MATARO,DOMÈSTIC,139376217,
2015,BARCELONA,MARESME,08121,MATARO,INDUSTRIAL,52541524,
2015,BARCELONA,MARESME,08121,MATARO,PRIMARI,,Dades subjectes a secret estadístic.
2015,BARCELONA,MARESME,08121,MATARO,SERVEIS,36990758,
2015,BARCELONA,ALT PENEDES,08122,MEDIONA,SERVEIS,,Dades subjectes a secret estadístic.
2015,BARCELONA,ALT PENEDES,08122,MEDIONA,INDUSTRIAL,,Dades subjectes a secret estadístic.
2015,BARCELONA,ALT PENEDES,08122,MEDIONA,DOMÈSTIC,3127526,
2015,BARCELONA,BAIX LLOBREGAT,08123,MOLINS DE REI,INDUSTRIAL,6612396,
2015,BARCELONA,BAIX LLOBREGAT,08123,MOLINS DE REI,SERVEIS,8130106,
2015,BARCELONA,BAIX LLOBREGAT,08123,MOLINS DE REI,DOMÈSTIC,36712851,
2015,BARCELONA,VALLES ORIENTAL,08124,MOLLET DEL VALLES,INDUSTRIAL,262071084,
2015,BARCELONA,VALLES ORIENTAL,08124,MOLLET DEL VALLES,DOMÈSTIC,81444512,
2015,BARCELONA,VALLES ORIENTAL,08124,MOLLET DEL VALLES,SERVEIS,17587921,
2015,BARCELONA,VALLES OCCIDENTAL,08125,MONTCADA I REIXAC,INDUSTRIAL,75924647,
2015,BARCELONA,VALLES OCCIDENTAL,08125,MONTCADA I REIXAC,SERVEIS,9943968,
2015,BARCELONA,VALLES OCCIDENTAL,08125,MONTCADA I REIXAC,DOMÈSTIC,57211818,
2015,BARCELONA,MARESME,08126,MONTGAT,INDUSTRIAL,,Dades subjectes a secret estadístic.
2015,BARCELONA,MARESME,08126,MONTGAT,SERVEIS,3178580,
2015,BARCELONA,MARESME,08126,MONTGAT,DOMÈSTIC,17435367,
2015,BARCELONA,BAGES,08127,MONISTROL DE MONTSERRAT,INDUSTRIAL,,Dades subjectes a secret estadístic.
2015,BARCELONA,OSONA,08131,MONTESQUIU,SERVEIS,1009936,
2015,BARCELONA,OSONA,08131,MONTESQUIU,DOMÈSTIC,2424408,
2015,BARCELONA,VALLES ORIENTAL,08134,FIGARO-MONTMANY,SERVEIS,599540,
2015,BARCELONA,VALLES ORIENTAL,08134,FIGARO-MONTMANY,DOMÈSTIC,2550406,
2015,BARCELONA,VALLES ORIENTAL,08135,MONTMELO,SERVEIS,2606258,
2015,BARCELONA,VALLES ORIENTAL,08135,MONTMELO,INDUSTRIAL,204130704,Inclou el consum del sector energètic.
2015,BARCELONA,VALLES ORIENTAL,08135,MONTMELO,DOMÈSTIC,16165018,
2015,BARCELONA,VALLES ORIENTAL,08136,MONTORNES DEL VALLES,SERVEIS,53615714,
2015,BARCELONA,VALLES ORIENTAL,08136,MONTORNES DEL VALLES,INDUSTRIAL,88177635,
2015,BARCELONA,VALLES ORIENTAL,08136,MONTORNES DEL VALLES,DOMÈSTIC,26772522,
2015,BARCELONA,MOIANES,08138,MOIA,SERVEIS,414644,
2015,BARCELONA,MOIANES,08138,MOIA,INDUSTRIAL,,Dades subjectes a secret estadístic.
2015,BARCELONA,MOIANES,08138,MOIA,DOMÈSTIC,3447384,
2015,BARCELONA,BAGES,08140,NAVARCLES,DOMÈSTIC,12014973,
2015,BARCELONA,BAGES,08140,NAVARCLES,SERVEIS,1200968,
2015,BARCELONA,BAGES,08141,NAVAS,DOMÈSTIC,13511237,
2015,BARCELONA,BAGES,08141,NAVAS,INDUSTRIAL,,Dades subjectes a secret estadístic.
2015,BARCELONA,BAGES,08141,NAVAS,SERVEIS,2062767,
2015,BARCELONA,ANOIA,08143,ODENA,DOMÈSTIC,4305689,
2015,BARCELONA,ANOIA,08143,ODENA,INDUSTRIAL,,Dades subjectes a secret estadístic.
2015,BARCELONA,ANOIA,08143,ODENA,SERVEIS,278160,
2015,BARCELONA,ALT PENEDES,08145,OLERDOLA,DOMÈSTIC,3691555,
2015,BARCELONA,ALT PENEDES,08145,OLERDOLA,INDUSTRIAL,23910606,
2015,BARCELONA,ALT PENEDES,08145,OLERDOLA,SERVEIS,6817484,
2015,BARCELONA,BAIX LLOBREGAT,08147,OLESA DE MONTSERRAT,SERVEIS,5009792,
2015,BARCELONA,BAIX LLOBREGAT,08147,OLESA DE MONTSERRAT,DOMÈSTIC,40010748,
2015,BARCELONA,BAIX LLOBREGAT,08147,OLESA DE MONTSERRAT,INDUSTRIAL,293788815,
2015,BARCELONA,OSONA,08150,ORIS,INDUSTRIAL,,Dades subjectes a secret estadístic.
2015,BARCELONA,ALT PENEDES,08154,PACS DEL PENEDES,INDUSTRIAL,,Dades subjectes a secret estadístic.
2015,BARCELONA,MARESME,08155,PALAFOLLS,INDUSTRIAL,103692214,
2015,BARCELONA,MARESME,08155,PALAFOLLS,PRIMARI,1662709,
2015,BARCELONA,MARESME,08155,PALAFOLLS,DOMÈSTIC,12483868,
2015,BARCELONA,MARESME,08155,PALAFOLLS,SERVEIS,19512176,
2015,BARCELONA,VALLES OCCIDENTAL,08156,PALAU-SOLITA I PLEGAMANS,SERVEIS,8024189,
2015,BARCELONA,VALLES OCCIDENTAL,08156,PALAU-SOLITA I PLEGAMANS,DOMÈSTIC,26596956,
2015,BARCELONA,VALLES OCCIDENTAL,08156,PALAU-SOLITA I PLEGAMANS,INDUSTRIAL,48708283,
2015,BARCELONA,BAIX LLOBREGAT,08157,PALLEJA,SERVEIS,3770842,
2015,BARCELONA,BAIX LLOBREGAT,08157,PALLEJA,DOMÈSTIC,20323108,
2015,BARCELONA,BAIX LLOBREGAT,08158,"PAPIOL, EL",DOMÈSTIC,8008737,
2015,BARCELONA,BAIX LLOBREGAT,08158,"PAPIOL, EL",INDUSTRIAL,,Dades subjectes a secret estadístic.
2015,BARCELONA,BAIX LLOBREGAT,08158,"PAPIOL, EL",SERVEIS,4188646,
2015,BARCELONA,VALLES ORIENTAL,08159,PARETS DEL VALLES,SERVEIS,21876057,
2015,BARCELONA,VALLES ORIENTAL,08159,PARETS DEL VALLES,INDUSTRIAL,220738849,
2015,BARCELONA,VALLES ORIENTAL,08159,PARETS DEL VALLES,DOMÈSTIC,37597246,
2015,BARCELONA,ANOIA,08161,PIERA,INDUSTRIAL,,Dades subjectes a secret estadístic.
2015,BARCELONA,ANOIA,08161,PIERA,DOMÈSTIC,11421531,
2015,BARCELONA,ANOIA,08161,PIERA,SERVEIS,2174303,
2015,BARCELONA,ANOIA,08162,"HOSTALETS DE PIEROLA, ELS",DOMÈSTIC,2150661,
2015,BARCELONA,ANOIA,08162,"HOSTALETS DE PIEROLA, ELS",SERVEIS,162491,
2015,BARCELONA,MARESME,08163,PINEDA DE MAR,INDUSTRIAL,27141609,
2015,BARCELONA,MARESME,08163,PINEDA DE MAR,SERVEIS,8037576,
2015,BARCELONA,MARESME,08163,PINEDA DE MAR,DOMÈSTIC,34648565,
2015,BARCELONA,ANOIA,08165,"POBLA DE CLARAMUNT, LA",INDUSTRIAL,957596407,
2015,BARCELONA,ANOIA,08165,"POBLA DE CLARAMUNT, LA",SERVEIS,342452,
2015,BARCELONA,ANOIA,08165,"POBLA DE CLARAMUNT, LA",DOMÈSTIC,3216013,
2015,BARCELONA,VALLES OCCIDENTAL,08167,POLINYA,DOMÈSTIC,14973144,
2015,BARCELONA,VALLES OCCIDENTAL,08167,POLINYA,INDUSTRIAL,27931430,
2015,BARCELONA,VALLES OCCIDENTAL,08167,POLINYA,SERVEIS,5556151,
2015,BARCELONA,BAIX LLOBREGAT,08169,"PRAT DE LLOBREGAT, EL",INDUSTRIAL,574028498,
2015,BARCELONA,BAIX LLOBREGAT,08169,"PRAT DE LLOBREGAT, EL",SERVEIS,131595982,Inclou el consum del sector transport.
2015,BARCELONA,BAIX LLOBREGAT,08169,"PRAT DE LLOBREGAT, EL",DOMÈSTIC,67785814,
2015,BARCELONA,OSONA,08171,PRATS DE LLUÇANES,INDUSTRIAL,,Dades subjectes a secret estadístic.
2015,BARCELONA,MARESME,08172,PREMIA DE MAR,INDUSTRIAL,,Dades subjectes a secret estadístic.
2015,BARCELONA,MARESME,08172,PREMIA DE MAR,SERVEIS,5877185,
2015,BARCELONA,MARESME,08172,PREMIA DE MAR,DOMÈSTIC,43894711,
2015,BARCELONA,BERGUEDA,08175,PUIG-REIG,INDUSTRIAL,,Dades subjectes a secret estadístic.
2015,BARCELONA,BERGUEDA,08175,PUIG-REIG,SERVEIS,2825858,
2015,BARCELONA,BERGUEDA,08175,PUIG-REIG,DOMÈSTIC,10829780,
2015,BARCELONA,VALLES OCCIDENTAL,08180,RIPOLLET,INDUSTRIAL,13344540,
2015,BARCELONA,VALLES OCCIDENTAL,08180,RIPOLLET,SERVEIS,10823737,
2015,BARCELONA,VALLES OCCIDENTAL,08180,RIPOLLET,DOMÈSTIC,55653255,
2015,BARCELONA,VALLES ORIENTAL,08181,"ROCA DEL VALLES, LA",INDUSTRIAL,,Dades subjectes a secret estadístic.
2015,BARCELONA,VALLES ORIENTAL,08181,"ROCA DEL VALLES, LA",SERVEIS,16101140,
2015,BARCELONA,VALLES ORIENTAL,08181,"ROCA DEL VALLES, LA",DOMÈSTIC,20361561,
2015,BARCELONA,BAGES,08182,"PONT DE VILOMARA I ROCAFORT, EL",INDUSTRIAL,,Dades subjectes a secret estadístic.
2015,BARCELONA,BAGES,08182,"PONT DE VILOMARA I ROCAFORT, EL",SERVEIS,620935,
2015,BARCELONA,BAGES,08182,"PONT DE VILOMARA I ROCAFORT, EL",DOMÈSTIC,8296984,
2015,BARCELONA,OSONA,08183,RODA DE TER,SERVEIS,1394320,
2015,BARCELONA,OSONA,08183,RODA DE TER,DOMÈSTIC,10823053,
2015,BARCELONA,VALLES OCCIDENTAL,08184,RUBI,SERVEIS,17575513,
2015,BARCELONA,VALLES OCCIDENTAL,08184,RUBI,DOMÈSTIC,107483295,
2015,BARCELONA,VALLES OCCIDENTAL,08184,RUBI,INDUSTRIAL,165667120,
2015,BARCELONA,VALLES OCCIDENTAL,08187,SABADELL,INDUSTRIAL,73550373,
2015,BARCELONA,VALLES OCCIDENTAL,08187,SABADELL,SERVEIS,108321622,
2015,BARCELONA,VALLES OCCIDENTAL,08187,SABADELL,DOMÈSTIC,388717944,
2015,BARCELONA,BAGES,08191,SALLENT,INDUSTRIAL,,Dades subjectes a secret estadístic.
2015,BARCELONA,BAGES,08191,SALLENT,SERVEIS,6644279,
2015,BARCELONA,BAGES,08191,SALLENT,DOMÈSTIC,16854321,
2015,BARCELONA,BAGES,08192,SANTPEDOR,INDUSTRIAL,18439095,
2015,BARCELONA,BAGES,08192,SANTPEDOR,SERVEIS,8217915,
2015,BARCELONA,BAGES,08192,SANTPEDOR,DOMÈSTIC,21587726,
2015,BARCELONA,BARCELONES,08194,SANT ADRIA DE BESOS,CT RO,,Dades subjectes a secret estadístic. Inclou el consum de centrals tèrmiques de l'antic règim ordinari.
2015,BARCELONA,BARCELONES,08194,SANT ADRIA DE BESOS,INDUSTRIAL,1422920,
2015,BARCELONA,BARCELONES,08194,SANT ADRIA DE BESOS,SERVEIS,31194615,
2015,BARCELONA,BARCELONES,08194,SANT ADRIA DE BESOS,DOMÈSTIC,34384027,
2015,BARCELONA,BAIX LLOBREGAT,08196,SANT ANDREU DE LA BARCA,INDUSTRIAL,34702703,
2015,BARCELONA,BAIX LLOBREGAT,08196,SANT ANDREU DE LA BARCA,SERVEIS,13478488,
2015,BARCELONA,BAIX LLOBREGAT,08196,SANT ANDREU DE LA BARCA,DOMÈSTIC,64560598,
2015,BARCELONA,MARESME,08197,SANT ANDREU DE LLAVANERES,PRIMARI,2355057,
2015,BARCELONA,MARESME,08197,SANT ANDREU DE LLAVANERES,SERVEIS,1388371,
2015,BARCELONA,MARESME,08197,SANT ANDREU DE LLAVANERES,DOMÈSTIC,5755620,
2015,BARCELONA,VALLES ORIENTAL,08198,SANT ANTONI DE VILAMAJOR,INDUSTRIAL,,Dades subjectes a secret estadístic.
2015,BARCELONA,VALLES ORIENTAL,08198,SANT ANTONI DE VILAMAJOR,SERVEIS,966923,
2015,BARCELONA,VALLES ORIENTAL,08198,SANT ANTONI DE VILAMAJOR,DOMÈSTIC,7354906,
2015,BARCELONA,BAIX LLOBREGAT,08200,SANT BOI DE LLOBREGAT,INDUSTRIAL,30433979,
2015,BARCELONA,BAIX LLOBREGAT,08200,SANT BOI DE LLOBREGAT,SERVEIS,46494451,
2015,BARCELONA,BAIX LLOBREGAT,08200,SANT BOI DE LLOBREGAT,DOMÈSTIC,96667612,
2015,BARCELONA,VALLES ORIENTAL,08202,SANT CELONI,INDUSTRIAL,191584531,
2015,BARCELONA,VALLES ORIENTAL,08202,SANT CELONI,SERVEIS,7242626,
2015,BARCELONA,VALLES ORIENTAL,08202,SANT CELONI,DOMÈSTIC,32405376,
2015,BARCELONA,MARESME,08203,SANT CEBRIA DE VALLALTA,INDUSTRIAL,,Dades subjectes a secret estadístic.
2015,BARCELONA,MARESME,08203,SANT CEBRIA DE VALLALTA,SERVEIS,155480,
2015,BARCELONA,MARESME,08203,SANT CEBRIA DE VALLALTA,DOMÈSTIC,3391699,
2015,BARCELONA,VALLES OCCIDENTAL,08205,SANT CUGAT DEL VALLES,INDUSTRIAL,65014494,
2015,BARCELONA,VALLES OCCIDENTAL,08205,SANT CUGAT DEL VALLES,SERVEIS,170468832,
2015,BARCELONA,VALLES OCCIDENTAL,08205,SANT CUGAT DEL VALLES,DOMÈSTIC,236153136,
2015,BARCELONA,ALT PENEDES,08206,SANT CUGAT SESGARRIGUES,SERVEIS,,Dades subjectes a secret estadístic.
2015,BARCELONA,ALT PENEDES,08206,SANT CUGAT SESGARRIGUES,DOMÈSTIC,1699655,
2015,BARCELONA,VALLES ORIENTAL,08207,SANT ESTEVE DE PALAUTORDERA,SERVEIS,226748,
2015,BARCELONA,VALLES ORIENTAL,08207,SANT ESTEVE DE PALAUTORDERA,DOMÈSTIC,4882042,
2015,BARCELONA,BAIX LLOBREGAT,08208,SANT ESTEVE SESROVIRES,INDUSTRIAL,28446934,
2015,BARCELONA,BAIX LLOBREGAT,08208,SANT ESTEVE SESROVIRES,SERVEIS,27838670,
2015,BARCELONA,BAIX LLOBREGAT,08208,SANT ESTEVE SESROVIRES,DOMÈSTIC,14657800,
2015,BARCELONA,VALLES ORIENTAL,08209,SANT FOST DE CAMPSENTELLES,INDUSTRIAL,11634326,
2015,BARCELONA,VALLES ORIENTAL,08209,SANT FOST DE CAMPSENTELLES,SERVEIS,5700918,
2015,BARCELONA,VALLES ORIENTAL,08209,SANT FOST DE CAMPSENTELLES,DOMÈSTIC,12215157,
2015,BARCELONA,VALLES ORIENTAL,08210,SANT FELIU DE CODINES,SERVEIS,,Dades subjectes a secret estadístic.
2015,BARCELONA,VALLES ORIENTAL,08210,SANT FELIU DE CODINES,DOMÈSTIC,4345882,
2015,BARCELONA,BAIX LLOBREGAT,08211,SANT FELIU DE LLOBREGAT,INDUSTRIAL,18076790,
2015,BARCELONA,BAIX LLOBREGAT,08211,SANT FELIU DE LLOBREGAT,SERVEIS,18630395,
2015,BARCELONA,BAIX LLOBREGAT,08211,SANT FELIU DE LLOBREGAT,DOMÈSTIC,58516968,
2015,BARCELONA,BAGES,08213,SANT FRUITOS DE BAGES,INDUSTRIAL,16815687,
2015,BARCELONA,BAGES,08213,SANT FRUITOS DE BAGES,SERVEIS,7622311,
2015,BARCELONA,BAGES,08213,SANT FRUITOS DE BAGES,DOMÈSTIC,20896567,
2015,BARCELONA,MARESME,08214,VILASSAR DE DALT,INDUSTRIAL,,Dades subjectes a secret estadístic.
2015,BARCELONA,MARESME,08214,VILASSAR DE DALT,SERVEIS,3141170,
2015,BARCELONA,MARESME,08214,VILASSAR DE DALT,DOMÈSTIC,21684129,
2015,BARCELONA,OSONA,08215,SANT HIPOLIT DE VOLTREGA,SERVEIS,834224,
2015,BARCELONA,OSONA,08215,SANT HIPOLIT DE VOLTREGA,DOMÈSTIC,7048616,
2015,BARCELONA,BAIX LLOBREGAT,08217,SANT JOAN DESPI,INDUSTRIAL,11442505,
2015,BARCELONA,BAIX LLOBREGAT,08217,SANT JOAN DESPI,DOMÈSTIC,46327900,
2015,BARCELONA,BAIX LLOBREGAT,08217,SANT JOAN DESPI,SERVEIS,19667526,
2015,BARCELONA,BAGES,08218,SANT JOAN DE VILATORRADA,SERVEIS,2849802,
2015,BARCELONA,BAGES,08218,SANT JOAN DE VILATORRADA,INDUSTRIAL,,Dades subjectes a secret estadístic.
2015,BARCELONA,BAGES,08218,SANT JOAN DE VILATORRADA,DOMÈSTIC,28688399,
2015,BARCELONA,MARESME,08219,VILASSAR DE MAR,SERVEIS,5336201,
2015,BARCELONA,MARESME,08219,VILASSAR DE MAR,PRIMARI,3579372,
2015,BARCELONA,MARESME,08219,VILASSAR DE MAR,INDUSTRIAL,,Dades subjectes a secret estadístic.
2015,BARCELONA,MARESME,08219,VILASSAR DE MAR,DOMÈSTIC,43202302,
2015,BARCELONA,BAIX LLOBREGAT,08221,SANT JUST DESVERN,DOMÈSTIC,43077636,
2015,BARCELONA,BAIX LLOBREGAT,08221,SANT JUST DESVERN,SERVEIS,12788703,
2015,BARCELONA,BAIX LLOBREGAT,08221,SANT JUST DESVERN,INDUSTRIAL,11793644,
2015,BARCELONA,ALT PENEDES,08222,SANT LLORENÇ D'HORTONS,DOMÈSTIC,82158,
2015,BARCELONA,OSONA,08224,SANT MARTI DE CENTELLES,DOMÈSTIC,1942888,
2015,BARCELONA,OSONA,08224,SANT MARTI DE CENTELLES,SERVEIS,204019,
2015,BARCELONA,ANOIA,08228,SANT MARTI SESGUEIOLES,DOMÈSTIC,573708,
2015,BARCELONA,MARESME,08230,PREMIA DE DALT,DOMÈSTIC,25044045,
2015,BARCELONA,MARESME,08230,PREMIA DE DALT,PRIMARI,4443460,
2015,BARCELONA,MARESME,08230,PREMIA DE DALT,INDUSTRIAL,,Dades subjectes a secret estadístic.
2015,BARCELONA,MARESME,08230,PREMIA DE DALT,SERVEIS,3310529,
2015,BARCELONA,GARRAF,08231,SANT PERE DE RIBES,DOMÈSTIC,50383198,
2015,BARCELONA,GARRAF,08231,SANT PERE DE RIBES,SERVEIS,15217478,
2015,BARCELONA,ALT PENEDES,08232,SANT PERE DE RIUDEBITLLES,INDUSTRIAL,32213529,
2015,BARCELONA,ALT PENEDES,08232,SANT PERE DE RIUDEBITLLES,SERVEIS,,Dades subjectes a secret estadístic.
2015,BARCELONA,ALT PENEDES,08232,SANT PERE DE RIUDEBITLLES,DOMÈSTIC,4265346,
2015,BARCELONA,VALLES ORIENTAL,08234,SANT PERE DE VILAMAJOR,SERVEIS,,Dades subjectes a secret estadístic.
2015,BARCELONA,VALLES ORIENTAL,08234,SANT PERE DE VILAMAJOR,INDUSTRIAL,10049968,
2015,BARCELONA,VALLES ORIENTAL,08234,SANT PERE DE VILAMAJOR,DOMÈSTIC,1953123,
2015,BARCELONA,MARESME,08235,SANT POL DE MAR,SERVEIS,797342,
2015,BARCELONA,MARESME,08235,SANT POL DE MAR,DOMÈSTIC,9634100,
2015,BARCELONA,ALT PENEDES,08236,SANT QUINTI DE MEDIONA,DOMÈSTIC,584908,
2015,BARCELONA,ALT PENEDES,08236,SANT QUINTI DE MEDIONA,INDUSTRIAL,,Dades subjectes a secret estadístic.
2015,BARCELONA,OSONA,08237,SANT QUIRZE DE BESORA,INDUSTRIAL,,Dades subjectes a secret estadístic.
2015,BARCELONA,OSONA,08237,SANT QUIRZE DE BESORA,DOMÈSTIC,3969744,
2015,BARCELONA,OSONA,08237,SANT QUIRZE DE BESORA,SERVEIS,,Dades subjectes a secret estadístic.
2015,BARCELONA,VALLES OCCIDENTAL,08238,SANT QUIRZE DEL VALLES,DOMÈSTIC,51420175,
2015,BARCELONA,VALLES OCCIDENTAL,08238,SANT QUIRZE DEL VALLES,INDUSTRIAL,25296591,
2015,BARCELONA,VALLES OCCIDENTAL,08238,SANT QUIRZE DEL VALLES,SERVEIS,6452418,
2015,BARCELONA,ALT PENEDES,08240,SANT SADURNI D'ANOIA,INDUSTRIAL,,Dades subjectes a secret estadístic.
2015,BARCELONA,ALT PENEDES,08240,SANT SADURNI D'ANOIA,DOMÈSTIC,20825372,
2015,BARCELONA,ALT PENEDES,08240,SANT SADURNI D'ANOIA,SERVEIS,5190324,
2015,BARCELONA,BAIX LLOBREGAT,08244,SANTA COLOMA DE CERVELLO,INDUSTRIAL,,Dades subjectes a secret estadístic.
2015,BARCELONA,BAIX LLOBREGAT,08244,SANTA COLOMA DE CERVELLO,SERVEIS,675150,
2015,BARCELONA,BAIX LLOBREGAT,08244,SANTA COLOMA DE CERVELLO,DOMÈSTIC,13143640,
2015,BARCELONA,BARCELONES,08245,SANTA COLOMA DE GRAMENET,DOMÈSTIC,110940942,
2015,BARCELONA,BARCELONES,08245,SANTA COLOMA DE GRAMENET,INDUSTRIAL,,Dades subjectes a secret estadístic.
2015,BARCELONA,BARCELONES,08245,SANTA COLOMA DE GRAMENET,SERVEIS,27183269,
2015,BARCELONA,OSONA,08246,SANTA EUGENIA DE BERGA,INDUSTRIAL,,Dades subjectes a secret estadístic.
2015,BARCELONA,OSONA,08246,SANTA EUGENIA DE BERGA,SERVEIS,288635,
2015,BARCELONA,OSONA,08246,SANTA EUGENIA DE BERGA,DOMÈSTIC,2875934,
2015,BARCELONA,VALLES ORIENTAL,08248,SANTA EULALIA DE RONÇANA,DOMÈSTIC,,Dades subjectes a secret estadístic.
2015,BARCELONA,ANOIA,08250,SANTA MARGARIDA DE MONTBUI,SERVEIS,1489344,
2015,BARCELONA,ANOIA,08250,SANTA MARGARIDA DE MONTBUI,DOMÈSTIC,14373067,
2015,BARCELONA,ALT PENEDES,08251,SANTA MARGARIDA I ELS MONJOS,SERVEIS,1958505,
2015,BARCELONA,ALT PENEDES,08251,SANTA MARGARIDA I ELS MONJOS,INDUSTRIAL,136124626,
2015,BARCELONA,ALT PENEDES,08251,SANTA MARGARIDA I ELS MONJOS,DOMÈSTIC,11367822,
2015,BARCELONA,VALLES OCCIDENTAL,08252,BARBERA DEL VALLES,SERVEIS,17563908,
2015,BARCELONA,VALLES OCCIDENTAL,08252,BARBERA DEL VALLES,DOMÈSTIC,53204317,
2015,BARCELONA,VALLES OCCIDENTAL,08252,BARBERA DEL VALLES,INDUSTRIAL,75683325,
2015,BARCELONA,VALLES ORIENTAL,08256,SANTA MARIA DE MARTORELLES,DOMÈSTIC,2566,
2015,BARCELONA,VALLES ORIENTAL,08259,SANTA MARIA DE PALAUTORDERA,SERVEIS,7931234,
2015,BARCELONA,VALLES ORIENTAL,08259,SANTA MARIA DE PALAUTORDERA,INDUSTRIAL,,Dades subjectes a secret estadístic.
2015,BARCELONA,VALLES ORIENTAL,08259,SANTA MARIA DE PALAUTORDERA,DOMÈSTIC,12931664,
2015,BARCELONA,VALLES OCCIDENTAL,08260,SANTA PERPETUA DE MOGODA,SERVEIS,6004028,
2015,BARCELONA,VALLES OCCIDENTAL,08260,SANTA PERPETUA DE MOGODA,DOMÈSTIC,43614793,
2015,BARCELONA,VALLES OCCIDENTAL,08260,SANTA PERPETUA DE MOGODA,INDUSTRIAL,331738580,
2015,BARCELONA,MARESME,08261,SANTA SUSANNA,PRIMARI,,Dades subjectes a secret estadístic.
2015,BARCELONA,MARESME,08261,SANTA SUSANNA,SERVEIS,12413184,
2015,BARCELONA,MARESME,08261,SANTA SUSANNA,DOMÈSTIC,4403417,
2015,BARCELONA,BAGES,08262,SANT VICENÇ DE CASTELLET,INDUSTRIAL,10120624,
2015,BARCELONA,BAGES,08262,SANT VICENÇ DE CASTELLET,SERVEIS,3915673,
2015,BARCELONA,BAGES,08262,SANT VICENÇ DE CASTELLET,DOMÈSTIC,20172804,
2015,BARCELONA,BAIX LLOBREGAT,08263,SANT VICENÇ DELS HORTS,SERVEIS,4467496,
2015,BARCELONA,BAIX LLOBREGAT,08263,SANT VICENÇ DELS HORTS,DOMÈSTIC,34203064,
2015,BARCELONA,BAIX LLOBREGAT,08263,SANT VICENÇ DELS HORTS,INDUSTRIAL,77499002,
2015,BARCELONA,MARESME,08264,SANT VICENÇ DE MONTALT,SERVEIS,1889978,
2015,BARCELONA,MARESME,08264,SANT VICENÇ DE MONTALT,DOMÈSTIC,19885434,
2015,BARCELONA,OSONA,08265,SANT VICENÇ DE TORELLO,INDUSTRIAL,,Dades subjectes a secret estadístic.
2015,BARCELONA,OSONA,08265,SANT VICENÇ DE TORELLO,SERVEIS,446993,
2015,BARCELONA,OSONA,08265,SANT VICENÇ DE TORELLO,DOMÈSTIC,2567634,
2015,BARCELONA,VALLES OCCIDENTAL,08266,CERDANYOLA DEL VALLES,INDUSTRIAL,58647461,
2015,BARCELONA,VALLES OCCIDENTAL,08266,CERDANYOLA DEL VALLES,SERVEIS,181656817,
2015,BARCELONA,VALLES OCCIDENTAL,08266,CERDANYOLA DEL VALLES,DOMÈSTIC,114981172,
2015,BARCELONA,VALLES OCCIDENTAL,08267,SENTMENAT,INDUSTRIAL,,Dades subjectes a secret estadístic.
2015,BARCELONA,VALLES OCCIDENTAL,08267,SENTMENAT,SERVEIS,2167970,
2015,BARCELONA,VALLES OCCIDENTAL,08267,SENTMENAT,DOMÈSTIC,13669488,
2015,BARCELONA,OSONA,08269,SEVA,INDUSTRIAL,,Dades subjectes a secret estadístic.
2015,BARCELONA,OSONA,08269,SEVA,DOMÈSTIC,911103,
2015,BARCELONA,GARRAF,08270,SITGES,SERVEIS,25876873,
2015,BARCELONA,GARRAF,08270,SITGES,DOMÈSTIC,59484880,
2015,BARCELONA,BAGES,08274,SURIA,INDUSTRIAL,,Dades subjectes a secret estadístic.
2015,BARCELONA,BAGES,08274,SURIA,SERVEIS,2350185,
2015,BARCELONA,BAGES,08274,SURIA,DOMÈSTIC,13606802,
2015,BARCELONA,OSONA,08278,TARADELL,INDUSTRIAL,,Dades subjectes a secret estadístic.
2015,BARCELONA,OSONA,08278,TARADELL,SERVEIS,2026814,
2015,BARCELONA,OSONA,08278,TARADELL,DOMÈSTIC,11729767,
2015,BARCELONA,VALLES OCCIDENTAL,08279,TERRASSA,INDUSTRIAL,87255927,
2015,BARCELONA,VALLES OCCIDENTAL,08279,TERRASSA,SERVEIS,85939695,
2015,BARCELONA,VALLES OCCIDENTAL,08279,TERRASSA,DOMÈSTIC,380963447,
2015,BARCELONA,MARESME,08281,TEIA,INDUSTRIAL,,Dades subjectes a secret estadístic.
2015,BARCELONA,MARESME,08281,TEIA,PRIMARI,,Dades subjectes a secret estadístic.
2015,BARCELONA,MARESME,08281,TEIA,SERVEIS,3172968,
2015,BARCELONA,MARESME,08281,TEIA,DOMÈSTIC,16938682,
2015,BARCELONA,MARESME,08282,TIANA,SERVEIS,2789067,
2015,BARCELONA,MARESME,08282,TIANA,DOMÈSTIC,21318894,
2015,BARCELONA,OSONA,08283,TONA,INDUSTRIAL,,Dades subjectes a secret estadístic.
2015,BARCELONA,OSONA,08283,TONA,SERVEIS,5209583,
2015,BARCELONA,OSONA,08283,TONA,DOMÈSTIC,19198479,
2015,BARCELONA,MARESME,08284,TORDERA,INDUSTRIAL,,Dades subjectes a secret estadístic.
2015,BARCELONA,MARESME,08284,TORDERA,SERVEIS,,Dades subjectes a secret estadístic.
2015,BARCELONA,MARESME,08284,TORDERA,DOMÈSTIC,21632751,
2015,BARCELONA,OSONA,08285,TORELLO,INDUSTRIAL,10907901,
2015,BARCELONA,OSONA,08285,TORELLO,SERVEIS,3460954,
2015,BARCELONA,OSONA,08285,TORELLO,DOMÈSTIC,28542562,
2015,BARCELONA,ANOIA,08286,"TORRE DE CLARAMUNT, LA",DOMÈSTIC,2537175,
2015,BARCELONA,ANOIA,08286,"TORRE DE CLARAMUNT, LA",INDUSTRIAL,,Dades subjectes a secret estadístic.
2015,BARCELONA,ALT PENEDES,08287,TORRELAVIT,SERVEIS,,Dades subjectes a secret estadístic.
2015,BARCELONA,ALT PENEDES,08287,TORRELAVIT,DOMÈSTIC,2301875,
2015,BARCELONA,BAIX LLOBREGAT,08289,TORRELLES DE LLOBREGAT,DOMÈSTIC,3203331,
2015,BARCELONA,BAIX LLOBREGAT,08289,TORRELLES DE LLOBREGAT,SERVEIS,26859,
2015,BARCELONA,VALLES OCCIDENTAL,08290,ULLASTRELL,DOMÈSTIC,390089,
2015,BARCELONA,ANOIA,08292,VALLBONA D'ANOIA,DOMÈSTIC,2652930,
2015,BARCELONA,ANOIA,08292,VALLBONA D'ANOIA,INDUSTRIAL,,Dades subjectes a secret estadístic.
2015,BARCELONA,ANOIA,08292,VALLBONA D'ANOIA,SERVEIS,33288,
2015,BARCELONA,VALLES ORIENTAL,08294,VALLGORGUINA,DOMÈSTIC,792699,
2015,BARCELONA,BAIX LLOBREGAT,08295,VALLIRANA,SERVEIS,2627616,
2015,BARCELONA,BAIX LLOBREGAT,08295,VALLIRANA,DOMÈSTIC,15790111,
2015,BARCELONA,OSONA,08298,VIC,DOMÈSTIC,113105719,
2015,BARCELONA,OSONA,08298,VIC,SERVEIS,46488538,
2015,BARCELONA,OSONA,08298,VIC,INDUSTRIAL,92146052,
2015,BARCELONA,VALLES OCCIDENTAL,08300,VILADECAVALLS,DOMÈSTIC,13917683,
2015,BARCELONA,VALLES OCCIDENTAL,08300,VILADECAVALLS,INDUSTRIAL,7012057,
2015,BARCELONA,VALLES OCCIDENTAL,08300,VILADECAVALLS,SERVEIS,,Dades subjectes a secret estadístic.
2015,BARCELONA,BAIX LLOBREGAT,08301,VILADECANS,SERVEIS,15852366,Inclou el consum del sector transport.
2015,BARCELONA,BAIX LLOBREGAT,08301,VILADECANS,INDUSTRIAL,,Dades subjectes a secret estadístic.
2015,BARCELONA,BAIX LLOBREGAT,08301,VILADECANS,DOMÈSTIC,76074583,
2015,BARCELONA,ANOIA,08302,VILANOVA DEL CAMI,SERVEIS,1730702,
2015,BARCELONA,ANOIA,08302,VILANOVA DEL CAMI,DOMÈSTIC,19928368,
2015,BARCELONA,ANOIA,08302,VILANOVA DEL CAMI,INDUSTRIAL,,Dades subjectes a secret estadístic.
2015,BARCELONA,ALT PENEDES,08305,VILAFRANCA DEL PENEDES,DOMÈSTIC,69282506,
2015,BARCELONA,ALT PENEDES,08305,VILAFRANCA DEL PENEDES,INDUSTRIAL,5169820,
2015,BARCELONA,ALT PENEDES,08305,VILAFRANCA DEL PENEDES,SERVEIS,15946344,
2015,BARCELONA,VALLES ORIENTAL,08306,VILALBA SASSERRA,DOMÈSTIC,147389,
2015,BARCELONA,VALLES ORIENTAL,08306,VILALBA SASSERRA,SERVEIS,,Dades subjectes a secret estadístic.
2015,BARCELONA,GARRAF,08307,VILANOVA I LA GELTRU,INDUSTRIAL,64317194,
2015,BARCELONA,GARRAF,08307,VILANOVA I LA GELTRU,DOMÈSTIC,90260215,
2015,BARCELONA,GARRAF,08307,VILANOVA I LA GELTRU,SERVEIS,17180272,
2015,BARCELONA,VALLES ORIENTAL,08902,VILANOVA DEL VALLES,SERVEIS,669735,
2015,BARCELONA,VALLES ORIENTAL,08902,VILANOVA DEL VALLES,DOMÈSTIC,5998573,
2015,BARCELONA,VALLES OCCIDENTAL,08904,BADIA DEL VALLES,SERVEIS,3236617,
2015,BARCELONA,VALLES OCCIDENTAL,08904,BADIA DEL VALLES,DOMÈSTIC,14582482,
2015,BARCELONA,BAIX LLOBREGAT,08905,"PALMA DE CERVELLO, LA",DOMÈSTIC,4101082,
2015,BARCELONA,BAIX LLOBREGAT,08905,"PALMA DE CERVELLO, LA",SERVEIS,563826,
2015,BARCELONA,BAIX LLOBREGAT,08905,"PALMA DE CERVELLO, LA",INDUSTRIAL,,Dades subjectes a secret estadístic.
2015,GIRONA,GIRONES,17002,AIGUAVIVA,SERVEIS,,Dades subjectes a secret estadístic.
2015,GIRONA,GIRONES,17002,AIGUAVIVA,INDUSTRIAL,,Dades subjectes a secret estadístic.
2015,GIRONA,GIRONES,17002,AIGUAVIVA,DOMÈSTIC,1162227,
2015,GIRONA,GARROTXA,17010,ARGELAGUER,DOMÈSTIC,997851,
2015,GIRONA,GARROTXA,17010,ARGELAGUER,SERVEIS,,Dades subjectes a secret estadístic.
2015,GIRONA,GARROTXA,17010,ARGELAGUER,PRIMARI,,Dades subjectes a secret estadístic.
2015,GIRONA,GARROTXA,17010,ARGELAGUER,INDUSTRIAL,,Dades subjectes a secret estadístic.
2015,GIRONA,BAIX EMPORDA,17013,BEGUR,DOMÈSTIC,217399,
2015,GIRONA,PLA DE L'ESTANY,17015,BANYOLES,SERVEIS,9807497,
2015,GIRONA,PLA DE L'ESTANY,17015,BANYOLES,DOMÈSTIC,43295631,
2015,GIRONA,PLA DE L'ESTANY,17015,BANYOLES,INDUSTRIAL,,Dades subjectes a secret estadístic.
2015,GIRONA,BAIX EMPORDA,17018,BELLCAIRE D'EMPORDA,DOMÈSTIC,1026726,
2015,GIRONA,GARROTXA,17019,BESALU,INDUSTRIAL,,Dades subjectes a secret estadístic.
2015,GIRONA,GARROTXA,17019,BESALU,DOMÈSTIC,6525953,
2015,GIRONA,GARROTXA,17019,BESALU,SERVEIS,994941,
2015,GIRONA,GIRONES,17020,BESCANO,SERVEIS,903732,
2015,GIRONA,GIRONES,17020,BESCANO,DOMÈSTIC,9104150,
2015,GIRONA,GARROTXA,17021,BEUDA,INDUSTRIAL,,Dades subjectes a secret estadístic.
2015,GIRONA,BAIX EMPORDA,17022,"BISBAL D'EMPORDA, LA",DOMÈSTIC,22781272,
2015,GIRONA,BAIX EMPORDA,17022,"BISBAL D'EMPORDA, LA",SERVEIS,2329197,
2015,GIRONA,BAIX EMPORDA,17022,"BISBAL D'EMPORDA, LA",INDUSTRIAL,,Dades subjectes a secret estadístic.
2015,GIRONA,SELVA,17023,BLANES,SERVEIS,15240912,
2015,GIRONA,SELVA,17023,BLANES,INDUSTRIAL,,Dades subjectes a secret estadístic.
2015,GIRONA,SELVA,17023,BLANES,DOMÈSTIC,75470142,
2015,GIRONA,GIRONES,17025,BORDILS,DOMÈSTIC,3291394,
2015,GIRONA,GIRONES,17025,BORDILS,SERVEIS,,Dades subjectes a secret estadístic.
2015,GIRONA,SELVA,17027,BREDA,SERVEIS,440231,
2015,GIRONA,SELVA,17027,BREDA,INDUSTRIAL,5165448,
2015,GIRONA,SELVA,17027,BREDA,DOMÈSTIC,5764300,
2015,GIRONA,SELVA,17033,CALDES DE MALAVELLA,DOMÈSTIC,9199237,
2015,GIRONA,SELVA,17033,CALDES DE MALAVELLA,INDUSTRIAL,7315286,
2015,GIRONA,SELVA,17033,CALDES DE MALAVELLA,SERVEIS,5098549,
2015,GIRONA,BAIX EMPORDA,17034,CALONGE I SANT ANTONI,SERVEIS,4180446,
2015,GIRONA,BAIX EMPORDA,17034,CALONGE I SANT ANTONI,DOMÈSTIC,18449617,
2015,GIRONA,PLA DE L'ESTANY,17035,CAMOS,SERVEIS,24025,
2015,GIRONA,PLA DE L'ESTANY,17035,CAMOS,DOMÈSTIC,540213,
2015,GIRONA,RIPOLLES,17036,CAMPDEVANOL,INDUSTRIAL,4348134,
2015,GIRONA,RIPOLLES,17036,CAMPDEVANOL,SERVEIS,2255373,
2015,GIRONA,RIPOLLES,17036,CAMPDEVANOL,DOMÈSTIC,7340544,
2015,GIRONA,GIRONES,17038,CAMPLLONG,SERVEIS,,Dades subjectes a secret estadístic.
2015,GIRONA,GIRONES,17038,CAMPLLONG,DOMÈSTIC,,Dades subjectes a secret estadístic.
2015,GIRONA,GIRONES,17044,CASSA DE LA SELVA,INDUSTRIAL,,Dades subjectes a secret estadístic.
2015,GIRONA,GIRONES,17044,CASSA DE LA SELVA,SERVEIS,3811426,
2015,GIRONA,GIRONES,17044,CASSA DE LA SELVA,DOMÈSTIC,18205467,
2015,GIRONA,GARROTXA,17046,CASTELLFOLLIT DE LA ROCA,SERVEIS,1050373,
2015,GIRONA,GARROTXA,17046,CASTELLFOLLIT DE LA ROCA,DOMÈSTIC,2413516,
2015,GIRONA,ALT EMPORDA,17047,CASTELLO D'EMPURIES,SERVEIS,182902,
2015,GIRONA,ALT EMPORDA,17047,CASTELLO D'EMPURIES,DOMÈSTIC,349042,
2015,GIRONA,BAIX EMPORDA,17048,CASTELL-PLATJA D'ARO,SERVEIS,14946573,
2015,GIRONA,BAIX EMPORDA,17048,CASTELL-PLATJA D'ARO,DOMÈSTIC,20170993,
2015,GIRONA,GIRONES,17049,CELRA,INDUSTRIAL,68146079,
2015,GIRONA,GIRONES,17049,CELRA,SERVEIS,2823228,
2015,GIRONA,GIRONES,17049,CELRA,DOMÈSTIC,11176784,
2015,GIRONA,PLA DE L'ESTANY,17056,CORNELLA DEL TERRI,INDUSTRIAL,29997193,
2015,GIRONA,PLA DE L'ESTANY,17056,CORNELLA DEL TERRI,SERVEIS,465152,
2015,GIRONA,PLA DE L'ESTANY,17056,CORNELLA DEL TERRI,DOMÈSTIC,3138695,
2015,GIRONA,BAIX EMPORDA,17057,CORÇA,INDUSTRIAL,,Dades subjectes a secret estadístic.
2015,GIRONA,BAIX EMPORDA,17057,CORÇA,SERVEIS,,Dades subjectes a secret estadístic.
2015,GIRONA,BAIX EMPORDA,17057,CORÇA,DOMÈSTIC,2332730,
2015,GIRONA,ALT EMPORDA,17062,"ESCALA, L'",SERVEIS,4390019,
2015,GIRONA,ALT EMPORDA,17062,"ESCALA, L'",DOMÈSTIC,13203879,
2015,GIRONA,ALT EMPORDA,17066,FIGUERES,DOMÈSTIC,73888233,
2015,GIRONA,ALT EMPORDA,17066,FIGUERES,SERVEIS,23267139,
2015,GIRONA,GIRONES,17067,FLAÇA,SERVEIS,,Dades subjectes a secret estadístic.
2015,GIRONA,GIRONES,17067,FLAÇA,DOMÈSTIC,2425061,
2015,GIRONA,PLA DE L'ESTANY,17071,FONTCOBERTA,SERVEIS,,Dades subjectes a secret estadístic.
2015,GIRONA,PLA DE L'ESTANY,17071,FONTCOBERTA,DOMÈSTIC,848259,
2015,GIRONA,GIRONES,17073,FORNELLS DE LA SELVA,SERVEIS,1267464,
2015,GIRONA,GIRONES,17073,FORNELLS DE LA SELVA,DOMÈSTIC,6163962,
2015,GIRONA,GIRONES,17079,GIRONA,INDUSTRIAL,,Dades subjectes a secret estadístic.
2015,GIRONA,GIRONES,17079,GIRONA,SERVEIS,64288833,
2015,GIRONA,GIRONES,17079,GIRONA,DOMÈSTIC,229771413,
2015,GIRONA,BAIX EMPORDA,17081,GUALTA,SERVEIS,,Dades subjectes a secret estadístic.
2015,GIRONA,BAIX EMPORDA,17081,GUALTA,DOMÈSTIC,207688,
2015,GIRONA,SELVA,17083,HOSTALRIC,INDUSTRIAL,47328195,
2015,GIRONA,SELVA,17083,HOSTALRIC,SERVEIS,447455,
2015,GIRONA,SELVA,17083,HOSTALRIC,DOMÈSTIC,7868455,
2015,GIRONA,ALT EMPORDA,17086,"JONQUERA, LA",SERVEIS,52555,
2015,GIRONA,ALT EMPORDA,17086,"JONQUERA, LA",DOMÈSTIC,4106926,
2015,GIRONA,GIRONES,17087,JUIA,INDUSTRIAL,,Dades subjectes a secret estadístic.
2015,GIRONA,GIRONES,17089,LLAGOSTERA,SERVEIS,921065,
2015,GIRONA,GIRONES,17089,LLAGOSTERA,DOMÈSTIC,13628968,
2015,GIRONA,SELVA,17095,LLORET DE MAR,SERVEIS,66060955,
2015,GIRONA,SELVA,17095,LLORET DE MAR,DOMÈSTIC,45299429,
2015,GIRONA,SELVA,17101,MASSANES,INDUSTRIAL,,Dades subjectes a secret estadístic.
2015,GIRONA,SELVA,17103,MAÇANET DE LA SELVA,INDUSTRIAL,,Dades subjectes a secret estadístic.
2015,GIRONA,SELVA,17103,MAÇANET DE LA SELVA,SERVEIS,1476595,
2015,GIRONA,SELVA,17103,MAÇANET DE LA SELVA,DOMÈSTIC,8790051,
2015,GIRONA,BAIX EMPORDA,17110,MONT-RAS,SERVEIS,,Dades subjectes a secret estadístic.
2015,GIRONA,BAIX EMPORDA,17110,MONT-RAS,DOMÈSTIC,1926006,
2015,GIRONA,ALT EMPORDA,17111,NAVATA,SERVEIS,,Dades subjectes a secret estadístic.
2015,GIRONA,ALT EMPORDA,17111,NAVATA,DOMÈSTIC,551582,
2015,GIRONA,GARROTXA,17114,OLOT,INDUSTRIAL,48936896,
2015,GIRONA,GARROTXA,17114,OLOT,SERVEIS,21813839,
2015,GIRONA,GARROTXA,17114,OLOT,DOMÈSTIC,70157060,
2015,GIRONA,BAIX EMPORDA,17117,PALAFRUGELL,SERVEIS,6898515,
2015,GIRONA,BAIX EMPORDA,17117,PALAFRUGELL,DOMÈSTIC,36320145,
2015,GIRONA,BAIX EMPORDA,17118,PALAMOS,INDUSTRIAL,,Dades subjectes a secret estadístic.
2015,GIRONA,BAIX EMPORDA,17118,PALAMOS,SERVEIS,8418111,
2015,GIRONA,BAIX EMPORDA,17118,PALAMOS,DOMÈSTIC,31423888,
2015,GIRONA,PLA DE L'ESTANY,17123,PALOL DE REVARDIT,INDUSTRIAL,,Dades subjectes a secret estadístic.
2015,GIRONA,BAIX EMPORDA,17126,PARLAVA,DOMÈSTIC,123448,
2015,GIRONA,BAIX EMPORDA,17130,"PERA, LA",INDUSTRIAL,,Dades subjectes a secret estadístic.
2015,GIRONA,PLA DE L'ESTANY,17137,PORQUERES,SERVEIS,856167,
2015,GIRONA,PLA DE L'ESTANY,17137,PORQUERES,INDUSTRIAL,,Dades subjectes a secret estadístic.
2015,GIRONA,PLA DE L'ESTANY,17137,PORQUERES,DOMÈSTIC,7632298,
2015,GIRONA,GARROTXA,17139,"PRESES, LES",SERVEIS,697402,
2015,GIRONA,GARROTXA,17139,"PRESES, LES",DOMÈSTIC,2490669,
2015,GIRONA,GARROTXA,17139,"PRESES, LES",INDUSTRIAL,9858973,
2015,GIRONA,CERDANYA,17141,PUIGCERDA,SERVEIS,9529557,
2015,GIRONA,CERDANYA,17141,PUIGCERDA,DOMÈSTIC,22658516,
2015,GIRONA,GIRONES,17142,QUART,SERVEIS,2416121,
2015,GIRONA,GIRONES,17142,QUART,DOMÈSTIC,7447753,
2015,GIRONA,SELVA,17146,RIELLS I VIABREA,INDUSTRIAL,9864928,
2015,GIRONA,SELVA,17146,RIELLS I VIABREA,DOMÈSTIC,293060,
2015,GIRONA,RIPOLLES,17147,RIPOLL,INDUSTRIAL,32605104,
2015,GIRONA,RIPOLLES,17147,RIPOLL,SERVEIS,6425992,
2015,GIRONA,RIPOLLES,17147,RIPOLL,DOMÈSTIC,23229387,
2015,GIRONA,SELVA,17148,RIUDARENES,INDUSTRIAL,,Dades subjectes a secret estadístic.
2015,GIRONA,SELVA,17148,RIUDARENES,SERVEIS,777836,
2015,GIRONA,SELVA,17148,RIUDARENES,DOMÈSTIC,2703216,
2015,GIRONA,SELVA,17150,RIUDELLOTS DE LA SELVA,INDUSTRIAL,114412989,
2015,GIRONA,SELVA,17150,RIUDELLOTS DE LA SELVA,SERVEIS,,Dades subjectes a secret estadístic.
2015,GIRONA,SELVA,17150,RIUDELLOTS DE LA SELVA,DOMÈSTIC,3004506,
2015,GIRONA,GIRONES,17155,SALT,INDUSTRIAL,,Dades subjectes a secret estadístic.
2015,GIRONA,GIRONES,17155,SALT,SERVEIS,22578804,
2015,GIRONA,GIRONES,17155,SALT,DOMÈSTIC,47839064,
2015,GIRONA,SELVA,17159,SANT FELIU DE BUIXALLEU,INDUSTRIAL,19190197,
2015,GIRONA,SELVA,17159,SANT FELIU DE BUIXALLEU,SERVEIS,,Dades subjectes a secret estadístic.
2015,GIRONA,BAIX EMPORDA,17160,SANT FELIU DE GUIXOLS,SERVEIS,10808581,
2015,GIRONA,BAIX EMPORDA,17160,SANT FELIU DE GUIXOLS,DOMÈSTIC,49612388,
2015,GIRONA,GIRONES,17163,SANT GREGORI,INDUSTRIAL,,Dades subjectes a secret estadístic.
2015,GIRONA,GIRONES,17163,SANT GREGORI,SERVEIS,1588771,
2015,GIRONA,GIRONES,17163,SANT GREGORI,DOMÈSTIC,7391054,
2015,GIRONA,GARROTXA,17165,SANT JAUME DE LLIERCA,INDUSTRIAL,,Dades subjectes a secret estadístic.
2015,GIRONA,GARROTXA,17165,SANT JAUME DE LLIERCA,DOMÈSTIC,1341585,
2015,GIRONA,RIPOLLES,17167,SANT JOAN DE LES ABADESSES,INDUSTRIAL,,Dades subjectes a secret estadístic.
2015,GIRONA,RIPOLLES,17167,SANT JOAN DE LES ABADESSES,SERVEIS,1643984,
2015,GIRONA,RIPOLLES,17167,SANT JOAN DE LES ABADESSES,DOMÈSTIC,7793999,
2015,GIRONA,GIRONES,17168,SANT JOAN DE MOLLET,DOMÈSTIC,767198,
2015,GIRONA,GIRONES,17169,SANT JULIA DE RAMIS,INDUSTRIAL,,Dades subjectes a secret estadístic.
2015,GIRONA,GIRONES,17169,SANT JULIA DE RAMIS,SERVEIS,,Dades subjectes a secret estadístic.
2015,GIRONA,GIRONES,17169,SANT JULIA DE RAMIS,DOMÈSTIC,4404919,
2015,GIRONA,RIPOLLES,17177,SANT PAU DE SEGURIES,SERVEIS,,Dades subjectes a secret estadístic.
2015,GIRONA,RIPOLLES,17177,SANT PAU DE SEGURIES,DOMÈSTIC,691770,
2015,GIRONA,SELVA,17180,SANTA COLOMA DE FARNERS,DOMÈSTIC,16294254,
2015,GIRONA,SELVA,17180,SANTA COLOMA DE FARNERS,INDUSTRIAL,,Dades subjectes a secret estadístic.
2015,GIRONA,SELVA,17180,SANTA COLOMA DE FARNERS,SERVEIS,2054866,
2015,GIRONA,BAIX EMPORDA,17181,SANTA CRISTINA D'ARO,DOMÈSTIC,9370113,
2015,GIRONA,BAIX EMPORDA,17181,SANTA CRISTINA D'ARO,SERVEIS,730152,
2015,GIRONA,ALT EMPORDA,17182,SANTA LLOGAIA D'ALGUEMA,DOMÈSTIC,155501,
2015,GIRONA,GARROTXA,17185,SANT JOAN LES FONTS,INDUSTRIAL,,Dades subjectes a secret estadístic.
2015,GIRONA,GARROTXA,17185,SANT JOAN LES FONTS,SERVEIS,1799016,
2015,GIRONA,GARROTXA,17185,SANT JOAN LES FONTS,DOMÈSTIC,6150067,
2015,GIRONA,GIRONES,17186,SARRIA DE TER,SERVEIS,509149,
2015,GIRONA,GIRONES,17186,SARRIA DE TER,DOMÈSTIC,11094139,
2015,GIRONA,PLA DE L'ESTANY,17190,SERINYA,INDUSTRIAL,,Dades subjectes a secret estadístic.
2015,GIRONA,PLA DE L'ESTANY,17190,SERINYA,DOMÈSTIC,1479622,
2015,GIRONA,BAIX EMPORDA,17191,SERRA DE DARO,DOMÈSTIC,367357,
2015,GIRONA,SELVA,17193,SILS,INDUSTRIAL,17743672,
2015,GIRONA,SELVA,17193,SILS,SERVEIS,826051,
2015,GIRONA,SELVA,17193,SILS,DOMÈSTIC,5784268,
2015,GIRONA,BAIX EMPORDA,17199,TORROELLA DE MONTGRI,INDUSTRIAL,,Dades subjectes a secret estadístic.
2015,GIRONA,BAIX EMPORDA,17199,TORROELLA DE MONTGRI,SERVEIS,3711950,
2015,GIRONA,BAIX EMPORDA,17199,TORROELLA DE MONTGRI,DOMÈSTIC,13042105,
2015,GIRONA,BAIX EMPORDA,17204,ULLA,SERVEIS,,Dades subjectes a secret estadístic.
2015,GIRONA,BAIX EMPORDA,17204,ULLA,DOMÈSTIC,1439642,
2015,GIRONA,GARROTXA,17207,"VALL D'EN BAS, LA",DOMÈSTIC,914950,
2015,GIRONA,GARROTXA,17207,"VALL D'EN BAS, LA",SERVEIS,,Dades subjectes a secret estadístic.
2015,GIRONA,GARROTXA,17208,"VALL DE BIANYA, LA",SERVEIS,279013,
2015,GIRONA,GARROTXA,17208,"VALL DE BIANYA, LA",INDUSTRIAL,,Dades subjectes a secret estadístic.
2015,GIRONA,GARROTXA,17208,"VALL DE BIANYA, LA",DOMÈSTIC,1135926,
2015,GIRONA,BAIX EMPORDA,17209,VALL-LLOBREGA,SERVEIS,,Dades subjectes a secret estadístic.
2015,GIRONA,BAIX EMPORDA,17209,VALL-LLOBREGA,DOMÈSTIC,964048,
2015,GIRONA,SELVA,17213,VIDRERES,INDUSTRIAL,,Dades subjectes a secret estadístic.
2015,GIRONA,SELVA,17213,VIDRERES,SERVEIS,1363901,
2015,GIRONA,SELVA,17213,VIDRERES,DOMÈSTIC,10171789,
2015,GIRONA,GIRONES,17215,VILABLAREIX,DOMÈSTIC,6497344,
2015,GIRONA,GIRONES,17215,VILABLAREIX,SERVEIS,1022925,
2015,GIRONA,ALT EMPORDA,17221,VILAFANT,SERVEIS,2568699,
2015,GIRONA,ALT EMPORDA,17221,VILAFANT,DOMÈSTIC,6819578,
2015,GIRONA,BAIX EMPORDA,17902,FORALLAC,DOMÈSTIC,2500549,
2015,GIRONA,BAIX EMPORDA,17902,FORALLAC,SERVEIS,438472,
2015,LLEIDA,SEGRIA,25004,"ALAMUS, ELS",DOMÈSTIC,754708,
2015,LLEIDA,SEGRIA,25007,ALBATARREC,DOMÈSTIC,569174,
2015,LLEIDA,SEGRIA,25011,ALCARRAS,DOMÈSTIC,19849216,
2015,LLEIDA,SEGRIA,25011,ALCARRAS,SERVEIS,1739081,
2015,LLEIDA,SEGRIA,25011,ALCARRAS,INDUSTRIAL,,Dades subjectes a secret estadístic.
2015,LLEIDA,SEGRIA,25012,ALCOLETGE,DOMÈSTIC,8503315,
2015,LLEIDA,SEGRIA,25012,ALCOLETGE,SERVEIS,1199218,
2015,LLEIDA,SEGRIA,25012,ALCOLETGE,INDUSTRIAL,14472557,
2015,LLEIDA,SEGRIA,25013,ALFARRAS,SERVEIS,1963367,
2015,LLEIDA,SEGRIA,25013,ALFARRAS,DOMÈSTIC,5867600,
2015,LLEIDA,SEGRIA,25016,ALGUAIRE,INDUSTRIAL,,Dades subjectes a secret estadístic.
2015,LLEIDA,SEGRIA,25016,ALGUAIRE,SERVEIS,728931,
2015,LLEIDA,SEGRIA,25016,ALGUAIRE,DOMÈSTIC,6363796,
2015,LLEIDA,SEGRIA,25019,ALMACELLES,INDUSTRIAL,,Dades subjectes a secret estadístic.
2015,LLEIDA,SEGRIA,25019,ALMACELLES,SERVEIS,,Dades subjectes a secret estadístic.
2015,LLEIDA,SEGRIA,25019,ALMACELLES,DOMÈSTIC,13570231,
2015,LLEIDA,SEGRIA,25021,ALMENAR,INDUSTRIAL,4795192,
2015,LLEIDA,SEGRIA,25021,ALMENAR,SERVEIS,704193,
2015,LLEIDA,SEGRIA,25021,ALMENAR,DOMÈSTIC,6643577,
2015,LLEIDA,SEGRIA,25023,ALPICAT,INDUSTRIAL,,Dades subjectes a secret estadístic.
2015,LLEIDA,SEGRIA,25023,ALPICAT,SERVEIS,2396625,
2015,LLEIDA,SEGRIA,25023,ALPICAT,DOMÈSTIC,15914728,
2015,LLEIDA,VAL D'ARAN,25025,NAUT ARAN,SERVEIS,3792754,
2015,LLEIDA,VAL D'ARAN,25025,NAUT ARAN,DOMÈSTIC,3276819,
2015,LLEIDA,URGELL,25027,ANGLESOLA,SERVEIS,,Dades subjectes a secret estadístic.
2015,LLEIDA,URGELL,25027,ANGLESOLA,DOMÈSTIC,1952234,
2015,LLEIDA,NOGUERA,25034,ARTESA DE SEGRE,SERVEIS,,Dades subjectes a secret estadístic.
2015,LLEIDA,NOGUERA,25034,ARTESA DE SEGRE,DOMÈSTIC,3451631,
2015,LLEIDA,NOGUERA,25040,BALAGUER,INDUSTRIAL,18803889,
2015,LLEIDA,NOGUERA,25040,BALAGUER,SERVEIS,10605294,
2015,LLEIDA,NOGUERA,25040,BALAGUER,DOMÈSTIC,28600268,
2015,LLEIDA,NOGUERA,25047,BELLCAIRE D'URGELL,INDUSTRIAL,,Dades subjectes a secret estadístic.
2015,LLEIDA,NOGUERA,25047,BELLCAIRE D'URGELL,SERVEIS,,Dades subjectes a secret estadístic.
2015,LLEIDA,NOGUERA,25047,BELLCAIRE D'URGELL,DOMÈSTIC,3036735,
2015,LLEIDA,PLA D'URGELL,25048,BELL-LLOC D'URGELL,INDUSTRIAL,,Dades subjectes a secret estadístic.
2015,LLEIDA,PLA D'URGELL,25048,BELL-LLOC D'URGELL,SERVEIS,480959,
2015,LLEIDA,PLA D'URGELL,25048,BELL-LLOC D'URGELL,DOMÈSTIC,4471415,
2015,LLEIDA,URGELL,25050,BELLPUIG,INDUSTRIAL,31774482,
2015,LLEIDA,URGELL,25050,BELLPUIG,SERVEIS,2649702,
2015,LLEIDA,URGELL,25050,BELLPUIG,DOMÈSTIC,10868892,
2015,LLEIDA,SEGRIA,25053,BENAVENT DE SEGRIA,SERVEIS,,Dades subjectes a secret estadístic.
2015,LLEIDA,SEGRIA,25053,BENAVENT DE SEGRIA,DOMÈSTIC,2528107,
2015,LLEIDA,GARRIGUES,25058,"BORGES BLANQUES, LES",INDUSTRIAL,,Dades subjectes a secret estadístic. Inclou el consum del sector energètic.
2015,LLEIDA,GARRIGUES,25058,"BORGES BLANQUES, LES",SERVEIS,1745907,
2015,LLEIDA,GARRIGUES,25058,"BORGES BLANQUES, LES",DOMÈSTIC,10301984,
2015,LLEIDA,PLA D'URGELL,25068,CASTELLNOU DE SEANA,DOMÈSTIC,259613,
2015,LLEIDA,SEGARRA,25072,CERVERA,INDUSTRIAL,,Dades subjectes a secret estadístic.
2015,LLEIDA,SEGARRA,25072,CERVERA,SERVEIS,5998621,
2015,LLEIDA,SEGARRA,25072,CERVERA,DOMÈSTIC,19927997,
2015,LLEIDA,SEGRIA,25078,CORBINS,SERVEIS,,Dades subjectes a secret estadístic.
2015,LLEIDA,SEGRIA,25078,CORBINS,DOMÈSTIC,597793,
2015,LLEIDA,GARRIGUES,25081,"ESPLUGA CALBA, L'",DOMÈSTIC,180930,
2015,LLEIDA,PLA D'URGELL,25093,FONDARELLA,INDUSTRIAL,,Dades subjectes a secret estadístic.
2015,LLEIDA,PLA D'URGELL,25093,FONDARELLA,SERVEIS,136250,
2015,LLEIDA,PLA D'URGELL,25093,FONDARELLA,DOMÈSTIC,1582165,
2015,LLEIDA,PLA D'URGELL,25099,GOLMES,SERVEIS,744793,
2015,LLEIDA,PLA D'URGELL,25099,GOLMES,DOMÈSTIC,3449825,
2015,LLEIDA,SEGARRA,25110,GUISSONA,INDUSTRIAL,,Dades subjectes a secret estadístic.
2015,LLEIDA,SEGARRA,25110,GUISSONA,SERVEIS,5766703,
2015,LLEIDA,SEGARRA,25110,GUISSONA,DOMÈSTIC,11230204,
2015,LLEIDA,PLA D'URGELL,25113,IVARS D'URGELL,INDUSTRIAL,8355668,
2015,LLEIDA,PLA D'URGELL,25113,IVARS D'URGELL,SERVEIS,,Dades subjectes a secret estadístic.
2015,LLEIDA,PLA D'URGELL,25113,IVARS D'URGELL,DOMÈSTIC,2143755,
2015,LLEIDA,GARRIGUES,25119,JUNEDA,SERVEIS,971986,
2015,LLEIDA,GARRIGUES,25119,JUNEDA,DOMÈSTIC,5095276,
2015,LLEIDA,SEGRIA,25120,LLEIDA,INDUSTRIAL,106265813,
2015,LLEIDA,SEGRIA,25120,LLEIDA,PRIMARI,,Dades subjectes a secret estadístic.
2015,LLEIDA,SEGRIA,25120,LLEIDA,SERVEIS,136685742,
2015,LLEIDA,SEGRIA,25120,LLEIDA,DOMÈSTIC,291169460,
2015,LLEIDA,PLA D'URGELL,25122,LINYOLA,INDUSTRIAL,,Dades subjectes a secret estadístic.
2015,LLEIDA,PLA D'URGELL,25122,LINYOLA,SERVEIS,160034,
2015,LLEIDA,PLA D'URGELL,25122,LINYOLA,DOMÈSTIC,3995571,
2015,LLEIDA,PLA D'URGELL,25135,MIRALCAMP,INDUSTRIAL,,Dades subjectes a secret estadístic.
2015,LLEIDA,PLA D'URGELL,25135,MIRALCAMP,SERVEIS,89239,
2015,LLEIDA,PLA D'URGELL,25135,MIRALCAMP,DOMÈSTIC,2135048,
2015,LLEIDA,PLA D'URGELL,25137,MOLLERUSSA,INDUSTRIAL,1064289605,
2015,LLEIDA,PLA D'URGELL,25137,MOLLERUSSA,SERVEIS,6707828,
2015,LLEIDA,PLA D'URGELL,25137,MOLLERUSSA,DOMÈSTIC,30505376,
2015,LLEIDA,SOLSONES,25151,OLIUS,DOMÈSTIC,732423,
2015,LLEIDA,PLA D'URGELL,25158,"PALAU D'ANGLESOLA, EL",INDUSTRIAL,,Dades subjectes a secret estadístic.
2015,LLEIDA,PLA D'URGELL,25158,"PALAU D'ANGLESOLA, EL",SERVEIS,517014,
2015,LLEIDA,PLA D'URGELL,25158,"PALAU D'ANGLESOLA, EL",DOMÈSTIC,3165575,
2015,LLEIDA,PALLARS SOBIRA,25183,RIALP,SERVEIS,,Dades subjectes a secret estadístic.
2015,LLEIDA,PALLARS SOBIRA,25183,RIALP,DOMÈSTIC,495787,
2015,LLEIDA,SEGRIA,25189,ROSSELLO,INDUSTRIAL,,Dades subjectes a secret estadístic.
2015,LLEIDA,SEGRIA,25189,ROSSELLO,SERVEIS,866367,
2015,LLEIDA,SEGRIA,25189,ROSSELLO,DOMÈSTIC,6661929,
2015,LLEIDA,SEGARRA,25192,SANT GUIM DE FREIXENET,SERVEIS,,Dades subjectes a secret estadístic.
2015,LLEIDA,SEGARRA,25192,SANT GUIM DE FREIXENET,DOMÈSTIC,1986545,
2015,LLEIDA,SOLSONES,25207,SOLSONA,INDUSTRIAL,,Dades subjectes a secret estadístic.
2015,LLEIDA,SOLSONES,25207,SOLSONA,SERVEIS,446779,
2015,LLEIDA,SOLSONES,25207,SOLSONA,DOMÈSTIC,4523080,
2015,LLEIDA,URGELL,25217,TARREGA,INDUSTRIAL,,Dades subjectes a secret estadístic.
2015,LLEIDA,URGELL,25217,TARREGA,SERVEIS,10201752,
2015,LLEIDA,URGELL,25217,TARREGA,DOMÈSTIC,37560275,
2015,LLEIDA,GARRIGUES,25218,TARRES,SERVEIS,5209,
2015,LLEIDA,GARRIGUES,25218,TARRES,DOMÈSTIC,200914,
2015,LLEIDA,NOGUERA,25220,TERMENS,INDUSTRIAL,,Dades subjectes a secret estadístic.
2015,LLEIDA,SEGRIA,25228,TORREFARRERA,SERVEIS,2676579,
2015,LLEIDA,SEGRIA,25228,TORREFARRERA,DOMÈSTIC,13182026,
2015,LLEIDA,PLA D'URGELL,25230,TORREGROSSA,INDUSTRIAL,,Dades subjectes a secret estadístic.
2015,LLEIDA,PLA D'URGELL,25230,TORREGROSSA,SERVEIS,462225,
2015,LLEIDA,PLA D'URGELL,25230,TORREGROSSA,DOMÈSTIC,3123012,
2015,LLEIDA,NOGUERA,25231,TORRELAMEU,SERVEIS,13735,
2015,LLEIDA,NOGUERA,25231,TORRELAMEU,DOMÈSTIC,176730,
2015,LLEIDA,SEGRIA,25233,TORRE-SERONA,DOMÈSTIC,346619,
2015,LLEIDA,NOGUERA,25240,VALLFOGONA DE BALAGUER,INDUSTRIAL,,Dades subjectes a secret estadístic.
2015,LLEIDA,NOGUERA,25240,VALLFOGONA DE BALAGUER,SERVEIS,97089,
2015,LLEIDA,NOGUERA,25240,VALLFOGONA DE BALAGUER,DOMÈSTIC,3382100,
2015,LLEIDA,URGELL,25244,VILAGRASSA,SERVEIS,,Dades subjectes a secret estadístic.
2015,LLEIDA,URGELL,25244,VILAGRASSA,DOMÈSTIC,421193,
2015,LLEIDA,SEGRIA,25251,VILANOVA DE SEGRIA,SERVEIS,,Dades subjectes a secret estadístic.
2015,LLEIDA,SEGRIA,25251,VILANOVA DE SEGRIA,DOMÈSTIC,1026590,
2015,LLEIDA,SEGRIA,25254,VILANOVA DE LA BARCA,DOMÈSTIC,69,
2015,LLEIDA,SEGARRA,25905,RIBERA D'ONDARA,INDUSTRIAL,,Dades subjectes a secret estadístic.
2015,TARRAGONA,MONTSIA,43004,ALCANAR,SERVEIS,1039583,
2015,TARRAGONA,MONTSIA,43004,ALCANAR,DOMÈSTIC,4197621,
2015,TARRAGONA,ALT CAMP,43005,ALCOVER,INDUSTRIAL,,Dades subjectes a secret estadístic.
2015,TARRAGONA,ALT CAMP,43005,ALCOVER,SERVEIS,1019238,
2015,TARRAGONA,ALT CAMP,43005,ALCOVER,DOMÈSTIC,4258838,
2015,TARRAGONA,TARRAGONES,43012,ALTAFULLA,SERVEIS,1354685,
2015,TARRAGONA,TARRAGONES,43012,ALTAFULLA,DOMÈSTIC,7405762,
2015,TARRAGONA,BAIX EBRE,43013,"AMETLLA DE MAR, L'",SERVEIS,1818833,
2015,TARRAGONA,BAIX EBRE,43013,"AMETLLA DE MAR, L'",DOMÈSTIC,1660199,
2015,TARRAGONA,MONTSIA,43014,AMPOSTA,INDUSTRIAL,,Dades subjectes a secret estadístic.
2015,TARRAGONA,MONTSIA,43014,AMPOSTA,SERVEIS,4231134,
2015,TARRAGONA,MONTSIA,43014,AMPOSTA,DOMÈSTIC,10794135,
2015,TARRAGONA,BAIX PENEDES,43016,"ARBOÇ, L'",INDUSTRIAL,,Dades subjectes a secret estadístic.
2015,TARRAGONA,BAIX PENEDES,43016,"ARBOÇ, L'",SERVEIS,2162503,
2015,TARRAGONA,BAIX PENEDES,43016,"ARBOÇ, L'",DOMÈSTIC,7444388,
2015,TARRAGONA,BAIX PENEDES,43024,BELLVEI,INDUSTRIAL,10879021,
2015,TARRAGONA,BAIX PENEDES,43024,BELLVEI,SERVEIS,,Dades subjectes a secret estadístic.
2015,TARRAGONA,BAIX PENEDES,43024,BELLVEI,DOMÈSTIC,2534227,
2015,TARRAGONA,RIBERA D'EBRE,43026,BENISSANET,SERVEIS,,Dades subjectes a secret estadístic.
2015,TARRAGONA,RIBERA D'EBRE,43026,BENISSANET,DOMÈSTIC,1549871,
2015,TARRAGONA,BAIX PENEDES,43030,BONASTRE,DOMÈSTIC,709787,
2015,TARRAGONA,BAIX PENEDES,43037,CALAFELL,SERVEIS,4542380,
2015,TARRAGONA,BAIX PENEDES,43037,CALAFELL,DOMÈSTIC,28882787,
2015,TARRAGONA,BAIX CAMP,43038,CAMBRILS,SERVEIS,15338046,
2015,TARRAGONA,BAIX CAMP,43038,CAMBRILS,DOMÈSTIC,42547334,
2015,TARRAGONA,BAIX CAMP,43042,CASTELLVELL DEL CAMP,SERVEIS,558171,
2015,TARRAGONA,BAIX CAMP,43042,CASTELLVELL DEL CAMP,DOMÈSTIC,2212475,
2015,TARRAGONA,TARRAGONES,43043,"CATLLAR, EL",SERVEIS,,Dades subjectes a secret estadístic.
2015,TARRAGONA,TARRAGONES,43043,"CATLLAR, EL",DOMÈSTIC,845421,
2015,TARRAGONA,MONTSIA,43044,"SENIA, LA",DOMÈSTIC,583784,
2015,TARRAGONA,TARRAGONES,43047,CONSTANTI,INDUSTRIAL,4449142,
2015,TARRAGONA,TARRAGONES,43047,CONSTANTI,SERVEIS,17281182,
2015,TARRAGONA,TARRAGONES,43047,CONSTANTI,DOMÈSTIC,4387984,
2015,TARRAGONA,TARRAGONES,43050,CREIXELL,SERVEIS,,Dades subjectes a secret estadístic.
2015,TARRAGONA,TARRAGONES,43050,CREIXELL,DOMÈSTIC,3715518,
2015,TARRAGONA,BAIX PENEDES,43051,CUNIT,SERVEIS,3504361,
2015,TARRAGONA,BAIX PENEDES,43051,CUNIT,DOMÈSTIC,14147843,
2015,TARRAGONA,CONCA DE BARBERA,43054,"ESPLUGA DE FRANCOLI, L'",SERVEIS,502626,
2015,TARRAGONA,CONCA DE BARBERA,43054,"ESPLUGA DE FRANCOLI, L'",DOMÈSTIC,6221172,
2015,TARRAGONA,PRIORAT,43055,FALSET,INDUSTRIAL,,Dades subjectes a secret estadístic.
2015,TARRAGONA,PRIORAT,43055,FALSET,SERVEIS,,Dades subjectes a secret estadístic.
2015,TARRAGONA,PRIORAT,43055,FALSET,DOMÈSTIC,1972696,
2015,TARRAGONA,ALT CAMP,43080,"MASO, LA",DOMÈSTIC,263186,
2015,TARRAGONA,CONCA DE BARBERA,43086,MONTBLANC,SERVEIS,3444422,
2015,TARRAGONA,CONCA DE BARBERA,43086,MONTBLANC,INDUSTRIAL,239737385,
2015,TARRAGONA,CONCA DE BARBERA,43086,MONTBLANC,DOMÈSTIC,13887244,
2015,TARRAGONA,BAIX CAMP,43092,MONT-ROIG DEL CAMP,SERVEIS,208276,
2015,TARRAGONA,BAIX CAMP,43092,MONT-ROIG DEL CAMP,DOMÈSTIC,2113934,
2015,TARRAGONA,RIBERA D'EBRE,43093,MORA D'EBRE,DOMÈSTIC,8326327,
2015,TARRAGONA,RIBERA D'EBRE,43093,MORA D'EBRE,INDUSTRIAL,,Dades subjectes a secret estadístic.
2015,TARRAGONA,RIBERA D'EBRE,43093,MORA D'EBRE,SERVEIS,4925740,
2015,TARRAGONA,RIBERA D'EBRE,43094,MORA LA NOVA,DOMÈSTIC,4264236,
2015,TARRAGONA,RIBERA D'EBRE,43094,MORA LA NOVA,INDUSTRIAL,,Dades subjectes a secret estadístic.
2015,TARRAGONA,RIBERA D'EBRE,43094,MORA LA NOVA,SERVEIS,403486,
2015,TARRAGONA,TARRAGONES,43095,"MORELL, EL",INDUSTRIAL,,Dades subjectes a secret estadístic.
2015,TARRAGONA,TARRAGONES,43095,"MORELL, EL",SERVEIS,529941,
2015,TARRAGONA,TARRAGONES,43095,"MORELL, EL",DOMÈSTIC,3128975,
2015,TARRAGONA,TARRAGONES,43100,"PALLARESOS, ELS",DOMÈSTIC,2397227,
2015,TARRAGONA,TARRAGONES,43100,"PALLARESOS, ELS",INDUSTRIAL,,Dades subjectes a secret estadístic.
2015,TARRAGONA,TARRAGONES,43100,"PALLARESOS, ELS",SERVEIS,2655671,
2015,TARRAGONA,ALT CAMP,43108,"PLA DE SANTA MARIA, EL",SERVEIS,447390,
2015,TARRAGONA,ALT CAMP,43108,"PLA DE SANTA MARIA, EL",INDUSTRIAL,,Dades subjectes a secret estadístic.
2015,TARRAGONA,ALT CAMP,43108,"PLA DE SANTA MARIA, EL",DOMÈSTIC,3504978,
2015,TARRAGONA,TARRAGONES,43109,"POBLA DE MAFUMET, LA",DOMÈSTIC,2787334,
2015,TARRAGONA,TARRAGONES,43109,"POBLA DE MAFUMET, LA",SERVEIS,1269414,
2015,TARRAGONA,TARRAGONES,43109,"POBLA DE MAFUMET, LA",INDUSTRIAL,7541050043,Inclou el consum del sector energètic.
2015,TARRAGONA,TARRAGONES,43111,"POBLA DE MONTORNES, LA",SERVEIS,,Dades subjectes a secret estadístic.
2015,TARRAGONA,TARRAGONES,43111,"POBLA DE MONTORNES, LA",DOMÈSTIC,2000547,
2015,TARRAGONA,ALT CAMP,43119,PUIGPELAT,INDUSTRIAL,,Dades subjectes a secret estadístic.
2015,TARRAGONA,BAIX CAMP,43123,REUS,INDUSTRIAL,144677325,
2015,TARRAGONA,BAIX CAMP,43123,REUS,SERVEIS,53365607,Inclou el consum del sector transport.
2015,TARRAGONA,BAIX CAMP,43123,REUS,DOMÈSTIC,122963177,
2015,TARRAGONA,ALT CAMP,43124,"RIBA, LA",DOMÈSTIC,1449540,
2015,TARRAGONA,ALT CAMP,43124,"RIBA, LA",SERVEIS,178073,
2015,TARRAGONA,ALT CAMP,43124,"RIBA, LA",INDUSTRIAL,224967029,
2015,TARRAGONA,BAIX CAMP,43129,RIUDOMS,DOMÈSTIC,3814524,
2015,TARRAGONA,BAIX CAMP,43129,RIUDOMS,SERVEIS,437236,
2015,TARRAGONA,TARRAGONES,43131,RODA DE BERA,INDUSTRIAL,,Dades subjectes a secret estadístic.
2015,TARRAGONA,TARRAGONES,43131,RODA DE BERA,DOMÈSTIC,7451300,
2015,TARRAGONA,TARRAGONES,43131,RODA DE BERA,SERVEIS,263046,
2015,TARRAGONA,BAIX EBRE,43133,ROQUETES,SERVEIS,1455573,
2015,TARRAGONA,BAIX EBRE,43133,ROQUETES,DOMÈSTIC,2685554,
2015,TARRAGONA,MONTSIA,43136,SANT CARLES DE LA RAPITA,DOMÈSTIC,4806496,
2015,TARRAGONA,MONTSIA,43136,SANT CARLES DE LA RAPITA,SERVEIS,2154255,
2015,TARRAGONA,MONTSIA,43136,SANT CARLES DE LA RAPITA,INDUSTRIAL,,Dades subjectes a secret estadístic.
2015,TARRAGONA,BAIX PENEDES,43140,SANTA OLIVA,SERVEIS,,Dades subjectes a secret estadístic.
2015,TARRAGONA,BAIX PENEDES,43140,SANTA OLIVA,DOMÈSTIC,300640,
2015,TARRAGONA,BAIX CAMP,43145,"SELVA DEL CAMP, LA",PRIMARI,,Dades subjectes a secret estadístic.
2015,TARRAGONA,BAIX CAMP,43145,"SELVA DEL CAMP, LA",INDUSTRIAL,57004431,
2015,TARRAGONA,BAIX CAMP,43145,"SELVA DEL CAMP, LA",DOMÈSTIC,7403220,
2015,TARRAGONA,BAIX CAMP,43145,"SELVA DEL CAMP, LA",SERVEIS,2517492,
2015,TARRAGONA,TARRAGONES,43148,TARRAGONA,DOMÈSTIC,141349966,
2015,TARRAGONA,TARRAGONES,43148,TARRAGONA,INDUSTRIAL,1114896769,Inclou el consum del sector energètic.
2015,TARRAGONA,TARRAGONES,43148,TARRAGONA,CT RO,,Dades subjectes a secret estadístic. Inclou el consum de centrals tèrmiques de l'antic règim ordinari.
2015,TARRAGONA,TARRAGONES,43148,TARRAGONA,SERVEIS,61573886,
2015,TARRAGONA,RIBERA D'EBRE,43150,TIVISSA,DOMÈSTIC,1456372,
2015,TARRAGONA,RIBERA D'EBRE,43150,TIVISSA,SERVEIS,,Dades subjectes a secret estadístic.
2015,TARRAGONA,TARRAGONES,43153,TORREDEMBARRA,SERVEIS,2332915,
2015,TARRAGONA,TARRAGONES,43153,TORREDEMBARRA,DOMÈSTIC,15011327,
2015,TARRAGONA,BAIX EBRE,43155,TORTOSA,DOMÈSTIC,20714100,
2015,TARRAGONA,BAIX EBRE,43155,TORTOSA,INDUSTRIAL,,Dades subjectes a secret estadístic.
2015,TARRAGONA,BAIX EBRE,43155,TORTOSA,SERVEIS,23698228,
2015,TARRAGONA,MONTSIA,43156,ULLDECONA,DOMÈSTIC,2971563,
2015,TARRAGONA,MONTSIA,43156,ULLDECONA,INDUSTRIAL,,Dades subjectes a secret estadístic.
2015,TARRAGONA,ALT CAMP,43160,VALLMOLL,SERVEIS,,Dades subjectes a secret estadístic.
2015,TARRAGONA,ALT CAMP,43160,VALLMOLL,DOMÈSTIC,746265,
2015,TARRAGONA,ALT CAMP,43160,VALLMOLL,INDUSTRIAL,,Dades subjectes a secret estadístic.
2015,TARRAGONA,ALT CAMP,43161,VALLS,INDUSTRIAL,82635568,
2015,TARRAGONA,ALT CAMP,43161,VALLS,SERVEIS,8464022,
2015,TARRAGONA,ALT CAMP,43161,VALLS,DOMÈSTIC,24419239,
2015,TARRAGONA,BAIX CAMP,43162,VANDELLOS I L'HOSPITALET DE L'INFANT,SERVEIS,694788,
2015,TARRAGONA,BAIX CAMP,43162,VANDELLOS I L'HOSPITALET DE L'INFANT,DOMÈSTIC,2488692,
2015,TARRAGONA,BAIX CAMP,43162,VANDELLOS I L'HOSPITALET DE L'INFANT,CT RO,,Dades subjectes a secret estadístic. Inclou el consum de centrals tèrmiques de l'antic règim ordinari.
2015,TARRAGONA,BAIX PENEDES,43163,"VENDRELL, EL",SERVEIS,21651273,
2015,TARRAGONA,BAIX PENEDES,43163,"VENDRELL, EL",DOMÈSTIC,45744436,
2015,TARRAGONA,TARRAGONES,43166,VILALLONGA DEL CAMP,DOMÈSTIC,2127694,
2015,TARRAGONA,TARRAGONES,43171,VILA-SECA,DOMÈSTIC,22551734,
2015,TARRAGONA,TARRAGONES,43171,VILA-SECA,INDUSTRIAL,966944796,
2015,TARRAGONA,TARRAGONES,43171,VILA-SECA,SERVEIS,28126488,
2015,TARRAGONA,BAIX CAMP,43178,VINYOLS I ELS ARCS,SERVEIS,,Dades subjectes a secret estadístic.
2015,TARRAGONA,BAIX CAMP,43178,VINYOLS I ELS ARCS,DOMÈSTIC,759122,
2015,TARRAGONA,BAIX EBRE,43904,"ALDEA, L'",SERVEIS,,Dades subjectes a secret estadístic.
2015,TARRAGONA,BAIX EBRE,43904,"ALDEA, L'",INDUSTRIAL,,Dades subjectes a secret estadístic.
2015,TARRAGONA,BAIX EBRE,43904,"ALDEA, L'",DOMÈSTIC,684750,
2015,TARRAGONA,TARRAGONES,43905,SALOU,DOMÈSTIC,26690007,
2015,TARRAGONA,TARRAGONES,43905,SALOU,SERVEIS,38720884,
2015,TARRAGONA,BAIX EBRE,43906,"AMPOLLA, L'",DOMÈSTIC,463433,
2015,TARRAGONA,TARRAGONES,43907,"CANONJA, LA",SERVEIS,845287,
2015,TARRAGONA,TARRAGONES,43907,"CANONJA, LA",INDUSTRIAL,,Dades subjectes a secret estadístic.
2015,TARRAGONA,TARRAGONES,43907,"CANONJA, LA",DOMÈSTIC,6882767,
2014,BARCELONA,BAIX LLOBREGAT,08001,ABRERA,DOMÈSTIC,17941377,
2014,BARCELONA,BAIX LLOBREGAT,08001,ABRERA,INDUSTRIAL,12089878,
2014,BARCELONA,BAIX LLOBREGAT,08001,ABRERA,SERVEIS,8842661,
2014,BARCELONA,MARESME,08003,ALELLA,SERVEIS,5571544,
2014,BARCELONA,MARESME,08003,ALELLA,DOMÈSTIC,29351349,
2014,BARCELONA,VALLES ORIENTAL,08005,"AMETLLA DEL VALLES, L'",SERVEIS,1832826,
2014,BARCELONA,VALLES ORIENTAL,08005,"AMETLLA DEL VALLES, L'",DOMÈSTIC,8978579,
2014,BARCELONA,MARESME,08006,ARENYS DE MAR,DOMÈSTIC,27703459,
2014,BARCELONA,MARESME,08006,ARENYS DE MAR,SERVEIS,7588264,
2014,BARCELONA,MARESME,08006,ARENYS DE MAR,INDUSTRIAL,,Dades subjectes a secret estadístic.
2014,BARCELONA,MARESME,08007,ARENYS DE MUNT,DOMÈSTIC,15086102,
2014,BARCELONA,MARESME,08007,ARENYS DE MUNT,INDUSTRIAL,,Dades subjectes a secret estadístic.
2014,BARCELONA,MARESME,08007,ARENYS DE MUNT,SERVEIS,3908968,
2014,BARCELONA,MARESME,08009,ARGENTONA,DOMÈSTIC,22545010,
2014,BARCELONA,MARESME,08009,ARGENTONA,INDUSTRIAL,20552140,
2014,BARCELONA,MARESME,08009,ARGENTONA,SERVEIS,2790159,
2014,BARCELONA,BAGES,08010,ARTES,DOMÈSTIC,8213644,
2014,BARCELONA,BAGES,08010,ARTES,INDUSTRIAL,4560207,
2014,BARCELONA,BAGES,08010,ARTES,SERVEIS,1472875,
2014,BARCELONA,BERGUEDA,08011,AVIA,SERVEIS,148297,
2014,BARCELONA,BERGUEDA,08011,AVIA,DOMÈSTIC,2811965,
2014,BARCELONA,ALT PENEDES,08013,AVINYONET DEL PENEDES,INDUSTRIAL,,Dades subjectes a secret estadístic.
2014,BARCELONA,VALLES ORIENTAL,08014,AIGUAFREDA,SERVEIS,1507704,
2014,BARCELONA,VALLES ORIENTAL,08014,AIGUAFREDA,DOMÈSTIC,6720186,
2014,BARCELONA,BARCELONES,08015,BADALONA,SERVEIS,51258702,
2014,BARCELONA,BARCELONES,08015,BADALONA,INDUSTRIAL,37879297,
2014,BARCELONA,BARCELONES,08015,BADALONA,DOMÈSTIC,249306158,
2014,BARCELONA,BERGUEDA,08016,BAGA,SERVEIS,,Dades subjectes a secret estadístic.
2014,BARCELONA,BERGUEDA,08016,BAGA,DOMÈSTIC,603584,
2014,BARCELONA,OSONA,08017,BALENYA,INDUSTRIAL,4339999,
2014,BARCELONA,OSONA,08017,BALENYA,DOMÈSTIC,7073312,
2014,BARCELONA,OSONA,08017,BALENYA,SERVEIS,2191785,
2014,BARCELONA,BAGES,08018,BALSARENY,DOMÈSTIC,7705880,
2014,BARCELONA,BAGES,08018,BALSARENY,SERVEIS,507164,
2014,BARCELONA,BAGES,08018,BALSARENY,INDUSTRIAL,,Dades subjectes a secret estadístic.
2014,BARCELONA,BARCELONES,08019,BARCELONA,DOMÈSTIC,2332439068,
2014,BARCELONA,BARCELONES,08019,BARCELONA,CT RO,,Dades subjectes a secret estadístic. Inclou el consum de centrals tèrmiques de l'antic règim ordinari.
2014,BARCELONA,BARCELONES,08019,BARCELONA,INDUSTRIAL,1376399649,
2014,BARCELONA,BARCELONES,08019,BARCELONA,SERVEIS,1412519065,Inclou el consum del sector transport.
2014,BARCELONA,BAIX LLOBREGAT,08020,BEGUES,DOMÈSTIC,634152,
2014,BARCELONA,BERGUEDA,08022,BERGA,DOMÈSTIC,32972441,
2014,BARCELONA,BERGUEDA,08022,BERGA,SERVEIS,7456585,
2014,BARCELONA,BERGUEDA,08022,BERGA,INDUSTRIAL,,Dades subjectes a secret estadístic.
2014,BARCELONA,MARESME,08029,CABRERA DE MAR,SERVEIS,8915588,
2014,BARCELONA,MARESME,08029,CABRERA DE MAR,INDUSTRIAL,27483857,
2014,BARCELONA,MARESME,08029,CABRERA DE MAR,DOMÈSTIC,10723314,
2014,BARCELONA,MARESME,08030,CABRILS,SERVEIS,2995821,
2014,BARCELONA,MARESME,08030,CABRILS,DOMÈSTIC,24252893,
2014,BARCELONA,ANOIA,08031,CALAF,SERVEIS,1874419,
2014,BARCELONA,ANOIA,08031,CALAF,DOMÈSTIC,6889639,
2014,BARCELONA,ANOIA,08031,CALAF,INDUSTRIAL,,Dades subjectes a secret estadístic.
2014,BARCELONA,MARESME,08032,CALDES D'ESTRAC,SERVEIS,2712878,
2014,BARCELONA,MARESME,08032,CALDES D'ESTRAC,DOMÈSTIC,6785955,
2014,BARCELONA,VALLES ORIENTAL,08033,CALDES DE MONTBUI,SERVEIS,8697637,
2014,BARCELONA,VALLES ORIENTAL,08033,CALDES DE MONTBUI,DOMÈSTIC,22315012,
2014,BARCELONA,VALLES ORIENTAL,08033,CALDES DE MONTBUI,INDUSTRIAL,25961294,
2014,BARCELONA,MARESME,08035,CALELLA,SERVEIS,21842664,
2014,BARCELONA,MARESME,08035,CALELLA,DOMÈSTIC,22932475,
2014,BARCELONA,ANOIA,08036,CALONGE DE SEGARRA,INDUSTRIAL,,Dades subjectes a secret estadístic.
2014,BARCELONA,BAGES,08038,CALLUS,DOMÈSTIC,3395329,
2014,BARCELONA,BAGES,08038,CALLUS,SERVEIS,454714,
2014,BARCELONA,MARESME,08040,CANET DE MAR,INDUSTRIAL,,Dades subjectes a secret estadístic.
2014,BARCELONA,MARESME,08040,CANET DE MAR,SERVEIS,4593645,
2014,BARCELONA,MARESME,08040,CANET DE MAR,DOMÈSTIC,22203883,
2014,BARCELONA,VALLES ORIENTAL,08041,CANOVELLES,DOMÈSTIC,21916236,
2014,BARCELONA,VALLES ORIENTAL,08041,CANOVELLES,SERVEIS,2884311,
2014,BARCELONA,VALLES ORIENTAL,08041,CANOVELLES,INDUSTRIAL,20088148,
2014,BARCELONA,ANOIA,08044,CAPELLADES,INDUSTRIAL,,Dades subjectes a secret estadístic.
2014,BARCELONA,ANOIA,08044,CAPELLADES,SERVEIS,1183156,
2014,BARCELONA,ANOIA,08044,CAPELLADES,DOMÈSTIC,11886575,
2014,BARCELONA,VALLES ORIENTAL,08046,CARDEDEU,DOMÈSTIC,31897145,
2014,BARCELONA,VALLES ORIENTAL,08046,CARDEDEU,INDUSTRIAL,8238437,
2014,BARCELONA,VALLES ORIENTAL,08046,CARDEDEU,SERVEIS,4445356,
2014,BARCELONA,BERGUEDA,08049,CASSERRES,INDUSTRIAL,,Dades subjectes a secret estadístic.
2014,BARCELONA,VALLES OCCIDENTAL,08051,CASTELLAR DEL VALLES,INDUSTRIAL,,Dades subjectes a secret estadístic.
2014,BARCELONA,VALLES OCCIDENTAL,08051,CASTELLAR DEL VALLES,SERVEIS,7536145,
2014,BARCELONA,VALLES OCCIDENTAL,08051,CASTELLAR DEL VALLES,DOMÈSTIC,48948800,
2014,BARCELONA,BAGES,08053,CASTELLBELL I EL VILAR,DOMÈSTIC,4603689,
2014,BARCELONA,BAGES,08053,CASTELLBELL I EL VILAR,SERVEIS,510838,
2014,BARCELONA,VALLES OCCIDENTAL,08054,CASTELLBISBAL,DOMÈSTIC,18073714,
2014,BARCELONA,VALLES OCCIDENTAL,08054,CASTELLBISBAL,INDUSTRIAL,2130093502,
2014,BARCELONA,VALLES OCCIDENTAL,08054,CASTELLBISBAL,SERVEIS,6531963,
2014,BARCELONA,BAIX LLOBREGAT,08056,CASTELLDEFELS,SERVEIS,28965345,
2014,BARCELONA,BAIX LLOBREGAT,08056,CASTELLDEFELS,DOMÈSTIC,96640947,
2014,BARCELONA,ALT PENEDES,08058,CASTELLET I LA GORNAL,INDUSTRIAL,,Dades subjectes a secret estadístic.
2014,BARCELONA,ALT PENEDES,08058,CASTELLET I LA GORNAL,SERVEIS,,Dades subjectes a secret estadístic.
2014,BARCELONA,ALT PENEDES,08058,CASTELLET I LA GORNAL,DOMÈSTIC,1199204,
2014,BARCELONA,BAGES,08061,CASTELLGALI,INDUSTRIAL,,Dades subjectes a secret estadístic.
2014,BARCELONA,BAGES,08061,CASTELLGALI,SERVEIS,385356,
2014,BARCELONA,BAGES,08061,CASTELLGALI,DOMÈSTIC,1601078,
2014,BARCELONA,VALLES ORIENTAL,08064,CASTELLTERÇOL,DOMÈSTIC,2852555,
2014,BARCELONA,VALLES ORIENTAL,08064,CASTELLTERÇOL,SERVEIS,473685,
2014,BARCELONA,OSONA,08067,CENTELLES,INDUSTRIAL,22940628,
2014,BARCELONA,OSONA,08067,CENTELLES,SERVEIS,3216079,
2014,BARCELONA,OSONA,08067,CENTELLES,DOMÈSTIC,15379632,
2014,BARCELONA,BAIX LLOBREGAT,08068,CERVELLO,DOMÈSTIC,13567418,
2014,BARCELONA,BAIX LLOBREGAT,08068,CERVELLO,INDUSTRIAL,,Dades subjectes a secret estadístic.
2014,BARCELONA,BAIX LLOBREGAT,08068,CERVELLO,SERVEIS,2632413,
2014,BARCELONA,BAIX LLOBREGAT,08072,CORBERA DE LLOBREGAT,SERVEIS,1072283,
2014,BARCELONA,BAIX LLOBREGAT,08072,CORBERA DE LLOBREGAT,INDUSTRIAL,,Dades subjectes a secret estadístic.
2014,BARCELONA,BAIX LLOBREGAT,08072,CORBERA DE LLOBREGAT,DOMÈSTIC,8863890,
2014,BARCELONA,BAIX LLOBREGAT,08073,CORNELLA DE LLOBREGAT,SERVEIS,46357913,
2014,BARCELONA,BAIX LLOBREGAT,08073,CORNELLA DE LLOBREGAT,INDUSTRIAL,56263278,
2014,BARCELONA,BAIX LLOBREGAT,08073,CORNELLA DE LLOBREGAT,DOMÈSTIC,89633323,
2014,BARCELONA,GARRAF,08074,CUBELLES,SERVEIS,1367426,
2014,BARCELONA,GARRAF,08074,CUBELLES,DOMÈSTIC,20292266,
2014,BARCELONA,MARESME,08075,DOSRIUS,SERVEIS,625210,
2014,BARCELONA,MARESME,08075,DOSRIUS,INDUSTRIAL,38720469,
2014,BARCELONA,MARESME,08075,DOSRIUS,DOMÈSTIC,2602018,
2014,BARCELONA,BAIX LLOBREGAT,08076,ESPARREGUERA,DOMÈSTIC,35048381,
2014,BARCELONA,BAIX LLOBREGAT,08076,ESPARREGUERA,SERVEIS,4135857,
2014,BARCELONA,BAIX LLOBREGAT,08076,ESPARREGUERA,INDUSTRIAL,25494808,
2014,BARCELONA,BAIX LLOBREGAT,08077,ESPLUGUES DE LLOBREGAT,DOMÈSTIC,55252530,
2014,BARCELONA,BAIX LLOBREGAT,08077,ESPLUGUES DE LLOBREGAT,INDUSTRIAL,,Dades subjectes a secret estadístic.
2014,BARCELONA,BAIX LLOBREGAT,08077,ESPLUGUES DE LLOBREGAT,SERVEIS,29026962,
2014,BARCELONA,SELVA,08082,FOGARS DE LA SELVA,SERVEIS,,Dades subjectes a secret estadístic.
2014,BARCELONA,SELVA,08082,FOGARS DE LA SELVA,INDUSTRIAL,,Dades subjectes a secret estadístic.
2014,BARCELONA,VALLES ORIENTAL,08086,"FRANQUESES DEL VALLES, LES",DOMÈSTIC,31925748,
2014,BARCELONA,VALLES ORIENTAL,08086,"FRANQUESES DEL VALLES, LES",INDUSTRIAL,165021029,
2014,BARCELONA,VALLES ORIENTAL,08086,"FRANQUESES DEL VALLES, LES",SERVEIS,5270049,
2014,BARCELONA,VALLES ORIENTAL,08088,"GARRIGA, LA",DOMÈSTIC,32462598,
2014,BARCELONA,VALLES ORIENTAL,08088,"GARRIGA, LA",SERVEIS,6855866,
2014,BARCELONA,VALLES ORIENTAL,08088,"GARRIGA, LA",INDUSTRIAL,2867374,
2014,BARCELONA,BAIX LLOBREGAT,08089,GAVA,DOMÈSTIC,62033478,
2014,BARCELONA,BAIX LLOBREGAT,08089,GAVA,INDUSTRIAL,,Dades subjectes a secret estadístic.
2014,BARCELONA,BAIX LLOBREGAT,08089,GAVA,SERVEIS,15153130,
2014,BARCELONA,ALT PENEDES,08091,GELIDA,SERVEIS,616752,
2014,BARCELONA,ALT PENEDES,08091,GELIDA,INDUSTRIAL,,Dades subjectes a secret estadístic.
2014,BARCELONA,ALT PENEDES,08091,GELIDA,DOMÈSTIC,5750671,
2014,BARCELONA,BERGUEDA,08092,GIRONELLA,SERVEIS,735888,
2014,BARCELONA,BERGUEDA,08092,GIRONELLA,DOMÈSTIC,9850672,
2014,BARCELONA,ALT PENEDES,08094,"GRANADA, LA",SERVEIS,,Dades subjectes a secret estadístic.
2014,BARCELONA,ALT PENEDES,08094,"GRANADA, LA",DOMÈSTIC,2406648,
2014,BARCELONA,VALLES ORIENTAL,08096,GRANOLLERS,INDUSTRIAL,212596891,
2014,BARCELONA,VALLES ORIENTAL,08096,GRANOLLERS,SERVEIS,82444733,
2014,BARCELONA,VALLES ORIENTAL,08096,GRANOLLERS,DOMÈSTIC,106553094,
2014,BARCELONA,VALLES ORIENTAL,08097,GUALBA,INDUSTRIAL,,Dades subjectes a secret estadístic.
2014,BARCELONA,BAGES,08098,SANT SALVADOR DE GUARDIOLA,INDUSTRIAL,,Dades subjectes a secret estadístic.
2014,BARCELONA,BAGES,08098,SANT SALVADOR DE GUARDIOLA,DOMÈSTIC,2740981,
2014,BARCELONA,OSONA,08100,GURB,INDUSTRIAL,83984881,
2014,BARCELONA,OSONA,08100,GURB,SERVEIS,675971,
2014,BARCELONA,OSONA,08100,GURB,DOMÈSTIC,4499505,
2014,BARCELONA,BARCELONES,08101,"HOSPITALET DE LLOBREGAT, L'",DOMÈSTIC,223613430,
2014,BARCELONA,BARCELONES,08101,"HOSPITALET DE LLOBREGAT, L'",INDUSTRIAL,16887602,
2014,BARCELONA,BARCELONES,08101,"HOSPITALET DE LLOBREGAT, L'",SERVEIS,112659439,Inclou el consum del sector transport.
2014,BARCELONA,ANOIA,08102,IGUALADA,SERVEIS,27259871,Inclou el consum del sector transport.
2014,BARCELONA,ANOIA,08102,IGUALADA,INDUSTRIAL,39809921,
2014,BARCELONA,ANOIA,08102,IGUALADA,DOMÈSTIC,77121856,
2014,BARCELONA,VALLES ORIENTAL,08105,"LLAGOSTA, LA",SERVEIS,2835598,
2014,BARCELONA,VALLES ORIENTAL,08105,"LLAGOSTA, LA",INDUSTRIAL,28283137,
2014,BARCELONA,VALLES ORIENTAL,08105,"LLAGOSTA, LA",DOMÈSTIC,17151211,
2014,BARCELONA,VALLES ORIENTAL,08106,LLINARS DEL VALLES,INDUSTRIAL,24267037,
2014,BARCELONA,VALLES ORIENTAL,08106,LLINARS DEL VALLES,DOMÈSTIC,15312075,
2014,BARCELONA,VALLES ORIENTAL,08106,LLINARS DEL VALLES,SERVEIS,2237689,
2014,BARCELONA,VALLES ORIENTAL,08107,LLIÇA D'AMUNT,DOMÈSTIC,9893612,
2014,BARCELONA,VALLES ORIENTAL,08107,LLIÇA D'AMUNT,SERVEIS,195421,
2014,BARCELONA,VALLES ORIENTAL,08107,LLIÇA D'AMUNT,INDUSTRIAL,,Dades subjectes a secret estadístic.
2014,BARCELONA,VALLES ORIENTAL,08108,LLIÇA DE VALL,INDUSTRIAL,25613382,
2014,BARCELONA,VALLES ORIENTAL,08108,LLIÇA DE VALL,DOMÈSTIC,7067918,
2014,BARCELONA,VALLES ORIENTAL,08108,LLIÇA DE VALL,SERVEIS,661655,
2014,BARCELONA,MARESME,08110,MALGRAT DE MAR,DOMÈSTIC,31516714,
2014,BARCELONA,MARESME,08110,MALGRAT DE MAR,INDUSTRIAL,64163983,
2014,BARCELONA,MARESME,08110,MALGRAT DE MAR,SERVEIS,10455508,
2014,BARCELONA,OSONA,08112,MANLLEU,DOMÈSTIC,28914883,
2014,BARCELONA,OSONA,08112,MANLLEU,INDUSTRIAL,28591606,
2014,BARCELONA,OSONA,08112,MANLLEU,SERVEIS,5994539,
2014,BARCELONA,BAGES,08113,MANRESA,INDUSTRIAL,43609357,
2014,BARCELONA,BAGES,08113,MANRESA,SERVEIS,51565615,
2014,BARCELONA,BAGES,08113,MANRESA,DOMÈSTIC,173746976,
2014,BARCELONA,BAIX LLOBREGAT,08114,MARTORELL,INDUSTRIAL,1666279619,
2014,BARCELONA,BAIX LLOBREGAT,08114,MARTORELL,SERVEIS,14127646,
2014,BARCELONA,BAIX LLOBREGAT,08114,MARTORELL,DOMÈSTIC,44944749,
2014,BARCELONA,VALLES ORIENTAL,08115,MARTORELLES,INDUSTRIAL,75345306,
2014,BARCELONA,VALLES ORIENTAL,08115,MARTORELLES,SERVEIS,554135,
2014,BARCELONA,VALLES ORIENTAL,08115,MARTORELLES,DOMÈSTIC,7820653,
2014,BARCELONA,OSONA,08116,"MASIES DE RODA, LES",DOMÈSTIC,99067,
2014,BARCELONA,OSONA,08117,"MASIES DE VOLTREGA, LES",INDUSTRIAL,,Dades subjectes a secret estadístic.
2014,BARCELONA,OSONA,08117,"MASIES DE VOLTREGA, LES",SERVEIS,830069,
2014,BARCELONA,OSONA,08117,"MASIES DE VOLTREGA, LES",DOMÈSTIC,4406225,
2014,BARCELONA,MARESME,08118,"MASNOU, EL",INDUSTRIAL,73806499,
2014,BARCELONA,MARESME,08118,"MASNOU, EL",PRIMARI,,Dades subjectes a secret estadístic.
2014,BARCELONA,MARESME,08118,"MASNOU, EL",SERVEIS,7577498,
2014,BARCELONA,MARESME,08118,"MASNOU, EL",DOMÈSTIC,44713791,
2014,BARCELONA,ANOIA,08119,MASQUEFA,SERVEIS,1299379,
2014,BARCELONA,ANOIA,08119,MASQUEFA,DOMÈSTIC,6073379,
2014,BARCELONA,VALLES OCCIDENTAL,08120,MATADEPERA,SERVEIS,13505545,
2014,BARCELONA,VALLES OCCIDENTAL,08120,MATADEPERA,DOMÈSTIC,31180182,
2014,BARCELONA,MARESME,08121,MATARO,INDUSTRIAL,70005531,
2014,BARCELONA,MARESME,08121,MATARO,PRIMARI,,Dades subjectes a secret estadístic.
2014,BARCELONA,MARESME,08121,MATARO,DOMÈSTIC,146076932,
2014,BARCELONA,MARESME,08121,MATARO,SERVEIS,43394681,
2014,BARCELONA,ALT PENEDES,08122,MEDIONA,INDUSTRIAL,,Dades subjectes a secret estadístic.
2014,BARCELONA,ALT PENEDES,08122,MEDIONA,DOMÈSTIC,3177767,
2014,BARCELONA,ALT PENEDES,08122,MEDIONA,SERVEIS,,Dades subjectes a secret estadístic.
2014,BARCELONA,BAIX LLOBREGAT,08123,MOLINS DE REI,INDUSTRIAL,6423070,
2014,BARCELONA,BAIX LLOBREGAT,08123,MOLINS DE REI,SERVEIS,7837456,
2014,BARCELONA,BAIX LLOBREGAT,08123,MOLINS DE REI,DOMÈSTIC,36857487,
2014,BARCELONA,VALLES ORIENTAL,08124,MOLLET DEL VALLES,DOMÈSTIC,78847036,
2014,BARCELONA,VALLES ORIENTAL,08124,MOLLET DEL VALLES,INDUSTRIAL,258095084,
2014,BARCELONA,VALLES ORIENTAL,08124,MOLLET DEL VALLES,SERVEIS,15812688,
2014,BARCELONA,VALLES OCCIDENTAL,08125,MONTCADA I REIXAC,SERVEIS,9122718,
2014,BARCELONA,VALLES OCCIDENTAL,08125,MONTCADA I REIXAC,INDUSTRIAL,71888446,
2014,BARCELONA,VALLES OCCIDENTAL,08125,MONTCADA I REIXAC,DOMÈSTIC,57325341,
2014,BARCELONA,MARESME,08126,MONTGAT,DOMÈSTIC,17716576,
2014,BARCELONA,MARESME,08126,MONTGAT,INDUSTRIAL,,Dades subjectes a secret estadístic.
2014,BARCELONA,MARESME,08126,MONTGAT,SERVEIS,3162596,
2014,BARCELONA,BAGES,08127,MONISTROL DE MONTSERRAT,INDUSTRIAL,,Dades subjectes a secret estadístic.
2014,BARCELONA,OSONA,08131,MONTESQUIU,DOMÈSTIC,2173517,
2014,BARCELONA,OSONA,08131,MONTESQUIU,SERVEIS,760324,
2014,BARCELONA,VALLES ORIENTAL,08134,FIGARO-MONTMANY,SERVEIS,601293,
2014,BARCELONA,VALLES ORIENTAL,08134,FIGARO-MONTMANY,DOMÈSTIC,2877355,
2014,BARCELONA,VALLES ORIENTAL,08135,MONTMELO,DOMÈSTIC,16780732,
2014,BARCELONA,VALLES ORIENTAL,08135,MONTMELO,INDUSTRIAL,197428600,Inclou el consum del sector energètic.
2014,BARCELONA,VALLES ORIENTAL,08135,MONTMELO,SERVEIS,2005595,
2014,BARCELONA,VALLES ORIENTAL,08136,MONTORNES DEL VALLES,SERVEIS,42056955,
2014,BARCELONA,VALLES ORIENTAL,08136,MONTORNES DEL VALLES,INDUSTRIAL,88574420,
2014,BARCELONA,VALLES ORIENTAL,08136,MONTORNES DEL VALLES,DOMÈSTIC,27269758,
2014,BARCELONA,BAGES,08138,MOIA,SERVEIS,343051,
2014,BARCELONA,BAGES,08138,MOIA,INDUSTRIAL,,Dades subjectes a secret estadístic.
2014,BARCELONA,BAGES,08138,MOIA,DOMÈSTIC,3151152,
2014,BARCELONA,BAGES,08140,NAVARCLES,SERVEIS,1464217,
2014,BARCELONA,BAGES,08140,NAVARCLES,DOMÈSTIC,12044563,
2014,BARCELONA,BAGES,08141,NAVAS,DOMÈSTIC,13428479,
2014,BARCELONA,BAGES,08141,NAVAS,SERVEIS,2078299,
2014,BARCELONA,BAGES,08141,NAVAS,INDUSTRIAL,,Dades subjectes a secret estadístic.
2014,BARCELONA,ANOIA,08143,ODENA,INDUSTRIAL,,Dades subjectes a secret estadístic.
2014,BARCELONA,ANOIA,08143,ODENA,SERVEIS,,Dades subjectes a secret estadístic.
2014,BARCELONA,ANOIA,08143,ODENA,DOMÈSTIC,4248373,
2014,BARCELONA,ALT PENEDES,08145,OLERDOLA,INDUSTRIAL,22575053,
2014,BARCELONA,ALT PENEDES,08145,OLERDOLA,SERVEIS,5389812,
2014,BARCELONA,ALT PENEDES,08145,OLERDOLA,DOMÈSTIC,3600900,
2014,BARCELONA,BAIX LLOBREGAT,08147,OLESA DE MONTSERRAT,INDUSTRIAL,281500779,
2014,BARCELONA,BAIX LLOBREGAT,08147,OLESA DE MONTSERRAT,SERVEIS,4711140,
2014,BARCELONA,BAIX LLOBREGAT,08147,OLESA DE MONTSERRAT,DOMÈSTIC,41059928,
2014,BARCELONA,ALT PENEDES,08154,PACS DEL PENEDES,INDUSTRIAL,,Dades subjectes a secret estadístic.
2014,BARCELONA,MARESME,08155,PALAFOLLS,INDUSTRIAL,107448462,
2014,BARCELONA,MARESME,08155,PALAFOLLS,PRIMARI,2734970,
2014,BARCELONA,MARESME,08155,PALAFOLLS,SERVEIS,20723171,
2014,BARCELONA,MARESME,08155,PALAFOLLS,DOMÈSTIC,12595129,
2014,BARCELONA,VALLES OCCIDENTAL,08156,PALAU-SOLITA I PLEGAMANS,INDUSTRIAL,46122483,
2014,BARCELONA,VALLES OCCIDENTAL,08156,PALAU-SOLITA I PLEGAMANS,SERVEIS,6597835,
2014,BARCELONA,VALLES OCCIDENTAL,08156,PALAU-SOLITA I PLEGAMANS,DOMÈSTIC,25990824,
2014,BARCELONA,BAIX LLOBREGAT,08157,PALLEJA,SERVEIS,3591996,
2014,BARCELONA,BAIX LLOBREGAT,08157,PALLEJA,DOMÈSTIC,20535907,
2014,BARCELONA,BAIX LLOBREGAT,08158,"PAPIOL, EL",SERVEIS,3028109,
2014,BARCELONA,BAIX LLOBREGAT,08158,"PAPIOL, EL",DOMÈSTIC,8444221,
2014,BARCELONA,VALLES ORIENTAL,08159,PARETS DEL VALLES,INDUSTRIAL,224788577,
2014,BARCELONA,VALLES ORIENTAL,08159,PARETS DEL VALLES,SERVEIS,20056592,
2014,BARCELONA,VALLES ORIENTAL,08159,PARETS DEL VALLES,DOMÈSTIC,35639520,
2014,BARCELONA,ANOIA,08161,PIERA,INDUSTRIAL,,Dades subjectes a secret estadístic.
2014,BARCELONA,ANOIA,08161,PIERA,SERVEIS,2413649,
2014,BARCELONA,ANOIA,08161,PIERA,DOMÈSTIC,10730515,
2014,BARCELONA,ANOIA,08162,"HOSTALETS DE PIEROLA, ELS",SERVEIS,73259,
2014,BARCELONA,ANOIA,08162,"HOSTALETS DE PIEROLA, ELS",DOMÈSTIC,1913789,
2014,BARCELONA,MARESME,08163,PINEDA DE MAR,INDUSTRIAL,28237453,
2014,BARCELONA,MARESME,08163,PINEDA DE MAR,SERVEIS,8377180,
2014,BARCELONA,MARESME,08163,PINEDA DE MAR,DOMÈSTIC,32925117,
2014,BARCELONA,ANOIA,08165,"POBLA DE CLARAMUNT, LA",SERVEIS,,Dades subjectes a secret estadístic.
2014,BARCELONA,ANOIA,08165,"POBLA DE CLARAMUNT, LA",INDUSTRIAL,894646982,
2014,BARCELONA,ANOIA,08165,"POBLA DE CLARAMUNT, LA",DOMÈSTIC,2706217,
2014,BARCELONA,VALLES OCCIDENTAL,08167,POLINYA,INDUSTRIAL,28448732,
2014,BARCELONA,VALLES OCCIDENTAL,08167,POLINYA,SERVEIS,5311590,
2014,BARCELONA,VALLES OCCIDENTAL,08167,POLINYA,DOMÈSTIC,14223087,
2014,BARCELONA,BAIX LLOBREGAT,08169,"PRAT DE LLOBREGAT, EL",INDUSTRIAL,501338278,
2014,BARCELONA,BAIX LLOBREGAT,08169,"PRAT DE LLOBREGAT, EL",SERVEIS,126049614,Inclou el consum del sector transport.
2014,BARCELONA,BAIX LLOBREGAT,08169,"PRAT DE LLOBREGAT, EL",DOMÈSTIC,67837517,
2014,BARCELONA,MARESME,08172,PREMIA DE MAR,INDUSTRIAL,,Dades subjectes a secret estadístic.
2014,BARCELONA,MARESME,08172,PREMIA DE MAR,SERVEIS,5586868,
2014,BARCELONA,MARESME,08172,PREMIA DE MAR,DOMÈSTIC,44564444,
2014,BARCELONA,BERGUEDA,08175,PUIG-REIG,INDUSTRIAL,,Dades subjectes a secret estadístic.
2014,BARCELONA,BERGUEDA,08175,PUIG-REIG,SERVEIS,2473944,
2014,BARCELONA,BERGUEDA,08175,PUIG-REIG,DOMÈSTIC,10891263,
2014,BARCELONA,VALLES OCCIDENTAL,08180,RIPOLLET,INDUSTRIAL,13307656,
2014,BARCELONA,VALLES OCCIDENTAL,08180,RIPOLLET,SERVEIS,9670284,
2014,BARCELONA,VALLES OCCIDENTAL,08180,RIPOLLET,DOMÈSTIC,50543976,
2014,BARCELONA,VALLES ORIENTAL,08181,"ROCA DEL VALLES, LA",INDUSTRIAL,,Dades subjectes a secret estadístic.
2014,BARCELONA,VALLES ORIENTAL,08181,"ROCA DEL VALLES, LA",SERVEIS,14660434,
2014,BARCELONA,VALLES ORIENTAL,08181,"ROCA DEL VALLES, LA",DOMÈSTIC,20278847,
2014,BARCELONA,BAGES,08182,"PONT DE VILOMARA I ROCAFORT, EL",INDUSTRIAL,,Dades subjectes a secret estadístic.
2014,BARCELONA,BAGES,08182,"PONT DE VILOMARA I ROCAFORT, EL",DOMÈSTIC,8017483,
2014,BARCELONA,BAGES,08182,"PONT DE VILOMARA I ROCAFORT, EL",SERVEIS,329175,
2014,BARCELONA,OSONA,08183,RODA DE TER,SERVEIS,1378000,
2014,BARCELONA,OSONA,08183,RODA DE TER,DOMÈSTIC,9917691,
2014,BARCELONA,VALLES OCCIDENTAL,08184,RUBI,INDUSTRIAL,155348914,
2014,BARCELONA,VALLES OCCIDENTAL,08184,RUBI,SERVEIS,17871573,
2014,BARCELONA,VALLES OCCIDENTAL,08184,RUBI,DOMÈSTIC,103294491,
2014,BARCELONA,VALLES OCCIDENTAL,08187,SABADELL,INDUSTRIAL,77083368,
2014,BARCELONA,VALLES OCCIDENTAL,08187,SABADELL,SERVEIS,104969629,
2014,BARCELONA,VALLES OCCIDENTAL,08187,SABADELL,DOMÈSTIC,383673733,
2014,BARCELONA,BAGES,08191,SALLENT,INDUSTRIAL,,Dades subjectes a secret estadístic.
2014,BARCELONA,BAGES,08191,SALLENT,SERVEIS,6465715,
2014,BARCELONA,BAGES,08191,SALLENT,DOMÈSTIC,16583950,
2014,BARCELONA,BAGES,08192,SANTPEDOR,DOMÈSTIC,21176265,
2014,BARCELONA,BAGES,08192,SANTPEDOR,SERVEIS,7178968,
2014,BARCELONA,BAGES,08192,SANTPEDOR,INDUSTRIAL,18650886,
2014,BARCELONA,BARCELONES,08194,SANT ADRIA DE BESOS,SERVEIS,29327684,
2014,BARCELONA,BARCELONES,08194,SANT ADRIA DE BESOS,INDUSTRIAL,,Dades subjectes a secret estadístic.
2014,BARCELONA,BARCELONES,08194,SANT ADRIA DE BESOS,CT RO,,Dades subjectes a secret estadístic. Inclou el consum de centrals tèrmiques de l'antic règim ordinari.
2014,BARCELONA,BARCELONES,08194,SANT ADRIA DE BESOS,DOMÈSTIC,36044261,
2014,BARCELONA,BAIX LLOBREGAT,08196,SANT ANDREU DE LA BARCA,DOMÈSTIC,41772976,
2014,BARCELONA,BAIX LLOBREGAT,08196,SANT ANDREU DE LA BARCA,SERVEIS,9179244,
2014,BARCELONA,BAIX LLOBREGAT,08196,SANT ANDREU DE LA BARCA,INDUSTRIAL,35791132,
2014,BARCELONA,MARESME,08197,SANT ANDREU DE LLAVANERES,SERVEIS,4334841,
2014,BARCELONA,MARESME,08197,SANT ANDREU DE LLAVANERES,PRIMARI,2271892,
2014,BARCELONA,MARESME,08197,SANT ANDREU DE LLAVANERES,DOMÈSTIC,29322631,
2014,BARCELONA,VALLES ORIENTAL,08198,SANT ANTONI DE VILAMAJOR,INDUSTRIAL,,Dades subjectes a secret estadístic.
2014,BARCELONA,VALLES ORIENTAL,08198,SANT ANTONI DE VILAMAJOR,SERVEIS,865448,
2014,BARCELONA,VALLES ORIENTAL,08198,SANT ANTONI DE VILAMAJOR,DOMÈSTIC,5406974,
2014,BARCELONA,BAIX LLOBREGAT,08200,SANT BOI DE LLOBREGAT,SERVEIS,44500132,
2014,BARCELONA,BAIX LLOBREGAT,08200,SANT BOI DE LLOBREGAT,DOMÈSTIC,98914805,
2014,BARCELONA,BAIX LLOBREGAT,08200,SANT BOI DE LLOBREGAT,INDUSTRIAL,49727578,
2014,BARCELONA,VALLES ORIENTAL,08202,SANT CELONI,SERVEIS,6443753,
2014,BARCELONA,VALLES ORIENTAL,08202,SANT CELONI,INDUSTRIAL,198962097,
2014,BARCELONA,VALLES ORIENTAL,08202,SANT CELONI,DOMÈSTIC,32758392,
2014,BARCELONA,MARESME,08203,SANT CEBRIA DE VALLALTA,INDUSTRIAL,,Dades subjectes a secret estadístic.
2014,BARCELONA,MARESME,08203,SANT CEBRIA DE VALLALTA,DOMÈSTIC,3304562,
2014,BARCELONA,MARESME,08203,SANT CEBRIA DE VALLALTA,SERVEIS,,Dades subjectes a secret estadístic.
2014,BARCELONA,VALLES OCCIDENTAL,08205,SANT CUGAT DEL VALLES,INDUSTRIAL,62210476,
2014,BARCELONA,VALLES OCCIDENTAL,08205,SANT CUGAT DEL VALLES,DOMÈSTIC,224327860,
2014,BARCELONA,VALLES OCCIDENTAL,08205,SANT CUGAT DEL VALLES,SERVEIS,151174995,
2014,BARCELONA,ALT PENEDES,08206,SANT CUGAT SESGARRIGUES,DOMÈSTIC,1636871,
2014,BARCELONA,ALT PENEDES,08206,SANT CUGAT SESGARRIGUES,SERVEIS,,Dades subjectes a secret estadístic.
2014,BARCELONA,VALLES ORIENTAL,08207,SANT ESTEVE DE PALAUTORDERA,SERVEIS,,Dades subjectes a secret estadístic.
2014,BARCELONA,VALLES ORIENTAL,08207,SANT ESTEVE DE PALAUTORDERA,DOMÈSTIC,4851056,
2014,BARCELONA,BAIX LLOBREGAT,08208,SANT ESTEVE SESROVIRES,INDUSTRIAL,27963292,
2014,BARCELONA,BAIX LLOBREGAT,08208,SANT ESTEVE SESROVIRES,SERVEIS,27082467,
2014,BARCELONA,BAIX LLOBREGAT,08208,SANT ESTEVE SESROVIRES,DOMÈSTIC,14087858,
2014,BARCELONA,VALLES ORIENTAL,08209,SANT FOST DE CAMPSENTELLES,SERVEIS,5476910,
2014,BARCELONA,VALLES ORIENTAL,08209,SANT FOST DE CAMPSENTELLES,DOMÈSTIC,11641589,
2014,BARCELONA,VALLES ORIENTAL,08209,SANT FOST DE CAMPSENTELLES,INDUSTRIAL,8358019,
2014,BARCELONA,VALLES ORIENTAL,08210,SANT FELIU DE CODINES,DOMÈSTIC,4406130,
2014,BARCELONA,VALLES ORIENTAL,08210,SANT FELIU DE CODINES,SERVEIS,,Dades subjectes a secret estadístic.
2014,BARCELONA,BAIX LLOBREGAT,08211,SANT FELIU DE LLOBREGAT,DOMÈSTIC,57914842,
2014,BARCELONA,BAIX LLOBREGAT,08211,SANT FELIU DE LLOBREGAT,INDUSTRIAL,18317189,
2014,BARCELONA,BAIX LLOBREGAT,08211,SANT FELIU DE LLOBREGAT,SERVEIS,18682520,
2014,BARCELONA,BAGES,08213,SANT FRUITOS DE BAGES,SERVEIS,7252559,
2014,BARCELONA,BAGES,08213,SANT FRUITOS DE BAGES,DOMÈSTIC,19840614,
2014,BARCELONA,BAGES,08213,SANT FRUITOS DE BAGES,INDUSTRIAL,15025714,
2014,BARCELONA,MARESME,08214,VILASSAR DE DALT,DOMÈSTIC,20869399,
2014,BARCELONA,MARESME,08214,VILASSAR DE DALT,INDUSTRIAL,,Dades subjectes a secret estadístic.
2014,BARCELONA,MARESME,08214,VILASSAR DE DALT,SERVEIS,3062686,
2014,BARCELONA,OSONA,08215,SANT HIPOLIT DE VOLTREGA,SERVEIS,795532,
2014,BARCELONA,OSONA,08215,SANT HIPOLIT DE VOLTREGA,DOMÈSTIC,6385789,
2014,BARCELONA,BAIX LLOBREGAT,08217,SANT JOAN DESPI,INDUSTRIAL,9800604,
2014,BARCELONA,BAIX LLOBREGAT,08217,SANT JOAN DESPI,SERVEIS,18030328,
2014,BARCELONA,BAIX LLOBREGAT,08217,SANT JOAN DESPI,DOMÈSTIC,43453143,
2014,BARCELONA,BAGES,08218,SANT JOAN DE VILATORRADA,DOMÈSTIC,29278553,
2014,BARCELONA,BAGES,08218,SANT JOAN DE VILATORRADA,INDUSTRIAL,,Dades subjectes a secret estadístic.
2014,BARCELONA,BAGES,08218,SANT JOAN DE VILATORRADA,SERVEIS,2758699,
2014,BARCELONA,MARESME,08219,VILASSAR DE MAR,INDUSTRIAL,,Dades subjectes a secret estadístic.
2014,BARCELONA,MARESME,08219,VILASSAR DE MAR,DOMÈSTIC,39097950,
2014,BARCELONA,MARESME,08219,VILASSAR DE MAR,SERVEIS,5524095,
2014,BARCELONA,MARESME,08219,VILASSAR DE MAR,PRIMARI,3152054,
2014,BARCELONA,BAIX LLOBREGAT,08221,SANT JUST DESVERN,INDUSTRIAL,10394359,
2014,BARCELONA,BAIX LLOBREGAT,08221,SANT JUST DESVERN,SERVEIS,12898170,
2014,BARCELONA,BAIX LLOBREGAT,08221,SANT JUST DESVERN,DOMÈSTIC,41742583,
2014,BARCELONA,ALT PENEDES,08222,SANT LLORENÇ D'HORTONS,DOMÈSTIC,9838,
2014,BARCELONA,OSONA,08224,SANT MARTI DE CENTELLES,SERVEIS,69145,
2014,BARCELONA,OSONA,08224,SANT MARTI DE CENTELLES,DOMÈSTIC,1860981,
2014,BARCELONA,ANOIA,08228,SANT MARTI SESGUEIOLES,DOMÈSTIC,556932,
2014,BARCELONA,MARESME,08230,PREMIA DE DALT,INDUSTRIAL,,Dades subjectes a secret estadístic.
2014,BARCELONA,MARESME,08230,PREMIA DE DALT,PRIMARI,4146113,
2014,BARCELONA,MARESME,08230,PREMIA DE DALT,SERVEIS,2971060,
2014,BARCELONA,MARESME,08230,PREMIA DE DALT,DOMÈSTIC,24187693,
2014,BARCELONA,GARRAF,08231,SANT PERE DE RIBES,DOMÈSTIC,51097415,
2014,BARCELONA,GARRAF,08231,SANT PERE DE RIBES,SERVEIS,16051394,
2014,BARCELONA,ALT PENEDES,08232,SANT PERE DE RIUDEBITLLES,INDUSTRIAL,39535798,
2014,BARCELONA,ALT PENEDES,08232,SANT PERE DE RIUDEBITLLES,SERVEIS,,Dades subjectes a secret estadístic.
2014,BARCELONA,ALT PENEDES,08232,SANT PERE DE RIUDEBITLLES,DOMÈSTIC,4323739,
2014,BARCELONA,VALLES ORIENTAL,08234,SANT PERE DE VILAMAJOR,INDUSTRIAL,10344512,
2014,BARCELONA,VALLES ORIENTAL,08234,SANT PERE DE VILAMAJOR,SERVEIS,,Dades subjectes a secret estadístic.
2014,BARCELONA,VALLES ORIENTAL,08234,SANT PERE DE VILAMAJOR,DOMÈSTIC,1454579,
2014,BARCELONA,MARESME,08235,SANT POL DE MAR,SERVEIS,831536,
2014,BARCELONA,MARESME,08235,SANT POL DE MAR,DOMÈSTIC,9575881,
2014,BARCELONA,ALT PENEDES,08236,SANT QUINTI DE MEDIONA,INDUSTRIAL,,Dades subjectes a secret estadístic.
2014,BARCELONA,ALT PENEDES,08236,SANT QUINTI DE MEDIONA,DOMÈSTIC,6332,
2014,BARCELONA,OSONA,08237,SANT QUIRZE DE BESORA,INDUSTRIAL,,Dades subjectes a secret estadístic.
2014,BARCELONA,OSONA,08237,SANT QUIRZE DE BESORA,SERVEIS,418111,
2014,BARCELONA,OSONA,08237,SANT QUIRZE DE BESORA,DOMÈSTIC,4026443,
2014,BARCELONA,VALLES OCCIDENTAL,08238,SANT QUIRZE DEL VALLES,INDUSTRIAL,26724034,
2014,BARCELONA,VALLES OCCIDENTAL,08238,SANT QUIRZE DEL VALLES,SERVEIS,5638954,
2014,BARCELONA,VALLES OCCIDENTAL,08238,SANT QUIRZE DEL VALLES,DOMÈSTIC,50021504,
2014,BARCELONA,ALT PENEDES,08240,SANT SADURNI D'ANOIA,INDUSTRIAL,,Dades subjectes a secret estadístic.
2014,BARCELONA,ALT PENEDES,08240,SANT SADURNI D'ANOIA,SERVEIS,8921133,
2014,BARCELONA,ALT PENEDES,08240,SANT SADURNI D'ANOIA,DOMÈSTIC,20517888,
2014,BARCELONA,BAIX LLOBREGAT,08244,SANTA COLOMA DE CERVELLO,INDUSTRIAL,,Dades subjectes a secret estadístic.
2014,BARCELONA,BAIX LLOBREGAT,08244,SANTA COLOMA DE CERVELLO,SERVEIS,634404,
2014,BARCELONA,BAIX LLOBREGAT,08244,SANTA COLOMA DE CERVELLO,DOMÈSTIC,12588367,
2014,BARCELONA,BARCELONES,08245,SANTA COLOMA DE GRAMENET,INDUSTRIAL,,Dades subjectes a secret estadístic.
2014,BARCELONA,BARCELONES,08245,SANTA COLOMA DE GRAMENET,SERVEIS,25460103,
2014,BARCELONA,BARCELONES,08245,SANTA COLOMA DE GRAMENET,DOMÈSTIC,119421285,
2014,BARCELONA,OSONA,08246,SANTA EUGENIA DE BERGA,INDUSTRIAL,,Dades subjectes a secret estadístic.
2014,BARCELONA,OSONA,08246,SANTA EUGENIA DE BERGA,SERVEIS,,Dades subjectes a secret estadístic.
2014,BARCELONA,OSONA,08246,SANTA EUGENIA DE BERGA,DOMÈSTIC,2773940,
2014,BARCELONA,VALLES ORIENTAL,08248,SANTA EULALIA DE RONÇANA,DOMÈSTIC,,Dades subjectes a secret estadístic.
2014,BARCELONA,ANOIA,08250,SANTA MARGARIDA DE MONTBUI,SERVEIS,1373882,
2014,BARCELONA,ANOIA,08250,SANTA MARGARIDA DE MONTBUI,DOMÈSTIC,14946135,
2014,BARCELONA,ALT PENEDES,08251,SANTA MARGARIDA I ELS MONJOS,INDUSTRIAL,134177039,
2014,BARCELONA,ALT PENEDES,08251,SANTA MARGARIDA I ELS MONJOS,SERVEIS,1694889,
2014,BARCELONA,ALT PENEDES,08251,SANTA MARGARIDA I ELS MONJOS,DOMÈSTIC,11064029,
2014,BARCELONA,VALLES OCCIDENTAL,08252,BARBERA DEL VALLES,INDUSTRIAL,64943487,
2014,BARCELONA,VALLES OCCIDENTAL,08252,BARBERA DEL VALLES,SERVEIS,15241204,
2014,BARCELONA,VALLES OCCIDENTAL,08252,BARBERA DEL VALLES,DOMÈSTIC,51576084,
2014,BARCELONA,VALLES ORIENTAL,08259,SANTA MARIA DE PALAUTORDERA,INDUSTRIAL,,Dades subjectes a secret estadístic.
2014,BARCELONA,VALLES ORIENTAL,08259,SANTA MARIA DE PALAUTORDERA,SERVEIS,6698636,
2014,BARCELONA,VALLES ORIENTAL,08259,SANTA MARIA DE PALAUTORDERA,DOMÈSTIC,12113911,
2014,BARCELONA,VALLES OCCIDENTAL,08260,SANTA PERPETUA DE MOGODA,INDUSTRIAL,304222792,
2014,BARCELONA,VALLES OCCIDENTAL,08260,SANTA PERPETUA DE MOGODA,SERVEIS,7883383,
2014,BARCELONA,VALLES OCCIDENTAL,08260,SANTA PERPETUA DE MOGODA,DOMÈSTIC,42395297,
2014,BARCELONA,MARESME,08261,SANTA SUSANNA,PRIMARI,,Dades subjectes a secret estadístic.
2014,BARCELONA,MARESME,08261,SANTA SUSANNA,SERVEIS,10888148,
2014,BARCELONA,MARESME,08261,SANTA SUSANNA,DOMÈSTIC,4352135,
2014,BARCELONA,BAGES,08262,SANT VICENÇ DE CASTELLET,INDUSTRIAL,,Dades subjectes a secret estadístic.
2014,BARCELONA,BAGES,08262,SANT VICENÇ DE CASTELLET,SERVEIS,4624620,
2014,BARCELONA,BAGES,08262,SANT VICENÇ DE CASTELLET,DOMÈSTIC,19319741,
2014,BARCELONA,BAIX LLOBREGAT,08263,SANT VICENÇ DELS HORTS,INDUSTRIAL,92860847,
2014,BARCELONA,BAIX LLOBREGAT,08263,SANT VICENÇ DELS HORTS,SERVEIS,4599897,
2014,BARCELONA,BAIX LLOBREGAT,08263,SANT VICENÇ DELS HORTS,DOMÈSTIC,34418663,
2014,BARCELONA,MARESME,08264,SANT VICENÇ DE MONTALT,SERVEIS,1818617,
2014,BARCELONA,MARESME,08264,SANT VICENÇ DE MONTALT,DOMÈSTIC,19527925,
2014,BARCELONA,OSONA,08265,SANT VICENÇ DE TORELLO,INDUSTRIAL,,Dades subjectes a secret estadístic.
2014,BARCELONA,OSONA,08265,SANT VICENÇ DE TORELLO,SERVEIS,289252,
2014,BARCELONA,OSONA,08265,SANT VICENÇ DE TORELLO,DOMÈSTIC,2534247,
2014,BARCELONA,VALLES OCCIDENTAL,08266,CERDANYOLA DEL VALLES,INDUSTRIAL,53559479,
2014,BARCELONA,VALLES OCCIDENTAL,08266,CERDANYOLA DEL VALLES,SERVEIS,152020605,
2014,BARCELONA,VALLES OCCIDENTAL,08266,CERDANYOLA DEL VALLES,DOMÈSTIC,114026554,
2014,BARCELONA,VALLES OCCIDENTAL,08267,SENTMENAT,INDUSTRIAL,2803461,
2014,BARCELONA,VALLES OCCIDENTAL,08267,SENTMENAT,SERVEIS,1892584,
2014,BARCELONA,VALLES OCCIDENTAL,08267,SENTMENAT,DOMÈSTIC,12553206,
2014,BARCELONA,OSONA,08269,SEVA,INDUSTRIAL,,Dades subjectes a secret estadístic.
2014,BARCELONA,GARRAF,08270,SITGES,SERVEIS,25498921,
2014,BARCELONA,GARRAF,08270,SITGES,DOMÈSTIC,64516549,
2014,BARCELONA,BAGES,08274,SURIA,INDUSTRIAL,,Dades subjectes a secret estadístic.
2014,BARCELONA,BAGES,08274,SURIA,SERVEIS,1886390,
2014,BARCELONA,BAGES,08274,SURIA,DOMÈSTIC,13421824,
2014,BARCELONA,OSONA,08278,TARADELL,INDUSTRIAL,,Dades subjectes a secret estadístic.
2014,BARCELONA,OSONA,08278,TARADELL,SERVEIS,1808746,
2014,BARCELONA,OSONA,08278,TARADELL,DOMÈSTIC,11084671,
2014,BARCELONA,VALLES OCCIDENTAL,08279,TERRASSA,INDUSTRIAL,88942744,
2014,BARCELONA,VALLES OCCIDENTAL,08279,TERRASSA,SERVEIS,79192796,
2014,BARCELONA,VALLES OCCIDENTAL,08279,TERRASSA,DOMÈSTIC,374164503,
2014,BARCELONA,MARESME,08281,TEIA,INDUSTRIAL,,Dades subjectes a secret estadístic.
2014,BARCELONA,MARESME,08281,TEIA,PRIMARI,,Dades subjectes a secret estadístic.
2014,BARCELONA,MARESME,08281,TEIA,SERVEIS,3097754,
2014,BARCELONA,MARESME,08281,TEIA,DOMÈSTIC,17282799,
2014,BARCELONA,MARESME,08282,TIANA,SERVEIS,2754342,
2014,BARCELONA,MARESME,08282,TIANA,DOMÈSTIC,21451862,
2014,BARCELONA,OSONA,08283,TONA,INDUSTRIAL,,Dades subjectes a secret estadístic.
2014,BARCELONA,OSONA,08283,TONA,SERVEIS,5209290,
2014,BARCELONA,OSONA,08283,TONA,DOMÈSTIC,18452696,
2014,BARCELONA,MARESME,08284,TORDERA,INDUSTRIAL,,Dades subjectes a secret estadístic.
2014,BARCELONA,MARESME,08284,TORDERA,SERVEIS,,Dades subjectes a secret estadístic.
2014,BARCELONA,MARESME,08284,TORDERA,DOMÈSTIC,21382135,
2014,BARCELONA,OSONA,08285,TORELLO,INDUSTRIAL,10338611,
2014,BARCELONA,OSONA,08285,TORELLO,SERVEIS,3165360,
2014,BARCELONA,OSONA,08285,TORELLO,DOMÈSTIC,28220782,
2014,BARCELONA,ANOIA,08286,"TORRE DE CLARAMUNT, LA",INDUSTRIAL,,Dades subjectes a secret estadístic.
2014,BARCELONA,ANOIA,08286,"TORRE DE CLARAMUNT, LA",DOMÈSTIC,1544413,
2014,BARCELONA,ALT PENEDES,08287,TORRELAVIT,SERVEIS,,Dades subjectes a secret estadístic.
2014,BARCELONA,ALT PENEDES,08287,TORRELAVIT,DOMÈSTIC,2161869,
2014,BARCELONA,BAIX LLOBREGAT,08289,TORRELLES DE LLOBREGAT,SERVEIS,,Dades subjectes a secret estadístic.
2014,BARCELONA,BAIX LLOBREGAT,08289,TORRELLES DE LLOBREGAT,DOMÈSTIC,2396066,
2014,BARCELONA,ANOIA,08292,VALLBONA D'ANOIA,INDUSTRIAL,,Dades subjectes a secret estadístic.
2014,BARCELONA,ANOIA,08292,VALLBONA D'ANOIA,SERVEIS,,Dades subjectes a secret estadístic.
2014,BARCELONA,ANOIA,08292,VALLBONA D'ANOIA,DOMÈSTIC,2591682,
2014,BARCELONA,VALLES ORIENTAL,08294,VALLGORGUINA,DOMÈSTIC,108762,
2014,BARCELONA,BAIX LLOBREGAT,08295,VALLIRANA,SERVEIS,2507580,
2014,BARCELONA,BAIX LLOBREGAT,08295,VALLIRANA,DOMÈSTIC,15430229,
2014,BARCELONA,OSONA,08298,VIC,INDUSTRIAL,87318352,
2014,BARCELONA,OSONA,08298,VIC,SERVEIS,43916194,
2014,BARCELONA,OSONA,08298,VIC,DOMÈSTIC,112472640,
2014,BARCELONA,VALLES OCCIDENTAL,08300,VILADECAVALLS,INDUSTRIAL,6998528,
2014,BARCELONA,VALLES OCCIDENTAL,08300,VILADECAVALLS,SERVEIS,,Dades subjectes a secret estadístic.
2014,BARCELONA,VALLES OCCIDENTAL,08300,VILADECAVALLS,DOMÈSTIC,13813686,
2014,BARCELONA,BAIX LLOBREGAT,08301,VILADECANS,INDUSTRIAL,,Dades subjectes a secret estadístic.
2014,BARCELONA,BAIX LLOBREGAT,08301,VILADECANS,SERVEIS,12377109,Inclou el consum del sector transport.
2014,BARCELONA,BAIX LLOBREGAT,08301,VILADECANS,DOMÈSTIC,75857649,
2014,BARCELONA,ANOIA,08302,VILANOVA DEL CAMI,INDUSTRIAL,,Dades subjectes a secret estadístic.
2014,BARCELONA,ANOIA,08302,VILANOVA DEL CAMI,SERVEIS,1679522,
2014,BARCELONA,ANOIA,08302,VILANOVA DEL CAMI,DOMÈSTIC,20463890,
2014,BARCELONA,ALT PENEDES,08305,VILAFRANCA DEL PENEDES,INDUSTRIAL,6630320,
2014,BARCELONA,ALT PENEDES,08305,VILAFRANCA DEL PENEDES,SERVEIS,14729950,
2014,BARCELONA,ALT PENEDES,08305,VILAFRANCA DEL PENEDES,DOMÈSTIC,68381167,
2014,BARCELONA,VALLES ORIENTAL,08306,VILALBA SASSERRA,SERVEIS,,Dades subjectes a secret estadístic.
2014,BARCELONA,VALLES ORIENTAL,08306,VILALBA SASSERRA,DOMÈSTIC,133107,
2014,BARCELONA,GARRAF,08307,VILANOVA I LA GELTRU,INDUSTRIAL,60974636,
2014,BARCELONA,GARRAF,08307,VILANOVA I LA GELTRU,SERVEIS,15196447,
2014,BARCELONA,GARRAF,08307,VILANOVA I LA GELTRU,DOMÈSTIC,85598666,
2014,BARCELONA,VALLES ORIENTAL,08902,VILANOVA DEL VALLES,SERVEIS,628252,
2014,BARCELONA,VALLES ORIENTAL,08902,VILANOVA DEL VALLES,DOMÈSTIC,5844754,
2014,BARCELONA,VALLES OCCIDENTAL,08904,BADIA DEL VALLES,SERVEIS,3173371,
2014,BARCELONA,VALLES OCCIDENTAL,08904,BADIA DEL VALLES,DOMÈSTIC,15426255,
2014,BARCELONA,BAIX LLOBREGAT,08905,"PALMA DE CERVELLO, LA",DOMÈSTIC,4089143,
2014,BARCELONA,BAIX LLOBREGAT,08905,"PALMA DE CERVELLO, LA",SERVEIS,526389,
2014,BARCELONA,BAIX LLOBREGAT,08905,"PALMA DE CERVELLO, LA",INDUSTRIAL,,Dades subjectes a secret estadístic.
2014,GIRONA,GIRONES,17002,AIGUAVIVA,INDUSTRIAL,,Dades subjectes a secret estadístic.
2014,GIRONA,GIRONES,17002,AIGUAVIVA,SERVEIS,,Dades subjectes a secret estadístic.
2014,GIRONA,GIRONES,17002,AIGUAVIVA,DOMÈSTIC,1031488,
2014,GIRONA,GARROTXA,17010,ARGELAGUER,INDUSTRIAL,,Dades subjectes a secret estadístic.
2014,GIRONA,GARROTXA,17010,ARGELAGUER,PRIMARI,,Dades subjectes a secret estadístic.
2014,GIRONA,GARROTXA,17010,ARGELAGUER,SERVEIS,212883,
2014,GIRONA,GARROTXA,17010,ARGELAGUER,DOMÈSTIC,904209,
2014,GIRONA,BAIX EMPORDA,17013,BEGUR,DOMÈSTIC,183609,
2014,GIRONA,PLA DE L'ESTANY,17015,BANYOLES,INDUSTRIAL,,Dades subjectes a secret estadístic.
2014,GIRONA,PLA DE L'ESTANY,17015,BANYOLES,SERVEIS,8702785,
2014,GIRONA,PLA DE L'ESTANY,17015,BANYOLES,DOMÈSTIC,39843900,
2014,GIRONA,BAIX EMPORDA,17018,BELLCAIRE D'EMPORDA,DOMÈSTIC,908986,
2014,GIRONA,GARROTXA,17019,BESALU,INDUSTRIAL,,Dades subjectes a secret estadístic.
2014,GIRONA,GARROTXA,17019,BESALU,SERVEIS,975336,
2014,GIRONA,GARROTXA,17019,BESALU,DOMÈSTIC,6150464,
2014,GIRONA,GIRONES,17020,BESCANO,SERVEIS,920511,
2014,GIRONA,GIRONES,17020,BESCANO,DOMÈSTIC,8248001,
2014,GIRONA,GARROTXA,17021,BEUDA,INDUSTRIAL,,Dades subjectes a secret estadístic.
2014,GIRONA,BAIX EMPORDA,17022,"BISBAL D'EMPORDA, LA",INDUSTRIAL,,Dades subjectes a secret estadístic.
2014,GIRONA,BAIX EMPORDA,17022,"BISBAL D'EMPORDA, LA",SERVEIS,1652606,
2014,GIRONA,BAIX EMPORDA,17022,"BISBAL D'EMPORDA, LA",DOMÈSTIC,19088122,
2014,GIRONA,SELVA,17023,BLANES,INDUSTRIAL,,Dades subjectes a secret estadístic.
2014,GIRONA,SELVA,17023,BLANES,SERVEIS,13814758,
2014,GIRONA,SELVA,17023,BLANES,DOMÈSTIC,68480617,
2014,GIRONA,GIRONES,17025,BORDILS,SERVEIS,,Dades subjectes a secret estadístic.
2014,GIRONA,GIRONES,17025,BORDILS,DOMÈSTIC,3080492,
2014,GIRONA,SELVA,17027,BREDA,INDUSTRIAL,4707586,
2014,GIRONA,SELVA,17027,BREDA,SERVEIS,497679,
2014,GIRONA,SELVA,17027,BREDA,DOMÈSTIC,5709633,
2014,GIRONA,SELVA,17033,CALDES DE MALAVELLA,DOMÈSTIC,10653586,
2014,GIRONA,SELVA,17033,CALDES DE MALAVELLA,SERVEIS,5226132,
2014,GIRONA,SELVA,17033,CALDES DE MALAVELLA,INDUSTRIAL,6492686,
2014,GIRONA,BAIX EMPORDA,17034,CALONGE I SANT ANTONI,DOMÈSTIC,18402851,
2014,GIRONA,BAIX EMPORDA,17034,CALONGE I SANT ANTONI,SERVEIS,3689280,
2014,GIRONA,PLA DE L'ESTANY,17035,CAMOS,SERVEIS,,Dades subjectes a secret estadístic.
2014,GIRONA,PLA DE L'ESTANY,17035,CAMOS,DOMÈSTIC,503477,
2014,GIRONA,RIPOLLES,17036,CAMPDEVANOL,SERVEIS,2391337,
2014,GIRONA,RIPOLLES,17036,CAMPDEVANOL,INDUSTRIAL,4299110,
2014,GIRONA,RIPOLLES,17036,CAMPDEVANOL,DOMÈSTIC,7533785,
2014,GIRONA,GIRONES,17038,CAMPLLONG,SERVEIS,,Dades subjectes a secret estadístic.
2014,GIRONA,GIRONES,17038,CAMPLLONG,DOMÈSTIC,,Dades subjectes a secret estadístic.
2014,GIRONA,GIRONES,17044,CASSA DE LA SELVA,SERVEIS,3876029,
2014,GIRONA,GIRONES,17044,CASSA DE LA SELVA,INDUSTRIAL,,Dades subjectes a secret estadístic.
2014,GIRONA,GIRONES,17044,CASSA DE LA SELVA,DOMÈSTIC,17888738,
2014,GIRONA,GARROTXA,17046,CASTELLFOLLIT DE LA ROCA,SERVEIS,,Dades subjectes a secret estadístic.
2014,GIRONA,GARROTXA,17046,CASTELLFOLLIT DE LA ROCA,DOMÈSTIC,2396705,
2014,GIRONA,BAIX EMPORDA,17048,CASTELL-PLATJA D'ARO,SERVEIS,13586129,
2014,GIRONA,BAIX EMPORDA,17048,CASTELL-PLATJA D'ARO,DOMÈSTIC,21081898,
2014,GIRONA,GIRONES,17049,CELRA,INDUSTRIAL,66178026,
2014,GIRONA,GIRONES,17049,CELRA,SERVEIS,2617914,
2014,GIRONA,GIRONES,17049,CELRA,DOMÈSTIC,10908967,
2014,GIRONA,PLA DE L'ESTANY,17056,CORNELLA DEL TERRI,INDUSTRIAL,28550462,
2014,GIRONA,PLA DE L'ESTANY,17056,CORNELLA DEL TERRI,SERVEIS,,Dades subjectes a secret estadístic.
2014,GIRONA,PLA DE L'ESTANY,17056,CORNELLA DEL TERRI,DOMÈSTIC,3091876,
2014,GIRONA,BAIX EMPORDA,17057,CORÇA,SERVEIS,,Dades subjectes a secret estadístic.
2014,GIRONA,BAIX EMPORDA,17057,CORÇA,DOMÈSTIC,1953550,
2014,GIRONA,BAIX EMPORDA,17057,CORÇA,INDUSTRIAL,,Dades subjectes a secret estadístic.
2014,GIRONA,ALT EMPORDA,17062,"ESCALA, L'",SERVEIS,4294523,
2014,GIRONA,ALT EMPORDA,17062,"ESCALA, L'",DOMÈSTIC,11809572,
2014,GIRONA,ALT EMPORDA,17066,FIGUERES,SERVEIS,20506652,
2014,GIRONA,ALT EMPORDA,17066,FIGUERES,DOMÈSTIC,76789401,
2014,GIRONA,GIRONES,17067,FLAÇA,DOMÈSTIC,2485807,
2014,GIRONA,GIRONES,17067,FLAÇA,SERVEIS,,Dades subjectes a secret estadístic.
2014,GIRONA,PLA DE L'ESTANY,17071,FONTCOBERTA,SERVEIS,,Dades subjectes a secret estadístic.
2014,GIRONA,PLA DE L'ESTANY,17071,FONTCOBERTA,DOMÈSTIC,698169,
2014,GIRONA,GIRONES,17073,FORNELLS DE LA SELVA,SERVEIS,1070056,
2014,GIRONA,GIRONES,17073,FORNELLS DE LA SELVA,DOMÈSTIC,5958456,
2014,GIRONA,GIRONES,17079,GIRONA,INDUSTRIAL,,Dades subjectes a secret estadístic.
2014,GIRONA,GIRONES,17079,GIRONA,DOMÈSTIC,226885457,
2014,GIRONA,GIRONES,17079,GIRONA,SERVEIS,62000132,
2014,GIRONA,BAIX EMPORDA,17081,GUALTA,DOMÈSTIC,192577,
2014,GIRONA,BAIX EMPORDA,17081,GUALTA,SERVEIS,,Dades subjectes a secret estadístic.
2014,GIRONA,SELVA,17083,HOSTALRIC,SERVEIS,465754,
2014,GIRONA,SELVA,17083,HOSTALRIC,INDUSTRIAL,42855925,
2014,GIRONA,SELVA,17083,HOSTALRIC,DOMÈSTIC,8331597,
2014,GIRONA,GIRONES,17087,JUIA,INDUSTRIAL,,Dades subjectes a secret estadístic.
2014,GIRONA,GIRONES,17089,LLAGOSTERA,DOMÈSTIC,13198649,
2014,GIRONA,GIRONES,17089,LLAGOSTERA,SERVEIS,904331,
2014,GIRONA,SELVA,17095,LLORET DE MAR,DOMÈSTIC,46238851,
2014,GIRONA,SELVA,17095,LLORET DE MAR,SERVEIS,62991048,
2014,GIRONA,SELVA,17101,MASSANES,INDUSTRIAL,,Dades subjectes a secret estadístic.
2014,GIRONA,SELVA,17103,MAÇANET DE LA SELVA,DOMÈSTIC,8050568,
2014,GIRONA,SELVA,17103,MAÇANET DE LA SELVA,INDUSTRIAL,,Dades subjectes a secret estadístic.
2014,GIRONA,SELVA,17103,MAÇANET DE LA SELVA,SERVEIS,1143186,
2014,GIRONA,BAIX EMPORDA,17110,MONT-RAS,DOMÈSTIC,1789242,
2014,GIRONA,BAIX EMPORDA,17110,MONT-RAS,SERVEIS,145874,
2014,GIRONA,ALT EMPORDA,17111,NAVATA,DOMÈSTIC,522434,
2014,GIRONA,ALT EMPORDA,17111,NAVATA,SERVEIS,,Dades subjectes a secret estadístic.
2014,GIRONA,GARROTXA,17114,OLOT,INDUSTRIAL,47027233,
2014,GIRONA,GARROTXA,17114,OLOT,SERVEIS,19486254,
2014,GIRONA,GARROTXA,17114,OLOT,DOMÈSTIC,70268714,
2014,GIRONA,BAIX EMPORDA,17117,PALAFRUGELL,DOMÈSTIC,32275652,
2014,GIRONA,BAIX EMPORDA,17117,PALAFRUGELL,SERVEIS,6384962,
2014,GIRONA,BAIX EMPORDA,17118,PALAMOS,INDUSTRIAL,,Dades subjectes a secret estadístic.
2014,GIRONA,BAIX EMPORDA,17118,PALAMOS,SERVEIS,7554639,
2014,GIRONA,BAIX EMPORDA,17118,PALAMOS,DOMÈSTIC,28412666,
2014,GIRONA,PLA DE L'ESTANY,17123,PALOL DE REVARDIT,INDUSTRIAL,,Dades subjectes a secret estadístic.
2014,GIRONA,BAIX EMPORDA,17126,PARLAVA,DOMÈSTIC,87079,
2014,GIRONA,BAIX EMPORDA,17130,"PERA, LA",INDUSTRIAL,,Dades subjectes a secret estadístic.
2014,GIRONA,PLA DE L'ESTANY,17137,PORQUERES,INDUSTRIAL,,Dades subjectes a secret estadístic.
2014,GIRONA,PLA DE L'ESTANY,17137,PORQUERES,SERVEIS,638799,
2014,GIRONA,PLA DE L'ESTANY,17137,PORQUERES,DOMÈSTIC,7591930,
2014,GIRONA,GARROTXA,17139,"PRESES, LES",SERVEIS,630237,
2014,GIRONA,GARROTXA,17139,"PRESES, LES",INDUSTRIAL,8268628,
2014,GIRONA,GARROTXA,17139,"PRESES, LES",DOMÈSTIC,2230555,
2014,GIRONA,CERDANYA,17141,PUIGCERDA,SERVEIS,8390536,
2014,GIRONA,CERDANYA,17141,PUIGCERDA,DOMÈSTIC,22465707,
2014,GIRONA,GIRONES,17142,QUART,DOMÈSTIC,7596401,
2014,GIRONA,GIRONES,17142,QUART,SERVEIS,2137254,
2014,GIRONA,SELVA,17146,RIELLS I VIABREA,DOMÈSTIC,20722,
2014,GIRONA,SELVA,17146,RIELLS I VIABREA,INDUSTRIAL,8836962,
2014,GIRONA,RIPOLLES,17147,RIPOLL,INDUSTRIAL,32228100,
2014,GIRONA,RIPOLLES,17147,RIPOLL,SERVEIS,6466705,
2014,GIRONA,RIPOLLES,17147,RIPOLL,DOMÈSTIC,23462854,
2014,GIRONA,SELVA,17148,RIUDARENES,SERVEIS,583651,
2014,GIRONA,SELVA,17148,RIUDARENES,DOMÈSTIC,2986172,
2014,GIRONA,SELVA,17148,RIUDARENES,INDUSTRIAL,,Dades subjectes a secret estadístic.
2014,GIRONA,SELVA,17150,RIUDELLOTS DE LA SELVA,DOMÈSTIC,3907007,
2014,GIRONA,SELVA,17150,RIUDELLOTS DE LA SELVA,INDUSTRIAL,106144956,
2014,GIRONA,SELVA,17150,RIUDELLOTS DE LA SELVA,SERVEIS,,Dades subjectes a secret estadístic.
2014,GIRONA,GIRONES,17155,SALT,DOMÈSTIC,45056871,
2014,GIRONA,GIRONES,17155,SALT,INDUSTRIAL,1885701,
2014,GIRONA,GIRONES,17155,SALT,SERVEIS,20359036,
2014,GIRONA,SELVA,17159,SANT FELIU DE BUIXALLEU,INDUSTRIAL,17533396,
2014,GIRONA,SELVA,17159,SANT FELIU DE BUIXALLEU,SERVEIS,,Dades subjectes a secret estadístic.
2014,GIRONA,BAIX EMPORDA,17160,SANT FELIU DE GUIXOLS,SERVEIS,10038757,
2014,GIRONA,BAIX EMPORDA,17160,SANT FELIU DE GUIXOLS,DOMÈSTIC,49862673,
2014,GIRONA,GIRONES,17163,SANT GREGORI,INDUSTRIAL,,Dades subjectes a secret estadístic.
2014,GIRONA,GIRONES,17163,SANT GREGORI,SERVEIS,1739530,
2014,GIRONA,GIRONES,17163,SANT GREGORI,DOMÈSTIC,6969357,
2014,GIRONA,GARROTXA,17165,SANT JAUME DE LLIERCA,INDUSTRIAL,,Dades subjectes a secret estadístic.
2014,GIRONA,GARROTXA,17165,SANT JAUME DE LLIERCA,DOMÈSTIC,1264268,
2014,GIRONA,RIPOLLES,17167,SANT JOAN DE LES ABADESSES,INDUSTRIAL,,Dades subjectes a secret estadístic.
2014,GIRONA,RIPOLLES,17167,SANT JOAN DE LES ABADESSES,SERVEIS,1652552,
2014,GIRONA,RIPOLLES,17167,SANT JOAN DE LES ABADESSES,DOMÈSTIC,7659641,
2014,GIRONA,GIRONES,17168,SANT JOAN DE MOLLET,DOMÈSTIC,768194,
2014,GIRONA,GIRONES,17169,SANT JULIA DE RAMIS,INDUSTRIAL,,Dades subjectes a secret estadístic.
2014,GIRONA,GIRONES,17169,SANT JULIA DE RAMIS,SERVEIS,184576,
2014,GIRONA,GIRONES,17169,SANT JULIA DE RAMIS,DOMÈSTIC,4330097,
2014,GIRONA,RIPOLLES,17177,SANT PAU DE SEGURIES,SERVEIS,,Dades subjectes a secret estadístic.
2014,GIRONA,RIPOLLES,17177,SANT PAU DE SEGURIES,DOMÈSTIC,693922,
2014,GIRONA,SELVA,17180,SANTA COLOMA DE FARNERS,INDUSTRIAL,,Dades subjectes a secret estadístic.
2014,GIRONA,SELVA,17180,SANTA COLOMA DE FARNERS,SERVEIS,1710967,
2014,GIRONA,SELVA,17180,SANTA COLOMA DE FARNERS,DOMÈSTIC,19038440,
2014,GIRONA,BAIX EMPORDA,17181,SANTA CRISTINA D'ARO,SERVEIS,524092,
2014,GIRONA,BAIX EMPORDA,17181,SANTA CRISTINA D'ARO,DOMÈSTIC,9509622,
2014,GIRONA,ALT EMPORDA,17182,SANTA LLOGAIA D'ALGUEMA,DOMÈSTIC,161799,
2014,GIRONA,GARROTXA,17185,SANT JOAN LES FONTS,DOMÈSTIC,6058930,
2014,GIRONA,GARROTXA,17185,SANT JOAN LES FONTS,INDUSTRIAL,,Dades subjectes a secret estadístic.
2014,GIRONA,GARROTXA,17185,SANT JOAN LES FONTS,SERVEIS,1869420,
2014,GIRONA,GIRONES,17186,SARRIA DE TER,DOMÈSTIC,11125111,
2014,GIRONA,GIRONES,17186,SARRIA DE TER,INDUSTRIAL,,Dades subjectes a secret estadístic.
2014,GIRONA,GIRONES,17186,SARRIA DE TER,SERVEIS,326817,
2014,GIRONA,PLA DE L'ESTANY,17190,SERINYA,INDUSTRIAL,,Dades subjectes a secret estadístic.
2014,GIRONA,PLA DE L'ESTANY,17190,SERINYA,DOMÈSTIC,1404917,
2014,GIRONA,BAIX EMPORDA,17191,SERRA DE DARO,DOMÈSTIC,355538,
2014,GIRONA,BAIX EMPORDA,17191,SERRA DE DARO,SERVEIS,,Dades subjectes a secret estadístic.
2014,GIRONA,SELVA,17193,SILS,SERVEIS,795998,
2014,GIRONA,SELVA,17193,SILS,INDUSTRIAL,15349224,
2014,GIRONA,SELVA,17193,SILS,DOMÈSTIC,6592215,
2014,GIRONA,BAIX EMPORDA,17199,TORROELLA DE MONTGRI,SERVEIS,3170804,
2014,GIRONA,BAIX EMPORDA,17199,TORROELLA DE MONTGRI,INDUSTRIAL,,Dades subjectes a secret estadístic.
2014,GIRONA,BAIX EMPORDA,17199,TORROELLA DE MONTGRI,DOMÈSTIC,11868524,
2014,GIRONA,BAIX EMPORDA,17204,ULLA,SERVEIS,500409,
2014,GIRONA,BAIX EMPORDA,17204,ULLA,DOMÈSTIC,1343914,
2014,GIRONA,GARROTXA,17207,"VALL D'EN BAS, LA",SERVEIS,335067,
2014,GIRONA,GARROTXA,17207,"VALL D'EN BAS, LA",DOMÈSTIC,395364,
2014,GIRONA,GARROTXA,17208,"VALL DE BIANYA, LA",SERVEIS,197651,
2014,GIRONA,GARROTXA,17208,"VALL DE BIANYA, LA",INDUSTRIAL,,Dades subjectes a secret estadístic.
2014,GIRONA,GARROTXA,17208,"VALL DE BIANYA, LA",DOMÈSTIC,1179708,
2014,GIRONA,BAIX EMPORDA,17209,VALL-LLOBREGA,SERVEIS,182002,
2014,GIRONA,BAIX EMPORDA,17209,VALL-LLOBREGA,DOMÈSTIC,866778,
2014,GIRONA,SELVA,17213,VIDRERES,SERVEIS,1347621,
2014,GIRONA,SELVA,17213,VIDRERES,INDUSTRIAL,,Dades subjectes a secret estadístic.
2014,GIRONA,SELVA,17213,VIDRERES,DOMÈSTIC,9950200,
2014,GIRONA,GIRONES,17215,VILABLAREIX,SERVEIS,887900,
2014,GIRONA,GIRONES,17215,VILABLAREIX,DOMÈSTIC,6013564,
2014,GIRONA,ALT EMPORDA,17221,VILAFANT,SERVEIS,1392339,
2014,GIRONA,ALT EMPORDA,17221,VILAFANT,DOMÈSTIC,6831711,
2014,GIRONA,BAIX EMPORDA,17902,FORALLAC,DOMÈSTIC,2265859,
2014,GIRONA,BAIX EMPORDA,17902,FORALLAC,SERVEIS,511058,
2014,LLEIDA,SEGRIA,25004,"ALAMUS, ELS",DOMÈSTIC,691502,
2014,LLEIDA,SEGRIA,25011,ALCARRAS,SERVEIS,1746608,
2014,LLEIDA,SEGRIA,25011,ALCARRAS,INDUSTRIAL,,Dades subjectes a secret estadístic.
2014,LLEIDA,SEGRIA,25011,ALCARRAS,DOMÈSTIC,19818441,
2014,LLEIDA,SEGRIA,25012,ALCOLETGE,INDUSTRIAL,4983604,
2014,LLEIDA,SEGRIA,25012,ALCOLETGE,SERVEIS,461485,
2014,LLEIDA,SEGRIA,25012,ALCOLETGE,DOMÈSTIC,7251235,
2014,LLEIDA,SEGRIA,25013,ALFARRAS,SERVEIS,1807216,
2014,LLEIDA,SEGRIA,25013,ALFARRAS,DOMÈSTIC,5804809,
2014,LLEIDA,SEGRIA,25016,ALGUAIRE,SERVEIS,750538,
2014,LLEIDA,SEGRIA,25016,ALGUAIRE,INDUSTRIAL,,Dades subjectes a secret estadístic.
2014,LLEIDA,SEGRIA,25016,ALGUAIRE,DOMÈSTIC,5923705,
2014,LLEIDA,SEGRIA,25019,ALMACELLES,DOMÈSTIC,13304655,
2014,LLEIDA,SEGRIA,25019,ALMACELLES,SERVEIS,,Dades subjectes a secret estadístic.
2014,LLEIDA,SEGRIA,25019,ALMACELLES,INDUSTRIAL,,Dades subjectes a secret estadístic.
2014,LLEIDA,SEGRIA,25021,ALMENAR,INDUSTRIAL,7206851,
2014,LLEIDA,SEGRIA,25021,ALMENAR,SERVEIS,703493,
2014,LLEIDA,SEGRIA,25021,ALMENAR,DOMÈSTIC,6408222,
2014,LLEIDA,SEGRIA,25023,ALPICAT,INDUSTRIAL,,Dades subjectes a secret estadístic.
2014,LLEIDA,SEGRIA,25023,ALPICAT,SERVEIS,2032018,
2014,LLEIDA,SEGRIA,25023,ALPICAT,DOMÈSTIC,15987998,
2014,LLEIDA,VAL D'ARAN,25025,NAUT ARAN,SERVEIS,3692390,
2014,LLEIDA,VAL D'ARAN,25025,NAUT ARAN,DOMÈSTIC,2860532,
2014,LLEIDA,URGELL,25027,ANGLESOLA,SERVEIS,,Dades subjectes a secret estadístic.
2014,LLEIDA,URGELL,25027,ANGLESOLA,DOMÈSTIC,2055707,
2014,LLEIDA,NOGUERA,25034,ARTESA DE SEGRE,SERVEIS,,Dades subjectes a secret estadístic.
2014,LLEIDA,NOGUERA,25034,ARTESA DE SEGRE,DOMÈSTIC,3359637,
2014,LLEIDA,NOGUERA,25040,BALAGUER,INDUSTRIAL,16509581,
2014,LLEIDA,NOGUERA,25040,BALAGUER,SERVEIS,10137524,
2014,LLEIDA,NOGUERA,25040,BALAGUER,DOMÈSTIC,28285534,
2014,LLEIDA,NOGUERA,25047,BELLCAIRE D'URGELL,INDUSTRIAL,,Dades subjectes a secret estadístic.
2014,LLEIDA,NOGUERA,25047,BELLCAIRE D'URGELL,SERVEIS,,Dades subjectes a secret estadístic.
2014,LLEIDA,NOGUERA,25047,BELLCAIRE D'URGELL,DOMÈSTIC,3017354,
2014,LLEIDA,PLA D'URGELL,25048,BELL-LLOC D'URGELL,INDUSTRIAL,,Dades subjectes a secret estadístic.
2014,LLEIDA,PLA D'URGELL,25048,BELL-LLOC D'URGELL,SERVEIS,309704,
2014,LLEIDA,PLA D'URGELL,25048,BELL-LLOC D'URGELL,DOMÈSTIC,4170991,
2014,LLEIDA,URGELL,25050,BELLPUIG,INDUSTRIAL,36201092,
2014,LLEIDA,URGELL,25050,BELLPUIG,SERVEIS,2626432,
2014,LLEIDA,URGELL,25050,BELLPUIG,DOMÈSTIC,10159180,
2014,LLEIDA,SEGRIA,25053,BENAVENT DE SEGRIA,SERVEIS,,Dades subjectes a secret estadístic.
2014,LLEIDA,SEGRIA,25053,BENAVENT DE SEGRIA,DOMÈSTIC,1871269,
2014,LLEIDA,GARRIGUES,25058,"BORGES BLANQUES, LES",INDUSTRIAL,,Dades subjectes a secret estadístic. Inclou el consum del sector energètic.
2014,LLEIDA,GARRIGUES,25058,"BORGES BLANQUES, LES",DOMÈSTIC,9299124,
2014,LLEIDA,GARRIGUES,25058,"BORGES BLANQUES, LES",SERVEIS,1548205,
2014,LLEIDA,PLA D'URGELL,25068,CASTELLNOU DE SEANA,DOMÈSTIC,46877,
2014,LLEIDA,SEGARRA,25072,CERVERA,INDUSTRIAL,,Dades subjectes a secret estadístic.
2014,LLEIDA,SEGARRA,25072,CERVERA,SERVEIS,5451514,
2014,LLEIDA,SEGARRA,25072,CERVERA,DOMÈSTIC,19517043,
2014,LLEIDA,SEGRIA,25078,CORBINS,DOMÈSTIC,9353,
2014,LLEIDA,GARRIGUES,25081,"ESPLUGA CALBA, L'",INDUSTRIAL,,Dades subjectes a secret estadístic.
2014,LLEIDA,GARRIGUES,25081,"ESPLUGA CALBA, L'",DOMÈSTIC,58626,
2014,LLEIDA,PLA D'URGELL,25093,FONDARELLA,SERVEIS,207994,
2014,LLEIDA,PLA D'URGELL,25093,FONDARELLA,INDUSTRIAL,,Dades subjectes a secret estadístic.
2014,LLEIDA,PLA D'URGELL,25093,FONDARELLA,DOMÈSTIC,1431473,
2014,LLEIDA,PLA D'URGELL,25099,GOLMES,SERVEIS,693573,
2014,LLEIDA,PLA D'URGELL,25099,GOLMES,DOMÈSTIC,3388447,
2014,LLEIDA,SEGARRA,25110,GUISSONA,DOMÈSTIC,10961043,
2014,LLEIDA,SEGARRA,25110,GUISSONA,INDUSTRIAL,,Dades subjectes a secret estadístic.
2014,LLEIDA,SEGARRA,25110,GUISSONA,SERVEIS,5395644,
2014,LLEIDA,PLA D'URGELL,25113,IVARS D'URGELL,SERVEIS,,Dades subjectes a secret estadístic.
2014,LLEIDA,PLA D'URGELL,25113,IVARS D'URGELL,INDUSTRIAL,13571078,
2014,LLEIDA,PLA D'URGELL,25113,IVARS D'URGELL,DOMÈSTIC,2027773,
2014,LLEIDA,GARRIGUES,25119,JUNEDA,SERVEIS,82657862,
2014,LLEIDA,GARRIGUES,25119,JUNEDA,DOMÈSTIC,4607456,
2014,LLEIDA,SEGRIA,25120,LLEIDA,INDUSTRIAL,103499129,
2014,LLEIDA,SEGRIA,25120,LLEIDA,PRIMARI,,Dades subjectes a secret estadístic.
2014,LLEIDA,SEGRIA,25120,LLEIDA,SERVEIS,122665292,
2014,LLEIDA,SEGRIA,25120,LLEIDA,DOMÈSTIC,285292868,
2014,LLEIDA,PLA D'URGELL,25122,LINYOLA,INDUSTRIAL,,Dades subjectes a secret estadístic.
2014,LLEIDA,PLA D'URGELL,25122,LINYOLA,SERVEIS,,Dades subjectes a secret estadístic.
2014,LLEIDA,PLA D'URGELL,25122,LINYOLA,DOMÈSTIC,3882334,
2014,LLEIDA,PLA D'URGELL,25135,MIRALCAMP,INDUSTRIAL,,Dades subjectes a secret estadístic.
2014,LLEIDA,PLA D'URGELL,25135,MIRALCAMP,SERVEIS,,Dades subjectes a secret estadístic.
2014,LLEIDA,PLA D'URGELL,25135,MIRALCAMP,DOMÈSTIC,2235428,
2014,LLEIDA,PLA D'URGELL,25137,MOLLERUSSA,SERVEIS,5953984,
2014,LLEIDA,PLA D'URGELL,25137,MOLLERUSSA,DOMÈSTIC,28813142,
2014,LLEIDA,PLA D'URGELL,25137,MOLLERUSSA,INDUSTRIAL,922981809,
2014,LLEIDA,SOLSONES,25151,OLIUS,SERVEIS,,Dades subjectes a secret estadístic.
2014,LLEIDA,SOLSONES,25151,OLIUS,DOMÈSTIC,687976,
2014,LLEIDA,PLA D'URGELL,25158,"PALAU D'ANGLESOLA, EL",SERVEIS,456336,
2014,LLEIDA,PLA D'URGELL,25158,"PALAU D'ANGLESOLA, EL",INDUSTRIAL,,Dades subjectes a secret estadístic.
2014,LLEIDA,PLA D'URGELL,25158,"PALAU D'ANGLESOLA, EL",DOMÈSTIC,3167765,
2014,LLEIDA,SEGRIA,25189,ROSSELLO,DOMÈSTIC,6605121,
2014,LLEIDA,SEGRIA,25189,ROSSELLO,SERVEIS,924958,
2014,LLEIDA,SEGRIA,25189,ROSSELLO,INDUSTRIAL,,Dades subjectes a secret estadístic.
2014,LLEIDA,SEGARRA,25192,SANT GUIM DE FREIXENET,SERVEIS,,Dades subjectes a secret estadístic.
2014,LLEIDA,SEGARRA,25192,SANT GUIM DE FREIXENET,DOMÈSTIC,1940279,
2014,LLEIDA,SOLSONES,25207,SOLSONA,SERVEIS,306667,
2014,LLEIDA,SOLSONES,25207,SOLSONA,DOMÈSTIC,2746205,
2014,LLEIDA,URGELL,25217,TARREGA,DOMÈSTIC,37547251,
2014,LLEIDA,URGELL,25217,TARREGA,SERVEIS,9295576,
2014,LLEIDA,URGELL,25217,TARREGA,INDUSTRIAL,,Dades subjectes a secret estadístic.
2014,LLEIDA,GARRIGUES,25218,TARRES,DOMÈSTIC,26328,
2014,LLEIDA,NOGUERA,25220,TERMENS,INDUSTRIAL,,Dades subjectes a secret estadístic.
2014,LLEIDA,SEGRIA,25228,TORREFARRERA,DOMÈSTIC,12651834,
2014,LLEIDA,SEGRIA,25228,TORREFARRERA,SERVEIS,1813982,
2014,LLEIDA,PLA D'URGELL,25230,TORREGROSSA,INDUSTRIAL,,Dades subjectes a secret estadístic.
2014,LLEIDA,PLA D'URGELL,25230,TORREGROSSA,DOMÈSTIC,2793617,
2014,LLEIDA,PLA D'URGELL,25230,TORREGROSSA,SERVEIS,533863,
2014,LLEIDA,NOGUERA,25231,TORRELAMEU,DOMÈSTIC,81,
2014,LLEIDA,SEGRIA,25233,TORRE-SERONA,DOMÈSTIC,374494,
2014,LLEIDA,NOGUERA,25240,VALLFOGONA DE BALAGUER,SERVEIS,62791,
2014,LLEIDA,NOGUERA,25240,VALLFOGONA DE BALAGUER,INDUSTRIAL,,Dades subjectes a secret estadístic.
2014,LLEIDA,NOGUERA,25240,VALLFOGONA DE BALAGUER,DOMÈSTIC,3504385,
2014,LLEIDA,URGELL,25244,VILAGRASSA,SERVEIS,,Dades subjectes a secret estadístic.
2014,LLEIDA,URGELL,25244,VILAGRASSA,DOMÈSTIC,370776,
2014,LLEIDA,SEGRIA,25251,VILANOVA DE SEGRIA,DOMÈSTIC,938286,
2014,LLEIDA,SEGRIA,25251,VILANOVA DE SEGRIA,SERVEIS,,Dades subjectes a secret estadístic.
2014,LLEIDA,SEGARRA,25905,RIBERA D'ONDARA,INDUSTRIAL,,Dades subjectes a secret estadístic.
2014,TARRAGONA,MONTSIA,43004,ALCANAR,DOMÈSTIC,4183874,
2014,TARRAGONA,MONTSIA,43004,ALCANAR,SERVEIS,884838,
2014,TARRAGONA,ALT CAMP,43005,ALCOVER,DOMÈSTIC,4164550,
2014,TARRAGONA,ALT CAMP,43005,ALCOVER,INDUSTRIAL,,Dades subjectes a secret estadístic.
2014,TARRAGONA,ALT CAMP,43005,ALCOVER,SERVEIS,1080871,
2014,TARRAGONA,TARRAGONES,43012,ALTAFULLA,DOMÈSTIC,7657215,
2014,TARRAGONA,TARRAGONES,43012,ALTAFULLA,SERVEIS,1276163,
2014,TARRAGONA,BAIX EBRE,43013,"AMETLLA DE MAR, L'",SERVEIS,1660785,
2014,TARRAGONA,BAIX EBRE,43013,"AMETLLA DE MAR, L'",DOMÈSTIC,1390123,
2014,TARRAGONA,MONTSIA,43014,AMPOSTA,SERVEIS,3766073,
2014,TARRAGONA,MONTSIA,43014,AMPOSTA,DOMÈSTIC,10708502,
2014,TARRAGONA,MONTSIA,43014,AMPOSTA,INDUSTRIAL,,Dades subjectes a secret estadístic.
2014,TARRAGONA,BAIX PENEDES,43016,"ARBOÇ, L'",INDUSTRIAL,,Dades subjectes a secret estadístic.
2014,TARRAGONA,BAIX PENEDES,43016,"ARBOÇ, L'",DOMÈSTIC,7252586,
2014,TARRAGONA,BAIX PENEDES,43016,"ARBOÇ, L'",SERVEIS,1544587,
2014,TARRAGONA,BAIX PENEDES,43024,BELLVEI,INDUSTRIAL,9476256,
2014,TARRAGONA,BAIX PENEDES,43024,BELLVEI,SERVEIS,,Dades subjectes a secret estadístic.
2014,TARRAGONA,BAIX PENEDES,43024,BELLVEI,DOMÈSTIC,2646794,
2014,TARRAGONA,RIBERA D'EBRE,43026,BENISSANET,DOMÈSTIC,1482744,
2014,TARRAGONA,RIBERA D'EBRE,43026,BENISSANET,SERVEIS,,Dades subjectes a secret estadístic.
2014,TARRAGONA,BAIX PENEDES,43030,BONASTRE,SERVEIS,29494,
2014,TARRAGONA,BAIX PENEDES,43030,BONASTRE,DOMÈSTIC,685326,
2014,TARRAGONA,BAIX PENEDES,43037,CALAFELL,DOMÈSTIC,28679273,
2014,TARRAGONA,BAIX PENEDES,43037,CALAFELL,SERVEIS,4542492,
2014,TARRAGONA,BAIX CAMP,43038,CAMBRILS,SERVEIS,14822338,
2014,TARRAGONA,BAIX CAMP,43038,CAMBRILS,DOMÈSTIC,42172853,
2014,TARRAGONA,BAIX CAMP,43042,CASTELLVELL DEL CAMP,SERVEIS,,Dades subjectes a secret estadístic.
2014,TARRAGONA,BAIX CAMP,43042,CASTELLVELL DEL CAMP,DOMÈSTIC,2164408,
2014,TARRAGONA,TARRAGONES,43043,"CATLLAR, EL",SERVEIS,,Dades subjectes a secret estadístic.
2014,TARRAGONA,TARRAGONES,43043,"CATLLAR, EL",DOMÈSTIC,749036,
2014,TARRAGONA,MONTSIA,43044,"SENIA, LA",DOMÈSTIC,44884,
2014,TARRAGONA,TARRAGONES,43047,CONSTANTI,INDUSTRIAL,4257441,
2014,TARRAGONA,TARRAGONES,43047,CONSTANTI,SERVEIS,16129481,
2014,TARRAGONA,TARRAGONES,43047,CONSTANTI,DOMÈSTIC,4651871,
2014,TARRAGONA,TARRAGONES,43050,CREIXELL,DOMÈSTIC,3892006,
2014,TARRAGONA,BAIX PENEDES,43051,CUNIT,SERVEIS,3622314,
2014,TARRAGONA,BAIX PENEDES,43051,CUNIT,DOMÈSTIC,13893425,
2014,TARRAGONA,CONCA DE BARBERA,43054,"ESPLUGA DE FRANCOLI, L'",SERVEIS,459982,
2014,TARRAGONA,CONCA DE BARBERA,43054,"ESPLUGA DE FRANCOLI, L'",DOMÈSTIC,5975808,
2014,TARRAGONA,PRIORAT,43055,FALSET,INDUSTRIAL,,Dades subjectes a secret estadístic.
2014,TARRAGONA,PRIORAT,43055,FALSET,SERVEIS,,Dades subjectes a secret estadístic.
2014,TARRAGONA,PRIORAT,43055,FALSET,DOMÈSTIC,782572,
2014,TARRAGONA,ALT CAMP,43080,"MASO, LA",DOMÈSTIC,237951,
2014,TARRAGONA,CONCA DE BARBERA,43086,MONTBLANC,SERVEIS,3122475,
2014,TARRAGONA,CONCA DE BARBERA,43086,MONTBLANC,INDUSTRIAL,238303564,
2014,TARRAGONA,CONCA DE BARBERA,43086,MONTBLANC,DOMÈSTIC,14007459,
2014,TARRAGONA,BAIX CAMP,43092,MONT-ROIG DEL CAMP,SERVEIS,520496,
2014,TARRAGONA,BAIX CAMP,43092,MONT-ROIG DEL CAMP,DOMÈSTIC,3285283,
2014,TARRAGONA,RIBERA D'EBRE,43093,MORA D'EBRE,DOMÈSTIC,8582943,
2014,TARRAGONA,RIBERA D'EBRE,43093,MORA D'EBRE,INDUSTRIAL,,Dades subjectes a secret estadístic.
2014,TARRAGONA,RIBERA D'EBRE,43093,MORA D'EBRE,SERVEIS,5241025,
2014,TARRAGONA,RIBERA D'EBRE,43094,MORA LA NOVA,DOMÈSTIC,4305560,
2014,TARRAGONA,RIBERA D'EBRE,43094,MORA LA NOVA,INDUSTRIAL,,Dades subjectes a secret estadístic.
2014,TARRAGONA,RIBERA D'EBRE,43094,MORA LA NOVA,SERVEIS,525198,
2014,TARRAGONA,TARRAGONES,43095,"MORELL, EL",INDUSTRIAL,,Dades subjectes a secret estadístic.
2014,TARRAGONA,TARRAGONES,43095,"MORELL, EL",SERVEIS,631893,
2014,TARRAGONA,TARRAGONES,43095,"MORELL, EL",DOMÈSTIC,2903025,
2014,TARRAGONA,TARRAGONES,43100,"PALLARESOS, ELS",INDUSTRIAL,,Dades subjectes a secret estadístic.
2014,TARRAGONA,TARRAGONES,43100,"PALLARESOS, ELS",SERVEIS,3469766,
2014,TARRAGONA,TARRAGONES,43100,"PALLARESOS, ELS",DOMÈSTIC,2055762,
2014,TARRAGONA,ALT CAMP,43108,"PLA DE SANTA MARIA, EL",INDUSTRIAL,,Dades subjectes a secret estadístic.
2014,TARRAGONA,ALT CAMP,43108,"PLA DE SANTA MARIA, EL",SERVEIS,346560,
2014,TARRAGONA,ALT CAMP,43108,"PLA DE SANTA MARIA, EL",DOMÈSTIC,3718868,
2014,TARRAGONA,TARRAGONES,43109,"POBLA DE MAFUMET, LA",INDUSTRIAL,8402192732,Inclou el consum del sector energètic.
2014,TARRAGONA,TARRAGONES,43109,"POBLA DE MAFUMET, LA",SERVEIS,1478212,
2014,TARRAGONA,TARRAGONES,43109,"POBLA DE MAFUMET, LA",DOMÈSTIC,2782819,
2014,TARRAGONA,TARRAGONES,43111,"POBLA DE MONTORNES, LA",DOMÈSTIC,1790654,
2014,TARRAGONA,TARRAGONES,43111,"POBLA DE MONTORNES, LA",SERVEIS,,Dades subjectes a secret estadístic.
2014,TARRAGONA,ALT CAMP,43119,PUIGPELAT,INDUSTRIAL,,Dades subjectes a secret estadístic.
2014,TARRAGONA,BAIX CAMP,43123,REUS,INDUSTRIAL,149749253,
2014,TARRAGONA,BAIX CAMP,43123,REUS,SERVEIS,53654660,Inclou el consum del sector transport.
2014,TARRAGONA,BAIX CAMP,43123,REUS,DOMÈSTIC,124990533,
2014,TARRAGONA,ALT CAMP,43124,"RIBA, LA",INDUSTRIAL,218938820,
2014,TARRAGONA,ALT CAMP,43124,"RIBA, LA",SERVEIS,180553,
2014,TARRAGONA,ALT CAMP,43124,"RIBA, LA",DOMÈSTIC,1769249,
2014,TARRAGONA,BAIX CAMP,43129,RIUDOMS,SERVEIS,,Dades subjectes a secret estadístic.
2014,TARRAGONA,BAIX CAMP,43129,RIUDOMS,DOMÈSTIC,3871851,
2014,TARRAGONA,TARRAGONES,43131,RODA DE BERA,INDUSTRIAL,,Dades subjectes a secret estadístic.
2014,TARRAGONA,TARRAGONES,43131,RODA DE BERA,SERVEIS,842765,
2014,TARRAGONA,TARRAGONES,43131,RODA DE BERA,DOMÈSTIC,7811974,
2014,TARRAGONA,BAIX EBRE,43133,ROQUETES,SERVEIS,1193106,
2014,TARRAGONA,BAIX EBRE,43133,ROQUETES,DOMÈSTIC,2683503,
2014,TARRAGONA,MONTSIA,43136,SANT CARLES DE LA RAPITA,INDUSTRIAL,,Dades subjectes a secret estadístic.
2014,TARRAGONA,MONTSIA,43136,SANT CARLES DE LA RAPITA,DOMÈSTIC,4492867,
2014,TARRAGONA,MONTSIA,43136,SANT CARLES DE LA RAPITA,SERVEIS,2085879,
2014,TARRAGONA,BAIX PENEDES,43140,SANTA OLIVA,SERVEIS,,Dades subjectes a secret estadístic.
2014,TARRAGONA,BAIX PENEDES,43140,SANTA OLIVA,DOMÈSTIC,341928,
2014,TARRAGONA,BAIX CAMP,43145,"SELVA DEL CAMP, LA",DOMÈSTIC,7564803,
2014,TARRAGONA,BAIX CAMP,43145,"SELVA DEL CAMP, LA",INDUSTRIAL,69792862,
2014,TARRAGONA,BAIX CAMP,43145,"SELVA DEL CAMP, LA",PRIMARI,,Dades subjectes a secret estadístic.
2014,TARRAGONA,BAIX CAMP,43145,"SELVA DEL CAMP, LA",SERVEIS,2456364,
2014,TARRAGONA,TARRAGONES,43148,TARRAGONA,DOMÈSTIC,143756756,
2014,TARRAGONA,TARRAGONES,43148,TARRAGONA,CT RO,,Dades subjectes a secret estadístic. Inclou el consum de centrals tèrmiques de l'antic règim ordinari.
2014,TARRAGONA,TARRAGONES,43148,TARRAGONA,INDUSTRIAL,1103025915,Inclou el consum del sector energètic.
2014,TARRAGONA,TARRAGONES,43148,TARRAGONA,SERVEIS,54618213,
2014,TARRAGONA,RIBERA D'EBRE,43150,TIVISSA,DOMÈSTIC,1482243,
2014,TARRAGONA,TARRAGONES,43153,TORREDEMBARRA,SERVEIS,2338250,
2014,TARRAGONA,TARRAGONES,43153,TORREDEMBARRA,DOMÈSTIC,15399945,
2014,TARRAGONA,BAIX EBRE,43155,TORTOSA,SERVEIS,21724233,
2014,TARRAGONA,BAIX EBRE,43155,TORTOSA,INDUSTRIAL,,Dades subjectes a secret estadístic.
2014,TARRAGONA,BAIX EBRE,43155,TORTOSA,DOMÈSTIC,19941854,
2014,TARRAGONA,MONTSIA,43156,ULLDECONA,SERVEIS,37721,
2014,TARRAGONA,MONTSIA,43156,ULLDECONA,INDUSTRIAL,,Dades subjectes a secret estadístic.
2014,TARRAGONA,MONTSIA,43156,ULLDECONA,DOMÈSTIC,2655103,
2014,TARRAGONA,ALT CAMP,43160,VALLMOLL,INDUSTRIAL,,Dades subjectes a secret estadístic.
2014,TARRAGONA,ALT CAMP,43160,VALLMOLL,DOMÈSTIC,729914,
2014,TARRAGONA,ALT CAMP,43161,VALLS,SERVEIS,7912792,
2014,TARRAGONA,ALT CAMP,43161,VALLS,INDUSTRIAL,72000568,
2014,TARRAGONA,ALT CAMP,43161,VALLS,DOMÈSTIC,23607294,
2014,TARRAGONA,BAIX CAMP,43162,VANDELLOS I L'HOSPITALET DE L'INFANT,SERVEIS,769905,
2014,TARRAGONA,BAIX CAMP,43162,VANDELLOS I L'HOSPITALET DE L'INFANT,CT RO,,Dades subjectes a secret estadístic. Inclou el consum de centrals tèrmiques de l'antic règim ordinari.
2014,TARRAGONA,BAIX CAMP,43162,VANDELLOS I L'HOSPITALET DE L'INFANT,DOMÈSTIC,2261355,
2014,TARRAGONA,BAIX PENEDES,43163,"VENDRELL, EL",DOMÈSTIC,45309290,
2014,TARRAGONA,BAIX PENEDES,43163,"VENDRELL, EL",SERVEIS,21953470,
2014,TARRAGONA,TARRAGONES,43166,VILALLONGA DEL CAMP,DOMÈSTIC,2111846,
2014,TARRAGONA,TARRAGONES,43171,VILA-SECA,INDUSTRIAL,952217458,
2014,TARRAGONA,TARRAGONES,43171,VILA-SECA,SERVEIS,31276389,
2014,TARRAGONA,TARRAGONES,43171,VILA-SECA,DOMÈSTIC,21864333,
2014,TARRAGONA,BAIX CAMP,43178,VINYOLS I ELS ARCS,SERVEIS,,Dades subjectes a secret estadístic.
2014,TARRAGONA,BAIX CAMP,43178,VINYOLS I ELS ARCS,DOMÈSTIC,745051,
2014,TARRAGONA,BAIX EBRE,43904,"ALDEA, L'",DOMÈSTIC,497966,
2014,TARRAGONA,BAIX EBRE,43904,"ALDEA, L'",INDUSTRIAL,,Dades subjectes a secret estadístic.
2014,TARRAGONA,BAIX EBRE,43904,"ALDEA, L'",SERVEIS,,Dades subjectes a secret estadístic.
2014,TARRAGONA,TARRAGONES,43905,SALOU,DOMÈSTIC,25130593,
2014,TARRAGONA,TARRAGONES,43905,SALOU,SERVEIS,40619361,
2014,TARRAGONA,BAIX EBRE,43906,"AMPOLLA, L'",DOMÈSTIC,6015,
2014,TARRAGONA,TARRAGONES,43907,"CANONJA, LA",SERVEIS,830384,
2014,TARRAGONA,TARRAGONES,43907,"CANONJA, LA",INDUSTRIAL,,Dades subjectes a secret estadístic.
2014,TARRAGONA,TARRAGONES,43907,"CANONJA, LA",DOMÈSTIC,6470005,
2013,BARCELONA,BAIX LLOBREGAT,08001,ABRERA,SERVEIS,3127048,
2013,BARCELONA,BAIX LLOBREGAT,08001,ABRERA,INDUSTRIAL,13607863,
2013,BARCELONA,BAIX LLOBREGAT,08001,ABRERA,DOMÈSTIC,17660769,
2013,BARCELONA,MARESME,08003,ALELLA,SERVEIS,6373153,
2013,BARCELONA,MARESME,08003,ALELLA,DOMÈSTIC,30932028,
2013,BARCELONA,VALLES ORIENTAL,08005,"AMETLLA DEL VALLES, L'",SERVEIS,1908911,
2013,BARCELONA,VALLES ORIENTAL,08005,"AMETLLA DEL VALLES, L'",DOMÈSTIC,10796221,
2013,BARCELONA,MARESME,08006,ARENYS DE MAR,INDUSTRIAL,,Dades subjectes a secret estadístic.
2013,BARCELONA,MARESME,08006,ARENYS DE MAR,SERVEIS,9221828,
2013,BARCELONA,MARESME,08006,ARENYS DE MAR,DOMÈSTIC,30556431,
2013,BARCELONA,MARESME,08007,ARENYS DE MUNT,INDUSTRIAL,,Dades subjectes a secret estadístic.
2013,BARCELONA,MARESME,08007,ARENYS DE MUNT,SERVEIS,4216516,
2013,BARCELONA,MARESME,08007,ARENYS DE MUNT,DOMÈSTIC,16937750,
2013,BARCELONA,MARESME,08009,ARGENTONA,SERVEIS,3256047,
2013,BARCELONA,MARESME,08009,ARGENTONA,INDUSTRIAL,19846021,
2013,BARCELONA,MARESME,08009,ARGENTONA,DOMÈSTIC,25931826,
2013,BARCELONA,BAGES,08010,ARTES,SERVEIS,1528381,
2013,BARCELONA,BAGES,08010,ARTES,INDUSTRIAL,,Dades subjectes a secret estadístic.
2013,BARCELONA,BAGES,08010,ARTES,DOMÈSTIC,8597048,
2013,BARCELONA,BERGUEDA,08011,AVIA,SERVEIS,,Dades subjectes a secret estadístic.
2013,BARCELONA,BERGUEDA,08011,AVIA,DOMÈSTIC,3311735,
2013,BARCELONA,ALT PENEDES,08013,AVINYONET DEL PENEDES,INDUSTRIAL,,Dades subjectes a secret estadístic.
2013,BARCELONA,VALLES ORIENTAL,08014,AIGUAFREDA,SERVEIS,1906049,
2013,BARCELONA,VALLES ORIENTAL,08014,AIGUAFREDA,DOMÈSTIC,7176130,
2013,BARCELONA,BARCELONES,08015,BADALONA,INDUSTRIAL,37284731,
2013,BARCELONA,BARCELONES,08015,BADALONA,SERVEIS,55830456,
2013,BARCELONA,BARCELONES,08015,BADALONA,DOMÈSTIC,279597249,
2013,BARCELONA,OSONA,08017,BALENYA,INDUSTRIAL,3598807,
2013,BARCELONA,OSONA,08017,BALENYA,SERVEIS,2183134,
2013,BARCELONA,OSONA,08017,BALENYA,DOMÈSTIC,7834633,
2013,BARCELONA,BAGES,08018,BALSARENY,INDUSTRIAL,,Dades subjectes a secret estadístic.
2013,BARCELONA,BAGES,08018,BALSARENY,SERVEIS,608494,
2013,BARCELONA,BAGES,08018,BALSARENY,DOMÈSTIC,7243489,
2013,BARCELONA,BARCELONES,08019,BARCELONA,CT RO,,Dades subjectes a secret estadístic. Inclou el consum de centrals tèrmiques de l'antic règim ordinari.
2013,BARCELONA,BARCELONES,08019,BARCELONA,INDUSTRIAL,1501602749,
2013,BARCELONA,BARCELONES,08019,BARCELONA,SERVEIS,1867870575,Inclou el consum del sector transport.
2013,BARCELONA,BARCELONES,08019,BARCELONA,DOMÈSTIC,2516415504,
2013,BARCELONA,BERGUEDA,08022,BERGA,INDUSTRIAL,,Dades subjectes a secret estadístic.
2013,BARCELONA,BERGUEDA,08022,BERGA,SERVEIS,8277878,
2013,BARCELONA,BERGUEDA,08022,BERGA,DOMÈSTIC,37292929,
2013,BARCELONA,MARESME,08029,CABRERA DE MAR,INDUSTRIAL,30016406,
2013,BARCELONA,MARESME,08029,CABRERA DE MAR,SERVEIS,9398468,
2013,BARCELONA,MARESME,08029,CABRERA DE MAR,DOMÈSTIC,12884087,
2013,BARCELONA,MARESME,08030,CABRILS,SERVEIS,3434121,
2013,BARCELONA,MARESME,08030,CABRILS,DOMÈSTIC,28522623,
2013,BARCELONA,ANOIA,08031,CALAF,INDUSTRIAL,,Dades subjectes a secret estadístic.
2013,BARCELONA,ANOIA,08031,CALAF,SERVEIS,2249007,
2013,BARCELONA,ANOIA,08031,CALAF,DOMÈSTIC,7880853,
2013,BARCELONA,MARESME,08032,CALDES D'ESTRAC,SERVEIS,2865109,
2013,BARCELONA,MARESME,08032,CALDES D'ESTRAC,DOMÈSTIC,7898595,
2013,BARCELONA,VALLES ORIENTAL,08033,CALDES DE MONTBUI,CT RO,,Dades subjectes a secret estadístic. Inclou el consum de centrals tèrmiques de l'antic règim ordinari.
2013,BARCELONA,VALLES ORIENTAL,08033,CALDES DE MONTBUI,INDUSTRIAL,28883186,
2013,BARCELONA,VALLES ORIENTAL,08033,CALDES DE MONTBUI,SERVEIS,9338742,
2013,BARCELONA,VALLES ORIENTAL,08033,CALDES DE MONTBUI,DOMÈSTIC,23737159,
2013,BARCELONA,MARESME,08035,CALELLA,SERVEIS,23734520,
2013,BARCELONA,MARESME,08035,CALELLA,DOMÈSTIC,26377947,
2013,BARCELONA,ANOIA,08036,CALONGE DE SEGARRA,INDUSTRIAL,,Dades subjectes a secret estadístic.
2013,BARCELONA,BAGES,08038,CALLUS,SERVEIS,549744,
2013,BARCELONA,BAGES,08038,CALLUS,DOMÈSTIC,3390845,
2013,BARCELONA,MARESME,08040,CANET DE MAR,INDUSTRIAL,,Dades subjectes a secret estadístic.
2013,BARCELONA,MARESME,08040,CANET DE MAR,SERVEIS,4906996,
2013,BARCELONA,MARESME,08040,CANET DE MAR,DOMÈSTIC,25095004,
2013,BARCELONA,VALLES ORIENTAL,08041,CANOVELLES,INDUSTRIAL,43798569,
2013,BARCELONA,VALLES ORIENTAL,08041,CANOVELLES,SERVEIS,3594445,
2013,BARCELONA,VALLES ORIENTAL,08041,CANOVELLES,DOMÈSTIC,25486508,
2013,BARCELONA,ANOIA,08044,CAPELLADES,INDUSTRIAL,,Dades subjectes a secret estadístic.
2013,BARCELONA,ANOIA,08044,CAPELLADES,SERVEIS,1499889,
2013,BARCELONA,ANOIA,08044,CAPELLADES,DOMÈSTIC,12522885,
2013,BARCELONA,VALLES ORIENTAL,08046,CARDEDEU,INDUSTRIAL,7978950,
2013,BARCELONA,VALLES ORIENTAL,08046,CARDEDEU,SERVEIS,5150390,
2013,BARCELONA,VALLES ORIENTAL,08046,CARDEDEU,DOMÈSTIC,34573363,
2013,BARCELONA,BERGUEDA,08049,CASSERRES,INDUSTRIAL,,Dades subjectes a secret estadístic.
2013,BARCELONA,VALLES OCCIDENTAL,08051,CASTELLAR DEL VALLES,INDUSTRIAL,,Dades subjectes a secret estadístic.
2013,BARCELONA,VALLES OCCIDENTAL,08051,CASTELLAR DEL VALLES,SERVEIS,7765140,
2013,BARCELONA,VALLES OCCIDENTAL,08051,CASTELLAR DEL VALLES,DOMÈSTIC,53008261,
2013,BARCELONA,BAGES,08053,CASTELLBELL I EL VILAR,SERVEIS,567516,
2013,BARCELONA,BAGES,08053,CASTELLBELL I EL VILAR,DOMÈSTIC,4870437,
2013,BARCELONA,VALLES OCCIDENTAL,08054,CASTELLBISBAL,INDUSTRIAL,2184308444,
2013,BARCELONA,VALLES OCCIDENTAL,08054,CASTELLBISBAL,DOMÈSTIC,21490325,
2013,BARCELONA,VALLES OCCIDENTAL,08054,CASTELLBISBAL,SERVEIS,6293793,
2013,BARCELONA,BAIX LLOBREGAT,08056,CASTELLDEFELS,SERVEIS,30314750,
2013,BARCELONA,BAIX LLOBREGAT,08056,CASTELLDEFELS,DOMÈSTIC,103710462,
2013,BARCELONA,ALT PENEDES,08058,CASTELLET I LA GORNAL,SERVEIS,,Dades subjectes a secret estadístic.
2013,BARCELONA,ALT PENEDES,08058,CASTELLET I LA GORNAL,DOMÈSTIC,1259902,
2013,BARCELONA,ALT PENEDES,08058,CASTELLET I LA GORNAL,INDUSTRIAL,,Dades subjectes a secret estadístic.
2013,BARCELONA,BAGES,08061,CASTELLGALI,DOMÈSTIC,1762422,
2013,BARCELONA,BAGES,08061,CASTELLGALI,INDUSTRIAL,,Dades subjectes a secret estadístic.
2013,BARCELONA,BAGES,08061,CASTELLGALI,SERVEIS,271879,
2013,BARCELONA,VALLES ORIENTAL,08064,CASTELLTERÇOL,DOMÈSTIC,3084918,
2013,BARCELONA,VALLES ORIENTAL,08064,CASTELLTERÇOL,SERVEIS,378929,
2013,BARCELONA,OSONA,08067,CENTELLES,INDUSTRIAL,22133363,
2013,BARCELONA,OSONA,08067,CENTELLES,DOMÈSTIC,17147982,
2013,BARCELONA,OSONA,08067,CENTELLES,SERVEIS,2790897,
2013,BARCELONA,BAIX LLOBREGAT,08068,CERVELLO,INDUSTRIAL,,Dades subjectes a secret estadístic.
2013,BARCELONA,BAIX LLOBREGAT,08068,CERVELLO,DOMÈSTIC,13427745,
2013,BARCELONA,BAIX LLOBREGAT,08068,CERVELLO,SERVEIS,2724346,
2013,BARCELONA,BAIX LLOBREGAT,08072,CORBERA DE LLOBREGAT,SERVEIS,1168799,
2013,BARCELONA,BAIX LLOBREGAT,08072,CORBERA DE LLOBREGAT,INDUSTRIAL,,Dades subjectes a secret estadístic.
2013,BARCELONA,BAIX LLOBREGAT,08072,CORBERA DE LLOBREGAT,DOMÈSTIC,8802406,
2013,BARCELONA,BAIX LLOBREGAT,08073,CORNELLA DE LLOBREGAT,INDUSTRIAL,83081013,
2013,BARCELONA,BAIX LLOBREGAT,08073,CORNELLA DE LLOBREGAT,SERVEIS,41519474,
2013,BARCELONA,BAIX LLOBREGAT,08073,CORNELLA DE LLOBREGAT,DOMÈSTIC,92581608,
2013,BARCELONA,GARRAF,08074,CUBELLES,SERVEIS,1374862,
2013,BARCELONA,GARRAF,08074,CUBELLES,DOMÈSTIC,21373090,
2013,BARCELONA,MARESME,08075,DOSRIUS,INDUSTRIAL,39237653,
2013,BARCELONA,MARESME,08075,DOSRIUS,DOMÈSTIC,3140995,
2013,BARCELONA,MARESME,08075,DOSRIUS,SERVEIS,796473,
2013,BARCELONA,BAIX LLOBREGAT,08076,ESPARREGUERA,INDUSTRIAL,27923244,
2013,BARCELONA,BAIX LLOBREGAT,08076,ESPARREGUERA,DOMÈSTIC,37153497,
2013,BARCELONA,BAIX LLOBREGAT,08076,ESPARREGUERA,SERVEIS,4965610,
2013,BARCELONA,BAIX LLOBREGAT,08077,ESPLUGUES DE LLOBREGAT,DOMÈSTIC,66557128,
2013,BARCELONA,BAIX LLOBREGAT,08077,ESPLUGUES DE LLOBREGAT,INDUSTRIAL,,Dades subjectes a secret estadístic.
2013,BARCELONA,BAIX LLOBREGAT,08077,ESPLUGUES DE LLOBREGAT,SERVEIS,30593939,
2013,BARCELONA,SELVA,08082,FOGARS DE LA SELVA,SERVEIS,,Dades subjectes a secret estadístic.
2013,BARCELONA,SELVA,08082,FOGARS DE LA SELVA,INDUSTRIAL,,Dades subjectes a secret estadístic.
2013,BARCELONA,VALLES ORIENTAL,08086,"FRANQUESES DEL VALLES, LES",INDUSTRIAL,180510507,
2013,BARCELONA,VALLES ORIENTAL,08086,"FRANQUESES DEL VALLES, LES",SERVEIS,5238641,
2013,BARCELONA,VALLES ORIENTAL,08086,"FRANQUESES DEL VALLES, LES",DOMÈSTIC,34437650,
2013,BARCELONA,VALLES ORIENTAL,08088,"GARRIGA, LA",INDUSTRIAL,,Dades subjectes a secret estadístic.
2013,BARCELONA,VALLES ORIENTAL,08088,"GARRIGA, LA",SERVEIS,7034580,
2013,BARCELONA,VALLES ORIENTAL,08088,"GARRIGA, LA",DOMÈSTIC,35641755,
2013,BARCELONA,BAIX LLOBREGAT,08089,GAVA,INDUSTRIAL,,Dades subjectes a secret estadístic.
2013,BARCELONA,BAIX LLOBREGAT,08089,GAVA,SERVEIS,16941203,
2013,BARCELONA,BAIX LLOBREGAT,08089,GAVA,DOMÈSTIC,65091582,
2013,BARCELONA,ALT PENEDES,08091,GELIDA,INDUSTRIAL,,Dades subjectes a secret estadístic.
2013,BARCELONA,ALT PENEDES,08091,GELIDA,SERVEIS,470568,
2013,BARCELONA,ALT PENEDES,08091,GELIDA,DOMÈSTIC,5675378,
2013,BARCELONA,BERGUEDA,08092,GIRONELLA,SERVEIS,804882,
2013,BARCELONA,BERGUEDA,08092,GIRONELLA,DOMÈSTIC,11221038,
2013,BARCELONA,ALT PENEDES,08094,"GRANADA, LA",DOMÈSTIC,2577784,
2013,BARCELONA,ALT PENEDES,08094,"GRANADA, LA",SERVEIS,,Dades subjectes a secret estadístic.
2013,BARCELONA,VALLES ORIENTAL,08096,GRANOLLERS,DOMÈSTIC,114704075,
2013,BARCELONA,VALLES ORIENTAL,08096,GRANOLLERS,SERVEIS,130525456,
2013,BARCELONA,VALLES ORIENTAL,08096,GRANOLLERS,INDUSTRIAL,227782976,
2013,BARCELONA,VALLES ORIENTAL,08097,GUALBA,INDUSTRIAL,,Dades subjectes a secret estadístic.
2013,BARCELONA,BAGES,08098,SANT SALVADOR DE GUARDIOLA,DOMÈSTIC,2842286,
2013,BARCELONA,BAGES,08098,SANT SALVADOR DE GUARDIOLA,INDUSTRIAL,,Dades subjectes a secret estadístic.
2013,BARCELONA,OSONA,08100,GURB,DOMÈSTIC,5118104,
2013,BARCELONA,OSONA,08100,GURB,INDUSTRIAL,77727884,
2013,BARCELONA,OSONA,08100,GURB,SERVEIS,745886,
2013,BARCELONA,BARCELONES,08101,"HOSPITALET DE LLOBREGAT, L'",INDUSTRIAL,17068739,
2013,BARCELONA,BARCELONES,08101,"HOSPITALET DE LLOBREGAT, L'",SERVEIS,118241062,Inclou el consum del sector transport.
2013,BARCELONA,BARCELONES,08101,"HOSPITALET DE LLOBREGAT, L'",DOMÈSTIC,229628860,
2013,BARCELONA,ANOIA,08102,IGUALADA,SERVEIS,28007653,Inclou el consum del sector transport.
2013,BARCELONA,ANOIA,08102,IGUALADA,INDUSTRIAL,37961963,
2013,BARCELONA,ANOIA,08102,IGUALADA,DOMÈSTIC,84800998,
2013,BARCELONA,VALLES ORIENTAL,08105,"LLAGOSTA, LA",SERVEIS,3198670,
2013,BARCELONA,VALLES ORIENTAL,08105,"LLAGOSTA, LA",INDUSTRIAL,28050995,
2013,BARCELONA,VALLES ORIENTAL,08105,"LLAGOSTA, LA",DOMÈSTIC,18879797,
2013,BARCELONA,VALLES ORIENTAL,08106,LLINARS DEL VALLES,INDUSTRIAL,25693858,
2013,BARCELONA,VALLES ORIENTAL,08106,LLINARS DEL VALLES,SERVEIS,2550551,
2013,BARCELONA,VALLES ORIENTAL,08106,LLINARS DEL VALLES,DOMÈSTIC,16794276,
2013,BARCELONA,VALLES ORIENTAL,08107,LLIÇA D'AMUNT,INDUSTRIAL,,Dades subjectes a secret estadístic.
2013,BARCELONA,VALLES ORIENTAL,08107,LLIÇA D'AMUNT,SERVEIS,,Dades subjectes a secret estadístic.
2013,BARCELONA,VALLES ORIENTAL,08107,LLIÇA D'AMUNT,DOMÈSTIC,10627816,
2013,BARCELONA,VALLES ORIENTAL,08108,LLIÇA DE VALL,SERVEIS,686586,
2013,BARCELONA,VALLES ORIENTAL,08108,LLIÇA DE VALL,DOMÈSTIC,7440996,
2013,BARCELONA,VALLES ORIENTAL,08108,LLIÇA DE VALL,INDUSTRIAL,23881984,
2013,BARCELONA,MARESME,08110,MALGRAT DE MAR,INDUSTRIAL,68808592,
2013,BARCELONA,MARESME,08110,MALGRAT DE MAR,SERVEIS,11219157,
2013,BARCELONA,MARESME,08110,MALGRAT DE MAR,DOMÈSTIC,36013780,
2013,BARCELONA,OSONA,08112,MANLLEU,DOMÈSTIC,30849031,
2013,BARCELONA,OSONA,08112,MANLLEU,INDUSTRIAL,31427301,
2013,BARCELONA,OSONA,08112,MANLLEU,SERVEIS,6692069,
2013,BARCELONA,BAGES,08113,MANRESA,INDUSTRIAL,40835924,
2013,BARCELONA,BAGES,08113,MANRESA,DOMÈSTIC,189706569,
2013,BARCELONA,BAGES,08113,MANRESA,SERVEIS,56821630,
2013,BARCELONA,BAIX LLOBREGAT,08114,MARTORELL,SERVEIS,14993330,
2013,BARCELONA,BAIX LLOBREGAT,08114,MARTORELL,INDUSTRIAL,1665782318,
2013,BARCELONA,BAIX LLOBREGAT,08114,MARTORELL,DOMÈSTIC,46213035,
2013,BARCELONA,VALLES ORIENTAL,08115,MARTORELLES,SERVEIS,719098,
2013,BARCELONA,VALLES ORIENTAL,08115,MARTORELLES,INDUSTRIAL,74554040,
2013,BARCELONA,VALLES ORIENTAL,08115,MARTORELLES,DOMÈSTIC,8975376,
2013,BARCELONA,OSONA,08116,"MASIES DE RODA, LES",DOMÈSTIC,161369,
2013,BARCELONA,OSONA,08116,"MASIES DE RODA, LES",SERVEIS,,Dades subjectes a secret estadístic.
2013,BARCELONA,OSONA,08117,"MASIES DE VOLTREGA, LES",DOMÈSTIC,4621487,
2013,BARCELONA,OSONA,08117,"MASIES DE VOLTREGA, LES",INDUSTRIAL,,Dades subjectes a secret estadístic.
2013,BARCELONA,OSONA,08117,"MASIES DE VOLTREGA, LES",SERVEIS,1069906,
2013,BARCELONA,MARESME,08118,"MASNOU, EL",SERVEIS,8359258,
2013,BARCELONA,MARESME,08118,"MASNOU, EL",INDUSTRIAL,67098162,
2013,BARCELONA,MARESME,08118,"MASNOU, EL",DOMÈSTIC,47636893,
2013,BARCELONA,MARESME,08118,"MASNOU, EL",PRIMARI,,Dades subjectes a secret estadístic.
2013,BARCELONA,ANOIA,08119,MASQUEFA,DOMÈSTIC,5273618,
2013,BARCELONA,ANOIA,08119,MASQUEFA,SERVEIS,373025,
2013,BARCELONA,VALLES OCCIDENTAL,08120,MATADEPERA,SERVEIS,11265929,
2013,BARCELONA,VALLES OCCIDENTAL,08120,MATADEPERA,DOMÈSTIC,29142336,
2013,BARCELONA,MARESME,08121,MATARO,PRIMARI,,Dades subjectes a secret estadístic.
2013,BARCELONA,MARESME,08121,MATARO,SERVEIS,94607864,
2013,BARCELONA,MARESME,08121,MATARO,INDUSTRIAL,74901953,
2013,BARCELONA,MARESME,08121,MATARO,DOMÈSTIC,158913989,
2013,BARCELONA,ALT PENEDES,08122,MEDIONA,INDUSTRIAL,,Dades subjectes a secret estadístic.
2013,BARCELONA,ALT PENEDES,08122,MEDIONA,SERVEIS,,Dades subjectes a secret estadístic.
2013,BARCELONA,ALT PENEDES,08122,MEDIONA,DOMÈSTIC,3372545,
2013,BARCELONA,BAIX LLOBREGAT,08123,MOLINS DE REI,SERVEIS,8302308,
2013,BARCELONA,BAIX LLOBREGAT,08123,MOLINS DE REI,INDUSTRIAL,6974012,
2013,BARCELONA,BAIX LLOBREGAT,08123,MOLINS DE REI,DOMÈSTIC,39504971,
2013,BARCELONA,VALLES ORIENTAL,08124,MOLLET DEL VALLES,INDUSTRIAL,255782492,
2013,BARCELONA,VALLES ORIENTAL,08124,MOLLET DEL VALLES,DOMÈSTIC,88160104,
2013,BARCELONA,VALLES ORIENTAL,08124,MOLLET DEL VALLES,SERVEIS,17332859,
2013,BARCELONA,VALLES OCCIDENTAL,08125,MONTCADA I REIXAC,SERVEIS,11156199,
2013,BARCELONA,VALLES OCCIDENTAL,08125,MONTCADA I REIXAC,DOMÈSTIC,60761718,
2013,BARCELONA,VALLES OCCIDENTAL,08125,MONTCADA I REIXAC,INDUSTRIAL,75947943,
2013,BARCELONA,MARESME,08126,MONTGAT,INDUSTRIAL,,Dades subjectes a secret estadístic.
2013,BARCELONA,MARESME,08126,MONTGAT,SERVEIS,3338265,
2013,BARCELONA,MARESME,08126,MONTGAT,DOMÈSTIC,18833235,
2013,BARCELONA,BAGES,08127,MONISTROL DE MONTSERRAT,INDUSTRIAL,,Dades subjectes a secret estadístic.
2013,BARCELONA,OSONA,08131,MONTESQUIU,SERVEIS,,Dades subjectes a secret estadístic.
2013,BARCELONA,OSONA,08131,MONTESQUIU,DOMÈSTIC,2437983,
2013,BARCELONA,VALLES ORIENTAL,08134,FIGARO-MONTMANY,SERVEIS,761298,
2013,BARCELONA,VALLES ORIENTAL,08134,FIGARO-MONTMANY,DOMÈSTIC,3004868,
2013,BARCELONA,VALLES ORIENTAL,08135,MONTMELO,SERVEIS,2296808,
2013,BARCELONA,VALLES ORIENTAL,08135,MONTMELO,INDUSTRIAL,170677436,Inclou el consum del sector energètic.
2013,BARCELONA,VALLES ORIENTAL,08135,MONTMELO,DOMÈSTIC,17612634,
2013,BARCELONA,VALLES ORIENTAL,08136,MONTORNES DEL VALLES,INDUSTRIAL,90488800,
2013,BARCELONA,VALLES ORIENTAL,08136,MONTORNES DEL VALLES,DOMÈSTIC,29227713,
2013,BARCELONA,VALLES ORIENTAL,08136,MONTORNES DEL VALLES,SERVEIS,51473830,
2013,BARCELONA,BAGES,08138,MOIA,SERVEIS,387601,
2013,BARCELONA,BAGES,08138,MOIA,DOMÈSTIC,2890369,
2013,BARCELONA,BAGES,08140,NAVARCLES,SERVEIS,1311032,
2013,BARCELONA,BAGES,08140,NAVARCLES,DOMÈSTIC,13084356,
2013,BARCELONA,BAGES,08141,NAVAS,INDUSTRIAL,,Dades subjectes a secret estadístic.
2013,BARCELONA,BAGES,08141,NAVAS,SERVEIS,2520283,
2013,BARCELONA,BAGES,08141,NAVAS,DOMÈSTIC,14375829,
2013,BARCELONA,ANOIA,08143,ODENA,INDUSTRIAL,,Dades subjectes a secret estadístic.
2013,BARCELONA,ANOIA,08143,ODENA,SERVEIS,,Dades subjectes a secret estadístic.
2013,BARCELONA,ANOIA,08143,ODENA,DOMÈSTIC,4155843,
2013,BARCELONA,ALT PENEDES,08145,OLERDOLA,INDUSTRIAL,23599476,
2013,BARCELONA,ALT PENEDES,08145,OLERDOLA,SERVEIS,5591396,
2013,BARCELONA,ALT PENEDES,08145,OLERDOLA,DOMÈSTIC,3916977,
2013,BARCELONA,BAIX LLOBREGAT,08147,OLESA DE MONTSERRAT,INDUSTRIAL,285168110,
2013,BARCELONA,BAIX LLOBREGAT,08147,OLESA DE MONTSERRAT,SERVEIS,5067175,
2013,BARCELONA,BAIX LLOBREGAT,08147,OLESA DE MONTSERRAT,DOMÈSTIC,42041981,
2013,BARCELONA,ALT PENEDES,08154,PACS DEL PENEDES,INDUSTRIAL,,Dades subjectes a secret estadístic.
2013,BARCELONA,MARESME,08155,PALAFOLLS,INDUSTRIAL,103316612,
2013,BARCELONA,MARESME,08155,PALAFOLLS,DOMÈSTIC,11026880,
2013,BARCELONA,MARESME,08155,PALAFOLLS,SERVEIS,20757444,
2013,BARCELONA,MARESME,08155,PALAFOLLS,PRIMARI,5123359,
2013,BARCELONA,VALLES OCCIDENTAL,08156,PALAU-SOLITA I PLEGAMANS,DOMÈSTIC,27629941,
2013,BARCELONA,VALLES OCCIDENTAL,08156,PALAU-SOLITA I PLEGAMANS,INDUSTRIAL,45884628,
2013,BARCELONA,VALLES OCCIDENTAL,08156,PALAU-SOLITA I PLEGAMANS,SERVEIS,7545649,
2013,BARCELONA,BAIX LLOBREGAT,08157,PALLEJA,SERVEIS,3714648,
2013,BARCELONA,BAIX LLOBREGAT,08157,PALLEJA,DOMÈSTIC,21955665,
2013,BARCELONA,BAIX LLOBREGAT,08158,"PAPIOL, EL",DOMÈSTIC,8465815,
2013,BARCELONA,BAIX LLOBREGAT,08158,"PAPIOL, EL",SERVEIS,1420740,
2013,BARCELONA,VALLES ORIENTAL,08159,PARETS DEL VALLES,SERVEIS,20458904,
2013,BARCELONA,VALLES ORIENTAL,08159,PARETS DEL VALLES,INDUSTRIAL,217472756,
2013,BARCELONA,VALLES ORIENTAL,08159,PARETS DEL VALLES,DOMÈSTIC,39476813,
2013,BARCELONA,ANOIA,08161,PIERA,SERVEIS,2595674,
2013,BARCELONA,ANOIA,08161,PIERA,INDUSTRIAL,,Dades subjectes a secret estadístic.
2013,BARCELONA,ANOIA,08161,PIERA,DOMÈSTIC,10886521,
2013,BARCELONA,ANOIA,08162,"HOSTALETS DE PIEROLA, ELS",SERVEIS,,Dades subjectes a secret estadístic.
2013,BARCELONA,ANOIA,08162,"HOSTALETS DE PIEROLA, ELS",DOMÈSTIC,1143758,
2013,BARCELONA,MARESME,08163,PINEDA DE MAR,SERVEIS,9703088,
2013,BARCELONA,MARESME,08163,PINEDA DE MAR,INDUSTRIAL,29748501,
2013,BARCELONA,MARESME,08163,PINEDA DE MAR,DOMÈSTIC,39201500,
2013,BARCELONA,ANOIA,08165,"POBLA DE CLARAMUNT, LA",SERVEIS,,Dades subjectes a secret estadístic.
2013,BARCELONA,ANOIA,08165,"POBLA DE CLARAMUNT, LA",INDUSTRIAL,,Dades subjectes a secret estadístic.
2013,BARCELONA,ANOIA,08165,"POBLA DE CLARAMUNT, LA",DOMÈSTIC,2901643,
2013,BARCELONA,VALLES OCCIDENTAL,08167,POLINYA,SERVEIS,5502710,
2013,BARCELONA,VALLES OCCIDENTAL,08167,POLINYA,INDUSTRIAL,38850036,
2013,BARCELONA,VALLES OCCIDENTAL,08167,POLINYA,DOMÈSTIC,15932480,
2013,BARCELONA,BAIX LLOBREGAT,08169,"PRAT DE LLOBREGAT, EL",SERVEIS,221463326,Inclou el consum del sector transport.
2013,BARCELONA,BAIX LLOBREGAT,08169,"PRAT DE LLOBREGAT, EL",INDUSTRIAL,520107659,
2013,BARCELONA,BAIX LLOBREGAT,08169,"PRAT DE LLOBREGAT, EL",DOMÈSTIC,72006039,
2013,BARCELONA,MARESME,08172,PREMIA DE MAR,INDUSTRIAL,,Dades subjectes a secret estadístic.
2013,BARCELONA,MARESME,08172,PREMIA DE MAR,SERVEIS,5917701,
2013,BARCELONA,MARESME,08172,PREMIA DE MAR,DOMÈSTIC,48975131,
2013,BARCELONA,BERGUEDA,08175,PUIG-REIG,SERVEIS,2564831,
2013,BARCELONA,BERGUEDA,08175,PUIG-REIG,INDUSTRIAL,,Dades subjectes a secret estadístic.
2013,BARCELONA,BERGUEDA,08175,PUIG-REIG,DOMÈSTIC,12120675,
2013,BARCELONA,VALLES OCCIDENTAL,08180,RIPOLLET,SERVEIS,10268055,
2013,BARCELONA,VALLES OCCIDENTAL,08180,RIPOLLET,DOMÈSTIC,59443196,
2013,BARCELONA,VALLES OCCIDENTAL,08180,RIPOLLET,INDUSTRIAL,13034411,
2013,BARCELONA,VALLES ORIENTAL,08181,"ROCA DEL VALLES, LA",SERVEIS,16489996,
2013,BARCELONA,VALLES ORIENTAL,08181,"ROCA DEL VALLES, LA",DOMÈSTIC,21475903,
2013,BARCELONA,VALLES ORIENTAL,08181,"ROCA DEL VALLES, LA",INDUSTRIAL,,Dades subjectes a secret estadístic.
2013,BARCELONA,BAGES,08182,"PONT DE VILOMARA I ROCAFORT, EL",SERVEIS,737794,
2013,BARCELONA,BAGES,08182,"PONT DE VILOMARA I ROCAFORT, EL",DOMÈSTIC,8847785,
2013,BARCELONA,BAGES,08182,"PONT DE VILOMARA I ROCAFORT, EL",INDUSTRIAL,,Dades subjectes a secret estadístic.
2013,BARCELONA,OSONA,08183,RODA DE TER,DOMÈSTIC,10858913,
2013,BARCELONA,OSONA,08183,RODA DE TER,SERVEIS,1666078,
2013,BARCELONA,VALLES OCCIDENTAL,08184,RUBI,SERVEIS,20013891,
2013,BARCELONA,VALLES OCCIDENTAL,08184,RUBI,DOMÈSTIC,112617521,
2013,BARCELONA,VALLES OCCIDENTAL,08184,RUBI,INDUSTRIAL,159223955,
2013,BARCELONA,VALLES OCCIDENTAL,08187,SABADELL,SERVEIS,107487140,
2013,BARCELONA,VALLES OCCIDENTAL,08187,SABADELL,DOMÈSTIC,429878232,
2013,BARCELONA,VALLES OCCIDENTAL,08187,SABADELL,INDUSTRIAL,74368715,
2013,BARCELONA,BAGES,08191,SALLENT,INDUSTRIAL,,Dades subjectes a secret estadístic.
2013,BARCELONA,BAGES,08191,SALLENT,SERVEIS,6542652,
2013,BARCELONA,BAGES,08191,SALLENT,DOMÈSTIC,17645173,
2013,BARCELONA,BAGES,08192,SANTPEDOR,DOMÈSTIC,22836344,
2013,BARCELONA,BAGES,08192,SANTPEDOR,INDUSTRIAL,19680175,
2013,BARCELONA,BAGES,08192,SANTPEDOR,SERVEIS,7042192,
2013,BARCELONA,BARCELONES,08194,SANT ADRIA DE BESOS,SERVEIS,30042879,
2013,BARCELONA,BARCELONES,08194,SANT ADRIA DE BESOS,CT RO,,Dades subjectes a secret estadístic. Inclou el consum de centrals tèrmiques de l'antic règim ordinari.
2013,BARCELONA,BARCELONES,08194,SANT ADRIA DE BESOS,DOMÈSTIC,38178150,
2013,BARCELONA,BARCELONES,08194,SANT ADRIA DE BESOS,INDUSTRIAL,,Dades subjectes a secret estadístic.
2013,BARCELONA,BAIX LLOBREGAT,08196,SANT ANDREU DE LA BARCA,SERVEIS,9401201,
2013,BARCELONA,BAIX LLOBREGAT,08196,SANT ANDREU DE LA BARCA,DOMÈSTIC,44367945,
2013,BARCELONA,BAIX LLOBREGAT,08196,SANT ANDREU DE LA BARCA,INDUSTRIAL,36269746,
2013,BARCELONA,MARESME,08197,SANT ANDREU DE LLAVANERES,SERVEIS,5198128,
2013,BARCELONA,MARESME,08197,SANT ANDREU DE LLAVANERES,DOMÈSTIC,31653357,
2013,BARCELONA,MARESME,08197,SANT ANDREU DE LLAVANERES,PRIMARI,3715004,
2013,BARCELONA,VALLES ORIENTAL,08198,SANT ANTONI DE VILAMAJOR,SERVEIS,721180,
2013,BARCELONA,VALLES ORIENTAL,08198,SANT ANTONI DE VILAMAJOR,DOMÈSTIC,5418514,
2013,BARCELONA,VALLES ORIENTAL,08198,SANT ANTONI DE VILAMAJOR,INDUSTRIAL,,Dades subjectes a secret estadístic.
2013,BARCELONA,BAIX LLOBREGAT,08200,SANT BOI DE LLOBREGAT,SERVEIS,47436593,
2013,BARCELONA,BAIX LLOBREGAT,08200,SANT BOI DE LLOBREGAT,DOMÈSTIC,101931476,
2013,BARCELONA,BAIX LLOBREGAT,08200,SANT BOI DE LLOBREGAT,INDUSTRIAL,52711272,
2013,BARCELONA,VALLES ORIENTAL,08202,SANT CELONI,SERVEIS,7141304,
2013,BARCELONA,VALLES ORIENTAL,08202,SANT CELONI,DOMÈSTIC,35255488,
2013,BARCELONA,VALLES ORIENTAL,08202,SANT CELONI,INDUSTRIAL,205336792,
2013,BARCELONA,MARESME,08203,SANT CEBRIA DE VALLALTA,SERVEIS,,Dades subjectes a secret estadístic.
2013,BARCELONA,MARESME,08203,SANT CEBRIA DE VALLALTA,DOMÈSTIC,3634905,
2013,BARCELONA,MARESME,08203,SANT CEBRIA DE VALLALTA,INDUSTRIAL,,Dades subjectes a secret estadístic.
2013,BARCELONA,VALLES OCCIDENTAL,08205,SANT CUGAT DEL VALLES,SERVEIS,207851369,
2013,BARCELONA,VALLES OCCIDENTAL,08205,SANT CUGAT DEL VALLES,DOMÈSTIC,237948068,
2013,BARCELONA,VALLES OCCIDENTAL,08205,SANT CUGAT DEL VALLES,INDUSTRIAL,64439346,
2013,BARCELONA,ALT PENEDES,08206,SANT CUGAT SESGARRIGUES,SERVEIS,231605,
2013,BARCELONA,ALT PENEDES,08206,SANT CUGAT SESGARRIGUES,DOMÈSTIC,1649448,
2013,BARCELONA,VALLES ORIENTAL,08207,SANT ESTEVE DE PALAUTORDERA,SERVEIS,252985,
2013,BARCELONA,VALLES ORIENTAL,08207,SANT ESTEVE DE PALAUTORDERA,DOMÈSTIC,4504558,
2013,BARCELONA,BAIX LLOBREGAT,08208,SANT ESTEVE SESROVIRES,SERVEIS,30330688,
2013,BARCELONA,BAIX LLOBREGAT,08208,SANT ESTEVE SESROVIRES,INDUSTRIAL,28327467,
2013,BARCELONA,BAIX LLOBREGAT,08208,SANT ESTEVE SESROVIRES,DOMÈSTIC,14660604,
2013,BARCELONA,VALLES ORIENTAL,08209,SANT FOST DE CAMPSENTELLES,INDUSTRIAL,7137380,
2013,BARCELONA,VALLES ORIENTAL,08209,SANT FOST DE CAMPSENTELLES,SERVEIS,5132608,
2013,BARCELONA,VALLES ORIENTAL,08209,SANT FOST DE CAMPSENTELLES,DOMÈSTIC,12825277,
2013,BARCELONA,VALLES ORIENTAL,08210,SANT FELIU DE CODINES,SERVEIS,301674,
2013,BARCELONA,VALLES ORIENTAL,08210,SANT FELIU DE CODINES,DOMÈSTIC,4509999,
2013,BARCELONA,BAIX LLOBREGAT,08211,SANT FELIU DE LLOBREGAT,DOMÈSTIC,60978501,
2013,BARCELONA,BAIX LLOBREGAT,08211,SANT FELIU DE LLOBREGAT,INDUSTRIAL,16866384,
2013,BARCELONA,BAIX LLOBREGAT,08211,SANT FELIU DE LLOBREGAT,SERVEIS,21033134,
2013,BARCELONA,BAGES,08213,SANT FRUITOS DE BAGES,SERVEIS,8937231,
2013,BARCELONA,BAGES,08213,SANT FRUITOS DE BAGES,INDUSTRIAL,14302133,
2013,BARCELONA,BAGES,08213,SANT FRUITOS DE BAGES,DOMÈSTIC,21779654,
2013,BARCELONA,MARESME,08214,VILASSAR DE DALT,PRIMARI,,Dades subjectes a secret estadístic.
2013,BARCELONA,MARESME,08214,VILASSAR DE DALT,INDUSTRIAL,,Dades subjectes a secret estadístic.
2013,BARCELONA,MARESME,08214,VILASSAR DE DALT,DOMÈSTIC,24340614,
2013,BARCELONA,MARESME,08214,VILASSAR DE DALT,SERVEIS,3523668,
2013,BARCELONA,OSONA,08215,SANT HIPOLIT DE VOLTREGA,DOMÈSTIC,7183548,
2013,BARCELONA,OSONA,08215,SANT HIPOLIT DE VOLTREGA,SERVEIS,827662,
2013,BARCELONA,BAIX LLOBREGAT,08217,SANT JOAN DESPI,SERVEIS,19673159,
2013,BARCELONA,BAIX LLOBREGAT,08217,SANT JOAN DESPI,INDUSTRIAL,9395107,
2013,BARCELONA,BAIX LLOBREGAT,08217,SANT JOAN DESPI,DOMÈSTIC,40797350,
2013,BARCELONA,BAGES,08218,SANT JOAN DE VILATORRADA,INDUSTRIAL,,Dades subjectes a secret estadístic.
2013,BARCELONA,BAGES,08218,SANT JOAN DE VILATORRADA,SERVEIS,3196778,
2013,BARCELONA,BAGES,08218,SANT JOAN DE VILATORRADA,DOMÈSTIC,30979694,
2013,BARCELONA,MARESME,08219,VILASSAR DE MAR,SERVEIS,5685638,
2013,BARCELONA,MARESME,08219,VILASSAR DE MAR,INDUSTRIAL,,Dades subjectes a secret estadístic.
2013,BARCELONA,MARESME,08219,VILASSAR DE MAR,PRIMARI,6709691,
2013,BARCELONA,MARESME,08219,VILASSAR DE MAR,DOMÈSTIC,46740686,
2013,BARCELONA,BAIX LLOBREGAT,08221,SANT JUST DESVERN,SERVEIS,14111231,
2013,BARCELONA,BAIX LLOBREGAT,08221,SANT JUST DESVERN,INDUSTRIAL,10994147,
2013,BARCELONA,BAIX LLOBREGAT,08221,SANT JUST DESVERN,DOMÈSTIC,35037769,
2013,BARCELONA,OSONA,08224,SANT MARTI DE CENTELLES,DOMÈSTIC,2075132,
2013,BARCELONA,OSONA,08224,SANT MARTI DE CENTELLES,SERVEIS,,Dades subjectes a secret estadístic.
2013,BARCELONA,ANOIA,08228,SANT MARTI SESGUEIOLES,DOMÈSTIC,595331,
2013,BARCELONA,MARESME,08230,PREMIA DE DALT,SERVEIS,3348159,
2013,BARCELONA,MARESME,08230,PREMIA DE DALT,INDUSTRIAL,,Dades subjectes a secret estadístic.
2013,BARCELONA,MARESME,08230,PREMIA DE DALT,PRIMARI,5349820,
2013,BARCELONA,MARESME,08230,PREMIA DE DALT,DOMÈSTIC,27962177,
2013,BARCELONA,GARRAF,08231,SANT PERE DE RIBES,SERVEIS,15794945,
2013,BARCELONA,GARRAF,08231,SANT PERE DE RIBES,DOMÈSTIC,54546572,
2013,BARCELONA,ALT PENEDES,08232,SANT PERE DE RIUDEBITLLES,SERVEIS,,Dades subjectes a secret estadístic.
2013,BARCELONA,ALT PENEDES,08232,SANT PERE DE RIUDEBITLLES,INDUSTRIAL,45433101,
2013,BARCELONA,ALT PENEDES,08232,SANT PERE DE RIUDEBITLLES,DOMÈSTIC,4496494,
2013,BARCELONA,VALLES ORIENTAL,08234,SANT PERE DE VILAMAJOR,SERVEIS,,Dades subjectes a secret estadístic.
2013,BARCELONA,VALLES ORIENTAL,08234,SANT PERE DE VILAMAJOR,INDUSTRIAL,10773766,
2013,BARCELONA,VALLES ORIENTAL,08234,SANT PERE DE VILAMAJOR,DOMÈSTIC,1510692,
2013,BARCELONA,MARESME,08235,SANT POL DE MAR,SERVEIS,973533,
2013,BARCELONA,MARESME,08235,SANT POL DE MAR,DOMÈSTIC,10425554,
2013,BARCELONA,ALT PENEDES,08236,SANT QUINTI DE MEDIONA,INDUSTRIAL,,Dades subjectes a secret estadístic.
2013,BARCELONA,OSONA,08237,SANT QUIRZE DE BESORA,INDUSTRIAL,,Dades subjectes a secret estadístic.
2013,BARCELONA,OSONA,08237,SANT QUIRZE DE BESORA,SERVEIS,441084,
2013,BARCELONA,OSONA,08237,SANT QUIRZE DE BESORA,DOMÈSTIC,4449718,
2013,BARCELONA,VALLES OCCIDENTAL,08238,SANT QUIRZE DEL VALLES,SERVEIS,6442146,
2013,BARCELONA,VALLES OCCIDENTAL,08238,SANT QUIRZE DEL VALLES,INDUSTRIAL,29783653,
2013,BARCELONA,VALLES OCCIDENTAL,08238,SANT QUIRZE DEL VALLES,DOMÈSTIC,54680821,
2013,BARCELONA,ALT PENEDES,08240,SANT SADURNI D'ANOIA,SERVEIS,14131522,
2013,BARCELONA,ALT PENEDES,08240,SANT SADURNI D'ANOIA,INDUSTRIAL,,Dades subjectes a secret estadístic.
2013,BARCELONA,ALT PENEDES,08240,SANT SADURNI D'ANOIA,DOMÈSTIC,21813321,
2013,BARCELONA,BAIX LLOBREGAT,08244,SANTA COLOMA DE CERVELLO,INDUSTRIAL,,Dades subjectes a secret estadístic.
2013,BARCELONA,BAIX LLOBREGAT,08244,SANTA COLOMA DE CERVELLO,SERVEIS,674492,
2013,BARCELONA,BAIX LLOBREGAT,08244,SANTA COLOMA DE CERVELLO,DOMÈSTIC,13120992,
2013,BARCELONA,BARCELONES,08245,SANTA COLOMA DE GRAMENET,INDUSTRIAL,,Dades subjectes a secret estadístic.
2013,BARCELONA,BARCELONES,08245,SANTA COLOMA DE GRAMENET,SERVEIS,28079722,
2013,BARCELONA,BARCELONES,08245,SANTA COLOMA DE GRAMENET,DOMÈSTIC,124455439,
2013,BARCELONA,OSONA,08246,SANTA EUGENIA DE BERGA,INDUSTRIAL,52167235,
2013,BARCELONA,OSONA,08246,SANTA EUGENIA DE BERGA,DOMÈSTIC,261468,
2013,BARCELONA,VALLES ORIENTAL,08248,SANTA EULALIA DE RONÇANA,SERVEIS,,Dades subjectes a secret estadístic.
2013,BARCELONA,VALLES ORIENTAL,08248,SANTA EULALIA DE RONÇANA,DOMÈSTIC,,Dades subjectes a secret estadístic.
2013,BARCELONA,ANOIA,08250,SANTA MARGARIDA DE MONTBUI,SERVEIS,1315564,
2013,BARCELONA,ANOIA,08250,SANTA MARGARIDA DE MONTBUI,DOMÈSTIC,15336517,
2013,BARCELONA,ALT PENEDES,08251,SANTA MARGARIDA I ELS MONJOS,DOMÈSTIC,11709099,
2013,BARCELONA,ALT PENEDES,08251,SANTA MARGARIDA I ELS MONJOS,SERVEIS,1572960,
2013,BARCELONA,ALT PENEDES,08251,SANTA MARGARIDA I ELS MONJOS,INDUSTRIAL,235517041,
2013,BARCELONA,VALLES OCCIDENTAL,08252,BARBERA DEL VALLES,SERVEIS,15611873,
2013,BARCELONA,VALLES OCCIDENTAL,08252,BARBERA DEL VALLES,DOMÈSTIC,56883104,
2013,BARCELONA,VALLES OCCIDENTAL,08252,BARBERA DEL VALLES,INDUSTRIAL,69821230,
2013,BARCELONA,VALLES ORIENTAL,08259,SANTA MARIA DE PALAUTORDERA,SERVEIS,7443003,
2013,BARCELONA,VALLES ORIENTAL,08259,SANTA MARIA DE PALAUTORDERA,DOMÈSTIC,12484266,
2013,BARCELONA,VALLES ORIENTAL,08259,SANTA MARIA DE PALAUTORDERA,INDUSTRIAL,,Dades subjectes a secret estadístic.
2013,BARCELONA,VALLES OCCIDENTAL,08260,SANTA PERPETUA DE MOGODA,SERVEIS,12433520,
2013,BARCELONA,VALLES OCCIDENTAL,08260,SANTA PERPETUA DE MOGODA,INDUSTRIAL,347156525,
2013,BARCELONA,VALLES OCCIDENTAL,08260,SANTA PERPETUA DE MOGODA,DOMÈSTIC,46759130,
2013,BARCELONA,MARESME,08261,SANTA SUSANNA,SERVEIS,11812197,
2013,BARCELONA,MARESME,08261,SANTA SUSANNA,PRIMARI,,Dades subjectes a secret estadístic.
2013,BARCELONA,MARESME,08261,SANTA SUSANNA,DOMÈSTIC,4860688,
2013,BARCELONA,BAGES,08262,SANT VICENÇ DE CASTELLET,INDUSTRIAL,,Dades subjectes a secret estadístic.
2013,BARCELONA,BAGES,08262,SANT VICENÇ DE CASTELLET,DOMÈSTIC,20883253,
2013,BARCELONA,BAGES,08262,SANT VICENÇ DE CASTELLET,SERVEIS,5116937,
2013,BARCELONA,BAIX LLOBREGAT,08263,SANT VICENÇ DELS HORTS,SERVEIS,5281706,
2013,BARCELONA,BAIX LLOBREGAT,08263,SANT VICENÇ DELS HORTS,INDUSTRIAL,94254523,
2013,BARCELONA,BAIX LLOBREGAT,08263,SANT VICENÇ DELS HORTS,DOMÈSTIC,36346036,
2013,BARCELONA,MARESME,08264,SANT VICENÇ DE MONTALT,DOMÈSTIC,20418341,
2013,BARCELONA,MARESME,08264,SANT VICENÇ DE MONTALT,SERVEIS,1991699,
2013,BARCELONA,OSONA,08265,SANT VICENÇ DE TORELLO,DOMÈSTIC,2940225,
2013,BARCELONA,OSONA,08265,SANT VICENÇ DE TORELLO,SERVEIS,171867,
2013,BARCELONA,OSONA,08265,SANT VICENÇ DE TORELLO,INDUSTRIAL,,Dades subjectes a secret estadístic.
2013,BARCELONA,VALLES OCCIDENTAL,08266,CERDANYOLA DEL VALLES,DOMÈSTIC,122425566,
2013,BARCELONA,VALLES OCCIDENTAL,08266,CERDANYOLA DEL VALLES,INDUSTRIAL,55645490,
2013,BARCELONA,VALLES OCCIDENTAL,08266,CERDANYOLA DEL VALLES,SERVEIS,152773949,
2013,BARCELONA,VALLES OCCIDENTAL,08267,SENTMENAT,DOMÈSTIC,14239558,
2013,BARCELONA,VALLES OCCIDENTAL,08267,SENTMENAT,INDUSTRIAL,3007965,
2013,BARCELONA,VALLES OCCIDENTAL,08267,SENTMENAT,SERVEIS,1491399,
2013,BARCELONA,OSONA,08269,SEVA,INDUSTRIAL,,Dades subjectes a secret estadístic.
2013,BARCELONA,GARRAF,08270,SITGES,DOMÈSTIC,75172604,
2013,BARCELONA,GARRAF,08270,SITGES,SERVEIS,28077215,
2013,BARCELONA,BAGES,08274,SURIA,DOMÈSTIC,14509968,
2013,BARCELONA,BAGES,08274,SURIA,INDUSTRIAL,,Dades subjectes a secret estadístic.
2013,BARCELONA,BAGES,08274,SURIA,SERVEIS,2223245,
2013,BARCELONA,OSONA,08278,TARADELL,INDUSTRIAL,,Dades subjectes a secret estadístic.
2013,BARCELONA,OSONA,08278,TARADELL,DOMÈSTIC,11772019,
2013,BARCELONA,OSONA,08278,TARADELL,SERVEIS,2075472,
2013,BARCELONA,VALLES OCCIDENTAL,08279,TERRASSA,DOMÈSTIC,417433505,
2013,BARCELONA,VALLES OCCIDENTAL,08279,TERRASSA,INDUSTRIAL,97432866,
2013,BARCELONA,VALLES OCCIDENTAL,08279,TERRASSA,SERVEIS,86226683,
2013,BARCELONA,MARESME,08281,TEIA,PRIMARI,,Dades subjectes a secret estadístic.
2013,BARCELONA,MARESME,08281,TEIA,INDUSTRIAL,,Dades subjectes a secret estadístic.
2013,BARCELONA,MARESME,08281,TEIA,DOMÈSTIC,18532462,
2013,BARCELONA,MARESME,08281,TEIA,SERVEIS,3628878,
2013,BARCELONA,MARESME,08282,TIANA,SERVEIS,2717943,
2013,BARCELONA,MARESME,08282,TIANA,DOMÈSTIC,23312578,
2013,BARCELONA,OSONA,08283,TONA,SERVEIS,6013720,
2013,BARCELONA,OSONA,08283,TONA,DOMÈSTIC,19677087,
2013,BARCELONA,MARESME,08284,TORDERA,INDUSTRIAL,,Dades subjectes a secret estadístic.
2013,BARCELONA,MARESME,08284,TORDERA,SERVEIS,,Dades subjectes a secret estadístic.
2013,BARCELONA,MARESME,08284,TORDERA,DOMÈSTIC,19149034,
2013,BARCELONA,OSONA,08285,TORELLO,INDUSTRIAL,9952118,
2013,BARCELONA,OSONA,08285,TORELLO,SERVEIS,3758864,
2013,BARCELONA,OSONA,08285,TORELLO,DOMÈSTIC,30413834,
2013,BARCELONA,ANOIA,08286,"TORRE DE CLARAMUNT, LA",INDUSTRIAL,,Dades subjectes a secret estadístic.
2013,BARCELONA,ANOIA,08286,"TORRE DE CLARAMUNT, LA",DOMÈSTIC,1309067,
2013,BARCELONA,ALT PENEDES,08287,TORRELAVIT,DOMÈSTIC,2251131,
2013,BARCELONA,ALT PENEDES,08287,TORRELAVIT,SERVEIS,197377,
2013,BARCELONA,BAIX LLOBREGAT,08289,TORRELLES DE LLOBREGAT,DOMÈSTIC,1476859,
2013,BARCELONA,BAIX LLOBREGAT,08289,TORRELLES DE LLOBREGAT,SERVEIS,,Dades subjectes a secret estadístic.
2013,BARCELONA,ANOIA,08292,VALLBONA D'ANOIA,INDUSTRIAL,,Dades subjectes a secret estadístic.
2013,BARCELONA,ANOIA,08292,VALLBONA D'ANOIA,SERVEIS,,Dades subjectes a secret estadístic.
2013,BARCELONA,ANOIA,08292,VALLBONA D'ANOIA,DOMÈSTIC,2714472,
2013,BARCELONA,BAIX LLOBREGAT,08295,VALLIRANA,DOMÈSTIC,15793489,
2013,BARCELONA,BAIX LLOBREGAT,08295,VALLIRANA,SERVEIS,2710313,
2013,BARCELONA,OSONA,08298,VIC,SERVEIS,48047057,
2013,BARCELONA,OSONA,08298,VIC,INDUSTRIAL,86849242,
2013,BARCELONA,OSONA,08298,VIC,DOMÈSTIC,120735142,
2013,BARCELONA,VALLES OCCIDENTAL,08300,VILADECAVALLS,SERVEIS,,Dades subjectes a secret estadístic.
2013,BARCELONA,VALLES OCCIDENTAL,08300,VILADECAVALLS,INDUSTRIAL,6106447,
2013,BARCELONA,VALLES OCCIDENTAL,08300,VILADECAVALLS,DOMÈSTIC,12047608,
2013,BARCELONA,BAIX LLOBREGAT,08301,VILADECANS,SERVEIS,13161401,
2013,BARCELONA,BAIX LLOBREGAT,08301,VILADECANS,INDUSTRIAL,,Dades subjectes a secret estadístic.
2013,BARCELONA,BAIX LLOBREGAT,08301,VILADECANS,DOMÈSTIC,82751951,
2013,BARCELONA,ANOIA,08302,VILANOVA DEL CAMI,SERVEIS,1816175,
2013,BARCELONA,ANOIA,08302,VILANOVA DEL CAMI,INDUSTRIAL,,Dades subjectes a secret estadístic.
2013,BARCELONA,ANOIA,08302,VILANOVA DEL CAMI,DOMÈSTIC,21856447,
2013,BARCELONA,ALT PENEDES,08305,VILAFRANCA DEL PENEDES,SERVEIS,16031215,
2013,BARCELONA,ALT PENEDES,08305,VILAFRANCA DEL PENEDES,INDUSTRIAL,7847449,
2013,BARCELONA,ALT PENEDES,08305,VILAFRANCA DEL PENEDES,DOMÈSTIC,73229175,
2013,BARCELONA,VALLES ORIENTAL,08306,VILALBA SASSERRA,SERVEIS,,Dades subjectes a secret estadístic.
2013,BARCELONA,VALLES ORIENTAL,08306,VILALBA SASSERRA,DOMÈSTIC,110554,
2013,BARCELONA,GARRAF,08307,VILANOVA I LA GELTRU,SERVEIS,15623218,
2013,BARCELONA,GARRAF,08307,VILANOVA I LA GELTRU,INDUSTRIAL,52817995,
2013,BARCELONA,GARRAF,08307,VILANOVA I LA GELTRU,DOMÈSTIC,94892542,
2013,BARCELONA,VALLES ORIENTAL,08902,VILANOVA DEL VALLES,SERVEIS,823238,
2013,BARCELONA,VALLES ORIENTAL,08902,VILANOVA DEL VALLES,DOMÈSTIC,5852019,
2013,BARCELONA,VALLES OCCIDENTAL,08904,BADIA DEL VALLES,SERVEIS,3512465,
2013,BARCELONA,VALLES OCCIDENTAL,08904,BADIA DEL VALLES,DOMÈSTIC,16857702,
2013,BARCELONA,BAIX LLOBREGAT,08905,"PALMA DE CERVELLO, LA",DOMÈSTIC,4277140,
2013,BARCELONA,BAIX LLOBREGAT,08905,"PALMA DE CERVELLO, LA",INDUSTRIAL,,Dades subjectes a secret estadístic.
2013,BARCELONA,BAIX LLOBREGAT,08905,"PALMA DE CERVELLO, LA",SERVEIS,519172,
2013,GIRONA,GIRONES,17002,AIGUAVIVA,SERVEIS,,Dades subjectes a secret estadístic.
2013,GIRONA,GIRONES,17002,AIGUAVIVA,INDUSTRIAL,19570323,
2013,GIRONA,GIRONES,17002,AIGUAVIVA,DOMÈSTIC,1231527,
2013,GIRONA,GARROTXA,17010,ARGELAGUER,SERVEIS,179416,
2013,GIRONA,GARROTXA,17010,ARGELAGUER,DOMÈSTIC,1029651,
2013,GIRONA,GARROTXA,17010,ARGELAGUER,INDUSTRIAL,,Dades subjectes a secret estadístic.
2013,GIRONA,GARROTXA,17010,ARGELAGUER,PRIMARI,,Dades subjectes a secret estadístic.
2013,GIRONA,BAIX EMPORDA,17013,BEGUR,DOMÈSTIC,254376,
2013,GIRONA,PLA DE L'ESTANY,17015,BANYOLES,INDUSTRIAL,,Dades subjectes a secret estadístic.
2013,GIRONA,PLA DE L'ESTANY,17015,BANYOLES,DOMÈSTIC,46714823,
2013,GIRONA,PLA DE L'ESTANY,17015,BANYOLES,SERVEIS,9650139,
2013,GIRONA,BAIX EMPORDA,17018,BELLCAIRE D'EMPORDA,DOMÈSTIC,851431,
2013,GIRONA,GARROTXA,17019,BESALU,DOMÈSTIC,7014553,
2013,GIRONA,GARROTXA,17019,BESALU,INDUSTRIAL,,Dades subjectes a secret estadístic.
2013,GIRONA,GARROTXA,17019,BESALU,SERVEIS,1089854,
2013,GIRONA,GIRONES,17020,BESCANO,SERVEIS,1226743,
2013,GIRONA,GIRONES,17020,BESCANO,DOMÈSTIC,9775595,
2013,GIRONA,GARROTXA,17021,BEUDA,INDUSTRIAL,,Dades subjectes a secret estadístic.
2013,GIRONA,BAIX EMPORDA,17022,"BISBAL D'EMPORDA, LA",DOMÈSTIC,25371454,
2013,GIRONA,BAIX EMPORDA,17022,"BISBAL D'EMPORDA, LA",INDUSTRIAL,,Dades subjectes a secret estadístic.
2013,GIRONA,BAIX EMPORDA,17022,"BISBAL D'EMPORDA, LA",SERVEIS,1985138,
2013,GIRONA,SELVA,17023,BLANES,INDUSTRIAL,,Dades subjectes a secret estadístic.
2013,GIRONA,SELVA,17023,BLANES,SERVEIS,15490864,
2013,GIRONA,SELVA,17023,BLANES,DOMÈSTIC,78199891,
2013,GIRONA,GIRONES,17025,BORDILS,DOMÈSTIC,3584598,
2013,GIRONA,GIRONES,17025,BORDILS,SERVEIS,,Dades subjectes a secret estadístic.
2013,GIRONA,SELVA,17027,BREDA,DOMÈSTIC,5055201,
2013,GIRONA,SELVA,17027,BREDA,INDUSTRIAL,,Dades subjectes a secret estadístic.
2013,GIRONA,SELVA,17027,BREDA,SERVEIS,518657,
2013,GIRONA,SELVA,17033,CALDES DE MALAVELLA,DOMÈSTIC,13255605,
2013,GIRONA,SELVA,17033,CALDES DE MALAVELLA,INDUSTRIAL,6599290,
2013,GIRONA,SELVA,17033,CALDES DE MALAVELLA,SERVEIS,3941030,
2013,GIRONA,BAIX EMPORDA,17034,CALONGE I SANT ANTONI,SERVEIS,3161244,
2013,GIRONA,BAIX EMPORDA,17034,CALONGE I SANT ANTONI,DOMÈSTIC,20963500,
2013,GIRONA,PLA DE L'ESTANY,17035,CAMOS,DOMÈSTIC,526817,
2013,GIRONA,RIPOLLES,17036,CAMPDEVANOL,DOMÈSTIC,8131904,
2013,GIRONA,RIPOLLES,17036,CAMPDEVANOL,INDUSTRIAL,4235080,
2013,GIRONA,RIPOLLES,17036,CAMPDEVANOL,SERVEIS,2806719,
2013,GIRONA,GIRONES,17038,CAMPLLONG,SERVEIS,,Dades subjectes a secret estadístic.
2013,GIRONA,GIRONES,17044,CASSA DE LA SELVA,DOMÈSTIC,20483299,
2013,GIRONA,GIRONES,17044,CASSA DE LA SELVA,SERVEIS,3696249,
2013,GIRONA,GIRONES,17044,CASSA DE LA SELVA,INDUSTRIAL,,Dades subjectes a secret estadístic.
2013,GIRONA,GARROTXA,17046,CASTELLFOLLIT DE LA ROCA,SERVEIS,,Dades subjectes a secret estadístic.
2013,GIRONA,GARROTXA,17046,CASTELLFOLLIT DE LA ROCA,DOMÈSTIC,2686611,
2013,GIRONA,BAIX EMPORDA,17048,CASTELL-PLATJA D'ARO,SERVEIS,13786200,
2013,GIRONA,BAIX EMPORDA,17048,CASTELL-PLATJA D'ARO,DOMÈSTIC,23103408,
2013,GIRONA,GIRONES,17049,CELRA,DOMÈSTIC,12527020,
2013,GIRONA,GIRONES,17049,CELRA,INDUSTRIAL,63900129,
2013,GIRONA,GIRONES,17049,CELRA,SERVEIS,2878668,
2013,GIRONA,PLA DE L'ESTANY,17056,CORNELLA DEL TERRI,INDUSTRIAL,27291331,
2013,GIRONA,PLA DE L'ESTANY,17056,CORNELLA DEL TERRI,SERVEIS,,Dades subjectes a secret estadístic.
2013,GIRONA,PLA DE L'ESTANY,17056,CORNELLA DEL TERRI,DOMÈSTIC,3666865,
2013,GIRONA,BAIX EMPORDA,17057,CORÇA,SERVEIS,,Dades subjectes a secret estadístic.
2013,GIRONA,BAIX EMPORDA,17057,CORÇA,INDUSTRIAL,,Dades subjectes a secret estadístic.
2013,GIRONA,BAIX EMPORDA,17057,CORÇA,DOMÈSTIC,2429028,
2013,GIRONA,ALT EMPORDA,17062,"ESCALA, L'",SERVEIS,4056837,
2013,GIRONA,ALT EMPORDA,17062,"ESCALA, L'",DOMÈSTIC,14221295,
2013,GIRONA,ALT EMPORDA,17066,FIGUERES,DOMÈSTIC,95454395,
2013,GIRONA,ALT EMPORDA,17066,FIGUERES,SERVEIS,18261396,
2013,GIRONA,GIRONES,17067,FLAÇA,SERVEIS,232316,
2013,GIRONA,GIRONES,17067,FLAÇA,DOMÈSTIC,2706549,
2013,GIRONA,PLA DE L'ESTANY,17071,FONTCOBERTA,DOMÈSTIC,748061,
2013,GIRONA,GIRONES,17073,FORNELLS DE LA SELVA,DOMÈSTIC,6772390,
2013,GIRONA,GIRONES,17073,FORNELLS DE LA SELVA,SERVEIS,1334067,
2013,GIRONA,GIRONES,17079,GIRONA,SERVEIS,73702583,
2013,GIRONA,GIRONES,17079,GIRONA,INDUSTRIAL,,Dades subjectes a secret estadístic.
2013,GIRONA,GIRONES,17079,GIRONA,DOMÈSTIC,255724567,
2013,GIRONA,BAIX EMPORDA,17081,GUALTA,SERVEIS,,Dades subjectes a secret estadístic.
2013,GIRONA,BAIX EMPORDA,17081,GUALTA,DOMÈSTIC,230354,
2013,GIRONA,SELVA,17083,HOSTALRIC,DOMÈSTIC,9421458,
2013,GIRONA,SELVA,17083,HOSTALRIC,INDUSTRIAL,38755866,
2013,GIRONA,SELVA,17083,HOSTALRIC,SERVEIS,591516,
2013,GIRONA,GIRONES,17087,JUIA,INDUSTRIAL,,Dades subjectes a secret estadístic.
2013,GIRONA,GIRONES,17089,LLAGOSTERA,SERVEIS,858373,
2013,GIRONA,GIRONES,17089,LLAGOSTERA,DOMÈSTIC,15056128,
2013,GIRONA,SELVA,17095,LLORET DE MAR,DOMÈSTIC,51573900,
2013,GIRONA,SELVA,17095,LLORET DE MAR,SERVEIS,65825485,
2013,GIRONA,SELVA,17101,MASSANES,INDUSTRIAL,,Dades subjectes a secret estadístic.
2013,GIRONA,SELVA,17103,MAÇANET DE LA SELVA,SERVEIS,1517337,
2013,GIRONA,SELVA,17103,MAÇANET DE LA SELVA,INDUSTRIAL,,Dades subjectes a secret estadístic.
2013,GIRONA,SELVA,17103,MAÇANET DE LA SELVA,DOMÈSTIC,8930422,
2013,GIRONA,BAIX EMPORDA,17110,MONT-RAS,SERVEIS,,Dades subjectes a secret estadístic.
2013,GIRONA,BAIX EMPORDA,17110,MONT-RAS,DOMÈSTIC,2327518,
2013,GIRONA,ALT EMPORDA,17111,NAVATA,DOMÈSTIC,657507,
2013,GIRONA,GARROTXA,17114,OLOT,INDUSTRIAL,55025190,
2013,GIRONA,GARROTXA,17114,OLOT,SERVEIS,20141765,
2013,GIRONA,GARROTXA,17114,OLOT,DOMÈSTIC,75984436,
2013,GIRONA,BAIX EMPORDA,17117,PALAFRUGELL,DOMÈSTIC,42264762,
2013,GIRONA,BAIX EMPORDA,17117,PALAFRUGELL,SERVEIS,7068248,
2013,GIRONA,BAIX EMPORDA,17118,PALAMOS,DOMÈSTIC,35146088,
2013,GIRONA,BAIX EMPORDA,17118,PALAMOS,INDUSTRIAL,,Dades subjectes a secret estadístic.
2013,GIRONA,BAIX EMPORDA,17118,PALAMOS,SERVEIS,9217845,
2013,GIRONA,PLA DE L'ESTANY,17123,PALOL DE REVARDIT,INDUSTRIAL,,Dades subjectes a secret estadístic.
2013,GIRONA,BAIX EMPORDA,17126,PARLAVA,DOMÈSTIC,102149,
2013,GIRONA,BAIX EMPORDA,17130,"PERA, LA",INDUSTRIAL,,Dades subjectes a secret estadístic.
2013,GIRONA,PLA DE L'ESTANY,17137,PORQUERES,SERVEIS,770590,
2013,GIRONA,PLA DE L'ESTANY,17137,PORQUERES,INDUSTRIAL,,Dades subjectes a secret estadístic.
2013,GIRONA,PLA DE L'ESTANY,17137,PORQUERES,DOMÈSTIC,8843783,
2013,GIRONA,GARROTXA,17139,"PRESES, LES",SERVEIS,1453093,
2013,GIRONA,GARROTXA,17139,"PRESES, LES",INDUSTRIAL,5020306,
2013,GIRONA,GARROTXA,17139,"PRESES, LES",DOMÈSTIC,2325718,
2013,GIRONA,CERDANYA,17141,PUIGCERDA,SERVEIS,7420765,
2013,GIRONA,CERDANYA,17141,PUIGCERDA,DOMÈSTIC,23325811,
2013,GIRONA,GIRONES,17142,QUART,SERVEIS,2057218,
2013,GIRONA,GIRONES,17142,QUART,DOMÈSTIC,8558539,
2013,GIRONA,SELVA,17146,RIELLS I VIABREA,INDUSTRIAL,,Dades subjectes a secret estadístic.
2013,GIRONA,RIPOLLES,17147,RIPOLL,INDUSTRIAL,29288539,
2013,GIRONA,RIPOLLES,17147,RIPOLL,SERVEIS,6583087,
2013,GIRONA,RIPOLLES,17147,RIPOLL,DOMÈSTIC,25756745,
2013,GIRONA,SELVA,17148,RIUDARENES,SERVEIS,468043,
2013,GIRONA,SELVA,17148,RIUDARENES,INDUSTRIAL,,Dades subjectes a secret estadístic.
2013,GIRONA,SELVA,17148,RIUDARENES,DOMÈSTIC,3062919,
2013,GIRONA,SELVA,17150,RIUDELLOTS DE LA SELVA,SERVEIS,,Dades subjectes a secret estadístic.
2013,GIRONA,SELVA,17150,RIUDELLOTS DE LA SELVA,INDUSTRIAL,92337850,
2013,GIRONA,SELVA,17150,RIUDELLOTS DE LA SELVA,DOMÈSTIC,4277688,
2013,GIRONA,GIRONES,17155,SALT,SERVEIS,21833388,
2013,GIRONA,GIRONES,17155,SALT,INDUSTRIAL,4871840,
2013,GIRONA,GIRONES,17155,SALT,DOMÈSTIC,53449244,
2013,GIRONA,SELVA,17159,SANT FELIU DE BUIXALLEU,INDUSTRIAL,,Dades subjectes a secret estadístic.
2013,GIRONA,SELVA,17159,SANT FELIU DE BUIXALLEU,SERVEIS,,Dades subjectes a secret estadístic.
2013,GIRONA,BAIX EMPORDA,17160,SANT FELIU DE GUIXOLS,SERVEIS,11062729,
2013,GIRONA,BAIX EMPORDA,17160,SANT FELIU DE GUIXOLS,DOMÈSTIC,55613372,
2013,GIRONA,GIRONES,17163,SANT GREGORI,SERVEIS,1691375,
2013,GIRONA,GIRONES,17163,SANT GREGORI,INDUSTRIAL,,Dades subjectes a secret estadístic.
2013,GIRONA,GIRONES,17163,SANT GREGORI,DOMÈSTIC,7668505,
2013,GIRONA,GARROTXA,17165,SANT JAUME DE LLIERCA,DOMÈSTIC,1480948,
2013,GIRONA,GARROTXA,17165,SANT JAUME DE LLIERCA,INDUSTRIAL,,Dades subjectes a secret estadístic.
2013,GIRONA,RIPOLLES,17167,SANT JOAN DE LES ABADESSES,SERVEIS,1561818,
2013,GIRONA,RIPOLLES,17167,SANT JOAN DE LES ABADESSES,INDUSTRIAL,,Dades subjectes a secret estadístic.
2013,GIRONA,RIPOLLES,17167,SANT JOAN DE LES ABADESSES,DOMÈSTIC,8131896,
2013,GIRONA,GIRONES,17168,SANT JOAN DE MOLLET,DOMÈSTIC,830572,
2013,GIRONA,GIRONES,17169,SANT JULIA DE RAMIS,DOMÈSTIC,4946741,
2013,GIRONA,GIRONES,17169,SANT JULIA DE RAMIS,INDUSTRIAL,,Dades subjectes a secret estadístic.
2013,GIRONA,GIRONES,17169,SANT JULIA DE RAMIS,SERVEIS,211071,
2013,GIRONA,RIPOLLES,17177,SANT PAU DE SEGURIES,SERVEIS,,Dades subjectes a secret estadístic.
2013,GIRONA,RIPOLLES,17177,SANT PAU DE SEGURIES,DOMÈSTIC,696836,
2013,GIRONA,SELVA,17180,SANTA COLOMA DE FARNERS,SERVEIS,1886049,
2013,GIRONA,SELVA,17180,SANTA COLOMA DE FARNERS,INDUSTRIAL,,Dades subjectes a secret estadístic.
2013,GIRONA,SELVA,17180,SANTA COLOMA DE FARNERS,DOMÈSTIC,24486668,
2013,GIRONA,BAIX EMPORDA,17181,SANTA CRISTINA D'ARO,SERVEIS,596131,
2013,GIRONA,BAIX EMPORDA,17181,SANTA CRISTINA D'ARO,DOMÈSTIC,9725817,
2013,GIRONA,ALT EMPORDA,17182,SANTA LLOGAIA D'ALGUEMA,SERVEIS,,Dades subjectes a secret estadístic.
2013,GIRONA,ALT EMPORDA,17182,SANTA LLOGAIA D'ALGUEMA,DOMÈSTIC,151993,
2013,GIRONA,GARROTXA,17185,SANT JOAN LES FONTS,SERVEIS,1410401,
2013,GIRONA,GARROTXA,17185,SANT JOAN LES FONTS,INDUSTRIAL,,Dades subjectes a secret estadístic.
2013,GIRONA,GARROTXA,17185,SANT JOAN LES FONTS,DOMÈSTIC,6984037,
2013,GIRONA,GIRONES,17186,SARRIA DE TER,DOMÈSTIC,12392538,
2013,GIRONA,GIRONES,17186,SARRIA DE TER,INDUSTRIAL,,Dades subjectes a secret estadístic.
2013,GIRONA,GIRONES,17186,SARRIA DE TER,SERVEIS,460213,
2013,GIRONA,PLA DE L'ESTANY,17190,SERINYA,DOMÈSTIC,1611519,
2013,GIRONA,BAIX EMPORDA,17191,SERRA DE DARO,SERVEIS,,Dades subjectes a secret estadístic.
2013,GIRONA,BAIX EMPORDA,17191,SERRA DE DARO,DOMÈSTIC,397551,
2013,GIRONA,SELVA,17193,SILS,SERVEIS,781810,
2013,GIRONA,SELVA,17193,SILS,INDUSTRIAL,14795243,
2013,GIRONA,SELVA,17193,SILS,DOMÈSTIC,8666249,
2013,GIRONA,BAIX EMPORDA,17199,TORROELLA DE MONTGRI,SERVEIS,2629129,
2013,GIRONA,BAIX EMPORDA,17199,TORROELLA DE MONTGRI,INDUSTRIAL,,Dades subjectes a secret estadístic.
2013,GIRONA,BAIX EMPORDA,17199,TORROELLA DE MONTGRI,DOMÈSTIC,15009639,
2013,GIRONA,BAIX EMPORDA,17204,ULLA,SERVEIS,,Dades subjectes a secret estadístic.
2013,GIRONA,BAIX EMPORDA,17204,ULLA,DOMÈSTIC,1666391,
2013,GIRONA,GARROTXA,17207,"VALL D'EN BAS, LA",DOMÈSTIC,406487,
2013,GIRONA,GARROTXA,17207,"VALL D'EN BAS, LA",SERVEIS,243306,
2013,GIRONA,GARROTXA,17208,"VALL DE BIANYA, LA",INDUSTRIAL,,Dades subjectes a secret estadístic.
2013,GIRONA,GARROTXA,17208,"VALL DE BIANYA, LA",SERVEIS,168147,
2013,GIRONA,GARROTXA,17208,"VALL DE BIANYA, LA",DOMÈSTIC,1277052,
2013,GIRONA,BAIX EMPORDA,17209,VALL-LLOBREGA,DOMÈSTIC,1026749,
2013,GIRONA,BAIX EMPORDA,17209,VALL-LLOBREGA,SERVEIS,263002,
2013,GIRONA,SELVA,17213,VIDRERES,SERVEIS,1474812,
2013,GIRONA,SELVA,17213,VIDRERES,INDUSTRIAL,,Dades subjectes a secret estadístic.
2013,GIRONA,SELVA,17213,VIDRERES,DOMÈSTIC,11057107,
2013,GIRONA,GIRONES,17215,VILABLAREIX,SERVEIS,923147,
2013,GIRONA,GIRONES,17215,VILABLAREIX,DOMÈSTIC,6898373,
2013,GIRONA,ALT EMPORDA,17221,VILAFANT,SERVEIS,773062,
2013,GIRONA,ALT EMPORDA,17221,VILAFANT,DOMÈSTIC,8376619,
2013,GIRONA,BAIX EMPORDA,17902,FORALLAC,DOMÈSTIC,2911023,
2013,GIRONA,BAIX EMPORDA,17902,FORALLAC,SERVEIS,499197,
2013,LLEIDA,SEGRIA,25004,"ALAMUS, ELS",DOMÈSTIC,654864,
2013,LLEIDA,SEGRIA,25011,ALCARRAS,SERVEIS,1933276,
2013,LLEIDA,SEGRIA,25011,ALCARRAS,INDUSTRIAL,,Dades subjectes a secret estadístic.
2013,LLEIDA,SEGRIA,25011,ALCARRAS,DOMÈSTIC,21317163,
2013,LLEIDA,SEGRIA,25012,ALCOLETGE,SERVEIS,197085,
2013,LLEIDA,SEGRIA,25012,ALCOLETGE,INDUSTRIAL,,Dades subjectes a secret estadístic.
2013,LLEIDA,SEGRIA,25012,ALCOLETGE,DOMÈSTIC,7814474,
2013,LLEIDA,SEGRIA,25013,ALFARRAS,SERVEIS,1947154,
2013,LLEIDA,SEGRIA,25013,ALFARRAS,DOMÈSTIC,6425957,
2013,LLEIDA,SEGRIA,25016,ALGUAIRE,SERVEIS,892605,
2013,LLEIDA,SEGRIA,25016,ALGUAIRE,INDUSTRIAL,,Dades subjectes a secret estadístic.
2013,LLEIDA,SEGRIA,25016,ALGUAIRE,DOMÈSTIC,6828532,
2013,LLEIDA,SEGRIA,25019,ALMACELLES,DOMÈSTIC,14307564,
2013,LLEIDA,SEGRIA,25019,ALMACELLES,INDUSTRIAL,,Dades subjectes a secret estadístic.
2013,LLEIDA,SEGRIA,25019,ALMACELLES,SERVEIS,,Dades subjectes a secret estadístic.
2013,LLEIDA,SEGRIA,25021,ALMENAR,SERVEIS,872508,
2013,LLEIDA,SEGRIA,25021,ALMENAR,INDUSTRIAL,5803097,
2013,LLEIDA,SEGRIA,25021,ALMENAR,DOMÈSTIC,7223122,
2013,LLEIDA,SEGRIA,25023,ALPICAT,DOMÈSTIC,16845045,
2013,LLEIDA,SEGRIA,25023,ALPICAT,INDUSTRIAL,,Dades subjectes a secret estadístic.
2013,LLEIDA,SEGRIA,25023,ALPICAT,SERVEIS,2442248,
2013,LLEIDA,VAL D'ARAN,25025,NAUT ARAN,SERVEIS,4074128,
2013,LLEIDA,VAL D'ARAN,25025,NAUT ARAN,DOMÈSTIC,2975483,
2013,LLEIDA,URGELL,25027,ANGLESOLA,DOMÈSTIC,2321300,
2013,LLEIDA,URGELL,25027,ANGLESOLA,SERVEIS,,Dades subjectes a secret estadístic.
2013,LLEIDA,NOGUERA,25034,ARTESA DE SEGRE,SERVEIS,,Dades subjectes a secret estadístic.
2013,LLEIDA,NOGUERA,25034,ARTESA DE SEGRE,DOMÈSTIC,3353362,
2013,LLEIDA,NOGUERA,25040,BALAGUER,SERVEIS,10955046,
2013,LLEIDA,NOGUERA,25040,BALAGUER,INDUSTRIAL,,Dades subjectes a secret estadístic.
2013,LLEIDA,NOGUERA,25040,BALAGUER,DOMÈSTIC,30796723,
2013,LLEIDA,NOGUERA,25047,BELLCAIRE D'URGELL,SERVEIS,395332,
2013,LLEIDA,NOGUERA,25047,BELLCAIRE D'URGELL,INDUSTRIAL,,Dades subjectes a secret estadístic.
2013,LLEIDA,NOGUERA,25047,BELLCAIRE D'URGELL,DOMÈSTIC,3211917,
2013,LLEIDA,PLA D'URGELL,25048,BELL-LLOC D'URGELL,SERVEIS,297527,
2013,LLEIDA,PLA D'URGELL,25048,BELL-LLOC D'URGELL,INDUSTRIAL,,Dades subjectes a secret estadístic.
2013,LLEIDA,PLA D'URGELL,25048,BELL-LLOC D'URGELL,DOMÈSTIC,4649360,
2013,LLEIDA,URGELL,25050,BELLPUIG,DOMÈSTIC,11623688,
2013,LLEIDA,URGELL,25050,BELLPUIG,INDUSTRIAL,42588258,
2013,LLEIDA,URGELL,25050,BELLPUIG,SERVEIS,2913424,
2013,LLEIDA,SEGRIA,25053,BENAVENT DE SEGRIA,DOMÈSTIC,1744260,
2013,LLEIDA,GARRIGUES,25058,"BORGES BLANQUES, LES",SERVEIS,1702466,
2013,LLEIDA,GARRIGUES,25058,"BORGES BLANQUES, LES",INDUSTRIAL,,Dades subjectes a secret estadístic. Inclou el consum del sector energètic.
2013,LLEIDA,GARRIGUES,25058,"BORGES BLANQUES, LES",DOMÈSTIC,10897579,
2013,LLEIDA,SEGARRA,25072,CERVERA,SERVEIS,6037383,
2013,LLEIDA,SEGARRA,25072,CERVERA,INDUSTRIAL,,Dades subjectes a secret estadístic.
2013,LLEIDA,SEGARRA,25072,CERVERA,DOMÈSTIC,21529415,
2013,LLEIDA,PLA D'URGELL,25093,FONDARELLA,SERVEIS,214357,
2013,LLEIDA,PLA D'URGELL,25093,FONDARELLA,INDUSTRIAL,,Dades subjectes a secret estadístic.
2013,LLEIDA,PLA D'URGELL,25093,FONDARELLA,DOMÈSTIC,1617794,
2013,LLEIDA,PLA D'URGELL,25099,GOLMES,DOMÈSTIC,3765206,
2013,LLEIDA,PLA D'URGELL,25099,GOLMES,SERVEIS,708641,
2013,LLEIDA,SEGARRA,25110,GUISSONA,INDUSTRIAL,,Dades subjectes a secret estadístic.
2013,LLEIDA,SEGARRA,25110,GUISSONA,SERVEIS,1963672,
2013,LLEIDA,SEGARRA,25110,GUISSONA,DOMÈSTIC,11872054,
2013,LLEIDA,PLA D'URGELL,25113,IVARS D'URGELL,DOMÈSTIC,1931455,
2013,LLEIDA,PLA D'URGELL,25113,IVARS D'URGELL,INDUSTRIAL,,Dades subjectes a secret estadístic.
2013,LLEIDA,PLA D'URGELL,25113,IVARS D'URGELL,SERVEIS,,Dades subjectes a secret estadístic.
2013,LLEIDA,GARRIGUES,25119,JUNEDA,SERVEIS,702770044,
2013,LLEIDA,GARRIGUES,25119,JUNEDA,DOMÈSTIC,5138217,
2013,LLEIDA,SEGRIA,25120,LLEIDA,SERVEIS,137068617,
2013,LLEIDA,SEGRIA,25120,LLEIDA,INDUSTRIAL,101850310,
2013,LLEIDA,SEGRIA,25120,LLEIDA,PRIMARI,,Dades subjectes a secret estadístic.
2013,LLEIDA,SEGRIA,25120,LLEIDA,DOMÈSTIC,318948769,
2013,LLEIDA,PLA D'URGELL,25122,LINYOLA,SERVEIS,226241,
2013,LLEIDA,PLA D'URGELL,25122,LINYOLA,INDUSTRIAL,,Dades subjectes a secret estadístic.
2013,LLEIDA,PLA D'URGELL,25122,LINYOLA,DOMÈSTIC,4105934,
2013,LLEIDA,PLA D'URGELL,25135,MIRALCAMP,SERVEIS,,Dades subjectes a secret estadístic.
2013,LLEIDA,PLA D'URGELL,25135,MIRALCAMP,INDUSTRIAL,,Dades subjectes a secret estadístic.
2013,LLEIDA,PLA D'URGELL,25135,MIRALCAMP,DOMÈSTIC,2132917,
2013,LLEIDA,PLA D'URGELL,25137,MOLLERUSSA,SERVEIS,6330490,
2013,LLEIDA,PLA D'URGELL,25137,MOLLERUSSA,INDUSTRIAL,1017960760,
2013,LLEIDA,PLA D'URGELL,25137,MOLLERUSSA,DOMÈSTIC,33179394,
2013,LLEIDA,SOLSONES,25151,OLIUS,SERVEIS,,Dades subjectes a secret estadístic.
2013,LLEIDA,SOLSONES,25151,OLIUS,DOMÈSTIC,678279,
2013,LLEIDA,PLA D'URGELL,25158,"PALAU D'ANGLESOLA, EL",SERVEIS,484520,
2013,LLEIDA,PLA D'URGELL,25158,"PALAU D'ANGLESOLA, EL",INDUSTRIAL,,Dades subjectes a secret estadístic.
2013,LLEIDA,PLA D'URGELL,25158,"PALAU D'ANGLESOLA, EL",DOMÈSTIC,3673071,
2013,LLEIDA,SEGRIA,25189,ROSSELLO,SERVEIS,939014,
2013,LLEIDA,SEGRIA,25189,ROSSELLO,INDUSTRIAL,,Dades subjectes a secret estadístic.
2013,LLEIDA,SEGRIA,25189,ROSSELLO,DOMÈSTIC,7630566,
2013,LLEIDA,SEGARRA,25192,SANT GUIM DE FREIXENET,SERVEIS,,Dades subjectes a secret estadístic.
2013,LLEIDA,SEGARRA,25192,SANT GUIM DE FREIXENET,DOMÈSTIC,2219815,
2013,LLEIDA,SOLSONES,25207,SOLSONA,DOMÈSTIC,1735952,
2013,LLEIDA,SOLSONES,25207,SOLSONA,SERVEIS,,Dades subjectes a secret estadístic.
2013,LLEIDA,URGELL,25217,TARREGA,DOMÈSTIC,42136834,
2013,LLEIDA,URGELL,25217,TARREGA,INDUSTRIAL,,Dades subjectes a secret estadístic.
2013,LLEIDA,URGELL,25217,TARREGA,SERVEIS,10000645,
2013,LLEIDA,NOGUERA,25220,TERMENS,INDUSTRIAL,,Dades subjectes a secret estadístic.
2013,LLEIDA,SEGRIA,25228,TORREFARRERA,SERVEIS,1876422,
2013,LLEIDA,SEGRIA,25228,TORREFARRERA,DOMÈSTIC,13964060,
2013,LLEIDA,PLA D'URGELL,25230,TORREGROSSA,INDUSTRIAL,,Dades subjectes a secret estadístic.
2013,LLEIDA,PLA D'URGELL,25230,TORREGROSSA,SERVEIS,491282,
2013,LLEIDA,PLA D'URGELL,25230,TORREGROSSA,DOMÈSTIC,3341132,
2013,LLEIDA,SEGRIA,25233,TORRE-SERONA,DOMÈSTIC,331407,
2013,LLEIDA,NOGUERA,25240,VALLFOGONA DE BALAGUER,SERVEIS,,Dades subjectes a secret estadístic.
2013,LLEIDA,NOGUERA,25240,VALLFOGONA DE BALAGUER,INDUSTRIAL,,Dades subjectes a secret estadístic.
2013,LLEIDA,NOGUERA,25240,VALLFOGONA DE BALAGUER,DOMÈSTIC,3621308,
2013,LLEIDA,URGELL,25244,VILAGRASSA,SERVEIS,,Dades subjectes a secret estadístic.
2013,LLEIDA,URGELL,25244,VILAGRASSA,DOMÈSTIC,363935,
2013,LLEIDA,SEGRIA,25251,VILANOVA DE SEGRIA,DOMÈSTIC,876794,
2013,LLEIDA,SEGARRA,25905,RIBERA D'ONDARA,INDUSTRIAL,,Dades subjectes a secret estadístic.
2013,TARRAGONA,MONTSIA,43004,ALCANAR,SERVEIS,772747,
2013,TARRAGONA,MONTSIA,43004,ALCANAR,DOMÈSTIC,4252128,
2013,TARRAGONA,ALT CAMP,43005,ALCOVER,SERVEIS,1186375,
2013,TARRAGONA,ALT CAMP,43005,ALCOVER,INDUSTRIAL,,Dades subjectes a secret estadístic.
2013,TARRAGONA,ALT CAMP,43005,ALCOVER,DOMÈSTIC,4586190,
2013,TARRAGONA,TARRAGONES,43012,ALTAFULLA,SERVEIS,963125,
2013,TARRAGONA,TARRAGONES,43012,ALTAFULLA,DOMÈSTIC,8243301,
2013,TARRAGONA,BAIX EBRE,43013,"AMETLLA DE MAR, L'",SERVEIS,912636,
2013,TARRAGONA,BAIX EBRE,43013,"AMETLLA DE MAR, L'",DOMÈSTIC,289873,
2013,TARRAGONA,MONTSIA,43014,AMPOSTA,SERVEIS,4111616,
2013,TARRAGONA,MONTSIA,43014,AMPOSTA,INDUSTRIAL,,Dades subjectes a secret estadístic.
2013,TARRAGONA,MONTSIA,43014,AMPOSTA,DOMÈSTIC,11000443,
2013,TARRAGONA,BAIX PENEDES,43016,"ARBOÇ, L'",SERVEIS,1759315,
2013,TARRAGONA,BAIX PENEDES,43016,"ARBOÇ, L'",INDUSTRIAL,,Dades subjectes a secret estadístic.
2013,TARRAGONA,BAIX PENEDES,43016,"ARBOÇ, L'",DOMÈSTIC,7775140,
2013,TARRAGONA,BAIX PENEDES,43024,BELLVEI,SERVEIS,,Dades subjectes a secret estadístic.
2013,TARRAGONA,BAIX PENEDES,43024,BELLVEI,INDUSTRIAL,,Dades subjectes a secret estadístic.
2013,TARRAGONA,BAIX PENEDES,43024,BELLVEI,DOMÈSTIC,2688563,
2013,TARRAGONA,RIBERA D'EBRE,43026,BENISSANET,SERVEIS,,Dades subjectes a secret estadístic.
2013,TARRAGONA,RIBERA D'EBRE,43026,BENISSANET,DOMÈSTIC,1599609,
2013,TARRAGONA,BAIX PENEDES,43030,BONASTRE,SERVEIS,,Dades subjectes a secret estadístic.
2013,TARRAGONA,BAIX PENEDES,43030,BONASTRE,DOMÈSTIC,791052,
2013,TARRAGONA,BAIX PENEDES,43037,CALAFELL,SERVEIS,5136449,
2013,TARRAGONA,BAIX PENEDES,43037,CALAFELL,DOMÈSTIC,30460281,
2013,TARRAGONA,BAIX CAMP,43038,CAMBRILS,DOMÈSTIC,45360428,
2013,TARRAGONA,BAIX CAMP,43038,CAMBRILS,SERVEIS,15176629,
2013,TARRAGONA,BAIX CAMP,43042,CASTELLVELL DEL CAMP,SERVEIS,562742,
2013,TARRAGONA,BAIX CAMP,43042,CASTELLVELL DEL CAMP,DOMÈSTIC,2263683,
2013,TARRAGONA,TARRAGONES,43043,"CATLLAR, EL",SERVEIS,,Dades subjectes a secret estadístic.
2013,TARRAGONA,TARRAGONES,43043,"CATLLAR, EL",DOMÈSTIC,201183,
2013,TARRAGONA,TARRAGONES,43047,CONSTANTI,DOMÈSTIC,5113092,
2013,TARRAGONA,TARRAGONES,43047,CONSTANTI,INDUSTRIAL,3090153,
2013,TARRAGONA,TARRAGONES,43047,CONSTANTI,SERVEIS,16574296,
2013,TARRAGONA,TARRAGONES,43050,CREIXELL,DOMÈSTIC,4177879,
2013,TARRAGONA,BAIX PENEDES,43051,CUNIT,SERVEIS,3432061,
2013,TARRAGONA,BAIX PENEDES,43051,CUNIT,DOMÈSTIC,15270066,
2013,TARRAGONA,CONCA DE BARBERA,43054,"ESPLUGA DE FRANCOLI, L'",DOMÈSTIC,6633335,
2013,TARRAGONA,CONCA DE BARBERA,43054,"ESPLUGA DE FRANCOLI, L'",SERVEIS,575223,
2013,TARRAGONA,ALT CAMP,43080,"MASO, LA",DOMÈSTIC,270259,
2013,TARRAGONA,CONCA DE BARBERA,43086,MONTBLANC,SERVEIS,3411875,
2013,TARRAGONA,CONCA DE BARBERA,43086,MONTBLANC,INDUSTRIAL,238013715,
2013,TARRAGONA,CONCA DE BARBERA,43086,MONTBLANC,DOMÈSTIC,14835149,
2013,TARRAGONA,BAIX CAMP,43092,MONT-ROIG DEL CAMP,SERVEIS,289477,
2013,TARRAGONA,BAIX CAMP,43092,MONT-ROIG DEL CAMP,DOMÈSTIC,3247319,
2013,TARRAGONA,RIBERA D'EBRE,43093,MORA D'EBRE,SERVEIS,5170376,
2013,TARRAGONA,RIBERA D'EBRE,43093,MORA D'EBRE,INDUSTRIAL,,Dades subjectes a secret estadístic.
2013,TARRAGONA,RIBERA D'EBRE,43093,MORA D'EBRE,DOMÈSTIC,8604925,
2013,TARRAGONA,RIBERA D'EBRE,43094,MORA LA NOVA,SERVEIS,602800,
2013,TARRAGONA,RIBERA D'EBRE,43094,MORA LA NOVA,INDUSTRIAL,,Dades subjectes a secret estadístic.
2013,TARRAGONA,RIBERA D'EBRE,43094,MORA LA NOVA,DOMÈSTIC,4467066,
2013,TARRAGONA,TARRAGONES,43095,"MORELL, EL",DOMÈSTIC,3219816,
2013,TARRAGONA,TARRAGONES,43095,"MORELL, EL",INDUSTRIAL,,Dades subjectes a secret estadístic.
2013,TARRAGONA,TARRAGONES,43095,"MORELL, EL",SERVEIS,1277263,
2013,TARRAGONA,TARRAGONES,43100,"PALLARESOS, ELS",INDUSTRIAL,,Dades subjectes a secret estadístic.
2013,TARRAGONA,TARRAGONES,43100,"PALLARESOS, ELS",SERVEIS,3142756,
2013,TARRAGONA,TARRAGONES,43100,"PALLARESOS, ELS",DOMÈSTIC,1214825,
2013,TARRAGONA,ALT CAMP,43108,"PLA DE SANTA MARIA, EL",INDUSTRIAL,,Dades subjectes a secret estadístic.
2013,TARRAGONA,ALT CAMP,43108,"PLA DE SANTA MARIA, EL",SERVEIS,394057,
2013,TARRAGONA,ALT CAMP,43108,"PLA DE SANTA MARIA, EL",DOMÈSTIC,3904274,
2013,TARRAGONA,TARRAGONES,43109,"POBLA DE MAFUMET, LA",DOMÈSTIC,2865544,
2013,TARRAGONA,TARRAGONES,43109,"POBLA DE MAFUMET, LA",INDUSTRIAL,8641686092,Inclou el consum del sector energètic.
2013,TARRAGONA,TARRAGONES,43109,"POBLA DE MAFUMET, LA",SERVEIS,1495748,
2013,TARRAGONA,TARRAGONES,43111,"POBLA DE MONTORNES, LA",DOMÈSTIC,1864602,
2013,TARRAGONA,TARRAGONES,43111,"POBLA DE MONTORNES, LA",SERVEIS,,Dades subjectes a secret estadístic.
2013,TARRAGONA,ALT CAMP,43119,PUIGPELAT,INDUSTRIAL,,Dades subjectes a secret estadístic.
2013,TARRAGONA,BAIX CAMP,43123,REUS,SERVEIS,53932849,Inclou el consum del sector transport.
2013,TARRAGONA,BAIX CAMP,43123,REUS,INDUSTRIAL,171587662,
2013,TARRAGONA,BAIX CAMP,43123,REUS,DOMÈSTIC,137224263,
2013,TARRAGONA,ALT CAMP,43124,"RIBA, LA",DOMÈSTIC,1477952,
2013,TARRAGONA,ALT CAMP,43124,"RIBA, LA",INDUSTRIAL,220103640,
2013,TARRAGONA,ALT CAMP,43124,"RIBA, LA",SERVEIS,,Dades subjectes a secret estadístic.
2013,TARRAGONA,BAIX CAMP,43129,RIUDOMS,SERVEIS,,Dades subjectes a secret estadístic.
2013,TARRAGONA,BAIX CAMP,43129,RIUDOMS,DOMÈSTIC,3887722,
2013,TARRAGONA,TARRAGONES,43131,RODA DE BERA,INDUSTRIAL,,Dades subjectes a secret estadístic.
2013,TARRAGONA,TARRAGONES,43131,RODA DE BERA,SERVEIS,689660,
2013,TARRAGONA,TARRAGONES,43131,RODA DE BERA,DOMÈSTIC,8607644,
2013,TARRAGONA,BAIX EBRE,43133,ROQUETES,DOMÈSTIC,2888473,
2013,TARRAGONA,BAIX EBRE,43133,ROQUETES,SERVEIS,1232832,
2013,TARRAGONA,MONTSIA,43136,SANT CARLES DE LA RAPITA,SERVEIS,2227550,
2013,TARRAGONA,MONTSIA,43136,SANT CARLES DE LA RAPITA,DOMÈSTIC,4857652,
2013,TARRAGONA,MONTSIA,43136,SANT CARLES DE LA RAPITA,INDUSTRIAL,,Dades subjectes a secret estadístic.
2013,TARRAGONA,BAIX PENEDES,43140,SANTA OLIVA,SERVEIS,,Dades subjectes a secret estadístic.
2013,TARRAGONA,BAIX PENEDES,43140,SANTA OLIVA,DOMÈSTIC,386258,
2013,TARRAGONA,BAIX CAMP,43145,"SELVA DEL CAMP, LA",INDUSTRIAL,69652943,
2013,TARRAGONA,BAIX CAMP,43145,"SELVA DEL CAMP, LA",DOMÈSTIC,8497689,
2013,TARRAGONA,BAIX CAMP,43145,"SELVA DEL CAMP, LA",SERVEIS,2746198,
2013,TARRAGONA,BAIX CAMP,43145,"SELVA DEL CAMP, LA",PRIMARI,,Dades subjectes a secret estadístic.
2013,TARRAGONA,TARRAGONES,43148,TARRAGONA,SERVEIS,59990660,
2013,TARRAGONA,TARRAGONES,43148,TARRAGONA,INDUSTRIAL,1048070540,Inclou el consum del sector energètic.
2013,TARRAGONA,TARRAGONES,43148,TARRAGONA,CT RO,,Dades subjectes a secret estadístic. Inclou el consum de centrals tèrmiques de l'antic règim ordinari.
2013,TARRAGONA,TARRAGONES,43148,TARRAGONA,DOMÈSTIC,149548460,
2013,TARRAGONA,RIBERA D'EBRE,43150,TIVISSA,DOMÈSTIC,1535398,
2013,TARRAGONA,TARRAGONES,43153,TORREDEMBARRA,SERVEIS,2154895,
2013,TARRAGONA,TARRAGONES,43153,TORREDEMBARRA,DOMÈSTIC,16216750,
2013,TARRAGONA,BAIX EBRE,43155,TORTOSA,DOMÈSTIC,21426442,
2013,TARRAGONA,BAIX EBRE,43155,TORTOSA,SERVEIS,21474174,
2013,TARRAGONA,BAIX EBRE,43155,TORTOSA,INDUSTRIAL,,Dades subjectes a secret estadístic.
2013,TARRAGONA,MONTSIA,43156,ULLDECONA,INDUSTRIAL,,Dades subjectes a secret estadístic.
2013,TARRAGONA,MONTSIA,43156,ULLDECONA,DOMÈSTIC,2987209,
2013,TARRAGONA,MONTSIA,43156,ULLDECONA,SERVEIS,39706,
2013,TARRAGONA,ALT CAMP,43160,VALLMOLL,DOMÈSTIC,373920,
2013,TARRAGONA,ALT CAMP,43160,VALLMOLL,INDUSTRIAL,,Dades subjectes a secret estadístic.
2013,TARRAGONA,ALT CAMP,43161,VALLS,DOMÈSTIC,25488271,
2013,TARRAGONA,ALT CAMP,43161,VALLS,SERVEIS,8716062,
2013,TARRAGONA,ALT CAMP,43161,VALLS,INDUSTRIAL,70449301,
2013,TARRAGONA,BAIX CAMP,43162,VANDELLOS I L'HOSPITALET DE L'INFANT,DOMÈSTIC,2455171,
2013,TARRAGONA,BAIX CAMP,43162,VANDELLOS I L'HOSPITALET DE L'INFANT,SERVEIS,623652,
2013,TARRAGONA,BAIX CAMP,43162,VANDELLOS I L'HOSPITALET DE L'INFANT,CT RO,,Dades subjectes a secret estadístic. Inclou el consum de centrals tèrmiques de l'antic règim ordinari.
2013,TARRAGONA,BAIX PENEDES,43163,"VENDRELL, EL",SERVEIS,23729765,
2013,TARRAGONA,BAIX PENEDES,43163,"VENDRELL, EL",DOMÈSTIC,47689658,
2013,TARRAGONA,TARRAGONES,43166,VILALLONGA DEL CAMP,DOMÈSTIC,2246465,
2013,TARRAGONA,TARRAGONES,43171,VILA-SECA,DOMÈSTIC,25779199,
2013,TARRAGONA,TARRAGONES,43171,VILA-SECA,INDUSTRIAL,999212418,
2013,TARRAGONA,TARRAGONES,43171,VILA-SECA,SERVEIS,32111797,
2013,TARRAGONA,BAIX CAMP,43178,VINYOLS I ELS ARCS,SERVEIS,,Dades subjectes a secret estadístic.
2013,TARRAGONA,BAIX CAMP,43178,VINYOLS I ELS ARCS,DOMÈSTIC,814092,
2013,TARRAGONA,BAIX EBRE,43904,"ALDEA, L'",INDUSTRIAL,,Dades subjectes a secret estadístic.
2013,TARRAGONA,BAIX EBRE,43904,"ALDEA, L'",DOMÈSTIC,495565,
2013,TARRAGONA,TARRAGONES,43905,SALOU,SERVEIS,43282688,
2013,TARRAGONA,TARRAGONES,43905,SALOU,DOMÈSTIC,27216673,
2013,TARRAGONA,TARRAGONES,43907,"CANONJA, LA",INDUSTRIAL,,Dades subjectes a secret estadístic.
2013,TARRAGONA,TARRAGONES,43907,"CANONJA, LA",SERVEIS,901802,
2013,TARRAGONA,TARRAGONES,43907,"CANONJA, LA",DOMÈSTIC,6929955,
