"ine","Municipio","Població","Provincia","Comarca","any","n_habitatges","rendaHabM","cat_pobl","renda_famNeta","pes_llog"
"08001","Abrera",12981,"Barcelona","Baix Llobregat",2007,34,596,"10.000-50.000",NA,NA
"08001","Abrera",12981,"Barcelona","Baix Llobregat",2008,23,638,"10.000-50.000",NA,NA
"08001","Abrera",12981,"Barcelona","Baix Llobregat",2009,72,626,"10.000-50.000",NA,NA
"08001","Abrera",12981,"Barcelona","Baix Llobregat",2010,129,641,"10.000-50.000",NA,NA
"08001","Abrera",12981,"Barcelona","Baix Llobregat",2011,226,526,"10.000-50.000",NA,NA
"08001","Abrera",12981,"Barcelona","Baix Llobregat",2012,255,492,"10.000-50.000",NA,NA
"08001","Abrera",12981,"Barcelona","Baix Llobregat",2013,205,522,"10.000-50.000",NA,NA
"08001","Abrera",12981,"Barcelona","Baix Llobregat",2014,176,537,"10.000-50.000",NA,NA
"08001","Abrera",12981,"Barcelona","Baix Llobregat",2015,165,558,"10.000-50.000",33990,19.7
"08001","Abrera",12981,"Barcelona","Baix Llobregat",2016,175,604,"10.000-50.000",35621,20.35
"08001","Abrera",12981,"Barcelona","Baix Llobregat",2017,157,614,"10.000-50.000",36568,20.15
"08001","Abrera",12981,"Barcelona","Baix Llobregat",2018,165,687,"10.000-50.000",37966,21.71
"08001","Abrera",12981,"Barcelona","Baix Llobregat",2019,458,658,"10.000-50.000",39439,20.02
"08001","Abrera",12981,"Barcelona","Baix Llobregat",2020,433,696,"10.000-50.000",39531,21.13
"08001","Abrera",12981,"Barcelona","Baix Llobregat",2021,486,661,"10.000-50.000",41104,19.3
"08001","Abrera",12981,"Barcelona","Baix Llobregat",2022,777,690,"10.000-50.000",42573,19.45
"08001","Abrera",12981,"Barcelona","Baix Llobregat",2023,708,661,"10.000-50.000",NA,NA
"08001","Abrera",12981,"Barcelona","Baix Llobregat",2024,515,755,"10.000-50.000",NA,NA
"08003","Alella",10200,"Barcelona","Maresme",2007,52,724,"10.000-50.000",NA,NA
"08003","Alella",10200,"Barcelona","Maresme",2008,57,1062,"10.000-50.000",NA,NA
"08003","Alella",10200,"Barcelona","Maresme",2009,74,893,"10.000-50.000",NA,NA
"08003","Alella",10200,"Barcelona","Maresme",2010,107,845,"10.000-50.000",NA,NA
"08003","Alella",10200,"Barcelona","Maresme",2011,99,860,"10.000-50.000",NA,NA
"08003","Alella",10200,"Barcelona","Maresme",2012,129,858,"10.000-50.000",NA,NA
"08003","Alella",10200,"Barcelona","Maresme",2013,150,924,"10.000-50.000",NA,NA
"08003","Alella",10200,"Barcelona","Maresme",2014,163,901,"10.000-50.000",NA,NA
"08003","Alella",10200,"Barcelona","Maresme",2015,136,1030,"10.000-50.000",51931,23.8
"08003","Alella",10200,"Barcelona","Maresme",2016,128,1026,"10.000-50.000",54485,22.6
"08003","Alella",10200,"Barcelona","Maresme",2017,169,1122,"10.000-50.000",56250,23.94
"08003","Alella",10200,"Barcelona","Maresme",2018,167,1071,"10.000-50.000",60380,21.29
"08003","Alella",10200,"Barcelona","Maresme",2019,499,1235,"10.000-50.000",60909,24.33
"08003","Alella",10200,"Barcelona","Maresme",2020,465,1136,"10.000-50.000",59709,22.83
"08003","Alella",10200,"Barcelona","Maresme",2021,518,1195,"10.000-50.000",59374,24.15
"08003","Alella",10200,"Barcelona","Maresme",2022,552,1209,"10.000-50.000",65059,22.3
"08003","Alella",10200,"Barcelona","Maresme",2023,491,1264,"10.000-50.000",NA,NA
"08003","Alella",10200,"Barcelona","Maresme",2024,436,1217,"10.000-50.000",NA,NA
"08004","Alpens",270,"Barcelona","Lluçanès",2018,6,338,"< 1.000",35361,11.47
"08004","Alpens",270,"Barcelona","Lluçanès",2020,15,327,"< 1.000",35232,11.14
"08005","Ametlla del Vallès, L'",9448,"Barcelona","Vallès Oriental",2007,45,534,"5.000-10.000",NA,NA
"08005","Ametlla del Vallès, L'",9448,"Barcelona","Vallès Oriental",2008,40,816,"5.000-10.000",NA,NA
"08005","Ametlla del Vallès, L'",9448,"Barcelona","Vallès Oriental",2009,50,807,"5.000-10.000",NA,NA
"08005","Ametlla del Vallès, L'",9448,"Barcelona","Vallès Oriental",2010,53,820,"5.000-10.000",NA,NA
"08005","Ametlla del Vallès, L'",9448,"Barcelona","Vallès Oriental",2011,61,835,"5.000-10.000",NA,NA
"08005","Ametlla del Vallès, L'",9448,"Barcelona","Vallès Oriental",2012,79,806,"5.000-10.000",NA,NA
"08005","Ametlla del Vallès, L'",9448,"Barcelona","Vallès Oriental",2013,99,708,"5.000-10.000",NA,NA
"08005","Ametlla del Vallès, L'",9448,"Barcelona","Vallès Oriental",2014,84,754,"5.000-10.000",NA,NA
"08005","Ametlla del Vallès, L'",9448,"Barcelona","Vallès Oriental",2015,78,809,"5.000-10.000",47570,20.41
"08005","Ametlla del Vallès, L'",9448,"Barcelona","Vallès Oriental",2016,84,852,"5.000-10.000",48714,20.99
"08005","Ametlla del Vallès, L'",9448,"Barcelona","Vallès Oriental",2017,103,917,"5.000-10.000",48534,22.67
"08005","Ametlla del Vallès, L'",9448,"Barcelona","Vallès Oriental",2018,109,950,"5.000-10.000",53220,21.42
"08005","Ametlla del Vallès, L'",9448,"Barcelona","Vallès Oriental",2019,303,1030,"5.000-10.000",56246,21.97
"08005","Ametlla del Vallès, L'",9448,"Barcelona","Vallès Oriental",2020,216,967,"5.000-10.000",54737,21.2
"08005","Ametlla del Vallès, L'",9448,"Barcelona","Vallès Oriental",2021,264,888,"5.000-10.000",57259,18.61
"08005","Ametlla del Vallès, L'",9448,"Barcelona","Vallès Oriental",2022,203,1019,"5.000-10.000",61346,19.93
"08005","Ametlla del Vallès, L'",9448,"Barcelona","Vallès Oriental",2023,236,1054,"5.000-10.000",NA,NA
"08005","Ametlla del Vallès, L'",9448,"Barcelona","Vallès Oriental",2024,192,1179,"5.000-10.000",NA,NA
"08006","Arenys de Mar",16513,"Barcelona","Maresme",2007,88,565,"10.000-50.000",NA,NA
"08006","Arenys de Mar",16513,"Barcelona","Maresme",2008,111,618,"10.000-50.000",NA,NA
"08006","Arenys de Mar",16513,"Barcelona","Maresme",2009,171,623,"10.000-50.000",NA,NA
"08006","Arenys de Mar",16513,"Barcelona","Maresme",2010,237,607,"10.000-50.000",NA,NA
"08006","Arenys de Mar",16513,"Barcelona","Maresme",2011,282,565,"10.000-50.000",NA,NA
"08006","Arenys de Mar",16513,"Barcelona","Maresme",2012,316,527,"10.000-50.000",NA,NA
"08006","Arenys de Mar",16513,"Barcelona","Maresme",2013,319,544,"10.000-50.000",NA,NA
"08006","Arenys de Mar",16513,"Barcelona","Maresme",2014,296,520,"10.000-50.000",NA,NA
"08006","Arenys de Mar",16513,"Barcelona","Maresme",2015,359,546,"10.000-50.000",30858,21.23
"08006","Arenys de Mar",16513,"Barcelona","Maresme",2016,340,552,"10.000-50.000",31747,20.86
"08006","Arenys de Mar",16513,"Barcelona","Maresme",2017,319,573,"10.000-50.000",32698,21.03
"08006","Arenys de Mar",16513,"Barcelona","Maresme",2018,353,636,"10.000-50.000",34531,22.1
"08006","Arenys de Mar",16513,"Barcelona","Maresme",2019,1262,653,"10.000-50.000",35656,21.98
"08006","Arenys de Mar",16513,"Barcelona","Maresme",2020,1011,695,"10.000-50.000",35463,23.52
"08006","Arenys de Mar",16513,"Barcelona","Maresme",2021,1250,710,"10.000-50.000",36833,23.13
"08006","Arenys de Mar",16513,"Barcelona","Maresme",2022,1205,710,"10.000-50.000",39322,21.67
"08006","Arenys de Mar",16513,"Barcelona","Maresme",2023,1092,737,"10.000-50.000",NA,NA
"08006","Arenys de Mar",16513,"Barcelona","Maresme",2024,950,773,"10.000-50.000",NA,NA
"08007","Arenys de Munt",9444,"Barcelona","Maresme",2007,18,563,"5.000-10.000",NA,NA
"08007","Arenys de Munt",9444,"Barcelona","Maresme",2008,48,611,"5.000-10.000",NA,NA
"08007","Arenys de Munt",9444,"Barcelona","Maresme",2009,83,601,"5.000-10.000",NA,NA
"08007","Arenys de Munt",9444,"Barcelona","Maresme",2010,77,555,"5.000-10.000",NA,NA
"08007","Arenys de Munt",9444,"Barcelona","Maresme",2011,138,559,"5.000-10.000",NA,NA
"08007","Arenys de Munt",9444,"Barcelona","Maresme",2012,131,523,"5.000-10.000",NA,NA
"08007","Arenys de Munt",9444,"Barcelona","Maresme",2013,175,487,"5.000-10.000",NA,NA
"08007","Arenys de Munt",9444,"Barcelona","Maresme",2014,154,489,"5.000-10.000",NA,NA
"08007","Arenys de Munt",9444,"Barcelona","Maresme",2015,178,520,"5.000-10.000",31590,19.75
"08007","Arenys de Munt",9444,"Barcelona","Maresme",2016,196,510,"5.000-10.000",32716,18.71
"08007","Arenys de Munt",9444,"Barcelona","Maresme",2017,181,568,"5.000-10.000",33901,20.11
"08007","Arenys de Munt",9444,"Barcelona","Maresme",2018,172,607,"5.000-10.000",35626,20.45
"08007","Arenys de Munt",9444,"Barcelona","Maresme",2019,630,612,"5.000-10.000",37200,19.74
"08007","Arenys de Munt",9444,"Barcelona","Maresme",2020,494,637,"5.000-10.000",37381,20.45
"08007","Arenys de Munt",9444,"Barcelona","Maresme",2021,563,611,"5.000-10.000",38920,18.84
"08007","Arenys de Munt",9444,"Barcelona","Maresme",2022,490,659,"5.000-10.000",40544,19.5
"08007","Arenys de Munt",9444,"Barcelona","Maresme",2023,350,760,"5.000-10.000",NA,NA
"08007","Arenys de Munt",9444,"Barcelona","Maresme",2024,440,780,"5.000-10.000",NA,NA
"08009","Argentona",12850,"Barcelona","Maresme",2007,88,641,"10.000-50.000",NA,NA
"08009","Argentona",12850,"Barcelona","Maresme",2008,115,710,"10.000-50.000",NA,NA
"08009","Argentona",12850,"Barcelona","Maresme",2009,148,687,"10.000-50.000",NA,NA
"08009","Argentona",12850,"Barcelona","Maresme",2010,184,615,"10.000-50.000",NA,NA
"08009","Argentona",12850,"Barcelona","Maresme",2011,166,603,"10.000-50.000",NA,NA
"08009","Argentona",12850,"Barcelona","Maresme",2012,242,610,"10.000-50.000",NA,NA
"08009","Argentona",12850,"Barcelona","Maresme",2013,222,595,"10.000-50.000",NA,NA
"08009","Argentona",12850,"Barcelona","Maresme",2014,180,589,"10.000-50.000",NA,NA
"08009","Argentona",12850,"Barcelona","Maresme",2015,193,584,"10.000-50.000",36103,19.41
"08009","Argentona",12850,"Barcelona","Maresme",2016,177,638,"10.000-50.000",37055,20.66
"08009","Argentona",12850,"Barcelona","Maresme",2017,214,686,"10.000-50.000",38409,21.43
"08009","Argentona",12850,"Barcelona","Maresme",2018,203,755,"10.000-50.000",40828,22.19
"08009","Argentona",12850,"Barcelona","Maresme",2019,848,754,"10.000-50.000",42230,21.43
"08009","Argentona",12850,"Barcelona","Maresme",2020,549,777,"10.000-50.000",43092,21.64
"08009","Argentona",12850,"Barcelona","Maresme",2021,590,732,"10.000-50.000",44369,19.8
"08009","Argentona",12850,"Barcelona","Maresme",2022,566,800,"10.000-50.000",46865,20.48
"08009","Argentona",12850,"Barcelona","Maresme",2023,522,829,"10.000-50.000",NA,NA
"08009","Argentona",12850,"Barcelona","Maresme",2024,496,900,"10.000-50.000",NA,NA
"08010","Artés",6051,"Barcelona","Bages",2007,24,412,"5.000-10.000",NA,NA
"08010","Artés",6051,"Barcelona","Bages",2008,59,543,"5.000-10.000",NA,NA
"08010","Artés",6051,"Barcelona","Bages",2009,43,476,"5.000-10.000",NA,NA
"08010","Artés",6051,"Barcelona","Bages",2010,57,399,"5.000-10.000",NA,NA
"08010","Artés",6051,"Barcelona","Bages",2011,52,466,"5.000-10.000",NA,NA
"08010","Artés",6051,"Barcelona","Bages",2012,104,379,"5.000-10.000",NA,NA
"08010","Artés",6051,"Barcelona","Bages",2013,98,315,"5.000-10.000",NA,NA
"08010","Artés",6051,"Barcelona","Bages",2014,107,310,"5.000-10.000",NA,NA
"08010","Artés",6051,"Barcelona","Bages",2015,90,308,"5.000-10.000",31541,11.72
"08010","Artés",6051,"Barcelona","Bages",2016,93,324,"5.000-10.000",33360,11.65
"08010","Artés",6051,"Barcelona","Bages",2017,137,338,"5.000-10.000",34473,11.77
"08010","Artés",6051,"Barcelona","Bages",2018,108,378,"5.000-10.000",35378,12.82
"08010","Artés",6051,"Barcelona","Bages",2019,271,378,"5.000-10.000",36393,12.46
"08010","Artés",6051,"Barcelona","Bages",2020,330,372,"5.000-10.000",35975,12.41
"08010","Artés",6051,"Barcelona","Bages",2021,423,424,"5.000-10.000",37276,13.65
"08010","Artés",6051,"Barcelona","Bages",2022,439,428,"5.000-10.000",38690,13.27
"08010","Artés",6051,"Barcelona","Bages",2023,277,496,"5.000-10.000",NA,NA
"08010","Artés",6051,"Barcelona","Bages",2024,318,499,"5.000-10.000",NA,NA
"08011","Avià",2242,"Barcelona","Berguedà",2008,6,828,"1.000-5.000",NA,NA
"08011","Avià",2242,"Barcelona","Berguedà",2009,11,368,"1.000-5.000",NA,NA
"08011","Avià",2242,"Barcelona","Berguedà",2010,23,380,"1.000-5.000",NA,NA
"08011","Avià",2242,"Barcelona","Berguedà",2011,23,378,"1.000-5.000",NA,NA
"08011","Avià",2242,"Barcelona","Berguedà",2012,24,394,"1.000-5.000",NA,NA
"08011","Avià",2242,"Barcelona","Berguedà",2013,26,357,"1.000-5.000",NA,NA
"08011","Avià",2242,"Barcelona","Berguedà",2014,16,381,"1.000-5.000",NA,NA
"08011","Avià",2242,"Barcelona","Berguedà",2015,15,305,"1.000-5.000",31996,11.44
"08011","Avià",2242,"Barcelona","Berguedà",2016,35,388,"1.000-5.000",33172,14.04
"08011","Avià",2242,"Barcelona","Berguedà",2017,25,325,"1.000-5.000",33650,11.59
"08011","Avià",2242,"Barcelona","Berguedà",2018,18,442,"1.000-5.000",35240,15.05
"08011","Avià",2242,"Barcelona","Berguedà",2019,97,378,"1.000-5.000",37072,12.24
"08011","Avià",2242,"Barcelona","Berguedà",2020,34,417,"1.000-5.000",37911,13.2
"08011","Avià",2242,"Barcelona","Berguedà",2021,142,425,"1.000-5.000",39236,13
"08011","Avià",2242,"Barcelona","Berguedà",2022,95,488,"1.000-5.000",40144,14.59
"08011","Avià",2242,"Barcelona","Berguedà",2023,73,486,"1.000-5.000",NA,NA
"08011","Avià",2242,"Barcelona","Berguedà",2024,104,530,"1.000-5.000",NA,NA
"08012","Avinyó",2311,"Barcelona","Bages",2007,12,283,"1.000-5.000",NA,NA
"08012","Avinyó",2311,"Barcelona","Bages",2008,21,396,"1.000-5.000",NA,NA
"08012","Avinyó",2311,"Barcelona","Bages",2009,34,394,"1.000-5.000",NA,NA
"08012","Avinyó",2311,"Barcelona","Bages",2010,31,365,"1.000-5.000",NA,NA
"08012","Avinyó",2311,"Barcelona","Bages",2011,36,345,"1.000-5.000",NA,NA
"08012","Avinyó",2311,"Barcelona","Bages",2012,22,377,"1.000-5.000",NA,NA
"08012","Avinyó",2311,"Barcelona","Bages",2013,29,320,"1.000-5.000",NA,NA
"08012","Avinyó",2311,"Barcelona","Bages",2014,20,320,"1.000-5.000",NA,NA
"08012","Avinyó",2311,"Barcelona","Bages",2015,24,295,"1.000-5.000",31937,11.08
"08012","Avinyó",2311,"Barcelona","Bages",2016,34,296,"1.000-5.000",32940,10.78
"08012","Avinyó",2311,"Barcelona","Bages",2017,39,339,"1.000-5.000",32965,12.34
"08012","Avinyó",2311,"Barcelona","Bages",2018,37,345,"1.000-5.000",34702,11.93
"08012","Avinyó",2311,"Barcelona","Bages",2019,84,411,"1.000-5.000",37346,13.21
"08012","Avinyó",2311,"Barcelona","Bages",2020,134,463,"1.000-5.000",37021,15.01
"08012","Avinyó",2311,"Barcelona","Bages",2021,100,444,"1.000-5.000",37523,14.2
"08012","Avinyó",2311,"Barcelona","Bages",2022,90,423,"1.000-5.000",38647,13.13
"08012","Avinyó",2311,"Barcelona","Bages",2023,76,416,"1.000-5.000",NA,NA
"08012","Avinyó",2311,"Barcelona","Bages",2024,87,475,"1.000-5.000",NA,NA
"08013","Avinyonet del Penedès",1745,"Barcelona","Alt Penedès",2008,6,560,"1.000-5.000",NA,NA
"08013","Avinyonet del Penedès",1745,"Barcelona","Alt Penedès",2009,14,530,"1.000-5.000",NA,NA
"08013","Avinyonet del Penedès",1745,"Barcelona","Alt Penedès",2010,17,521,"1.000-5.000",NA,NA
"08013","Avinyonet del Penedès",1745,"Barcelona","Alt Penedès",2011,23,462,"1.000-5.000",NA,NA
"08013","Avinyonet del Penedès",1745,"Barcelona","Alt Penedès",2012,18,474,"1.000-5.000",NA,NA
"08013","Avinyonet del Penedès",1745,"Barcelona","Alt Penedès",2013,17,407,"1.000-5.000",NA,NA
"08013","Avinyonet del Penedès",1745,"Barcelona","Alt Penedès",2014,19,545,"1.000-5.000",NA,NA
"08013","Avinyonet del Penedès",1745,"Barcelona","Alt Penedès",2015,20,453,"1.000-5.000",32078,16.95
"08013","Avinyonet del Penedès",1745,"Barcelona","Alt Penedès",2016,15,438,"1.000-5.000",33852,15.53
"08013","Avinyonet del Penedès",1745,"Barcelona","Alt Penedès",2017,16,495,"1.000-5.000",34044,17.45
"08013","Avinyonet del Penedès",1745,"Barcelona","Alt Penedès",2018,22,630,"1.000-5.000",35782,21.13
"08013","Avinyonet del Penedès",1745,"Barcelona","Alt Penedès",2019,43,466,"1.000-5.000",36176,15.46
"08013","Avinyonet del Penedès",1745,"Barcelona","Alt Penedès",2020,22,653,"1.000-5.000",35792,21.89
"08013","Avinyonet del Penedès",1745,"Barcelona","Alt Penedès",2021,32,637,"1.000-5.000",37436,20.42
"08013","Avinyonet del Penedès",1745,"Barcelona","Alt Penedès",2022,29,570,"1.000-5.000",39864,17.16
"08013","Avinyonet del Penedès",1745,"Barcelona","Alt Penedès",2023,28,640,"1.000-5.000",NA,NA
"08013","Avinyonet del Penedès",1745,"Barcelona","Alt Penedès",2024,42,619,"1.000-5.000",NA,NA
"08014","Aiguafreda",2582,"Barcelona","Vallès Oriental",2007,13,489,"1.000-5.000",NA,NA
"08014","Aiguafreda",2582,"Barcelona","Vallès Oriental",2008,19,516,"1.000-5.000",NA,NA
"08014","Aiguafreda",2582,"Barcelona","Vallès Oriental",2009,23,618,"1.000-5.000",NA,NA
"08014","Aiguafreda",2582,"Barcelona","Vallès Oriental",2010,39,494,"1.000-5.000",NA,NA
"08014","Aiguafreda",2582,"Barcelona","Vallès Oriental",2011,45,530,"1.000-5.000",NA,NA
"08014","Aiguafreda",2582,"Barcelona","Vallès Oriental",2012,44,405,"1.000-5.000",NA,NA
"08014","Aiguafreda",2582,"Barcelona","Vallès Oriental",2013,56,412,"1.000-5.000",NA,NA
"08014","Aiguafreda",2582,"Barcelona","Vallès Oriental",2014,55,422,"1.000-5.000",NA,NA
"08014","Aiguafreda",2582,"Barcelona","Vallès Oriental",2015,53,418,"1.000-5.000",32721,15.33
"08014","Aiguafreda",2582,"Barcelona","Vallès Oriental",2016,60,443,"1.000-5.000",33503,15.87
"08014","Aiguafreda",2582,"Barcelona","Vallès Oriental",2017,67,470,"1.000-5.000",34366,16.41
"08014","Aiguafreda",2582,"Barcelona","Vallès Oriental",2018,65,523,"1.000-5.000",35917,17.47
"08014","Aiguafreda",2582,"Barcelona","Vallès Oriental",2019,232,512,"1.000-5.000",37613,16.33
"08014","Aiguafreda",2582,"Barcelona","Vallès Oriental",2020,227,598,"1.000-5.000",38551,18.61
"08014","Aiguafreda",2582,"Barcelona","Vallès Oriental",2021,179,596,"1.000-5.000",38897,18.39
"08014","Aiguafreda",2582,"Barcelona","Vallès Oriental",2022,229,602,"1.000-5.000",41015,17.61
"08014","Aiguafreda",2582,"Barcelona","Vallès Oriental",2023,245,647,"1.000-5.000",NA,NA
"08014","Aiguafreda",2582,"Barcelona","Vallès Oriental",2024,196,665,"1.000-5.000",NA,NA
"08015","Badalona",226219,"Barcelona","Barcelonès",2007,1579,636,"> 100.000",NA,NA
"08015","Badalona",226219,"Barcelona","Barcelonès",2008,2094,698,"> 100.000",NA,NA
"08015","Badalona",226219,"Barcelona","Barcelonès",2009,2569,669,"> 100.000",NA,NA
"08015","Badalona",226219,"Barcelona","Barcelonès",2010,2549,631,"> 100.000",NA,NA
"08015","Badalona",226219,"Barcelona","Barcelonès",2011,2898,620,"> 100.000",NA,NA
"08015","Badalona",226219,"Barcelona","Barcelonès",2012,3241,580,"> 100.000",NA,NA
"08015","Badalona",226219,"Barcelona","Barcelonès",2013,3563,541,"> 100.000",NA,NA
"08015","Badalona",226219,"Barcelona","Barcelonès",2014,3417,538,"> 100.000",NA,NA
"08015","Badalona",226219,"Barcelona","Barcelonès",2015,3031,549,"> 100.000",29062,22.67
"08015","Badalona",226219,"Barcelona","Barcelonès",2016,3133,580,"> 100.000",29847,23.32
"08015","Badalona",226219,"Barcelona","Barcelonès",2017,3352,638,"> 100.000",30705,24.93
"08015","Badalona",226219,"Barcelona","Barcelonès",2018,3769,689,"> 100.000",32249,25.64
"08015","Badalona",226219,"Barcelona","Barcelonès",2019,11647,718,"> 100.000",33689,25.58
"08015","Badalona",226219,"Barcelona","Barcelonès",2020,9603,735,"> 100.000",33689,26.18
"08015","Badalona",226219,"Barcelona","Barcelonès",2021,11657,731,"> 100.000",35126,24.97
"08015","Badalona",226219,"Barcelona","Barcelonès",2022,11908,801,"> 100.000",36335,26.45
"08015","Badalona",226219,"Barcelona","Barcelonès",2023,10037,848,"> 100.000",NA,NA
"08015","Badalona",226219,"Barcelona","Barcelonès",2024,8865,884,"> 100.000",NA,NA
"08016","Bagà",2181,"Barcelona","Berguedà",2007,7,339,"1.000-5.000",NA,NA
"08016","Bagà",2181,"Barcelona","Berguedà",2008,8,414,"1.000-5.000",NA,NA
"08016","Bagà",2181,"Barcelona","Berguedà",2009,14,592,"1.000-5.000",NA,NA
"08016","Bagà",2181,"Barcelona","Berguedà",2010,25,344,"1.000-5.000",NA,NA
"08016","Bagà",2181,"Barcelona","Berguedà",2011,20,376,"1.000-5.000",NA,NA
"08016","Bagà",2181,"Barcelona","Berguedà",2012,16,329,"1.000-5.000",NA,NA
"08016","Bagà",2181,"Barcelona","Berguedà",2013,12,287,"1.000-5.000",NA,NA
"08016","Bagà",2181,"Barcelona","Berguedà",2014,16,314,"1.000-5.000",NA,NA
"08016","Bagà",2181,"Barcelona","Berguedà",2015,19,321,"1.000-5.000",31453,12.25
"08016","Bagà",2181,"Barcelona","Berguedà",2016,16,281,"1.000-5.000",31798,10.6
"08016","Bagà",2181,"Barcelona","Berguedà",2017,21,335,"1.000-5.000",32747,12.28
"08016","Bagà",2181,"Barcelona","Berguedà",2018,25,342,"1.000-5.000",33009,12.43
"08016","Bagà",2181,"Barcelona","Berguedà",2019,84,342,"1.000-5.000",33916,12.1
"08016","Bagà",2181,"Barcelona","Berguedà",2020,71,354,"1.000-5.000",34981,12.14
"08016","Bagà",2181,"Barcelona","Berguedà",2021,68,372,"1.000-5.000",35505,12.57
"08016","Bagà",2181,"Barcelona","Berguedà",2022,87,428,"1.000-5.000",36788,13.96
"08016","Bagà",2181,"Barcelona","Berguedà",2023,116,485,"1.000-5.000",NA,NA
"08016","Bagà",2181,"Barcelona","Berguedà",2024,124,495,"1.000-5.000",NA,NA
"08017","Balenyà",3999,"Barcelona","Osona",2007,9,607,"1.000-5.000",NA,NA
"08017","Balenyà",3999,"Barcelona","Osona",2008,13,533,"1.000-5.000",NA,NA
"08017","Balenyà",3999,"Barcelona","Osona",2009,22,506,"1.000-5.000",NA,NA
"08017","Balenyà",3999,"Barcelona","Osona",2010,26,447,"1.000-5.000",NA,NA
"08017","Balenyà",3999,"Barcelona","Osona",2011,54,466,"1.000-5.000",NA,NA
"08017","Balenyà",3999,"Barcelona","Osona",2012,58,391,"1.000-5.000",NA,NA
"08017","Balenyà",3999,"Barcelona","Osona",2013,43,401,"1.000-5.000",NA,NA
"08017","Balenyà",3999,"Barcelona","Osona",2014,62,376,"1.000-5.000",NA,NA
"08017","Balenyà",3999,"Barcelona","Osona",2015,55,359,"1.000-5.000",29300,14.7
"08017","Balenyà",3999,"Barcelona","Osona",2016,56,414,"1.000-5.000",29956,16.58
"08017","Balenyà",3999,"Barcelona","Osona",2017,60,453,"1.000-5.000",31361,17.33
"08017","Balenyà",3999,"Barcelona","Osona",2018,73,474,"1.000-5.000",32468,17.52
"08017","Balenyà",3999,"Barcelona","Osona",2019,182,500,"1.000-5.000",33694,17.81
"08017","Balenyà",3999,"Barcelona","Osona",2020,247,495,"1.000-5.000",34478,17.23
"08017","Balenyà",3999,"Barcelona","Osona",2021,233,514,"1.000-5.000",35227,17.51
"08017","Balenyà",3999,"Barcelona","Osona",2022,190,541,"1.000-5.000",36592,17.74
"08017","Balenyà",3999,"Barcelona","Osona",2023,192,552,"1.000-5.000",NA,NA
"08017","Balenyà",3999,"Barcelona","Osona",2024,233,542,"1.000-5.000",NA,NA
"08018","Balsareny",3325,"Barcelona","Bages",2007,17,412,"1.000-5.000",NA,NA
"08018","Balsareny",3325,"Barcelona","Bages",2008,18,426,"1.000-5.000",NA,NA
"08018","Balsareny",3325,"Barcelona","Bages",2009,19,439,"1.000-5.000",NA,NA
"08018","Balsareny",3325,"Barcelona","Bages",2010,20,378,"1.000-5.000",NA,NA
"08018","Balsareny",3325,"Barcelona","Bages",2011,26,403,"1.000-5.000",NA,NA
"08018","Balsareny",3325,"Barcelona","Bages",2012,29,382,"1.000-5.000",NA,NA
"08018","Balsareny",3325,"Barcelona","Bages",2013,23,318,"1.000-5.000",NA,NA
"08018","Balsareny",3325,"Barcelona","Bages",2014,31,322,"1.000-5.000",NA,NA
"08018","Balsareny",3325,"Barcelona","Bages",2015,25,341,"1.000-5.000",30387,13.47
"08018","Balsareny",3325,"Barcelona","Bages",2016,29,315,"1.000-5.000",31557,11.98
"08018","Balsareny",3325,"Barcelona","Bages",2017,20,396,"1.000-5.000",32231,14.74
"08018","Balsareny",3325,"Barcelona","Bages",2018,35,375,"1.000-5.000",33096,13.6
"08018","Balsareny",3325,"Barcelona","Bages",2019,143,382,"1.000-5.000",34042,13.47
"08018","Balsareny",3325,"Barcelona","Bages",2020,98,411,"1.000-5.000",34113,14.46
"08018","Balsareny",3325,"Barcelona","Bages",2021,117,437,"1.000-5.000",35397,14.81
"08018","Balsareny",3325,"Barcelona","Bages",2022,131,432,"1.000-5.000",36866,14.06
"08018","Balsareny",3325,"Barcelona","Bages",2023,89,505,"1.000-5.000",NA,NA
"08018","Balsareny",3325,"Barcelona","Bages",2024,146,513,"1.000-5.000",NA,NA
"08019","Barcelona",1686208,"Barcelona","Barcelonès",2007,24162,766,"> 100.000",NA,NA
"08019","Barcelona",1686208,"Barcelona","Barcelonès",2008,27414,813,"> 100.000",NA,NA
"08019","Barcelona",1686208,"Barcelona","Barcelonès",2009,32177,793,"> 100.000",NA,NA
"08019","Barcelona",1686208,"Barcelona","Barcelonès",2010,36873,762,"> 100.000",NA,NA
"08019","Barcelona",1686208,"Barcelona","Barcelonès",2011,38156,753,"> 100.000",NA,NA
"08019","Barcelona",1686208,"Barcelona","Barcelonès",2012,41047,720,"> 100.000",NA,NA
"08019","Barcelona",1686208,"Barcelona","Barcelonès",2013,44819,682,"> 100.000",NA,NA
"08019","Barcelona",1686208,"Barcelona","Barcelonès",2014,44411,688,"> 100.000",NA,NA
"08019","Barcelona",1686208,"Barcelona","Barcelonès",2015,40623,735,"> 100.000",36477,24.18
"08019","Barcelona",1686208,"Barcelona","Barcelonès",2016,42182,801,"> 100.000",37371,25.72
"08019","Barcelona",1686208,"Barcelona","Barcelonès",2017,49953,877,"> 100.000",37881,27.78
"08019","Barcelona",1686208,"Barcelona","Barcelonès",2018,53524,930,"> 100.000",39558,28.21
"08019","Barcelona",1686208,"Barcelona","Barcelonès",2019,165779,974,"> 100.000",41046,28.48
"08019","Barcelona",1686208,"Barcelona","Barcelonès",2020,126211,968,"> 100.000",40424,28.74
"08019","Barcelona",1686208,"Barcelona","Barcelonès",2021,185732,915,"> 100.000",41454,26.49
"08019","Barcelona",1686208,"Barcelona","Barcelonès",2022,155161,1016,"> 100.000",43991,27.71
"08019","Barcelona",1686208,"Barcelona","Barcelonès",2023,128736,1128,"> 100.000",NA,NA
"08019","Barcelona",1686208,"Barcelona","Barcelonès",2024,108816,1152,"> 100.000",NA,NA
"08020","Begues",7439,"Barcelona","Baix Llobregat",2007,17,891,"5.000-10.000",NA,NA
"08020","Begues",7439,"Barcelona","Baix Llobregat",2008,57,911,"5.000-10.000",NA,NA
"08020","Begues",7439,"Barcelona","Baix Llobregat",2009,48,823,"5.000-10.000",NA,NA
"08020","Begues",7439,"Barcelona","Baix Llobregat",2010,82,859,"5.000-10.000",NA,NA
"08020","Begues",7439,"Barcelona","Baix Llobregat",2011,77,829,"5.000-10.000",NA,NA
"08020","Begues",7439,"Barcelona","Baix Llobregat",2012,92,873,"5.000-10.000",NA,NA
"08020","Begues",7439,"Barcelona","Baix Llobregat",2013,109,794,"5.000-10.000",NA,NA
"08020","Begues",7439,"Barcelona","Baix Llobregat",2014,125,737,"5.000-10.000",NA,NA
"08020","Begues",7439,"Barcelona","Baix Llobregat",2015,99,842,"5.000-10.000",45183,22.36
"08020","Begues",7439,"Barcelona","Baix Llobregat",2016,113,732,"5.000-10.000",47280,18.58
"08020","Begues",7439,"Barcelona","Baix Llobregat",2017,102,911,"5.000-10.000",47732,22.9
"08020","Begues",7439,"Barcelona","Baix Llobregat",2018,118,864,"5.000-10.000",51031,20.32
"08020","Begues",7439,"Barcelona","Baix Llobregat",2019,1343,804,"5.000-10.000",54954,17.56
"08020","Begues",7439,"Barcelona","Baix Llobregat",2020,385,914,"5.000-10.000",53813,20.38
"08020","Begues",7439,"Barcelona","Baix Llobregat",2021,387,1027,"5.000-10.000",55251,22.31
"08020","Begues",7439,"Barcelona","Baix Llobregat",2022,359,994,"5.000-10.000",59150,20.17
"08020","Begues",7439,"Barcelona","Baix Llobregat",2023,312,1022,"5.000-10.000",NA,NA
"08020","Begues",7439,"Barcelona","Baix Llobregat",2024,284,1042,"5.000-10.000",NA,NA
"08022","Berga",17195,"Barcelona","Berguedà",2007,56,398,"10.000-50.000",NA,NA
"08022","Berga",17195,"Barcelona","Berguedà",2008,92,419,"10.000-50.000",NA,NA
"08022","Berga",17195,"Barcelona","Berguedà",2009,133,407,"10.000-50.000",NA,NA
"08022","Berga",17195,"Barcelona","Berguedà",2010,263,358,"10.000-50.000",NA,NA
"08022","Berga",17195,"Barcelona","Berguedà",2011,262,364,"10.000-50.000",NA,NA
"08022","Berga",17195,"Barcelona","Berguedà",2012,246,350,"10.000-50.000",NA,NA
"08022","Berga",17195,"Barcelona","Berguedà",2013,288,324,"10.000-50.000",NA,NA
"08022","Berga",17195,"Barcelona","Berguedà",2014,247,317,"10.000-50.000",NA,NA
"08022","Berga",17195,"Barcelona","Berguedà",2015,269,323,"10.000-50.000",29331,13.21
"08022","Berga",17195,"Barcelona","Berguedà",2016,353,320,"10.000-50.000",29869,12.86
"08022","Berga",17195,"Barcelona","Berguedà",2017,358,344,"10.000-50.000",30611,13.49
"08022","Berga",17195,"Barcelona","Berguedà",2018,357,357,"10.000-50.000",31717,13.51
"08022","Berga",17195,"Barcelona","Berguedà",2019,980,389,"10.000-50.000",32881,14.2
"08022","Berga",17195,"Barcelona","Berguedà",2020,916,395,"10.000-50.000",32773,14.46
"08022","Berga",17195,"Barcelona","Berguedà",2021,1343,401,"10.000-50.000",33782,14.24
"08022","Berga",17195,"Barcelona","Berguedà",2022,1369,417,"10.000-50.000",35176,14.23
"08022","Berga",17195,"Barcelona","Berguedà",2023,1127,442,"10.000-50.000",NA,NA
"08022","Berga",17195,"Barcelona","Berguedà",2024,1066,469,"10.000-50.000",NA,NA
"08023","Bigues i Riells del Fai",10035,"Barcelona","Vallès Oriental",2007,17,632,"10.000-50.000",NA,NA
"08023","Bigues i Riells del Fai",10035,"Barcelona","Vallès Oriental",2008,28,716,"10.000-50.000",NA,NA
"08023","Bigues i Riells del Fai",10035,"Barcelona","Vallès Oriental",2009,38,674,"10.000-50.000",NA,NA
"08023","Bigues i Riells del Fai",10035,"Barcelona","Vallès Oriental",2010,50,630,"10.000-50.000",NA,NA
"08023","Bigues i Riells del Fai",10035,"Barcelona","Vallès Oriental",2011,54,692,"10.000-50.000",NA,NA
"08023","Bigues i Riells del Fai",10035,"Barcelona","Vallès Oriental",2012,74,611,"10.000-50.000",NA,NA
"08023","Bigues i Riells del Fai",10035,"Barcelona","Vallès Oriental",2013,107,564,"10.000-50.000",NA,NA
"08023","Bigues i Riells del Fai",10035,"Barcelona","Vallès Oriental",2014,97,622,"10.000-50.000",NA,NA
"08023","Bigues i Riells del Fai",10035,"Barcelona","Vallès Oriental",2015,115,594,"10.000-50.000",35621,20.01
"08023","Bigues i Riells del Fai",10035,"Barcelona","Vallès Oriental",2016,92,652,"10.000-50.000",36735,21.3
"08023","Bigues i Riells del Fai",10035,"Barcelona","Vallès Oriental",2017,122,686,"10.000-50.000",37739,21.81
"08023","Bigues i Riells del Fai",10035,"Barcelona","Vallès Oriental",2018,96,735,"10.000-50.000",39352,22.41
"08023","Bigues i Riells del Fai",10035,"Barcelona","Vallès Oriental",2019,359,778,"10.000-50.000",41097,22.72
"08023","Bigues i Riells del Fai",10035,"Barcelona","Vallès Oriental",2020,224,718,"10.000-50.000",40989,21.02
"08023","Bigues i Riells del Fai",10035,"Barcelona","Vallès Oriental",2021,249,723,"10.000-50.000",43299,20.04
"08023","Bigues i Riells del Fai",10035,"Barcelona","Vallès Oriental",2022,222,803,"10.000-50.000",45804,21.04
"08023","Bigues i Riells del Fai",10035,"Barcelona","Vallès Oriental",2023,201,772,"10.000-50.000",NA,NA
"08023","Bigues i Riells del Fai",10035,"Barcelona","Vallès Oriental",2024,199,803,"10.000-50.000",NA,NA
"08024","Borredà",426,"Barcelona","Berguedà",2011,6,333,"< 1.000",NA,NA
"08024","Borredà",426,"Barcelona","Berguedà",2015,6,273,"< 1.000",26827,12.21
"08024","Borredà",426,"Barcelona","Berguedà",2017,6,251,"< 1.000",26495,11.37
"08024","Borredà",426,"Barcelona","Berguedà",2019,30,254,"< 1.000",29212,10.43
"08024","Borredà",426,"Barcelona","Berguedà",2020,6,323,"< 1.000",30096,12.88
"08024","Borredà",426,"Barcelona","Berguedà",2021,7,326,"< 1.000",32419,12.07
"08024","Borredà",426,"Barcelona","Berguedà",2022,6,290,"< 1.000",33643,10.34
"08024","Borredà",426,"Barcelona","Berguedà",2023,20,303,"< 1.000",NA,NA
"08025","Bruc, El",2293,"Barcelona","Anoia",2008,21,604,"1.000-5.000",NA,NA
"08025","Bruc, El",2293,"Barcelona","Anoia",2009,16,475,"1.000-5.000",NA,NA
"08025","Bruc, El",2293,"Barcelona","Anoia",2010,19,565,"1.000-5.000",NA,NA
"08025","Bruc, El",2293,"Barcelona","Anoia",2011,12,546,"1.000-5.000",NA,NA
"08025","Bruc, El",2293,"Barcelona","Anoia",2012,12,429,"1.000-5.000",NA,NA
"08025","Bruc, El",2293,"Barcelona","Anoia",2013,18,593,"1.000-5.000",NA,NA
"08025","Bruc, El",2293,"Barcelona","Anoia",2014,21,568,"1.000-5.000",NA,NA
"08025","Bruc, El",2293,"Barcelona","Anoia",2015,28,588,"1.000-5.000",34134,20.67
"08025","Bruc, El",2293,"Barcelona","Anoia",2016,30,650,"1.000-5.000",34864,22.37
"08025","Bruc, El",2293,"Barcelona","Anoia",2017,37,599,"1.000-5.000",37220,19.31
"08025","Bruc, El",2293,"Barcelona","Anoia",2018,27,674,"1.000-5.000",39115,20.68
"08025","Bruc, El",2293,"Barcelona","Anoia",2019,92,574,"1.000-5.000",39743,17.33
"08025","Bruc, El",2293,"Barcelona","Anoia",2020,110,590,"1.000-5.000",38934,18.18
"08025","Bruc, El",2293,"Barcelona","Anoia",2021,127,665,"1.000-5.000",40669,19.62
"08025","Bruc, El",2293,"Barcelona","Anoia",2022,71,667,"1.000-5.000",42349,18.9
"08025","Bruc, El",2293,"Barcelona","Anoia",2023,69,694,"1.000-5.000",NA,NA
"08025","Bruc, El",2293,"Barcelona","Anoia",2024,77,708,"1.000-5.000",NA,NA
"08027","Cabanyes, Les",1011,"Barcelona","Alt Penedès",2011,7,638,"1.000-5.000",NA,NA
"08027","Cabanyes, Les",1011,"Barcelona","Alt Penedès",2012,7,526,"1.000-5.000",NA,NA
"08027","Cabanyes, Les",1011,"Barcelona","Alt Penedès",2014,8,454,"1.000-5.000",NA,NA
"08027","Cabanyes, Les",1011,"Barcelona","Alt Penedès",2017,10,600,"1.000-5.000",44041,16.35
"08027","Cabanyes, Les",1011,"Barcelona","Alt Penedès",2019,6,865,"1.000-5.000",47386,21.91
"08027","Cabanyes, Les",1011,"Barcelona","Alt Penedès",2020,19,717,"1.000-5.000",48296,17.82
"08027","Cabanyes, Les",1011,"Barcelona","Alt Penedès",2021,27,830,"1.000-5.000",51200,19.45
"08027","Cabanyes, Les",1011,"Barcelona","Alt Penedès",2022,6,758,"1.000-5.000",52149,17.44
"08027","Cabanyes, Les",1011,"Barcelona","Alt Penedès",2023,26,900,"1.000-5.000",NA,NA
"08028","Cabrera d'Anoia",1712,"Barcelona","Anoia",2012,7,519,"1.000-5.000",NA,NA
"08028","Cabrera d'Anoia",1712,"Barcelona","Anoia",2013,8,419,"1.000-5.000",NA,NA
"08028","Cabrera d'Anoia",1712,"Barcelona","Anoia",2014,8,497,"1.000-5.000",NA,NA
"08028","Cabrera d'Anoia",1712,"Barcelona","Anoia",2015,12,528,"1.000-5.000",25974,24.39
"08028","Cabrera d'Anoia",1712,"Barcelona","Anoia",2016,17,534,"1.000-5.000",27547,23.26
"08028","Cabrera d'Anoia",1712,"Barcelona","Anoia",2017,11,597,"1.000-5.000",27488,26.06
"08028","Cabrera d'Anoia",1712,"Barcelona","Anoia",2018,13,730,"1.000-5.000",27825,31.48
"08028","Cabrera d'Anoia",1712,"Barcelona","Anoia",2019,68,538,"1.000-5.000",28610,22.57
"08028","Cabrera d'Anoia",1712,"Barcelona","Anoia",2020,14,587,"1.000-5.000",29243,24.09
"08028","Cabrera d'Anoia",1712,"Barcelona","Anoia",2021,6,671,"1.000-5.000",31623,25.46
"08029","Cabrera de Mar",5014,"Barcelona","Maresme",2007,24,776,"5.000-10.000",NA,NA
"08029","Cabrera de Mar",5014,"Barcelona","Maresme",2008,34,874,"5.000-10.000",NA,NA
"08029","Cabrera de Mar",5014,"Barcelona","Maresme",2009,35,840,"5.000-10.000",NA,NA
"08029","Cabrera de Mar",5014,"Barcelona","Maresme",2010,42,770,"5.000-10.000",NA,NA
"08029","Cabrera de Mar",5014,"Barcelona","Maresme",2011,32,809,"5.000-10.000",NA,NA
"08029","Cabrera de Mar",5014,"Barcelona","Maresme",2012,45,722,"5.000-10.000",NA,NA
"08029","Cabrera de Mar",5014,"Barcelona","Maresme",2013,57,819,"5.000-10.000",NA,NA
"08029","Cabrera de Mar",5014,"Barcelona","Maresme",2014,62,750,"5.000-10.000",NA,NA
"08029","Cabrera de Mar",5014,"Barcelona","Maresme",2015,55,749,"5.000-10.000",45531,19.74
"08029","Cabrera de Mar",5014,"Barcelona","Maresme",2016,56,800,"5.000-10.000",49436,19.42
"08029","Cabrera de Mar",5014,"Barcelona","Maresme",2017,65,876,"5.000-10.000",49577,21.2
"08029","Cabrera de Mar",5014,"Barcelona","Maresme",2018,81,912,"5.000-10.000",52662,20.78
"08029","Cabrera de Mar",5014,"Barcelona","Maresme",2019,253,1140,"5.000-10.000",55994,24.43
"08029","Cabrera de Mar",5014,"Barcelona","Maresme",2020,227,949,"5.000-10.000",54915,20.74
"08029","Cabrera de Mar",5014,"Barcelona","Maresme",2021,280,1094,"5.000-10.000",56363,23.29
"08029","Cabrera de Mar",5014,"Barcelona","Maresme",2022,212,1282,"5.000-10.000",58687,26.21
"08029","Cabrera de Mar",5014,"Barcelona","Maresme",2023,232,1115,"5.000-10.000",NA,NA
"08029","Cabrera de Mar",5014,"Barcelona","Maresme",2024,240,1201,"5.000-10.000",NA,NA
"08030","Cabrils",7764,"Barcelona","Maresme",2007,22,1079,"5.000-10.000",NA,NA
"08030","Cabrils",7764,"Barcelona","Maresme",2008,42,1043,"5.000-10.000",NA,NA
"08030","Cabrils",7764,"Barcelona","Maresme",2009,73,949,"5.000-10.000",NA,NA
"08030","Cabrils",7764,"Barcelona","Maresme",2010,57,950,"5.000-10.000",NA,NA
"08030","Cabrils",7764,"Barcelona","Maresme",2011,85,950,"5.000-10.000",NA,NA
"08030","Cabrils",7764,"Barcelona","Maresme",2012,78,942,"5.000-10.000",NA,NA
"08030","Cabrils",7764,"Barcelona","Maresme",2013,76,881,"5.000-10.000",NA,NA
"08030","Cabrils",7764,"Barcelona","Maresme",2014,105,987,"5.000-10.000",NA,NA
"08030","Cabrils",7764,"Barcelona","Maresme",2015,90,1014,"5.000-10.000",53335,22.81
"08030","Cabrils",7764,"Barcelona","Maresme",2016,102,901,"5.000-10.000",54333,19.9
"08030","Cabrils",7764,"Barcelona","Maresme",2017,107,1147,"5.000-10.000",56356,24.42
"08030","Cabrils",7764,"Barcelona","Maresme",2018,112,1178,"5.000-10.000",58076,24.34
"08030","Cabrils",7764,"Barcelona","Maresme",2019,337,1185,"5.000-10.000",59660,23.84
"08030","Cabrils",7764,"Barcelona","Maresme",2020,294,1307,"5.000-10.000",58947,26.61
"08030","Cabrils",7764,"Barcelona","Maresme",2021,298,1111,"5.000-10.000",61569,21.65
"08030","Cabrils",7764,"Barcelona","Maresme",2022,274,1412,"5.000-10.000",62400,27.15
"08030","Cabrils",7764,"Barcelona","Maresme",2023,210,1449,"5.000-10.000",NA,NA
"08030","Cabrils",7764,"Barcelona","Maresme",2024,200,1433,"5.000-10.000",NA,NA
"08031","Calaf",3595,"Barcelona","Anoia",2007,10,426,"1.000-5.000",NA,NA
"08031","Calaf",3595,"Barcelona","Anoia",2008,14,455,"1.000-5.000",NA,NA
"08031","Calaf",3595,"Barcelona","Anoia",2009,49,284,"1.000-5.000",NA,NA
"08031","Calaf",3595,"Barcelona","Anoia",2010,18,369,"1.000-5.000",NA,NA
"08031","Calaf",3595,"Barcelona","Anoia",2011,28,335,"1.000-5.000",NA,NA
"08031","Calaf",3595,"Barcelona","Anoia",2012,46,232,"1.000-5.000",NA,NA
"08031","Calaf",3595,"Barcelona","Anoia",2013,42,267,"1.000-5.000",NA,NA
"08031","Calaf",3595,"Barcelona","Anoia",2014,43,235,"1.000-5.000",NA,NA
"08031","Calaf",3595,"Barcelona","Anoia",2015,39,289,"1.000-5.000",28072,12.35
"08031","Calaf",3595,"Barcelona","Anoia",2016,52,269,"1.000-5.000",28772,11.22
"08031","Calaf",3595,"Barcelona","Anoia",2017,66,315,"1.000-5.000",29353,12.88
"08031","Calaf",3595,"Barcelona","Anoia",2018,69,310,"1.000-5.000",30240,12.3
"08031","Calaf",3595,"Barcelona","Anoia",2019,188,312,"1.000-5.000",30936,12.1
"08031","Calaf",3595,"Barcelona","Anoia",2020,161,323,"1.000-5.000",31292,12.39
"08031","Calaf",3595,"Barcelona","Anoia",2021,193,348,"1.000-5.000",32423,12.88
"08031","Calaf",3595,"Barcelona","Anoia",2022,181,380,"1.000-5.000",33848,13.47
"08031","Calaf",3595,"Barcelona","Anoia",2023,182,368,"1.000-5.000",NA,NA
"08031","Calaf",3595,"Barcelona","Anoia",2024,198,439,"1.000-5.000",NA,NA
"08032","Caldes d'Estrac",3241,"Barcelona","Maresme",2007,12,715,"1.000-5.000",NA,NA
"08032","Caldes d'Estrac",3241,"Barcelona","Maresme",2008,33,660,"1.000-5.000",NA,NA
"08032","Caldes d'Estrac",3241,"Barcelona","Maresme",2009,25,744,"1.000-5.000",NA,NA
"08032","Caldes d'Estrac",3241,"Barcelona","Maresme",2010,35,624,"1.000-5.000",NA,NA
"08032","Caldes d'Estrac",3241,"Barcelona","Maresme",2011,61,681,"1.000-5.000",NA,NA
"08032","Caldes d'Estrac",3241,"Barcelona","Maresme",2012,44,684,"1.000-5.000",NA,NA
"08032","Caldes d'Estrac",3241,"Barcelona","Maresme",2013,63,718,"1.000-5.000",NA,NA
"08032","Caldes d'Estrac",3241,"Barcelona","Maresme",2014,64,629,"1.000-5.000",NA,NA
"08032","Caldes d'Estrac",3241,"Barcelona","Maresme",2015,73,680,"1.000-5.000",33812,24.13
"08032","Caldes d'Estrac",3241,"Barcelona","Maresme",2016,66,637,"1.000-5.000",34175,22.37
"08032","Caldes d'Estrac",3241,"Barcelona","Maresme",2017,63,734,"1.000-5.000",36673,24.02
"08032","Caldes d'Estrac",3241,"Barcelona","Maresme",2018,79,788,"1.000-5.000",38043,24.86
"08032","Caldes d'Estrac",3241,"Barcelona","Maresme",2019,283,769,"1.000-5.000",37232,24.79
"08032","Caldes d'Estrac",3241,"Barcelona","Maresme",2020,227,930,"1.000-5.000",39469,28.28
"08032","Caldes d'Estrac",3241,"Barcelona","Maresme",2021,263,894,"1.000-5.000",39972,26.84
"08032","Caldes d'Estrac",3241,"Barcelona","Maresme",2022,185,901,"1.000-5.000",42843,25.24
"08032","Caldes d'Estrac",3241,"Barcelona","Maresme",2023,285,893,"1.000-5.000",NA,NA
"08032","Caldes d'Estrac",3241,"Barcelona","Maresme",2024,225,998,"1.000-5.000",NA,NA
"08033","Caldes de Montbui",18334,"Barcelona","Vallès Oriental",2007,165,558,"10.000-50.000",NA,NA
"08033","Caldes de Montbui",18334,"Barcelona","Vallès Oriental",2008,227,627,"10.000-50.000",NA,NA
"08033","Caldes de Montbui",18334,"Barcelona","Vallès Oriental",2009,325,589,"10.000-50.000",NA,NA
"08033","Caldes de Montbui",18334,"Barcelona","Vallès Oriental",2010,284,548,"10.000-50.000",NA,NA
"08033","Caldes de Montbui",18334,"Barcelona","Vallès Oriental",2011,395,557,"10.000-50.000",NA,NA
"08033","Caldes de Montbui",18334,"Barcelona","Vallès Oriental",2012,376,518,"10.000-50.000",NA,NA
"08033","Caldes de Montbui",18334,"Barcelona","Vallès Oriental",2013,401,512,"10.000-50.000",NA,NA
"08033","Caldes de Montbui",18334,"Barcelona","Vallès Oriental",2014,384,513,"10.000-50.000",NA,NA
"08033","Caldes de Montbui",18334,"Barcelona","Vallès Oriental",2015,351,511,"10.000-50.000",34130,17.97
"08033","Caldes de Montbui",18334,"Barcelona","Vallès Oriental",2016,314,566,"10.000-50.000",35203,19.29
"08033","Caldes de Montbui",18334,"Barcelona","Vallès Oriental",2017,345,585,"10.000-50.000",36567,19.2
"08033","Caldes de Montbui",18334,"Barcelona","Vallès Oriental",2018,382,622,"10.000-50.000",38471,19.4
"08033","Caldes de Montbui",18334,"Barcelona","Vallès Oriental",2019,1177,643,"10.000-50.000",40363,19.12
"08033","Caldes de Montbui",18334,"Barcelona","Vallès Oriental",2020,1093,685,"10.000-50.000",39974,20.56
"08033","Caldes de Montbui",18334,"Barcelona","Vallès Oriental",2021,1385,682,"10.000-50.000",41821,19.57
"08033","Caldes de Montbui",18334,"Barcelona","Vallès Oriental",2022,1312,717,"10.000-50.000",44170,19.48
"08033","Caldes de Montbui",18334,"Barcelona","Vallès Oriental",2023,973,784,"10.000-50.000",NA,NA
"08033","Caldes de Montbui",18334,"Barcelona","Vallès Oriental",2024,1008,781,"10.000-50.000",NA,NA
"08034","Calders",1114,"Barcelona","Moianès",2009,10,917,"1.000-5.000",NA,NA
"08034","Calders",1114,"Barcelona","Moianès",2010,9,364,"1.000-5.000",NA,NA
"08034","Calders",1114,"Barcelona","Moianès",2012,12,366,"1.000-5.000",NA,NA
"08034","Calders",1114,"Barcelona","Moianès",2013,11,427,"1.000-5.000",NA,NA
"08034","Calders",1114,"Barcelona","Moianès",2014,8,401,"1.000-5.000",NA,NA
"08034","Calders",1114,"Barcelona","Moianès",2015,10,371,"1.000-5.000",34897,12.76
"08034","Calders",1114,"Barcelona","Moianès",2016,13,588,"1.000-5.000",35775,19.72
"08034","Calders",1114,"Barcelona","Moianès",2017,16,440,"1.000-5.000",37569,14.05
"08034","Calders",1114,"Barcelona","Moianès",2018,11,429,"1.000-5.000",40242,12.79
"08034","Calders",1114,"Barcelona","Moianès",2019,52,409,"1.000-5.000",43395,11.31
"08034","Calders",1114,"Barcelona","Moianès",2020,41,554,"1.000-5.000",41677,15.95
"08034","Calders",1114,"Barcelona","Moianès",2021,26,605,"1.000-5.000",42184,17.21
"08034","Calders",1114,"Barcelona","Moianès",2022,29,424,"1.000-5.000",43813,11.61
"08034","Calders",1114,"Barcelona","Moianès",2023,31,545,"1.000-5.000",NA,NA
"08034","Calders",1114,"Barcelona","Moianès",2024,14,468,"1.000-5.000",NA,NA
"08035","Calella",20207,"Barcelona","Maresme",2007,168,537,"10.000-50.000",NA,NA
"08035","Calella",20207,"Barcelona","Maresme",2008,483,576,"10.000-50.000",NA,NA
"08035","Calella",20207,"Barcelona","Maresme",2009,593,541,"10.000-50.000",NA,NA
"08035","Calella",20207,"Barcelona","Maresme",2010,574,504,"10.000-50.000",NA,NA
"08035","Calella",20207,"Barcelona","Maresme",2011,646,494,"10.000-50.000",NA,NA
"08035","Calella",20207,"Barcelona","Maresme",2012,562,469,"10.000-50.000",NA,NA
"08035","Calella",20207,"Barcelona","Maresme",2013,639,463,"10.000-50.000",NA,NA
"08035","Calella",20207,"Barcelona","Maresme",2014,643,449,"10.000-50.000",NA,NA
"08035","Calella",20207,"Barcelona","Maresme",2015,609,454,"10.000-50.000",26551,20.52
"08035","Calella",20207,"Barcelona","Maresme",2016,571,459,"10.000-50.000",27179,20.27
"08035","Calella",20207,"Barcelona","Maresme",2017,568,490,"10.000-50.000",28122,20.91
"08035","Calella",20207,"Barcelona","Maresme",2018,541,515,"10.000-50.000",29008,21.3
"08035","Calella",20207,"Barcelona","Maresme",2019,1785,550,"10.000-50.000",30649,21.53
"08035","Calella",20207,"Barcelona","Maresme",2020,1311,584,"10.000-50.000",28968,24.19
"08035","Calella",20207,"Barcelona","Maresme",2021,1853,595,"10.000-50.000",30196,23.65
"08035","Calella",20207,"Barcelona","Maresme",2022,1682,624,"10.000-50.000",32516,23.03
"08035","Calella",20207,"Barcelona","Maresme",2023,1448,680,"10.000-50.000",NA,NA
"08035","Calella",20207,"Barcelona","Maresme",2024,1374,667,"10.000-50.000",NA,NA
"08037","Calldetenes",2690,"Barcelona","Osona",2007,13,397,"1.000-5.000",NA,NA
"08037","Calldetenes",2690,"Barcelona","Osona",2008,10,502,"1.000-5.000",NA,NA
"08037","Calldetenes",2690,"Barcelona","Osona",2009,19,500,"1.000-5.000",NA,NA
"08037","Calldetenes",2690,"Barcelona","Osona",2010,21,487,"1.000-5.000",NA,NA
"08037","Calldetenes",2690,"Barcelona","Osona",2011,35,469,"1.000-5.000",NA,NA
"08037","Calldetenes",2690,"Barcelona","Osona",2012,37,449,"1.000-5.000",NA,NA
"08037","Calldetenes",2690,"Barcelona","Osona",2013,38,402,"1.000-5.000",NA,NA
"08037","Calldetenes",2690,"Barcelona","Osona",2014,41,415,"1.000-5.000",NA,NA
"08037","Calldetenes",2690,"Barcelona","Osona",2015,33,409,"1.000-5.000",34695,14.15
"08037","Calldetenes",2690,"Barcelona","Osona",2016,34,430,"1.000-5.000",36283,14.22
"08037","Calldetenes",2690,"Barcelona","Osona",2017,54,472,"1.000-5.000",37496,15.11
"08037","Calldetenes",2690,"Barcelona","Osona",2018,40,507,"1.000-5.000",38858,15.66
"08037","Calldetenes",2690,"Barcelona","Osona",2019,118,544,"1.000-5.000",40133,16.27
"08037","Calldetenes",2690,"Barcelona","Osona",2020,99,574,"1.000-5.000",41449,16.62
"08037","Calldetenes",2690,"Barcelona","Osona",2021,99,590,"1.000-5.000",41888,16.9
"08037","Calldetenes",2690,"Barcelona","Osona",2022,120,604,"1.000-5.000",45491,15.93
"08037","Calldetenes",2690,"Barcelona","Osona",2023,106,661,"1.000-5.000",NA,NA
"08037","Calldetenes",2690,"Barcelona","Osona",2024,151,675,"1.000-5.000",NA,NA
"08038","Callús",2151,"Barcelona","Bages",2007,16,353,"1.000-5.000",NA,NA
"08038","Callús",2151,"Barcelona","Bages",2008,32,453,"1.000-5.000",NA,NA
"08038","Callús",2151,"Barcelona","Bages",2009,40,434,"1.000-5.000",NA,NA
"08038","Callús",2151,"Barcelona","Bages",2010,62,318,"1.000-5.000",NA,NA
"08038","Callús",2151,"Barcelona","Bages",2011,48,354,"1.000-5.000",NA,NA
"08038","Callús",2151,"Barcelona","Bages",2012,58,379,"1.000-5.000",NA,NA
"08038","Callús",2151,"Barcelona","Bages",2013,82,271,"1.000-5.000",NA,NA
"08038","Callús",2151,"Barcelona","Bages",2014,60,334,"1.000-5.000",NA,NA
"08038","Callús",2151,"Barcelona","Bages",2015,48,390,"1.000-5.000",30405,15.39
"08038","Callús",2151,"Barcelona","Bages",2016,58,355,"1.000-5.000",30700,13.88
"08038","Callús",2151,"Barcelona","Bages",2017,31,362,"1.000-5.000",31424,13.82
"08038","Callús",2151,"Barcelona","Bages",2018,57,346,"1.000-5.000",32293,12.86
"08038","Callús",2151,"Barcelona","Bages",2019,174,343,"1.000-5.000",33750,12.2
"08038","Callús",2151,"Barcelona","Bages",2020,115,369,"1.000-5.000",34114,12.98
"08038","Callús",2151,"Barcelona","Bages",2021,164,427,"1.000-5.000",34952,14.66
"08038","Callús",2151,"Barcelona","Bages",2022,221,408,"1.000-5.000",36937,13.26
"08038","Callús",2151,"Barcelona","Bages",2023,162,390,"1.000-5.000",NA,NA
"08038","Callús",2151,"Barcelona","Bages",2024,182,410,"1.000-5.000",NA,NA
"08039","Campins",609,"Barcelona","Vallès Oriental",2009,7,493,"< 1.000",NA,NA
"08039","Campins",609,"Barcelona","Vallès Oriental",2010,6,546,"< 1.000",NA,NA
"08039","Campins",609,"Barcelona","Vallès Oriental",2011,9,456,"< 1.000",NA,NA
"08039","Campins",609,"Barcelona","Vallès Oriental",2012,9,450,"< 1.000",NA,NA
"08039","Campins",609,"Barcelona","Vallès Oriental",2014,11,510,"< 1.000",NA,NA
"08039","Campins",609,"Barcelona","Vallès Oriental",2015,11,600,"< 1.000",30930,23.28
"08039","Campins",609,"Barcelona","Vallès Oriental",2016,13,507,"< 1.000",33867,17.96
"08039","Campins",609,"Barcelona","Vallès Oriental",2017,7,715,"< 1.000",35921,23.89
"08039","Campins",609,"Barcelona","Vallès Oriental",2018,9,658,"< 1.000",37565,21.02
"08039","Campins",609,"Barcelona","Vallès Oriental",2019,14,650,"< 1.000",32381,24.09
"08039","Campins",609,"Barcelona","Vallès Oriental",2020,23,693,"< 1.000",39621,20.99
"08039","Campins",609,"Barcelona","Vallès Oriental",2021,30,612,"< 1.000",43319,16.95
"08039","Campins",609,"Barcelona","Vallès Oriental",2022,35,795,"< 1.000",47569,20.06
"08039","Campins",609,"Barcelona","Vallès Oriental",2023,19,643,"< 1.000",NA,NA
"08040","Canet de Mar",15135,"Barcelona","Maresme",2007,51,609,"10.000-50.000",NA,NA
"08040","Canet de Mar",15135,"Barcelona","Maresme",2008,65,670,"10.000-50.000",NA,NA
"08040","Canet de Mar",15135,"Barcelona","Maresme",2009,105,609,"10.000-50.000",NA,NA
"08040","Canet de Mar",15135,"Barcelona","Maresme",2010,171,553,"10.000-50.000",NA,NA
"08040","Canet de Mar",15135,"Barcelona","Maresme",2011,190,548,"10.000-50.000",NA,NA
"08040","Canet de Mar",15135,"Barcelona","Maresme",2012,194,512,"10.000-50.000",NA,NA
"08040","Canet de Mar",15135,"Barcelona","Maresme",2013,218,494,"10.000-50.000",NA,NA
"08040","Canet de Mar",15135,"Barcelona","Maresme",2014,257,490,"10.000-50.000",NA,NA
"08040","Canet de Mar",15135,"Barcelona","Maresme",2015,249,496,"10.000-50.000",29692,20.05
"08040","Canet de Mar",15135,"Barcelona","Maresme",2016,249,530,"10.000-50.000",31027,20.5
"08040","Canet de Mar",15135,"Barcelona","Maresme",2017,286,550,"10.000-50.000",31895,20.69
"08040","Canet de Mar",15135,"Barcelona","Maresme",2018,287,610,"10.000-50.000",32997,22.18
"08040","Canet de Mar",15135,"Barcelona","Maresme",2019,1041,634,"10.000-50.000",34095,22.31
"08040","Canet de Mar",15135,"Barcelona","Maresme",2020,889,648,"10.000-50.000",34209,22.73
"08040","Canet de Mar",15135,"Barcelona","Maresme",2021,1074,651,"10.000-50.000",35596,21.95
"08040","Canet de Mar",15135,"Barcelona","Maresme",2022,900,646,"10.000-50.000",37164,20.86
"08040","Canet de Mar",15135,"Barcelona","Maresme",2023,777,757,"10.000-50.000",NA,NA
"08040","Canet de Mar",15135,"Barcelona","Maresme",2024,752,737,"10.000-50.000",NA,NA
"08041","Canovelles",17264,"Barcelona","Vallès Oriental",2007,23,596,"10.000-50.000",NA,NA
"08041","Canovelles",17264,"Barcelona","Vallès Oriental",2008,68,597,"10.000-50.000",NA,NA
"08041","Canovelles",17264,"Barcelona","Vallès Oriental",2009,161,619,"10.000-50.000",NA,NA
"08041","Canovelles",17264,"Barcelona","Vallès Oriental",2010,178,528,"10.000-50.000",NA,NA
"08041","Canovelles",17264,"Barcelona","Vallès Oriental",2011,195,510,"10.000-50.000",NA,NA
"08041","Canovelles",17264,"Barcelona","Vallès Oriental",2012,195,487,"10.000-50.000",NA,NA
"08041","Canovelles",17264,"Barcelona","Vallès Oriental",2013,220,434,"10.000-50.000",NA,NA
"08041","Canovelles",17264,"Barcelona","Vallès Oriental",2014,257,421,"10.000-50.000",NA,NA
"08041","Canovelles",17264,"Barcelona","Vallès Oriental",2015,197,412,"10.000-50.000",28527,17.33
"08041","Canovelles",17264,"Barcelona","Vallès Oriental",2016,188,474,"10.000-50.000",30088,18.9
"08041","Canovelles",17264,"Barcelona","Vallès Oriental",2017,207,476,"10.000-50.000",30071,19
"08041","Canovelles",17264,"Barcelona","Vallès Oriental",2018,251,551,"10.000-50.000",31893,20.73
"08041","Canovelles",17264,"Barcelona","Vallès Oriental",2019,664,570,"10.000-50.000",33615,20.35
"08041","Canovelles",17264,"Barcelona","Vallès Oriental",2020,599,605,"10.000-50.000",33954,21.38
"08041","Canovelles",17264,"Barcelona","Vallès Oriental",2021,674,570,"10.000-50.000",34312,19.93
"08041","Canovelles",17264,"Barcelona","Vallès Oriental",2022,661,592,"10.000-50.000",36847,19.28
"08041","Canovelles",17264,"Barcelona","Vallès Oriental",2023,673,614,"10.000-50.000",NA,NA
"08041","Canovelles",17264,"Barcelona","Vallès Oriental",2024,482,660,"10.000-50.000",NA,NA
"08042","Cànoves i Samalús",3309,"Barcelona","Vallès Oriental",2009,11,759,"1.000-5.000",NA,NA
"08042","Cànoves i Samalús",3309,"Barcelona","Vallès Oriental",2010,11,686,"1.000-5.000",NA,NA
"08042","Cànoves i Samalús",3309,"Barcelona","Vallès Oriental",2011,11,711,"1.000-5.000",NA,NA
"08042","Cànoves i Samalús",3309,"Barcelona","Vallès Oriental",2012,21,668,"1.000-5.000",NA,NA
"08042","Cànoves i Samalús",3309,"Barcelona","Vallès Oriental",2013,27,749,"1.000-5.000",NA,NA
"08042","Cànoves i Samalús",3309,"Barcelona","Vallès Oriental",2014,13,632,"1.000-5.000",NA,NA
"08042","Cànoves i Samalús",3309,"Barcelona","Vallès Oriental",2015,17,697,"1.000-5.000",33395,25.05
"08042","Cànoves i Samalús",3309,"Barcelona","Vallès Oriental",2016,24,660,"1.000-5.000",34738,22.8
"08042","Cànoves i Samalús",3309,"Barcelona","Vallès Oriental",2017,24,735,"1.000-5.000",36262,24.32
"08042","Cànoves i Samalús",3309,"Barcelona","Vallès Oriental",2018,20,868,"1.000-5.000",37824,27.54
"08042","Cànoves i Samalús",3309,"Barcelona","Vallès Oriental",2019,97,869,"1.000-5.000",40133,25.98
"08042","Cànoves i Samalús",3309,"Barcelona","Vallès Oriental",2020,60,812,"1.000-5.000",41372,23.55
"08042","Cànoves i Samalús",3309,"Barcelona","Vallès Oriental",2021,79,824,"1.000-5.000",42772,23.12
"08042","Cànoves i Samalús",3309,"Barcelona","Vallès Oriental",2022,54,973,"1.000-5.000",45030,25.93
"08042","Cànoves i Samalús",3309,"Barcelona","Vallès Oriental",2023,70,933,"1.000-5.000",NA,NA
"08042","Cànoves i Samalús",3309,"Barcelona","Vallès Oriental",2024,67,705,"1.000-5.000",NA,NA
"08043","Canyelles",5360,"Barcelona","Garraf",2007,7,1034,"5.000-10.000",NA,NA
"08043","Canyelles",5360,"Barcelona","Garraf",2008,10,694,"5.000-10.000",NA,NA
"08043","Canyelles",5360,"Barcelona","Garraf",2009,10,776,"5.000-10.000",NA,NA
"08043","Canyelles",5360,"Barcelona","Garraf",2010,17,700,"5.000-10.000",NA,NA
"08043","Canyelles",5360,"Barcelona","Garraf",2011,12,648,"5.000-10.000",NA,NA
"08043","Canyelles",5360,"Barcelona","Garraf",2012,22,729,"5.000-10.000",NA,NA
"08043","Canyelles",5360,"Barcelona","Garraf",2013,23,581,"5.000-10.000",NA,NA
"08043","Canyelles",5360,"Barcelona","Garraf",2014,14,571,"5.000-10.000",NA,NA
"08043","Canyelles",5360,"Barcelona","Garraf",2015,40,744,"5.000-10.000",31531,28.31
"08043","Canyelles",5360,"Barcelona","Garraf",2016,36,853,"5.000-10.000",32521,31.48
"08043","Canyelles",5360,"Barcelona","Garraf",2017,40,882,"5.000-10.000",33556,31.54
"08043","Canyelles",5360,"Barcelona","Garraf",2018,38,775,"5.000-10.000",34483,26.97
"08043","Canyelles",5360,"Barcelona","Garraf",2019,102,886,"5.000-10.000",36392,29.22
"08043","Canyelles",5360,"Barcelona","Garraf",2020,58,696,"5.000-10.000",36155,23.1
"08043","Canyelles",5360,"Barcelona","Garraf",2021,108,886,"5.000-10.000",38885,27.34
"08043","Canyelles",5360,"Barcelona","Garraf",2022,73,854,"5.000-10.000",40674,25.2
"08043","Canyelles",5360,"Barcelona","Garraf",2023,68,996,"5.000-10.000",NA,NA
"08043","Canyelles",5360,"Barcelona","Garraf",2024,73,766,"5.000-10.000",NA,NA
"08044","Capellades",5558,"Barcelona","Anoia",2007,18,443,"5.000-10.000",NA,NA
"08044","Capellades",5558,"Barcelona","Anoia",2008,47,491,"5.000-10.000",NA,NA
"08044","Capellades",5558,"Barcelona","Anoia",2009,45,456,"5.000-10.000",NA,NA
"08044","Capellades",5558,"Barcelona","Anoia",2010,60,410,"5.000-10.000",NA,NA
"08044","Capellades",5558,"Barcelona","Anoia",2011,61,376,"5.000-10.000",NA,NA
"08044","Capellades",5558,"Barcelona","Anoia",2012,75,379,"5.000-10.000",NA,NA
"08044","Capellades",5558,"Barcelona","Anoia",2013,74,338,"5.000-10.000",NA,NA
"08044","Capellades",5558,"Barcelona","Anoia",2014,91,360,"5.000-10.000",NA,NA
"08044","Capellades",5558,"Barcelona","Anoia",2015,85,332,"5.000-10.000",31648,12.59
"08044","Capellades",5558,"Barcelona","Anoia",2016,70,357,"5.000-10.000",32541,13.16
"08044","Capellades",5558,"Barcelona","Anoia",2017,88,409,"5.000-10.000",32468,15.12
"08044","Capellades",5558,"Barcelona","Anoia",2018,88,437,"5.000-10.000",34081,15.39
"08044","Capellades",5558,"Barcelona","Anoia",2019,281,447,"5.000-10.000",35413,15.15
"08044","Capellades",5558,"Barcelona","Anoia",2020,153,489,"5.000-10.000",34595,16.96
"08044","Capellades",5558,"Barcelona","Anoia",2021,291,480,"5.000-10.000",35774,16.1
"08044","Capellades",5558,"Barcelona","Anoia",2022,247,511,"5.000-10.000",37235,16.47
"08044","Capellades",5558,"Barcelona","Anoia",2023,256,540,"5.000-10.000",NA,NA
"08044","Capellades",5558,"Barcelona","Anoia",2024,316,545,"5.000-10.000",NA,NA
"08046","Cardedeu",19091,"Barcelona","Vallès Oriental",2007,91,609,"10.000-50.000",NA,NA
"08046","Cardedeu",19091,"Barcelona","Vallès Oriental",2008,105,629,"10.000-50.000",NA,NA
"08046","Cardedeu",19091,"Barcelona","Vallès Oriental",2009,183,623,"10.000-50.000",NA,NA
"08046","Cardedeu",19091,"Barcelona","Vallès Oriental",2010,262,572,"10.000-50.000",NA,NA
"08046","Cardedeu",19091,"Barcelona","Vallès Oriental",2011,236,578,"10.000-50.000",NA,NA
"08046","Cardedeu",19091,"Barcelona","Vallès Oriental",2012,357,538,"10.000-50.000",NA,NA
"08046","Cardedeu",19091,"Barcelona","Vallès Oriental",2013,387,509,"10.000-50.000",NA,NA
"08046","Cardedeu",19091,"Barcelona","Vallès Oriental",2014,408,496,"10.000-50.000",NA,NA
"08046","Cardedeu",19091,"Barcelona","Vallès Oriental",2015,362,530,"10.000-50.000",35748,17.79
"08046","Cardedeu",19091,"Barcelona","Vallès Oriental",2016,335,566,"10.000-50.000",36853,18.43
"08046","Cardedeu",19091,"Barcelona","Vallès Oriental",2017,369,616,"10.000-50.000",37447,19.74
"08046","Cardedeu",19091,"Barcelona","Vallès Oriental",2018,402,644,"10.000-50.000",39036,19.8
"08046","Cardedeu",19091,"Barcelona","Vallès Oriental",2019,1441,678,"10.000-50.000",40606,20.04
"08046","Cardedeu",19091,"Barcelona","Vallès Oriental",2020,1190,695,"10.000-50.000",40847,20.42
"08046","Cardedeu",19091,"Barcelona","Vallès Oriental",2021,1447,721,"10.000-50.000",42997,20.12
"08046","Cardedeu",19091,"Barcelona","Vallès Oriental",2022,1132,736,"10.000-50.000",45073,19.59
"08046","Cardedeu",19091,"Barcelona","Vallès Oriental",2023,942,731,"10.000-50.000",NA,NA
"08046","Cardedeu",19091,"Barcelona","Vallès Oriental",2024,949,784,"10.000-50.000",NA,NA
"08047","Cardona",4566,"Barcelona","Bages",2007,20,313,"1.000-5.000",NA,NA
"08047","Cardona",4566,"Barcelona","Bages",2008,23,309,"1.000-5.000",NA,NA
"08047","Cardona",4566,"Barcelona","Bages",2009,15,318,"1.000-5.000",NA,NA
"08047","Cardona",4566,"Barcelona","Bages",2010,49,283,"1.000-5.000",NA,NA
"08047","Cardona",4566,"Barcelona","Bages",2011,43,277,"1.000-5.000",NA,NA
"08047","Cardona",4566,"Barcelona","Bages",2012,49,252,"1.000-5.000",NA,NA
"08047","Cardona",4566,"Barcelona","Bages",2013,67,260,"1.000-5.000",NA,NA
"08047","Cardona",4566,"Barcelona","Bages",2014,37,269,"1.000-5.000",NA,NA
"08047","Cardona",4566,"Barcelona","Bages",2015,50,270,"1.000-5.000",31150,10.4
"08047","Cardona",4566,"Barcelona","Bages",2016,57,288,"1.000-5.000",31683,10.91
"08047","Cardona",4566,"Barcelona","Bages",2017,50,307,"1.000-5.000",33076,11.14
"08047","Cardona",4566,"Barcelona","Bages",2018,73,298,"1.000-5.000",33580,10.65
"08047","Cardona",4566,"Barcelona","Bages",2019,264,300,"1.000-5.000",35135,10.25
"08047","Cardona",4566,"Barcelona","Bages",2020,245,331,"1.000-5.000",34976,11.36
"08047","Cardona",4566,"Barcelona","Bages",2021,294,357,"1.000-5.000",36319,11.8
"08047","Cardona",4566,"Barcelona","Bages",2022,247,360,"1.000-5.000",37414,11.55
"08047","Cardona",4566,"Barcelona","Bages",2023,186,381,"1.000-5.000",NA,NA
"08047","Cardona",4566,"Barcelona","Bages",2024,246,350,"1.000-5.000",NA,NA
"08048","Carme",819,"Barcelona","Anoia",2012,7,352,"< 1.000",NA,NA
"08048","Carme",819,"Barcelona","Anoia",2014,7,353,"< 1.000",NA,NA
"08048","Carme",819,"Barcelona","Anoia",2015,6,406,"< 1.000",32392,15.04
"08048","Carme",819,"Barcelona","Anoia",2017,8,406,"< 1.000",43657,11.16
"08048","Carme",819,"Barcelona","Anoia",2018,7,350,"< 1.000",34560,12.15
"08048","Carme",819,"Barcelona","Anoia",2019,28,302,"< 1.000",36379,9.96
"08048","Carme",819,"Barcelona","Anoia",2020,14,401,"< 1.000",35889,13.41
"08048","Carme",819,"Barcelona","Anoia",2022,13,418,"< 1.000",38632,12.98
"08048","Carme",819,"Barcelona","Anoia",2024,37,354,"< 1.000",NA,NA
"08049","Casserres",1675,"Barcelona","Berguedà",2010,21,347,"1.000-5.000",NA,NA
"08049","Casserres",1675,"Barcelona","Berguedà",2011,8,344,"1.000-5.000",NA,NA
"08049","Casserres",1675,"Barcelona","Berguedà",2012,8,360,"1.000-5.000",NA,NA
"08049","Casserres",1675,"Barcelona","Berguedà",2013,21,327,"1.000-5.000",NA,NA
"08049","Casserres",1675,"Barcelona","Berguedà",2014,8,272,"1.000-5.000",NA,NA
"08049","Casserres",1675,"Barcelona","Berguedà",2015,17,340,"1.000-5.000",29364,13.89
"08049","Casserres",1675,"Barcelona","Berguedà",2016,17,296,"1.000-5.000",30544,11.63
"08049","Casserres",1675,"Barcelona","Berguedà",2017,20,339,"1.000-5.000",31066,13.09
"08049","Casserres",1675,"Barcelona","Berguedà",2018,26,361,"1.000-5.000",32175,13.46
"08049","Casserres",1675,"Barcelona","Berguedà",2019,44,374,"1.000-5.000",33046,13.58
"08049","Casserres",1675,"Barcelona","Berguedà",2020,69,380,"1.000-5.000",33474,13.62
"08049","Casserres",1675,"Barcelona","Berguedà",2021,42,395,"1.000-5.000",34183,13.87
"08049","Casserres",1675,"Barcelona","Berguedà",2022,50,495,"1.000-5.000",35825,16.58
"08049","Casserres",1675,"Barcelona","Berguedà",2023,67,479,"1.000-5.000",NA,NA
"08049","Casserres",1675,"Barcelona","Berguedà",2024,115,448,"1.000-5.000",NA,NA
"08051","Castellar del Vallès",25301,"Barcelona","Vallès Occidental",2007,161,653,"10.000-50.000",NA,NA
"08051","Castellar del Vallès",25301,"Barcelona","Vallès Occidental",2008,225,686,"10.000-50.000",NA,NA
"08051","Castellar del Vallès",25301,"Barcelona","Vallès Occidental",2009,306,665,"10.000-50.000",NA,NA
"08051","Castellar del Vallès",25301,"Barcelona","Vallès Occidental",2010,282,580,"10.000-50.000",NA,NA
"08051","Castellar del Vallès",25301,"Barcelona","Vallès Occidental",2011,356,565,"10.000-50.000",NA,NA
"08051","Castellar del Vallès",25301,"Barcelona","Vallès Occidental",2012,376,565,"10.000-50.000",NA,NA
"08051","Castellar del Vallès",25301,"Barcelona","Vallès Occidental",2013,408,521,"10.000-50.000",NA,NA
"08051","Castellar del Vallès",25301,"Barcelona","Vallès Occidental",2014,347,527,"10.000-50.000",NA,NA
"08051","Castellar del Vallès",25301,"Barcelona","Vallès Occidental",2015,340,538,"10.000-50.000",35086,18.4
"08051","Castellar del Vallès",25301,"Barcelona","Vallès Occidental",2016,359,591,"10.000-50.000",36540,19.41
"08051","Castellar del Vallès",25301,"Barcelona","Vallès Occidental",2017,324,629,"10.000-50.000",37568,20.09
"08051","Castellar del Vallès",25301,"Barcelona","Vallès Occidental",2018,316,662,"10.000-50.000",39283,20.22
"08051","Castellar del Vallès",25301,"Barcelona","Vallès Occidental",2019,1042,691,"10.000-50.000",40998,20.23
"08051","Castellar del Vallès",25301,"Barcelona","Vallès Occidental",2020,736,702,"10.000-50.000",41160,20.47
"08051","Castellar del Vallès",25301,"Barcelona","Vallès Occidental",2021,733,697,"10.000-50.000",43199,19.36
"08051","Castellar del Vallès",25301,"Barcelona","Vallès Occidental",2022,766,668,"10.000-50.000",44583,17.98
"08051","Castellar del Vallès",25301,"Barcelona","Vallès Occidental",2023,813,735,"10.000-50.000",NA,NA
"08051","Castellar del Vallès",25301,"Barcelona","Vallès Occidental",2024,634,755,"10.000-50.000",NA,NA
"08053","Castellbell i el Vilar",4130,"Barcelona","Bages",2007,23,409,"1.000-5.000",NA,NA
"08053","Castellbell i el Vilar",4130,"Barcelona","Bages",2008,28,444,"1.000-5.000",NA,NA
"08053","Castellbell i el Vilar",4130,"Barcelona","Bages",2009,22,485,"1.000-5.000",NA,NA
"08053","Castellbell i el Vilar",4130,"Barcelona","Bages",2010,47,429,"1.000-5.000",NA,NA
"08053","Castellbell i el Vilar",4130,"Barcelona","Bages",2011,39,499,"1.000-5.000",NA,NA
"08053","Castellbell i el Vilar",4130,"Barcelona","Bages",2012,56,406,"1.000-5.000",NA,NA
"08053","Castellbell i el Vilar",4130,"Barcelona","Bages",2013,49,376,"1.000-5.000",NA,NA
"08053","Castellbell i el Vilar",4130,"Barcelona","Bages",2014,59,392,"1.000-5.000",NA,NA
"08053","Castellbell i el Vilar",4130,"Barcelona","Bages",2015,51,457,"1.000-5.000",28362,19.34
"08053","Castellbell i el Vilar",4130,"Barcelona","Bages",2016,54,409,"1.000-5.000",29374,16.71
"08053","Castellbell i el Vilar",4130,"Barcelona","Bages",2017,54,447,"1.000-5.000",29057,18.46
"08053","Castellbell i el Vilar",4130,"Barcelona","Bages",2018,53,450,"1.000-5.000",30758,17.56
"08053","Castellbell i el Vilar",4130,"Barcelona","Bages",2019,161,468,"1.000-5.000",31670,17.73
"08053","Castellbell i el Vilar",4130,"Barcelona","Bages",2020,129,441,"1.000-5.000",31733,16.68
"08053","Castellbell i el Vilar",4130,"Barcelona","Bages",2021,165,435,"1.000-5.000",32759,15.93
"08053","Castellbell i el Vilar",4130,"Barcelona","Bages",2022,101,507,"1.000-5.000",34711,17.53
"08053","Castellbell i el Vilar",4130,"Barcelona","Bages",2023,123,523,"1.000-5.000",NA,NA
"08053","Castellbell i el Vilar",4130,"Barcelona","Bages",2024,93,527,"1.000-5.000",NA,NA
"08054","Castellbisbal",12965,"Barcelona","Vallès Occidental",2007,40,683,"10.000-50.000",NA,NA
"08054","Castellbisbal",12965,"Barcelona","Vallès Occidental",2008,55,779,"10.000-50.000",NA,NA
"08054","Castellbisbal",12965,"Barcelona","Vallès Occidental",2009,92,689,"10.000-50.000",NA,NA
"08054","Castellbisbal",12965,"Barcelona","Vallès Occidental",2010,81,650,"10.000-50.000",NA,NA
"08054","Castellbisbal",12965,"Barcelona","Vallès Occidental",2011,111,617,"10.000-50.000",NA,NA
"08054","Castellbisbal",12965,"Barcelona","Vallès Occidental",2012,109,637,"10.000-50.000",NA,NA
"08054","Castellbisbal",12965,"Barcelona","Vallès Occidental",2013,138,546,"10.000-50.000",NA,NA
"08054","Castellbisbal",12965,"Barcelona","Vallès Occidental",2014,136,570,"10.000-50.000",NA,NA
"08054","Castellbisbal",12965,"Barcelona","Vallès Occidental",2015,159,602,"10.000-50.000",35836,20.16
"08054","Castellbisbal",12965,"Barcelona","Vallès Occidental",2016,136,615,"10.000-50.000",37207,19.83
"08054","Castellbisbal",12965,"Barcelona","Vallès Occidental",2017,160,641,"10.000-50.000",38386,20.04
"08054","Castellbisbal",12965,"Barcelona","Vallès Occidental",2018,139,667,"10.000-50.000",39665,20.18
"08054","Castellbisbal",12965,"Barcelona","Vallès Occidental",2019,575,750,"10.000-50.000",41222,21.83
"08054","Castellbisbal",12965,"Barcelona","Vallès Occidental",2020,418,712,"10.000-50.000",41590,20.54
"08054","Castellbisbal",12965,"Barcelona","Vallès Occidental",2021,517,759,"10.000-50.000",42753,21.3
"08054","Castellbisbal",12965,"Barcelona","Vallès Occidental",2022,537,756,"10.000-50.000",45283,20.03
"08054","Castellbisbal",12965,"Barcelona","Vallès Occidental",2023,345,809,"10.000-50.000",NA,NA
"08054","Castellbisbal",12965,"Barcelona","Vallès Occidental",2024,425,771,"10.000-50.000",NA,NA
"08055","Castellcir",778,"Barcelona","Moianès",2011,6,590,"< 1.000",NA,NA
"08055","Castellcir",778,"Barcelona","Moianès",2013,6,429,"< 1.000",NA,NA
"08055","Castellcir",778,"Barcelona","Moianès",2014,10,475,"< 1.000",NA,NA
"08055","Castellcir",778,"Barcelona","Moianès",2015,9,689,"< 1.000",34607,23.89
"08055","Castellcir",778,"Barcelona","Moianès",2016,8,603,"< 1.000",31317,23.11
"08055","Castellcir",778,"Barcelona","Moianès",2017,10,480,"< 1.000",22236,25.9
"08055","Castellcir",778,"Barcelona","Moianès",2018,8,504,"< 1.000",36187,16.71
"08055","Castellcir",778,"Barcelona","Moianès",2019,20,654,"< 1.000",37236,21.08
"08055","Castellcir",778,"Barcelona","Moianès",2020,33,587,"< 1.000",37837,18.62
"08055","Castellcir",778,"Barcelona","Moianès",2021,65,643,"< 1.000",39756,19.41
"08055","Castellcir",778,"Barcelona","Moianès",2022,8,698,"< 1.000",41470,20.2
"08055","Castellcir",778,"Barcelona","Moianès",2023,8,666,"< 1.000",NA,NA
"08055","Castellcir",778,"Barcelona","Moianès",2024,40,707,"< 1.000",NA,NA
"08056","Castelldefels",69196,"Barcelona","Baix Llobregat",2007,227,903,"50.000-100.000",NA,NA
"08056","Castelldefels",69196,"Barcelona","Baix Llobregat",2008,387,906,"50.000-100.000",NA,NA
"08056","Castelldefels",69196,"Barcelona","Baix Llobregat",2009,490,806,"50.000-100.000",NA,NA
"08056","Castelldefels",69196,"Barcelona","Baix Llobregat",2010,720,795,"50.000-100.000",NA,NA
"08056","Castelldefels",69196,"Barcelona","Baix Llobregat",2011,745,794,"50.000-100.000",NA,NA
"08056","Castelldefels",69196,"Barcelona","Baix Llobregat",2012,930,765,"50.000-100.000",NA,NA
"08056","Castelldefels",69196,"Barcelona","Baix Llobregat",2013,1128,694,"50.000-100.000",NA,NA
"08056","Castelldefels",69196,"Barcelona","Baix Llobregat",2014,1198,763,"50.000-100.000",NA,NA
"08056","Castelldefels",69196,"Barcelona","Baix Llobregat",2015,1111,806,"50.000-100.000",39307,24.61
"08056","Castelldefels",69196,"Barcelona","Baix Llobregat",2016,1118,844,"50.000-100.000",42164,24.02
"08056","Castelldefels",69196,"Barcelona","Baix Llobregat",2017,1222,914,"50.000-100.000",45885,23.9
"08056","Castelldefels",69196,"Barcelona","Baix Llobregat",2018,1445,920,"50.000-100.000",47640,23.17
"08056","Castelldefels",69196,"Barcelona","Baix Llobregat",2019,4525,1005,"50.000-100.000",44232,27.27
"08056","Castelldefels",69196,"Barcelona","Baix Llobregat",2020,3546,1003,"50.000-100.000",43718,27.53
"08056","Castelldefels",69196,"Barcelona","Baix Llobregat",2021,4972,974,"50.000-100.000",45832,25.5
"08056","Castelldefels",69196,"Barcelona","Baix Llobregat",2022,4116,1030,"50.000-100.000",48586,25.44
"08056","Castelldefels",69196,"Barcelona","Baix Llobregat",2023,3957,1107,"50.000-100.000",NA,NA
"08056","Castelldefels",69196,"Barcelona","Baix Llobregat",2024,3044,1160,"50.000-100.000",NA,NA
"08058","Castellet i la Gornal",2665,"Barcelona","Alt Penedès",2010,6,605,"1.000-5.000",NA,NA
"08058","Castellet i la Gornal",2665,"Barcelona","Alt Penedès",2011,7,636,"1.000-5.000",NA,NA
"08058","Castellet i la Gornal",2665,"Barcelona","Alt Penedès",2012,6,390,"1.000-5.000",NA,NA
"08058","Castellet i la Gornal",2665,"Barcelona","Alt Penedès",2014,17,465,"1.000-5.000",NA,NA
"08058","Castellet i la Gornal",2665,"Barcelona","Alt Penedès",2015,16,420,"1.000-5.000",27908,18.06
"08058","Castellet i la Gornal",2665,"Barcelona","Alt Penedès",2016,16,502,"1.000-5.000",29368,20.51
"08058","Castellet i la Gornal",2665,"Barcelona","Alt Penedès",2017,15,638,"1.000-5.000",29751,25.73
"08058","Castellet i la Gornal",2665,"Barcelona","Alt Penedès",2018,20,623,"1.000-5.000",31303,23.88
"08058","Castellet i la Gornal",2665,"Barcelona","Alt Penedès",2019,68,595,"1.000-5.000",32660,21.86
"08058","Castellet i la Gornal",2665,"Barcelona","Alt Penedès",2020,42,613,"1.000-5.000",32488,22.64
"08058","Castellet i la Gornal",2665,"Barcelona","Alt Penedès",2021,71,580,"1.000-5.000",33853,20.56
"08058","Castellet i la Gornal",2665,"Barcelona","Alt Penedès",2022,36,718,"1.000-5.000",35893,24
"08058","Castellet i la Gornal",2665,"Barcelona","Alt Penedès",2023,35,717,"1.000-5.000",NA,NA
"08058","Castellet i la Gornal",2665,"Barcelona","Alt Penedès",2024,59,621,"1.000-5.000",NA,NA
"08061","Castellgalí",2339,"Barcelona","Bages",2007,8,358,"1.000-5.000",NA,NA
"08061","Castellgalí",2339,"Barcelona","Bages",2008,22,436,"1.000-5.000",NA,NA
"08061","Castellgalí",2339,"Barcelona","Bages",2009,25,518,"1.000-5.000",NA,NA
"08061","Castellgalí",2339,"Barcelona","Bages",2010,28,478,"1.000-5.000",NA,NA
"08061","Castellgalí",2339,"Barcelona","Bages",2011,40,418,"1.000-5.000",NA,NA
"08061","Castellgalí",2339,"Barcelona","Bages",2012,41,456,"1.000-5.000",NA,NA
"08061","Castellgalí",2339,"Barcelona","Bages",2013,23,382,"1.000-5.000",NA,NA
"08061","Castellgalí",2339,"Barcelona","Bages",2014,26,464,"1.000-5.000",NA,NA
"08061","Castellgalí",2339,"Barcelona","Bages",2015,33,421,"1.000-5.000",30805,16.4
"08061","Castellgalí",2339,"Barcelona","Bages",2016,30,484,"1.000-5.000",32037,18.13
"08061","Castellgalí",2339,"Barcelona","Bages",2017,25,495,"1.000-5.000",33175,17.91
"08061","Castellgalí",2339,"Barcelona","Bages",2018,29,567,"1.000-5.000",35059,19.41
"08061","Castellgalí",2339,"Barcelona","Bages",2019,94,579,"1.000-5.000",36562,19
"08061","Castellgalí",2339,"Barcelona","Bages",2020,105,616,"1.000-5.000",37499,19.71
"08061","Castellgalí",2339,"Barcelona","Bages",2021,92,624,"1.000-5.000",39180,19.11
"08061","Castellgalí",2339,"Barcelona","Bages",2022,88,524,"1.000-5.000",40728,15.44
"08061","Castellgalí",2339,"Barcelona","Bages",2023,84,630,"1.000-5.000",NA,NA
"08061","Castellgalí",2339,"Barcelona","Bages",2024,51,602,"1.000-5.000",NA,NA
"08062","Castellnou de Bages",1430,"Barcelona","Bages",2010,6,840,"1.000-5.000",NA,NA
"08062","Castellnou de Bages",1430,"Barcelona","Bages",2012,6,562,"1.000-5.000",NA,NA
"08062","Castellnou de Bages",1430,"Barcelona","Bages",2016,8,589,"1.000-5.000",39396,17.94
"08063","Castellolí",659,"Barcelona","Anoia",2018,7,722,"< 1.000",44402,19.51
"08063","Castellolí",659,"Barcelona","Anoia",2020,13,648,"< 1.000",46579,16.69
"08063","Castellolí",659,"Barcelona","Anoia",2021,12,667,"< 1.000",48096,16.64
"08063","Castellolí",659,"Barcelona","Anoia",2024,6,763,"< 1.000",NA,NA
"08064","Castellterçol",2766,"Barcelona","Moianès",2007,9,531,"1.000-5.000",NA,NA
"08064","Castellterçol",2766,"Barcelona","Moianès",2008,7,443,"1.000-5.000",NA,NA
"08064","Castellterçol",2766,"Barcelona","Moianès",2009,26,596,"1.000-5.000",NA,NA
"08064","Castellterçol",2766,"Barcelona","Moianès",2010,19,476,"1.000-5.000",NA,NA
"08064","Castellterçol",2766,"Barcelona","Moianès",2011,40,461,"1.000-5.000",NA,NA
"08064","Castellterçol",2766,"Barcelona","Moianès",2012,33,425,"1.000-5.000",NA,NA
"08064","Castellterçol",2766,"Barcelona","Moianès",2013,47,397,"1.000-5.000",NA,NA
"08064","Castellterçol",2766,"Barcelona","Moianès",2014,48,388,"1.000-5.000",NA,NA
"08064","Castellterçol",2766,"Barcelona","Moianès",2015,56,416,"1.000-5.000",26134,19.1
"08064","Castellterçol",2766,"Barcelona","Moianès",2016,47,423,"1.000-5.000",31243,16.25
"08064","Castellterçol",2766,"Barcelona","Moianès",2017,67,425,"1.000-5.000",31599,16.14
"08064","Castellterçol",2766,"Barcelona","Moianès",2018,72,457,"1.000-5.000",32111,17.08
"08064","Castellterçol",2766,"Barcelona","Moianès",2019,264,512,"1.000-5.000",33428,18.38
"08064","Castellterçol",2766,"Barcelona","Moianès",2020,245,516,"1.000-5.000",33645,18.4
"08064","Castellterçol",2766,"Barcelona","Moianès",2021,225,542,"1.000-5.000",35699,18.22
"08064","Castellterçol",2766,"Barcelona","Moianès",2022,208,534,"1.000-5.000",36929,17.35
"08064","Castellterçol",2766,"Barcelona","Moianès",2023,228,622,"1.000-5.000",NA,NA
"08064","Castellterçol",2766,"Barcelona","Moianès",2024,228,627,"1.000-5.000",NA,NA
"08065","Castellví de la Marca",1714,"Barcelona","Alt Penedès",2007,6,497,"1.000-5.000",NA,NA
"08065","Castellví de la Marca",1714,"Barcelona","Alt Penedès",2008,6,492,"1.000-5.000",NA,NA
"08065","Castellví de la Marca",1714,"Barcelona","Alt Penedès",2009,14,416,"1.000-5.000",NA,NA
"08065","Castellví de la Marca",1714,"Barcelona","Alt Penedès",2010,8,462,"1.000-5.000",NA,NA
"08065","Castellví de la Marca",1714,"Barcelona","Alt Penedès",2011,9,412,"1.000-5.000",NA,NA
"08065","Castellví de la Marca",1714,"Barcelona","Alt Penedès",2012,8,394,"1.000-5.000",NA,NA
"08065","Castellví de la Marca",1714,"Barcelona","Alt Penedès",2014,10,303,"1.000-5.000",NA,NA
"08065","Castellví de la Marca",1714,"Barcelona","Alt Penedès",2015,7,401,"1.000-5.000",30358,15.85
"08065","Castellví de la Marca",1714,"Barcelona","Alt Penedès",2016,7,489,"1.000-5.000",31346,18.72
"08065","Castellví de la Marca",1714,"Barcelona","Alt Penedès",2017,8,536,"1.000-5.000",32261,19.94
"08065","Castellví de la Marca",1714,"Barcelona","Alt Penedès",2018,12,461,"1.000-5.000",34344,16.11
"08065","Castellví de la Marca",1714,"Barcelona","Alt Penedès",2019,43,504,"1.000-5.000",35549,17.01
"08065","Castellví de la Marca",1714,"Barcelona","Alt Penedès",2020,45,513,"1.000-5.000",36051,17.08
"08065","Castellví de la Marca",1714,"Barcelona","Alt Penedès",2021,39,533,"1.000-5.000",38942,16.42
"08065","Castellví de la Marca",1714,"Barcelona","Alt Penedès",2022,40,550,"1.000-5.000",39938,16.53
"08065","Castellví de la Marca",1714,"Barcelona","Alt Penedès",2023,39,596,"1.000-5.000",NA,NA
"08065","Castellví de la Marca",1714,"Barcelona","Alt Penedès",2024,52,641,"1.000-5.000",NA,NA
"08066","Castellví de Rosanes",2098,"Barcelona","Baix Llobregat",2009,6,600,"1.000-5.000",NA,NA
"08066","Castellví de Rosanes",2098,"Barcelona","Baix Llobregat",2010,7,549,"1.000-5.000",NA,NA
"08066","Castellví de Rosanes",2098,"Barcelona","Baix Llobregat",2011,11,598,"1.000-5.000",NA,NA
"08066","Castellví de Rosanes",2098,"Barcelona","Baix Llobregat",2012,9,480,"1.000-5.000",NA,NA
"08066","Castellví de Rosanes",2098,"Barcelona","Baix Llobregat",2013,16,503,"1.000-5.000",NA,NA
"08066","Castellví de Rosanes",2098,"Barcelona","Baix Llobregat",2014,9,516,"1.000-5.000",NA,NA
"08066","Castellví de Rosanes",2098,"Barcelona","Baix Llobregat",2015,23,624,"1.000-5.000",40586,18.45
"08066","Castellví de Rosanes",2098,"Barcelona","Baix Llobregat",2016,25,605,"1.000-5.000",42103,17.24
"08066","Castellví de Rosanes",2098,"Barcelona","Baix Llobregat",2017,20,624,"1.000-5.000",42048,17.81
"08066","Castellví de Rosanes",2098,"Barcelona","Baix Llobregat",2018,16,791,"1.000-5.000",46455,20.43
"08066","Castellví de Rosanes",2098,"Barcelona","Baix Llobregat",2019,62,699,"1.000-5.000",48645,17.24
"08066","Castellví de Rosanes",2098,"Barcelona","Baix Llobregat",2020,33,665,"1.000-5.000",48613,16.42
"08066","Castellví de Rosanes",2098,"Barcelona","Baix Llobregat",2021,31,765,"1.000-5.000",49888,18.4
"08066","Castellví de Rosanes",2098,"Barcelona","Baix Llobregat",2022,50,737,"1.000-5.000",51478,17.18
"08066","Castellví de Rosanes",2098,"Barcelona","Baix Llobregat",2023,36,753,"1.000-5.000",NA,NA
"08066","Castellví de Rosanes",2098,"Barcelona","Baix Llobregat",2024,33,862,"1.000-5.000",NA,NA
"08067","Centelles",7771,"Barcelona","Osona",2007,52,494,"5.000-10.000",NA,NA
"08067","Centelles",7771,"Barcelona","Osona",2008,82,495,"5.000-10.000",NA,NA
"08067","Centelles",7771,"Barcelona","Osona",2009,129,499,"5.000-10.000",NA,NA
"08067","Centelles",7771,"Barcelona","Osona",2010,161,466,"5.000-10.000",NA,NA
"08067","Centelles",7771,"Barcelona","Osona",2011,159,442,"5.000-10.000",NA,NA
"08067","Centelles",7771,"Barcelona","Osona",2012,177,438,"5.000-10.000",NA,NA
"08067","Centelles",7771,"Barcelona","Osona",2013,201,415,"5.000-10.000",NA,NA
"08067","Centelles",7771,"Barcelona","Osona",2014,164,387,"5.000-10.000",NA,NA
"08067","Centelles",7771,"Barcelona","Osona",2015,177,404,"5.000-10.000",30590,15.85
"08067","Centelles",7771,"Barcelona","Osona",2016,165,434,"5.000-10.000",31694,16.43
"08067","Centelles",7771,"Barcelona","Osona",2017,150,479,"5.000-10.000",32752,17.55
"08067","Centelles",7771,"Barcelona","Osona",2018,179,499,"5.000-10.000",33619,17.81
"08067","Centelles",7771,"Barcelona","Osona",2019,615,517,"5.000-10.000",35207,17.62
"08067","Centelles",7771,"Barcelona","Osona",2020,512,548,"5.000-10.000",35179,18.69
"08067","Centelles",7771,"Barcelona","Osona",2021,524,539,"5.000-10.000",36359,17.79
"08067","Centelles",7771,"Barcelona","Osona",2022,508,570,"5.000-10.000",38215,17.9
"08067","Centelles",7771,"Barcelona","Osona",2023,367,618,"5.000-10.000",NA,NA
"08067","Centelles",7771,"Barcelona","Osona",2024,420,683,"5.000-10.000",NA,NA
"08068","Cervelló",9633,"Barcelona","Baix Llobregat",2007,16,710,"5.000-10.000",NA,NA
"08068","Cervelló",9633,"Barcelona","Baix Llobregat",2008,26,793,"5.000-10.000",NA,NA
"08068","Cervelló",9633,"Barcelona","Baix Llobregat",2009,62,698,"5.000-10.000",NA,NA
"08068","Cervelló",9633,"Barcelona","Baix Llobregat",2010,62,673,"5.000-10.000",NA,NA
"08068","Cervelló",9633,"Barcelona","Baix Llobregat",2011,88,639,"5.000-10.000",NA,NA
"08068","Cervelló",9633,"Barcelona","Baix Llobregat",2012,114,673,"5.000-10.000",NA,NA
"08068","Cervelló",9633,"Barcelona","Baix Llobregat",2013,145,650,"5.000-10.000",NA,NA
"08068","Cervelló",9633,"Barcelona","Baix Llobregat",2014,116,657,"5.000-10.000",NA,NA
"08068","Cervelló",9633,"Barcelona","Baix Llobregat",2015,98,686,"5.000-10.000",37978,21.68
"08068","Cervelló",9633,"Barcelona","Baix Llobregat",2016,122,679,"5.000-10.000",41348,19.71
"08068","Cervelló",9633,"Barcelona","Baix Llobregat",2017,115,764,"5.000-10.000",40847,22.44
"08068","Cervelló",9633,"Barcelona","Baix Llobregat",2018,115,786,"5.000-10.000",42269,22.31
"08068","Cervelló",9633,"Barcelona","Baix Llobregat",2019,391,831,"5.000-10.000",44538,22.39
"08068","Cervelló",9633,"Barcelona","Baix Llobregat",2020,313,816,"5.000-10.000",44282,22.11
"08068","Cervelló",9633,"Barcelona","Baix Llobregat",2021,372,782,"5.000-10.000",45654,20.55
"08068","Cervelló",9633,"Barcelona","Baix Llobregat",2022,382,776,"5.000-10.000",48072,19.37
"08068","Cervelló",9633,"Barcelona","Baix Llobregat",2023,315,822,"5.000-10.000",NA,NA
"08068","Cervelló",9633,"Barcelona","Baix Llobregat",2024,219,943,"5.000-10.000",NA,NA
"08069","Collbató",4847,"Barcelona","Baix Llobregat",2008,12,955,"1.000-5.000",NA,NA
"08069","Collbató",4847,"Barcelona","Baix Llobregat",2009,26,704,"1.000-5.000",NA,NA
"08069","Collbató",4847,"Barcelona","Baix Llobregat",2010,10,758,"1.000-5.000",NA,NA
"08069","Collbató",4847,"Barcelona","Baix Llobregat",2011,15,666,"1.000-5.000",NA,NA
"08069","Collbató",4847,"Barcelona","Baix Llobregat",2012,29,703,"1.000-5.000",NA,NA
"08069","Collbató",4847,"Barcelona","Baix Llobregat",2013,30,695,"1.000-5.000",NA,NA
"08069","Collbató",4847,"Barcelona","Baix Llobregat",2014,31,629,"1.000-5.000",NA,NA
"08069","Collbató",4847,"Barcelona","Baix Llobregat",2015,34,739,"1.000-5.000",42251,20.99
"08069","Collbató",4847,"Barcelona","Baix Llobregat",2016,35,722,"1.000-5.000",44466,19.48
"08069","Collbató",4847,"Barcelona","Baix Llobregat",2017,32,853,"1.000-5.000",44749,22.87
"08069","Collbató",4847,"Barcelona","Baix Llobregat",2018,27,800,"1.000-5.000",46845,20.49
"08069","Collbató",4847,"Barcelona","Baix Llobregat",2019,147,803,"1.000-5.000",48984,19.67
"08069","Collbató",4847,"Barcelona","Baix Llobregat",2020,112,797,"1.000-5.000",50748,18.85
"08069","Collbató",4847,"Barcelona","Baix Llobregat",2021,83,866,"1.000-5.000",52048,19.97
"08069","Collbató",4847,"Barcelona","Baix Llobregat",2022,95,886,"1.000-5.000",56997,18.65
"08069","Collbató",4847,"Barcelona","Baix Llobregat",2023,113,1018,"1.000-5.000",NA,NA
"08069","Collbató",4847,"Barcelona","Baix Llobregat",2024,109,857,"1.000-5.000",NA,NA
"08070","Collsuspina",390,"Barcelona","Moianès",2021,12,542,"< 1.000",37849,17.18
"08071","Copons",352,"Barcelona","Anoia",2021,7,510,"< 1.000",40962,14.94
"08072","Corbera de Llobregat",15783,"Barcelona","Baix Llobregat",2007,57,640,"10.000-50.000",NA,NA
"08072","Corbera de Llobregat",15783,"Barcelona","Baix Llobregat",2008,88,669,"10.000-50.000",NA,NA
"08072","Corbera de Llobregat",15783,"Barcelona","Baix Llobregat",2009,102,635,"10.000-50.000",NA,NA
"08072","Corbera de Llobregat",15783,"Barcelona","Baix Llobregat",2010,301,609,"10.000-50.000",NA,NA
"08072","Corbera de Llobregat",15783,"Barcelona","Baix Llobregat",2011,335,597,"10.000-50.000",NA,NA
"08072","Corbera de Llobregat",15783,"Barcelona","Baix Llobregat",2012,303,592,"10.000-50.000",NA,NA
"08072","Corbera de Llobregat",15783,"Barcelona","Baix Llobregat",2013,353,542,"10.000-50.000",NA,NA
"08072","Corbera de Llobregat",15783,"Barcelona","Baix Llobregat",2014,318,552,"10.000-50.000",NA,NA
"08072","Corbera de Llobregat",15783,"Barcelona","Baix Llobregat",2015,266,567,"10.000-50.000",37279,18.25
"08072","Corbera de Llobregat",15783,"Barcelona","Baix Llobregat",2016,238,642,"10.000-50.000",38623,19.95
"08072","Corbera de Llobregat",15783,"Barcelona","Baix Llobregat",2017,264,655,"10.000-50.000",40021,19.64
"08072","Corbera de Llobregat",15783,"Barcelona","Baix Llobregat",2018,317,676,"10.000-50.000",41787,19.41
"08072","Corbera de Llobregat",15783,"Barcelona","Baix Llobregat",2019,989,704,"10.000-50.000",42827,19.73
"08072","Corbera de Llobregat",15783,"Barcelona","Baix Llobregat",2020,728,719,"10.000-50.000",42603,20.25
"08072","Corbera de Llobregat",15783,"Barcelona","Baix Llobregat",2021,850,719,"10.000-50.000",45440,18.99
"08072","Corbera de Llobregat",15783,"Barcelona","Baix Llobregat",2022,671,742,"10.000-50.000",48038,18.54
"08072","Corbera de Llobregat",15783,"Barcelona","Baix Llobregat",2023,539,806,"10.000-50.000",NA,NA
"08072","Corbera de Llobregat",15783,"Barcelona","Baix Llobregat",2024,557,779,"10.000-50.000",NA,NA
"08073","Cornellà de Llobregat",91196,"Barcelona","Baix Llobregat",2007,654,602,"50.000-100.000",NA,NA
"08073","Cornellà de Llobregat",91196,"Barcelona","Baix Llobregat",2008,664,691,"50.000-100.000",NA,NA
"08073","Cornellà de Llobregat",91196,"Barcelona","Baix Llobregat",2009,858,654,"50.000-100.000",NA,NA
"08073","Cornellà de Llobregat",91196,"Barcelona","Baix Llobregat",2010,1000,619,"50.000-100.000",NA,NA
"08073","Cornellà de Llobregat",91196,"Barcelona","Baix Llobregat",2011,1230,612,"50.000-100.000",NA,NA
"08073","Cornellà de Llobregat",91196,"Barcelona","Baix Llobregat",2012,1440,560,"50.000-100.000",NA,NA
"08073","Cornellà de Llobregat",91196,"Barcelona","Baix Llobregat",2013,1497,533,"50.000-100.000",NA,NA
"08073","Cornellà de Llobregat",91196,"Barcelona","Baix Llobregat",2014,1426,514,"50.000-100.000",NA,NA
"08073","Cornellà de Llobregat",91196,"Barcelona","Baix Llobregat",2015,1279,537,"50.000-100.000",29401,21.92
"08073","Cornellà de Llobregat",91196,"Barcelona","Baix Llobregat",2016,1299,566,"50.000-100.000",30281,22.43
"08073","Cornellà de Llobregat",91196,"Barcelona","Baix Llobregat",2017,1574,602,"50.000-100.000",31139,23.2
"08073","Cornellà de Llobregat",91196,"Barcelona","Baix Llobregat",2018,1682,665,"50.000-100.000",32639,24.45
"08073","Cornellà de Llobregat",91196,"Barcelona","Baix Llobregat",2019,5452,695,"50.000-100.000",34025,24.51
"08073","Cornellà de Llobregat",91196,"Barcelona","Baix Llobregat",2020,4196,696,"50.000-100.000",33806,24.71
"08073","Cornellà de Llobregat",91196,"Barcelona","Baix Llobregat",2021,5699,693,"50.000-100.000",34743,23.94
"08073","Cornellà de Llobregat",91196,"Barcelona","Baix Llobregat",2022,5333,716,"50.000-100.000",36173,23.75
"08073","Cornellà de Llobregat",91196,"Barcelona","Baix Llobregat",2023,4386,785,"50.000-100.000",NA,NA
"08073","Cornellà de Llobregat",91196,"Barcelona","Baix Llobregat",2024,4041,766,"50.000-100.000",NA,NA
"08074","Cubelles",17300,"Barcelona","Garraf",2007,87,660,"10.000-50.000",NA,NA
"08074","Cubelles",17300,"Barcelona","Garraf",2008,163,685,"10.000-50.000",NA,NA
"08074","Cubelles",17300,"Barcelona","Garraf",2009,238,645,"10.000-50.000",NA,NA
"08074","Cubelles",17300,"Barcelona","Garraf",2010,192,617,"10.000-50.000",NA,NA
"08074","Cubelles",17300,"Barcelona","Garraf",2011,245,612,"10.000-50.000",NA,NA
"08074","Cubelles",17300,"Barcelona","Garraf",2012,255,581,"10.000-50.000",NA,NA
"08074","Cubelles",17300,"Barcelona","Garraf",2013,272,545,"10.000-50.000",NA,NA
"08074","Cubelles",17300,"Barcelona","Garraf",2014,272,530,"10.000-50.000",NA,NA
"08074","Cubelles",17300,"Barcelona","Garraf",2015,292,545,"10.000-50.000",29648,22.06
"08074","Cubelles",17300,"Barcelona","Garraf",2016,316,581,"10.000-50.000",30455,22.89
"08074","Cubelles",17300,"Barcelona","Garraf",2017,321,616,"10.000-50.000",31488,23.48
"08074","Cubelles",17300,"Barcelona","Garraf",2018,378,657,"10.000-50.000",32469,24.28
"08074","Cubelles",17300,"Barcelona","Garraf",2019,1359,679,"10.000-50.000",33700,24.18
"08074","Cubelles",17300,"Barcelona","Garraf",2020,919,692,"10.000-50.000",34148,24.32
"08074","Cubelles",17300,"Barcelona","Garraf",2021,1085,718,"10.000-50.000",35301,24.41
"08074","Cubelles",17300,"Barcelona","Garraf",2022,993,759,"10.000-50.000",37483,24.3
"08074","Cubelles",17300,"Barcelona","Garraf",2023,954,800,"10.000-50.000",NA,NA
"08074","Cubelles",17300,"Barcelona","Garraf",2024,821,809,"10.000-50.000",NA,NA
"08075","Dosrius",6152,"Barcelona","Maresme",2007,14,588,"5.000-10.000",NA,NA
"08075","Dosrius",6152,"Barcelona","Maresme",2008,24,581,"5.000-10.000",NA,NA
"08075","Dosrius",6152,"Barcelona","Maresme",2009,37,694,"5.000-10.000",NA,NA
"08075","Dosrius",6152,"Barcelona","Maresme",2010,56,743,"5.000-10.000",NA,NA
"08075","Dosrius",6152,"Barcelona","Maresme",2011,93,776,"5.000-10.000",NA,NA
"08075","Dosrius",6152,"Barcelona","Maresme",2012,70,697,"5.000-10.000",NA,NA
"08075","Dosrius",6152,"Barcelona","Maresme",2013,91,674,"5.000-10.000",NA,NA
"08075","Dosrius",6152,"Barcelona","Maresme",2014,93,677,"5.000-10.000",NA,NA
"08075","Dosrius",6152,"Barcelona","Maresme",2015,85,660,"5.000-10.000",33625,23.55
"08075","Dosrius",6152,"Barcelona","Maresme",2016,74,711,"5.000-10.000",34939,24.42
"08075","Dosrius",6152,"Barcelona","Maresme",2017,96,764,"5.000-10.000",36346,25.22
"08075","Dosrius",6152,"Barcelona","Maresme",2018,89,784,"5.000-10.000",37880,24.84
"08075","Dosrius",6152,"Barcelona","Maresme",2019,278,823,"5.000-10.000",39355,25.09
"08075","Dosrius",6152,"Barcelona","Maresme",2020,225,865,"5.000-10.000",39554,26.24
"08075","Dosrius",6152,"Barcelona","Maresme",2021,217,824,"5.000-10.000",41756,23.68
"08075","Dosrius",6152,"Barcelona","Maresme",2022,244,858,"5.000-10.000",44649,23.06
"08075","Dosrius",6152,"Barcelona","Maresme",2023,176,943,"5.000-10.000",NA,NA
"08075","Dosrius",6152,"Barcelona","Maresme",2024,178,860,"5.000-10.000",NA,NA
"08076","Esparreguera",22499,"Barcelona","Baix Llobregat",2007,55,604,"10.000-50.000",NA,NA
"08076","Esparreguera",22499,"Barcelona","Baix Llobregat",2008,102,625,"10.000-50.000",NA,NA
"08076","Esparreguera",22499,"Barcelona","Baix Llobregat",2009,108,580,"10.000-50.000",NA,NA
"08076","Esparreguera",22499,"Barcelona","Baix Llobregat",2010,200,540,"10.000-50.000",NA,NA
"08076","Esparreguera",22499,"Barcelona","Baix Llobregat",2011,215,561,"10.000-50.000",NA,NA
"08076","Esparreguera",22499,"Barcelona","Baix Llobregat",2012,295,506,"10.000-50.000",NA,NA
"08076","Esparreguera",22499,"Barcelona","Baix Llobregat",2013,305,475,"10.000-50.000",NA,NA
"08076","Esparreguera",22499,"Barcelona","Baix Llobregat",2014,316,461,"10.000-50.000",NA,NA
"08076","Esparreguera",22499,"Barcelona","Baix Llobregat",2015,317,476,"10.000-50.000",32459,17.6
"08076","Esparreguera",22499,"Barcelona","Baix Llobregat",2016,312,506,"10.000-50.000",33193,18.29
"08076","Esparreguera",22499,"Barcelona","Baix Llobregat",2017,309,545,"10.000-50.000",34130,19.16
"08076","Esparreguera",22499,"Barcelona","Baix Llobregat",2018,380,581,"10.000-50.000",35464,19.66
"08076","Esparreguera",22499,"Barcelona","Baix Llobregat",2019,1033,600,"10.000-50.000",36932,19.5
"08076","Esparreguera",22499,"Barcelona","Baix Llobregat",2020,1000,617,"10.000-50.000",37074,19.97
"08076","Esparreguera",22499,"Barcelona","Baix Llobregat",2021,1157,616,"10.000-50.000",37249,19.84
"08076","Esparreguera",22499,"Barcelona","Baix Llobregat",2022,998,649,"10.000-50.000",39404,19.76
"08076","Esparreguera",22499,"Barcelona","Baix Llobregat",2023,906,671,"10.000-50.000",NA,NA
"08076","Esparreguera",22499,"Barcelona","Baix Llobregat",2024,765,705,"10.000-50.000",NA,NA
"08077","Esplugues de Llobregat",47700,"Barcelona","Baix Llobregat",2007,392,769,"10.000-50.000",NA,NA
"08077","Esplugues de Llobregat",47700,"Barcelona","Baix Llobregat",2008,446,824,"10.000-50.000",NA,NA
"08077","Esplugues de Llobregat",47700,"Barcelona","Baix Llobregat",2009,456,757,"10.000-50.000",NA,NA
"08077","Esplugues de Llobregat",47700,"Barcelona","Baix Llobregat",2010,636,695,"10.000-50.000",NA,NA
"08077","Esplugues de Llobregat",47700,"Barcelona","Baix Llobregat",2011,635,718,"10.000-50.000",NA,NA
"08077","Esplugues de Llobregat",47700,"Barcelona","Baix Llobregat",2012,643,693,"10.000-50.000",NA,NA
"08077","Esplugues de Llobregat",47700,"Barcelona","Baix Llobregat",2013,726,671,"10.000-50.000",NA,NA
"08077","Esplugues de Llobregat",47700,"Barcelona","Baix Llobregat",2014,692,637,"10.000-50.000",NA,NA
"08077","Esplugues de Llobregat",47700,"Barcelona","Baix Llobregat",2015,599,688,"10.000-50.000",36753,22.46
"08077","Esplugues de Llobregat",47700,"Barcelona","Baix Llobregat",2016,614,740,"10.000-50.000",38952,22.8
"08077","Esplugues de Llobregat",47700,"Barcelona","Baix Llobregat",2017,718,773,"10.000-50.000",39457,23.51
"08077","Esplugues de Llobregat",47700,"Barcelona","Baix Llobregat",2018,853,815,"10.000-50.000",42628,22.94
"08077","Esplugues de Llobregat",47700,"Barcelona","Baix Llobregat",2019,2737,839,"10.000-50.000",41973,23.99
"08077","Esplugues de Llobregat",47700,"Barcelona","Baix Llobregat",2020,2317,908,"10.000-50.000",41369,26.34
"08077","Esplugues de Llobregat",47700,"Barcelona","Baix Llobregat",2021,2688,839,"10.000-50.000",43224,23.29
"08077","Esplugues de Llobregat",47700,"Barcelona","Baix Llobregat",2022,2334,886,"10.000-50.000",45145,23.55
"08077","Esplugues de Llobregat",47700,"Barcelona","Baix Llobregat",2023,2293,1048,"10.000-50.000",NA,NA
"08077","Esplugues de Llobregat",47700,"Barcelona","Baix Llobregat",2024,1841,1123,"10.000-50.000",NA,NA
"08079","Estany, L'",401,"Barcelona","Moianès",2016,6,486,"< 1.000",34080,17.11
"08079","Estany, L'",401,"Barcelona","Moianès",2017,7,463,"< 1.000",34469,16.12
"08079","Estany, L'",401,"Barcelona","Moianès",2018,9,434,"< 1.000",34887,14.93
"08079","Estany, L'",401,"Barcelona","Moianès",2019,7,661,"< 1.000",35470,22.36
"08079","Estany, L'",401,"Barcelona","Moianès",2020,7,554,"< 1.000",37532,17.71
"08079","Estany, L'",401,"Barcelona","Moianès",2021,14,461,"< 1.000",37543,14.74
"08079","Estany, L'",401,"Barcelona","Moianès",2022,28,522,"< 1.000",35613,17.59
"08081","Fogars de Montclús",503,"Barcelona","Vallès Oriental",2011,6,400,"< 1.000",NA,NA
"08081","Fogars de Montclús",503,"Barcelona","Vallès Oriental",2013,7,457,"< 1.000",NA,NA
"08081","Fogars de Montclús",503,"Barcelona","Vallès Oriental",2018,11,698,"< 1.000",35130,23.84
"08081","Fogars de Montclús",503,"Barcelona","Vallès Oriental",2021,6,556,"< 1.000",38261,17.44
"08081","Fogars de Montclús",503,"Barcelona","Vallès Oriental",2023,7,687,"< 1.000",NA,NA
"08081","Fogars de Montclús",503,"Barcelona","Vallès Oriental",2024,6,758,"< 1.000",NA,NA
"08082","Fogars de la Selva",1678,"Barcelona","Selva",2013,6,527,"1.000-5.000",NA,NA
"08082","Fogars de la Selva",1678,"Barcelona","Selva",2014,10,582,"1.000-5.000",NA,NA
"08082","Fogars de la Selva",1678,"Barcelona","Selva",2015,19,609,"1.000-5.000",28792,25.38
"08082","Fogars de la Selva",1678,"Barcelona","Selva",2016,13,638,"1.000-5.000",29054,26.35
"08082","Fogars de la Selva",1678,"Barcelona","Selva",2017,8,619,"1.000-5.000",30390,24.44
"08082","Fogars de la Selva",1678,"Barcelona","Selva",2018,16,692,"1.000-5.000",31131,26.67
"08082","Fogars de la Selva",1678,"Barcelona","Selva",2019,27,842,"1.000-5.000",32986,30.63
"08082","Fogars de la Selva",1678,"Barcelona","Selva",2021,21,920,"1.000-5.000",35880,30.77
"08082","Fogars de la Selva",1678,"Barcelona","Selva",2022,16,749,"1.000-5.000",37702,23.84
"08082","Fogars de la Selva",1678,"Barcelona","Selva",2023,7,722,"1.000-5.000",NA,NA
"08083","Folgueroles",2262,"Barcelona","Osona",2007,6,529,"1.000-5.000",NA,NA
"08083","Folgueroles",2262,"Barcelona","Osona",2008,15,488,"1.000-5.000",NA,NA
"08083","Folgueroles",2262,"Barcelona","Osona",2009,16,469,"1.000-5.000",NA,NA
"08083","Folgueroles",2262,"Barcelona","Osona",2010,25,482,"1.000-5.000",NA,NA
"08083","Folgueroles",2262,"Barcelona","Osona",2011,27,490,"1.000-5.000",NA,NA
"08083","Folgueroles",2262,"Barcelona","Osona",2012,24,452,"1.000-5.000",NA,NA
"08083","Folgueroles",2262,"Barcelona","Osona",2013,30,452,"1.000-5.000",NA,NA
"08083","Folgueroles",2262,"Barcelona","Osona",2014,20,405,"1.000-5.000",NA,NA
"08083","Folgueroles",2262,"Barcelona","Osona",2015,28,419,"1.000-5.000",36989,13.59
"08083","Folgueroles",2262,"Barcelona","Osona",2016,31,424,"1.000-5.000",39130,13
"08083","Folgueroles",2262,"Barcelona","Osona",2017,27,456,"1.000-5.000",40591,13.48
"08083","Folgueroles",2262,"Barcelona","Osona",2018,21,475,"1.000-5.000",41747,13.65
"08083","Folgueroles",2262,"Barcelona","Osona",2019,72,482,"1.000-5.000",43779,13.21
"08083","Folgueroles",2262,"Barcelona","Osona",2020,83,526,"1.000-5.000",44457,14.2
"08083","Folgueroles",2262,"Barcelona","Osona",2021,72,526,"1.000-5.000",46432,13.59
"08083","Folgueroles",2262,"Barcelona","Osona",2022,94,639,"1.000-5.000",48980,15.66
"08083","Folgueroles",2262,"Barcelona","Osona",2023,69,613,"1.000-5.000",NA,NA
"08083","Folgueroles",2262,"Barcelona","Osona",2024,108,672,"1.000-5.000",NA,NA
"08084","Fonollosa",1584,"Barcelona","Bages",2011,6,546,"1.000-5.000",NA,NA
"08084","Fonollosa",1584,"Barcelona","Bages",2013,9,597,"1.000-5.000",NA,NA
"08084","Fonollosa",1584,"Barcelona","Bages",2016,9,544,"1.000-5.000",35381,18.45
"08084","Fonollosa",1584,"Barcelona","Bages",2017,9,672,"1.000-5.000",36745,21.95
"08084","Fonollosa",1584,"Barcelona","Bages",2019,15,613,"1.000-5.000",39949,18.41
"08084","Fonollosa",1584,"Barcelona","Bages",2021,18,620,"1.000-5.000",41800,17.8
"08085","Font-rubí",1432,"Barcelona","Alt Penedès",2008,6,525,"1.000-5.000",NA,NA
"08085","Font-rubí",1432,"Barcelona","Alt Penedès",2009,7,564,"1.000-5.000",NA,NA
"08085","Font-rubí",1432,"Barcelona","Alt Penedès",2010,9,509,"1.000-5.000",NA,NA
"08085","Font-rubí",1432,"Barcelona","Alt Penedès",2011,9,517,"1.000-5.000",NA,NA
"08085","Font-rubí",1432,"Barcelona","Alt Penedès",2012,8,452,"1.000-5.000",NA,NA
"08085","Font-rubí",1432,"Barcelona","Alt Penedès",2013,10,504,"1.000-5.000",NA,NA
"08085","Font-rubí",1432,"Barcelona","Alt Penedès",2014,7,394,"1.000-5.000",NA,NA
"08085","Font-rubí",1432,"Barcelona","Alt Penedès",2015,11,453,"1.000-5.000",33421,16.27
"08085","Font-rubí",1432,"Barcelona","Alt Penedès",2016,13,410,"1.000-5.000",33748,14.58
"08085","Font-rubí",1432,"Barcelona","Alt Penedès",2017,18,522,"1.000-5.000",35155,17.82
"08085","Font-rubí",1432,"Barcelona","Alt Penedès",2018,6,638,"1.000-5.000",36235,21.13
"08085","Font-rubí",1432,"Barcelona","Alt Penedès",2019,39,834,"1.000-5.000",37020,27.03
"08085","Font-rubí",1432,"Barcelona","Alt Penedès",2020,21,620,"1.000-5.000",36190,20.56
"08085","Font-rubí",1432,"Barcelona","Alt Penedès",2022,18,615,"1.000-5.000",41618,17.73
"08085","Font-rubí",1432,"Barcelona","Alt Penedès",2023,31,597,"1.000-5.000",NA,NA
"08085","Font-rubí",1432,"Barcelona","Alt Penedès",2024,14,679,"1.000-5.000",NA,NA
"08086","Franqueses del Vallès, Les",20667,"Barcelona","Vallès Oriental",2007,82,623,"10.000-50.000",NA,NA
"08086","Franqueses del Vallès, Les",20667,"Barcelona","Vallès Oriental",2008,134,673,"10.000-50.000",NA,NA
"08086","Franqueses del Vallès, Les",20667,"Barcelona","Vallès Oriental",2009,227,607,"10.000-50.000",NA,NA
"08086","Franqueses del Vallès, Les",20667,"Barcelona","Vallès Oriental",2010,328,599,"10.000-50.000",NA,NA
"08086","Franqueses del Vallès, Les",20667,"Barcelona","Vallès Oriental",2011,449,532,"10.000-50.000",NA,NA
"08086","Franqueses del Vallès, Les",20667,"Barcelona","Vallès Oriental",2012,410,534,"10.000-50.000",NA,NA
"08086","Franqueses del Vallès, Les",20667,"Barcelona","Vallès Oriental",2013,469,501,"10.000-50.000",NA,NA
"08086","Franqueses del Vallès, Les",20667,"Barcelona","Vallès Oriental",2014,472,495,"10.000-50.000",NA,NA
"08086","Franqueses del Vallès, Les",20667,"Barcelona","Vallès Oriental",2015,454,484,"10.000-50.000",32533,17.85
"08086","Franqueses del Vallès, Les",20667,"Barcelona","Vallès Oriental",2016,414,512,"10.000-50.000",34038,18.05
"08086","Franqueses del Vallès, Les",20667,"Barcelona","Vallès Oriental",2017,382,563,"10.000-50.000",34589,19.53
"08086","Franqueses del Vallès, Les",20667,"Barcelona","Vallès Oriental",2018,432,611,"10.000-50.000",36332,20.18
"08086","Franqueses del Vallès, Les",20667,"Barcelona","Vallès Oriental",2019,1500,654,"10.000-50.000",36715,21.38
"08086","Franqueses del Vallès, Les",20667,"Barcelona","Vallès Oriental",2020,1163,640,"10.000-50.000",37960,20.23
"08086","Franqueses del Vallès, Les",20667,"Barcelona","Vallès Oriental",2021,1356,662,"10.000-50.000",38818,20.46
"08086","Franqueses del Vallès, Les",20667,"Barcelona","Vallès Oriental",2022,1243,676,"10.000-50.000",40942,19.81
"08086","Franqueses del Vallès, Les",20667,"Barcelona","Vallès Oriental",2023,1169,678,"10.000-50.000",NA,NA
"08086","Franqueses del Vallès, Les",20667,"Barcelona","Vallès Oriental",2024,1050,737,"10.000-50.000",NA,NA
"08088","Garriga, La",17277,"Barcelona","Vallès Oriental",2007,134,662,"10.000-50.000",NA,NA
"08088","Garriga, La",17277,"Barcelona","Vallès Oriental",2008,181,639,"10.000-50.000",NA,NA
"08088","Garriga, La",17277,"Barcelona","Vallès Oriental",2009,210,622,"10.000-50.000",NA,NA
"08088","Garriga, La",17277,"Barcelona","Vallès Oriental",2010,273,586,"10.000-50.000",NA,NA
"08088","Garriga, La",17277,"Barcelona","Vallès Oriental",2011,303,594,"10.000-50.000",NA,NA
"08088","Garriga, La",17277,"Barcelona","Vallès Oriental",2012,282,560,"10.000-50.000",NA,NA
"08088","Garriga, La",17277,"Barcelona","Vallès Oriental",2013,385,548,"10.000-50.000",NA,NA
"08088","Garriga, La",17277,"Barcelona","Vallès Oriental",2014,376,526,"10.000-50.000",NA,NA
"08088","Garriga, La",17277,"Barcelona","Vallès Oriental",2015,347,545,"10.000-50.000",35645,18.35
"08088","Garriga, La",17277,"Barcelona","Vallès Oriental",2016,348,593,"10.000-50.000",37074,19.19
"08088","Garriga, La",17277,"Barcelona","Vallès Oriental",2017,369,652,"10.000-50.000",38100,20.54
"08088","Garriga, La",17277,"Barcelona","Vallès Oriental",2018,452,681,"10.000-50.000",39826,20.52
"08088","Garriga, La",17277,"Barcelona","Vallès Oriental",2019,1293,714,"10.000-50.000",41238,20.78
"08088","Garriga, La",17277,"Barcelona","Vallès Oriental",2020,1258,730,"10.000-50.000",41566,21.07
"08088","Garriga, La",17277,"Barcelona","Vallès Oriental",2021,1497,724,"10.000-50.000",43538,19.95
"08088","Garriga, La",17277,"Barcelona","Vallès Oriental",2022,1184,747,"10.000-50.000",45701,19.61
"08088","Garriga, La",17277,"Barcelona","Vallès Oriental",2023,1364,790,"10.000-50.000",NA,NA
"08088","Garriga, La",17277,"Barcelona","Vallès Oriental",2024,1049,845,"10.000-50.000",NA,NA
"08089","Gavà",47961,"Barcelona","Baix Llobregat",2007,178,648,"10.000-50.000",NA,NA
"08089","Gavà",47961,"Barcelona","Baix Llobregat",2008,237,787,"10.000-50.000",NA,NA
"08089","Gavà",47961,"Barcelona","Baix Llobregat",2009,295,754,"10.000-50.000",NA,NA
"08089","Gavà",47961,"Barcelona","Baix Llobregat",2010,429,679,"10.000-50.000",NA,NA
"08089","Gavà",47961,"Barcelona","Baix Llobregat",2011,406,736,"10.000-50.000",NA,NA
"08089","Gavà",47961,"Barcelona","Baix Llobregat",2012,499,679,"10.000-50.000",NA,NA
"08089","Gavà",47961,"Barcelona","Baix Llobregat",2013,689,658,"10.000-50.000",NA,NA
"08089","Gavà",47961,"Barcelona","Baix Llobregat",2014,585,687,"10.000-50.000",NA,NA
"08089","Gavà",47961,"Barcelona","Baix Llobregat",2015,601,716,"10.000-50.000",34582,24.85
"08089","Gavà",47961,"Barcelona","Baix Llobregat",2016,494,750,"10.000-50.000",36784,24.47
"08089","Gavà",47961,"Barcelona","Baix Llobregat",2017,620,820,"10.000-50.000",37370,26.33
"08089","Gavà",47961,"Barcelona","Baix Llobregat",2018,737,843,"10.000-50.000",37999,26.62
"08089","Gavà",47961,"Barcelona","Baix Llobregat",2019,2339,895,"10.000-50.000",39069,27.49
"08089","Gavà",47961,"Barcelona","Baix Llobregat",2020,1936,934,"10.000-50.000",39233,28.57
"08089","Gavà",47961,"Barcelona","Baix Llobregat",2021,2225,908,"10.000-50.000",40562,26.86
"08089","Gavà",47961,"Barcelona","Baix Llobregat",2022,2185,918,"10.000-50.000",42878,25.69
"08089","Gavà",47961,"Barcelona","Baix Llobregat",2023,2385,964,"10.000-50.000",NA,NA
"08089","Gavà",47961,"Barcelona","Baix Llobregat",2024,1650,1041,"10.000-50.000",NA,NA
"08091","Gelida",8078,"Barcelona","Alt Penedès",2007,41,557,"5.000-10.000",NA,NA
"08091","Gelida",8078,"Barcelona","Alt Penedès",2008,49,634,"5.000-10.000",NA,NA
"08091","Gelida",8078,"Barcelona","Alt Penedès",2009,67,555,"5.000-10.000",NA,NA
"08091","Gelida",8078,"Barcelona","Alt Penedès",2010,99,516,"5.000-10.000",NA,NA
"08091","Gelida",8078,"Barcelona","Alt Penedès",2011,105,492,"5.000-10.000",NA,NA
"08091","Gelida",8078,"Barcelona","Alt Penedès",2012,169,402,"5.000-10.000",NA,NA
"08091","Gelida",8078,"Barcelona","Alt Penedès",2013,124,425,"5.000-10.000",NA,NA
"08091","Gelida",8078,"Barcelona","Alt Penedès",2014,165,414,"5.000-10.000",NA,NA
"08091","Gelida",8078,"Barcelona","Alt Penedès",2015,178,434,"5.000-10.000",32681,15.94
"08091","Gelida",8078,"Barcelona","Alt Penedès",2016,165,459,"5.000-10.000",34033,16.18
"08091","Gelida",8078,"Barcelona","Alt Penedès",2017,159,504,"5.000-10.000",34517,17.52
"08091","Gelida",8078,"Barcelona","Alt Penedès",2018,182,515,"5.000-10.000",35517,17.4
"08091","Gelida",8078,"Barcelona","Alt Penedès",2019,576,587,"5.000-10.000",36580,19.26
"08091","Gelida",8078,"Barcelona","Alt Penedès",2020,524,582,"5.000-10.000",36496,19.14
"08091","Gelida",8078,"Barcelona","Alt Penedès",2021,808,555,"5.000-10.000",38471,17.31
"08091","Gelida",8078,"Barcelona","Alt Penedès",2022,568,617,"5.000-10.000",39549,18.72
"08091","Gelida",8078,"Barcelona","Alt Penedès",2023,385,603,"5.000-10.000",NA,NA
"08091","Gelida",8078,"Barcelona","Alt Penedès",2024,456,680,"5.000-10.000",NA,NA
"08092","Gironella",5072,"Barcelona","Berguedà",2007,8,264,"5.000-10.000",NA,NA
"08092","Gironella",5072,"Barcelona","Berguedà",2008,14,385,"5.000-10.000",NA,NA
"08092","Gironella",5072,"Barcelona","Berguedà",2009,33,315,"5.000-10.000",NA,NA
"08092","Gironella",5072,"Barcelona","Berguedà",2010,57,356,"5.000-10.000",NA,NA
"08092","Gironella",5072,"Barcelona","Berguedà",2011,51,344,"5.000-10.000",NA,NA
"08092","Gironella",5072,"Barcelona","Berguedà",2012,56,298,"5.000-10.000",NA,NA
"08092","Gironella",5072,"Barcelona","Berguedà",2013,47,275,"5.000-10.000",NA,NA
"08092","Gironella",5072,"Barcelona","Berguedà",2014,46,258,"5.000-10.000",NA,NA
"08092","Gironella",5072,"Barcelona","Berguedà",2015,49,260,"5.000-10.000",29208,10.68
"08092","Gironella",5072,"Barcelona","Berguedà",2016,65,281,"5.000-10.000",30022,11.23
"08092","Gironella",5072,"Barcelona","Berguedà",2017,82,287,"5.000-10.000",30035,11.47
"08092","Gironella",5072,"Barcelona","Berguedà",2018,89,303,"5.000-10.000",31885,11.4
"08092","Gironella",5072,"Barcelona","Berguedà",2019,383,337,"5.000-10.000",32838,12.32
"08092","Gironella",5072,"Barcelona","Berguedà",2020,272,347,"5.000-10.000",33007,12.62
"08092","Gironella",5072,"Barcelona","Berguedà",2021,276,366,"5.000-10.000",33881,12.96
"08092","Gironella",5072,"Barcelona","Berguedà",2022,361,415,"5.000-10.000",35010,14.22
"08092","Gironella",5072,"Barcelona","Berguedà",2023,376,403,"5.000-10.000",NA,NA
"08092","Gironella",5072,"Barcelona","Berguedà",2024,282,443,"5.000-10.000",NA,NA
"08094","Granada, La",2263,"Barcelona","Alt Penedès",2007,11,495,"1.000-5.000",NA,NA
"08094","Granada, La",2263,"Barcelona","Alt Penedès",2008,10,531,"1.000-5.000",NA,NA
"08094","Granada, La",2263,"Barcelona","Alt Penedès",2009,14,550,"1.000-5.000",NA,NA
"08094","Granada, La",2263,"Barcelona","Alt Penedès",2010,19,505,"1.000-5.000",NA,NA
"08094","Granada, La",2263,"Barcelona","Alt Penedès",2011,31,414,"1.000-5.000",NA,NA
"08094","Granada, La",2263,"Barcelona","Alt Penedès",2012,20,447,"1.000-5.000",NA,NA
"08094","Granada, La",2263,"Barcelona","Alt Penedès",2013,25,390,"1.000-5.000",NA,NA
"08094","Granada, La",2263,"Barcelona","Alt Penedès",2014,32,371,"1.000-5.000",NA,NA
"08094","Granada, La",2263,"Barcelona","Alt Penedès",2015,29,433,"1.000-5.000",32680,15.9
"08094","Granada, La",2263,"Barcelona","Alt Penedès",2016,25,389,"1.000-5.000",33461,13.95
"08094","Granada, La",2263,"Barcelona","Alt Penedès",2017,23,553,"1.000-5.000",35050,18.93
"08094","Granada, La",2263,"Barcelona","Alt Penedès",2018,27,480,"1.000-5.000",37587,15.32
"08094","Granada, La",2263,"Barcelona","Alt Penedès",2019,50,467,"1.000-5.000",38820,14.44
"08094","Granada, La",2263,"Barcelona","Alt Penedès",2020,51,588,"1.000-5.000",39656,17.79
"08094","Granada, La",2263,"Barcelona","Alt Penedès",2021,54,566,"1.000-5.000",39717,17.1
"08094","Granada, La",2263,"Barcelona","Alt Penedès",2022,47,642,"1.000-5.000",41455,18.58
"08094","Granada, La",2263,"Barcelona","Alt Penedès",2023,72,579,"1.000-5.000",NA,NA
"08094","Granada, La",2263,"Barcelona","Alt Penedès",2024,39,542,"1.000-5.000",NA,NA
"08096","Granollers",63897,"Barcelona","Vallès Oriental",2007,318,600,"50.000-100.000",NA,NA
"08096","Granollers",63897,"Barcelona","Vallès Oriental",2008,407,629,"50.000-100.000",NA,NA
"08096","Granollers",63897,"Barcelona","Vallès Oriental",2009,566,605,"50.000-100.000",NA,NA
"08096","Granollers",63897,"Barcelona","Vallès Oriental",2010,853,572,"50.000-100.000",NA,NA
"08096","Granollers",63897,"Barcelona","Vallès Oriental",2011,1034,551,"50.000-100.000",NA,NA
"08096","Granollers",63897,"Barcelona","Vallès Oriental",2012,1152,527,"50.000-100.000",NA,NA
"08096","Granollers",63897,"Barcelona","Vallès Oriental",2013,1252,489,"50.000-100.000",NA,NA
"08096","Granollers",63897,"Barcelona","Vallès Oriental",2014,1265,478,"50.000-100.000",NA,NA
"08096","Granollers",63897,"Barcelona","Vallès Oriental",2015,1212,492,"50.000-100.000",32487,18.17
"08096","Granollers",63897,"Barcelona","Vallès Oriental",2016,1215,531,"50.000-100.000",33660,18.93
"08096","Granollers",63897,"Barcelona","Vallès Oriental",2017,1334,582,"50.000-100.000",34496,20.25
"08096","Granollers",63897,"Barcelona","Vallès Oriental",2018,1372,633,"50.000-100.000",35925,21.14
"08096","Granollers",63897,"Barcelona","Vallès Oriental",2019,4531,661,"50.000-100.000",36987,21.45
"08096","Granollers",63897,"Barcelona","Vallès Oriental",2020,3878,686,"50.000-100.000",37867,21.74
"08096","Granollers",63897,"Barcelona","Vallès Oriental",2021,4701,672,"50.000-100.000",38749,20.81
"08096","Granollers",63897,"Barcelona","Vallès Oriental",2022,4325,707,"50.000-100.000",40540,20.93
"08096","Granollers",63897,"Barcelona","Vallès Oriental",2023,3956,751,"50.000-100.000",NA,NA
"08096","Granollers",63897,"Barcelona","Vallès Oriental",2024,3404,775,"50.000-100.000",NA,NA
"08097","Gualba",1743,"Barcelona","Vallès Oriental",2007,12,336,"1.000-5.000",NA,NA
"08097","Gualba",1743,"Barcelona","Vallès Oriental",2008,13,409,"1.000-5.000",NA,NA
"08097","Gualba",1743,"Barcelona","Vallès Oriental",2009,9,434,"1.000-5.000",NA,NA
"08097","Gualba",1743,"Barcelona","Vallès Oriental",2011,11,483,"1.000-5.000",NA,NA
"08097","Gualba",1743,"Barcelona","Vallès Oriental",2012,21,446,"1.000-5.000",NA,NA
"08097","Gualba",1743,"Barcelona","Vallès Oriental",2013,21,490,"1.000-5.000",NA,NA
"08097","Gualba",1743,"Barcelona","Vallès Oriental",2014,10,508,"1.000-5.000",NA,NA
"08097","Gualba",1743,"Barcelona","Vallès Oriental",2015,32,519,"1.000-5.000",34076,18.28
"08097","Gualba",1743,"Barcelona","Vallès Oriental",2016,20,504,"1.000-5.000",34182,17.69
"08097","Gualba",1743,"Barcelona","Vallès Oriental",2017,24,620,"1.000-5.000",36049,20.64
"08097","Gualba",1743,"Barcelona","Vallès Oriental",2018,29,602,"1.000-5.000",37942,19.04
"08097","Gualba",1743,"Barcelona","Vallès Oriental",2019,45,716,"1.000-5.000",39074,21.99
"08097","Gualba",1743,"Barcelona","Vallès Oriental",2020,59,667,"1.000-5.000",39234,20.4
"08097","Gualba",1743,"Barcelona","Vallès Oriental",2021,32,581,"1.000-5.000",40368,17.27
"08097","Gualba",1743,"Barcelona","Vallès Oriental",2022,65,591,"1.000-5.000",42460,16.7
"08097","Gualba",1743,"Barcelona","Vallès Oriental",2023,45,644,"1.000-5.000",NA,NA
"08097","Gualba",1743,"Barcelona","Vallès Oriental",2024,54,658,"1.000-5.000",NA,NA
"08098","Sant Salvador de Guardiola",3478,"Barcelona","Bages",2008,8,744,"1.000-5.000",NA,NA
"08098","Sant Salvador de Guardiola",3478,"Barcelona","Bages",2009,13,614,"1.000-5.000",NA,NA
"08098","Sant Salvador de Guardiola",3478,"Barcelona","Bages",2010,11,559,"1.000-5.000",NA,NA
"08098","Sant Salvador de Guardiola",3478,"Barcelona","Bages",2011,20,515,"1.000-5.000",NA,NA
"08098","Sant Salvador de Guardiola",3478,"Barcelona","Bages",2012,20,416,"1.000-5.000",NA,NA
"08098","Sant Salvador de Guardiola",3478,"Barcelona","Bages",2013,17,564,"1.000-5.000",NA,NA
"08098","Sant Salvador de Guardiola",3478,"Barcelona","Bages",2014,28,467,"1.000-5.000",NA,NA
"08098","Sant Salvador de Guardiola",3478,"Barcelona","Bages",2015,24,503,"1.000-5.000",32844,18.38
"08098","Sant Salvador de Guardiola",3478,"Barcelona","Bages",2016,24,579,"1.000-5.000",34155,20.34
"08098","Sant Salvador de Guardiola",3478,"Barcelona","Bages",2017,23,572,"1.000-5.000",35035,19.59
"08098","Sant Salvador de Guardiola",3478,"Barcelona","Bages",2018,25,535,"1.000-5.000",37026,17.34
"08098","Sant Salvador de Guardiola",3478,"Barcelona","Bages",2019,34,617,"1.000-5.000",37875,19.55
"08098","Sant Salvador de Guardiola",3478,"Barcelona","Bages",2020,30,578,"1.000-5.000",38618,17.96
"08098","Sant Salvador de Guardiola",3478,"Barcelona","Bages",2021,67,685,"1.000-5.000",39129,21.01
"08098","Sant Salvador de Guardiola",3478,"Barcelona","Bages",2022,14,446,"1.000-5.000",42378,12.63
"08098","Sant Salvador de Guardiola",3478,"Barcelona","Bages",2023,17,548,"1.000-5.000",NA,NA
"08098","Sant Salvador de Guardiola",3478,"Barcelona","Bages",2024,17,579,"1.000-5.000",NA,NA
"08099","Guardiola de Berguedà",951,"Barcelona","Berguedà",2007,9,287,"< 1.000",NA,NA
"08099","Guardiola de Berguedà",951,"Barcelona","Berguedà",2008,9,318,"< 1.000",NA,NA
"08099","Guardiola de Berguedà",951,"Barcelona","Berguedà",2010,8,286,"< 1.000",NA,NA
"08099","Guardiola de Berguedà",951,"Barcelona","Berguedà",2011,16,320,"< 1.000",NA,NA
"08099","Guardiola de Berguedà",951,"Barcelona","Berguedà",2012,12,276,"< 1.000",NA,NA
"08099","Guardiola de Berguedà",951,"Barcelona","Berguedà",2013,11,259,"< 1.000",NA,NA
"08099","Guardiola de Berguedà",951,"Barcelona","Berguedà",2014,17,253,"< 1.000",NA,NA
"08099","Guardiola de Berguedà",951,"Barcelona","Berguedà",2015,15,288,"< 1.000",26037,13.27
"08099","Guardiola de Berguedà",951,"Barcelona","Berguedà",2016,12,294,"< 1.000",26699,13.21
"08099","Guardiola de Berguedà",951,"Barcelona","Berguedà",2017,18,322,"< 1.000",26758,14.44
"08099","Guardiola de Berguedà",951,"Barcelona","Berguedà",2018,20,309,"< 1.000",27159,13.65
"08099","Guardiola de Berguedà",951,"Barcelona","Berguedà",2019,23,322,"< 1.000",27151,14.23
"08099","Guardiola de Berguedà",951,"Barcelona","Berguedà",2020,13,338,"< 1.000",29262,13.86
"08099","Guardiola de Berguedà",951,"Barcelona","Berguedà",2021,41,347,"< 1.000",29965,13.9
"08099","Guardiola de Berguedà",951,"Barcelona","Berguedà",2022,35,415,"< 1.000",31200,15.96
"08099","Guardiola de Berguedà",951,"Barcelona","Berguedà",2023,32,437,"< 1.000",NA,NA
"08099","Guardiola de Berguedà",951,"Barcelona","Berguedà",2024,50,443,"< 1.000",NA,NA
"08100","Gurb",2711,"Barcelona","Osona",2009,8,681,"1.000-5.000",NA,NA
"08100","Gurb",2711,"Barcelona","Osona",2010,9,495,"1.000-5.000",NA,NA
"08100","Gurb",2711,"Barcelona","Osona",2011,7,543,"1.000-5.000",NA,NA
"08100","Gurb",2711,"Barcelona","Osona",2012,14,533,"1.000-5.000",NA,NA
"08100","Gurb",2711,"Barcelona","Osona",2013,9,482,"1.000-5.000",NA,NA
"08100","Gurb",2711,"Barcelona","Osona",2014,15,541,"1.000-5.000",NA,NA
"08100","Gurb",2711,"Barcelona","Osona",2015,13,560,"1.000-5.000",50037,13.43
"08100","Gurb",2711,"Barcelona","Osona",2016,10,574,"1.000-5.000",54367,12.67
"08100","Gurb",2711,"Barcelona","Osona",2017,12,614,"1.000-5.000",57370,12.84
"08100","Gurb",2711,"Barcelona","Osona",2018,9,534,"1.000-5.000",58958,10.87
"08100","Gurb",2711,"Barcelona","Osona",2019,16,549,"1.000-5.000",64230,10.26
"08100","Gurb",2711,"Barcelona","Osona",2020,17,694,"1.000-5.000",63653,13.08
"08100","Gurb",2711,"Barcelona","Osona",2022,8,772,"1.000-5.000",69647,13.3
"08100","Gurb",2711,"Barcelona","Osona",2023,41,730,"1.000-5.000",NA,NA
"08100","Gurb",2711,"Barcelona","Osona",2024,31,808,"1.000-5.000",NA,NA
"08101","Hospitalet de Llobregat, L'",282299,"Barcelona","Barcelonès",2007,2638,641,"> 100.000",NA,NA
"08101","Hospitalet de Llobregat, L'",282299,"Barcelona","Barcelonès",2008,3131,697,"> 100.000",NA,NA
"08101","Hospitalet de Llobregat, L'",282299,"Barcelona","Barcelonès",2009,3926,656,"> 100.000",NA,NA
"08101","Hospitalet de Llobregat, L'",282299,"Barcelona","Barcelonès",2010,4485,606,"> 100.000",NA,NA
"08101","Hospitalet de Llobregat, L'",282299,"Barcelona","Barcelonès",2011,4689,589,"> 100.000",NA,NA
"08101","Hospitalet de Llobregat, L'",282299,"Barcelona","Barcelonès",2012,4894,566,"> 100.000",NA,NA
"08101","Hospitalet de Llobregat, L'",282299,"Barcelona","Barcelonès",2013,5916,516,"> 100.000",NA,NA
"08101","Hospitalet de Llobregat, L'",282299,"Barcelona","Barcelonès",2014,6268,504,"> 100.000",NA,NA
"08101","Hospitalet de Llobregat, L'",282299,"Barcelona","Barcelonès",2015,5077,522,"> 100.000",27680,22.63
"08101","Hospitalet de Llobregat, L'",282299,"Barcelona","Barcelonès",2016,5242,555,"> 100.000",28438,23.42
"08101","Hospitalet de Llobregat, L'",282299,"Barcelona","Barcelonès",2017,5762,608,"> 100.000",28985,25.17
"08101","Hospitalet de Llobregat, L'",282299,"Barcelona","Barcelonès",2018,6355,653,"> 100.000",30411,25.77
"08101","Hospitalet de Llobregat, L'",282299,"Barcelona","Barcelonès",2019,20130,695,"> 100.000",31645,26.35
"08101","Hospitalet de Llobregat, L'",282299,"Barcelona","Barcelonès",2020,15034,706,"> 100.000",31358,27.02
"08101","Hospitalet de Llobregat, L'",282299,"Barcelona","Barcelonès",2021,20056,686,"> 100.000",32722,25.16
"08101","Hospitalet de Llobregat, L'",282299,"Barcelona","Barcelonès",2022,17766,724,"> 100.000",34449,25.22
"08101","Hospitalet de Llobregat, L'",282299,"Barcelona","Barcelonès",2023,15466,788,"> 100.000",NA,NA
"08101","Hospitalet de Llobregat, L'",282299,"Barcelona","Barcelonès",2024,14065,841,"> 100.000",NA,NA
"08102","Igualada",41755,"Barcelona","Anoia",2007,311,406,"10.000-50.000",NA,NA
"08102","Igualada",41755,"Barcelona","Anoia",2008,393,460,"10.000-50.000",NA,NA
"08102","Igualada",41755,"Barcelona","Anoia",2009,413,441,"10.000-50.000",NA,NA
"08102","Igualada",41755,"Barcelona","Anoia",2010,644,392,"10.000-50.000",NA,NA
"08102","Igualada",41755,"Barcelona","Anoia",2011,725,400,"10.000-50.000",NA,NA
"08102","Igualada",41755,"Barcelona","Anoia",2012,723,376,"10.000-50.000",NA,NA
"08102","Igualada",41755,"Barcelona","Anoia",2013,772,353,"10.000-50.000",NA,NA
"08102","Igualada",41755,"Barcelona","Anoia",2014,890,327,"10.000-50.000",NA,NA
"08102","Igualada",41755,"Barcelona","Anoia",2015,801,344,"10.000-50.000",30715,13.44
"08102","Igualada",41755,"Barcelona","Anoia",2016,864,368,"10.000-50.000",31823,13.88
"08102","Igualada",41755,"Barcelona","Anoia",2017,797,417,"10.000-50.000",32369,15.46
"08102","Igualada",41755,"Barcelona","Anoia",2018,786,448,"10.000-50.000",33796,15.91
"08102","Igualada",41755,"Barcelona","Anoia",2019,2644,479,"10.000-50.000",35309,16.28
"08102","Igualada",41755,"Barcelona","Anoia",2020,2411,490,"10.000-50.000",35232,16.69
"08102","Igualada",41755,"Barcelona","Anoia",2021,2841,465,"10.000-50.000",36602,15.25
"08102","Igualada",41755,"Barcelona","Anoia",2022,2663,522,"10.000-50.000",38404,16.31
"08102","Igualada",41755,"Barcelona","Anoia",2023,3065,536,"10.000-50.000",NA,NA
"08102","Igualada",41755,"Barcelona","Anoia",2024,2451,556,"10.000-50.000",NA,NA
"08103","Jorba",827,"Barcelona","Anoia",2012,6,391,"< 1.000",NA,NA
"08103","Jorba",827,"Barcelona","Anoia",2013,14,382,"< 1.000",NA,NA
"08103","Jorba",827,"Barcelona","Anoia",2014,10,333,"< 1.000",NA,NA
"08103","Jorba",827,"Barcelona","Anoia",2015,11,354,"< 1.000",32811,12.95
"08103","Jorba",827,"Barcelona","Anoia",2016,13,429,"< 1.000",33027,15.59
"08103","Jorba",827,"Barcelona","Anoia",2017,13,442,"< 1.000",35763,14.83
"08103","Jorba",827,"Barcelona","Anoia",2018,14,511,"< 1.000",36015,17.03
"08103","Jorba",827,"Barcelona","Anoia",2019,39,486,"< 1.000",38003,15.35
"08103","Jorba",827,"Barcelona","Anoia",2020,36,611,"< 1.000",37407,19.6
"08103","Jorba",827,"Barcelona","Anoia",2021,28,472,"< 1.000",38748,14.62
"08103","Jorba",827,"Barcelona","Anoia",2022,31,610,"< 1.000",41289,17.73
"08103","Jorba",827,"Barcelona","Anoia",2023,26,567,"< 1.000",NA,NA
"08103","Jorba",827,"Barcelona","Anoia",2024,24,666,"< 1.000",NA,NA
"08104","Llacuna, La",984,"Barcelona","Anoia",2010,7,558,"< 1.000",NA,NA
"08104","Llacuna, La",984,"Barcelona","Anoia",2016,6,522,"< 1.000",30957,20.23
"08104","Llacuna, La",984,"Barcelona","Anoia",2017,9,417,"< 1.000",29424,17.01
"08104","Llacuna, La",984,"Barcelona","Anoia",2018,11,354,"< 1.000",32204,13.19
"08104","Llacuna, La",984,"Barcelona","Anoia",2019,85,462,"< 1.000",33161,16.72
"08104","Llacuna, La",984,"Barcelona","Anoia",2020,50,524,"< 1.000",34379,18.29
"08104","Llacuna, La",984,"Barcelona","Anoia",2021,28,557,"< 1.000",35568,18.79
"08104","Llacuna, La",984,"Barcelona","Anoia",2022,48,480,"< 1.000",36459,15.8
"08104","Llacuna, La",984,"Barcelona","Anoia",2023,86,591,"< 1.000",NA,NA
"08104","Llacuna, La",984,"Barcelona","Anoia",2024,62,496,"< 1.000",NA,NA
"08105","Llagosta, La",13070,"Barcelona","Vallès Oriental",2007,43,592,"10.000-50.000",NA,NA
"08105","Llagosta, La",13070,"Barcelona","Vallès Oriental",2008,46,654,"10.000-50.000",NA,NA
"08105","Llagosta, La",13070,"Barcelona","Vallès Oriental",2009,69,602,"10.000-50.000",NA,NA
"08105","Llagosta, La",13070,"Barcelona","Vallès Oriental",2010,93,570,"10.000-50.000",NA,NA
"08105","Llagosta, La",13070,"Barcelona","Vallès Oriental",2011,134,529,"10.000-50.000",NA,NA
"08105","Llagosta, La",13070,"Barcelona","Vallès Oriental",2012,175,529,"10.000-50.000",NA,NA
"08105","Llagosta, La",13070,"Barcelona","Vallès Oriental",2013,192,493,"10.000-50.000",NA,NA
"08105","Llagosta, La",13070,"Barcelona","Vallès Oriental",2014,175,463,"10.000-50.000",NA,NA
"08105","Llagosta, La",13070,"Barcelona","Vallès Oriental",2015,141,470,"10.000-50.000",27828,20.27
"08105","Llagosta, La",13070,"Barcelona","Vallès Oriental",2016,163,493,"10.000-50.000",28710,20.61
"08105","Llagosta, La",13070,"Barcelona","Vallès Oriental",2017,164,518,"10.000-50.000",29410,21.14
"08105","Llagosta, La",13070,"Barcelona","Vallès Oriental",2018,174,563,"10.000-50.000",30547,22.12
"08105","Llagosta, La",13070,"Barcelona","Vallès Oriental",2019,536,606,"10.000-50.000",31920,22.78
"08105","Llagosta, La",13070,"Barcelona","Vallès Oriental",2020,473,580,"10.000-50.000",31718,21.94
"08105","Llagosta, La",13070,"Barcelona","Vallès Oriental",2021,696,633,"10.000-50.000",33181,22.89
"08105","Llagosta, La",13070,"Barcelona","Vallès Oriental",2022,508,662,"10.000-50.000",34788,22.84
"08105","Llagosta, La",13070,"Barcelona","Vallès Oriental",2023,491,679,"10.000-50.000",NA,NA
"08105","Llagosta, La",13070,"Barcelona","Vallès Oriental",2024,539,689,"10.000-50.000",NA,NA
"08106","Llinars del Vallès",10699,"Barcelona","Vallès Oriental",2007,32,588,"10.000-50.000",NA,NA
"08106","Llinars del Vallès",10699,"Barcelona","Vallès Oriental",2008,70,609,"10.000-50.000",NA,NA
"08106","Llinars del Vallès",10699,"Barcelona","Vallès Oriental",2009,63,601,"10.000-50.000",NA,NA
"08106","Llinars del Vallès",10699,"Barcelona","Vallès Oriental",2010,108,562,"10.000-50.000",NA,NA
"08106","Llinars del Vallès",10699,"Barcelona","Vallès Oriental",2011,129,554,"10.000-50.000",NA,NA
"08106","Llinars del Vallès",10699,"Barcelona","Vallès Oriental",2012,191,532,"10.000-50.000",NA,NA
"08106","Llinars del Vallès",10699,"Barcelona","Vallès Oriental",2013,181,500,"10.000-50.000",NA,NA
"08106","Llinars del Vallès",10699,"Barcelona","Vallès Oriental",2014,136,503,"10.000-50.000",NA,NA
"08106","Llinars del Vallès",10699,"Barcelona","Vallès Oriental",2015,187,479,"10.000-50.000",33171,17.33
"08106","Llinars del Vallès",10699,"Barcelona","Vallès Oriental",2016,168,540,"10.000-50.000",34535,18.76
"08106","Llinars del Vallès",10699,"Barcelona","Vallès Oriental",2017,149,583,"10.000-50.000",35332,19.8
"08106","Llinars del Vallès",10699,"Barcelona","Vallès Oriental",2018,192,605,"10.000-50.000",37039,19.6
"08106","Llinars del Vallès",10699,"Barcelona","Vallès Oriental",2019,511,646,"10.000-50.000",38623,20.07
"08106","Llinars del Vallès",10699,"Barcelona","Vallès Oriental",2020,664,628,"10.000-50.000",39236,19.21
"08106","Llinars del Vallès",10699,"Barcelona","Vallès Oriental",2021,725,671,"10.000-50.000",40804,19.73
"08106","Llinars del Vallès",10699,"Barcelona","Vallès Oriental",2022,635,740,"10.000-50.000",43100,20.6
"08106","Llinars del Vallès",10699,"Barcelona","Vallès Oriental",2023,517,741,"10.000-50.000",NA,NA
"08106","Llinars del Vallès",10699,"Barcelona","Vallès Oriental",2024,584,767,"10.000-50.000",NA,NA
"08107","Lliçà d'Amunt",16225,"Barcelona","Vallès Oriental",2007,15,663,"10.000-50.000",NA,NA
"08107","Lliçà d'Amunt",16225,"Barcelona","Vallès Oriental",2008,19,625,"10.000-50.000",NA,NA
"08107","Lliçà d'Amunt",16225,"Barcelona","Vallès Oriental",2009,35,754,"10.000-50.000",NA,NA
"08107","Lliçà d'Amunt",16225,"Barcelona","Vallès Oriental",2010,27,735,"10.000-50.000",NA,NA
"08107","Lliçà d'Amunt",16225,"Barcelona","Vallès Oriental",2011,41,725,"10.000-50.000",NA,NA
"08107","Lliçà d'Amunt",16225,"Barcelona","Vallès Oriental",2012,70,657,"10.000-50.000",NA,NA
"08107","Lliçà d'Amunt",16225,"Barcelona","Vallès Oriental",2013,78,633,"10.000-50.000",NA,NA
"08107","Lliçà d'Amunt",16225,"Barcelona","Vallès Oriental",2014,103,579,"10.000-50.000",NA,NA
"08107","Lliçà d'Amunt",16225,"Barcelona","Vallès Oriental",2015,93,669,"10.000-50.000",35970,22.32
"08107","Lliçà d'Amunt",16225,"Barcelona","Vallès Oriental",2016,96,685,"10.000-50.000",37686,21.81
"08107","Lliçà d'Amunt",16225,"Barcelona","Vallès Oriental",2017,86,774,"10.000-50.000",38388,24.2
"08107","Lliçà d'Amunt",16225,"Barcelona","Vallès Oriental",2018,94,790,"10.000-50.000",39930,23.74
"08107","Lliçà d'Amunt",16225,"Barcelona","Vallès Oriental",2019,295,798,"10.000-50.000",41801,22.91
"08107","Lliçà d'Amunt",16225,"Barcelona","Vallès Oriental",2020,312,887,"10.000-50.000",41727,25.51
"08107","Lliçà d'Amunt",16225,"Barcelona","Vallès Oriental",2021,260,852,"10.000-50.000",44091,23.19
"08107","Lliçà d'Amunt",16225,"Barcelona","Vallès Oriental",2022,289,891,"10.000-50.000",47194,22.66
"08107","Lliçà d'Amunt",16225,"Barcelona","Vallès Oriental",2023,218,973,"10.000-50.000",NA,NA
"08107","Lliçà d'Amunt",16225,"Barcelona","Vallès Oriental",2024,224,933,"10.000-50.000",NA,NA
"08108","Lliçà de Vall",6858,"Barcelona","Vallès Oriental",2007,7,586,"5.000-10.000",NA,NA
"08108","Lliçà de Vall",6858,"Barcelona","Vallès Oriental",2008,15,590,"5.000-10.000",NA,NA
"08108","Lliçà de Vall",6858,"Barcelona","Vallès Oriental",2009,11,708,"5.000-10.000",NA,NA
"08108","Lliçà de Vall",6858,"Barcelona","Vallès Oriental",2010,24,785,"5.000-10.000",NA,NA
"08108","Lliçà de Vall",6858,"Barcelona","Vallès Oriental",2011,43,707,"5.000-10.000",NA,NA
"08108","Lliçà de Vall",6858,"Barcelona","Vallès Oriental",2012,41,777,"5.000-10.000",NA,NA
"08108","Lliçà de Vall",6858,"Barcelona","Vallès Oriental",2013,49,653,"5.000-10.000",NA,NA
"08108","Lliçà de Vall",6858,"Barcelona","Vallès Oriental",2014,41,664,"5.000-10.000",NA,NA
"08108","Lliçà de Vall",6858,"Barcelona","Vallès Oriental",2015,34,628,"5.000-10.000",38461,19.59
"08108","Lliçà de Vall",6858,"Barcelona","Vallès Oriental",2016,42,703,"5.000-10.000",40721,20.72
"08108","Lliçà de Vall",6858,"Barcelona","Vallès Oriental",2017,36,791,"5.000-10.000",42199,22.49
"08108","Lliçà de Vall",6858,"Barcelona","Vallès Oriental",2018,38,796,"5.000-10.000",43274,22.07
"08108","Lliçà de Vall",6858,"Barcelona","Vallès Oriental",2019,130,863,"5.000-10.000",45511,22.75
"08108","Lliçà de Vall",6858,"Barcelona","Vallès Oriental",2020,117,830,"5.000-10.000",47543,20.95
"08108","Lliçà de Vall",6858,"Barcelona","Vallès Oriental",2021,83,859,"5.000-10.000",48720,21.16
"08108","Lliçà de Vall",6858,"Barcelona","Vallès Oriental",2022,137,915,"5.000-10.000",51141,21.47
"08108","Lliçà de Vall",6858,"Barcelona","Vallès Oriental",2023,143,926,"5.000-10.000",NA,NA
"08108","Lliçà de Vall",6858,"Barcelona","Vallès Oriental",2024,92,866,"5.000-10.000",NA,NA
"08110","Malgrat de Mar",19270,"Barcelona","Maresme",2007,66,563,"10.000-50.000",NA,NA
"08110","Malgrat de Mar",19270,"Barcelona","Maresme",2008,140,577,"10.000-50.000",NA,NA
"08110","Malgrat de Mar",19270,"Barcelona","Maresme",2009,175,567,"10.000-50.000",NA,NA
"08110","Malgrat de Mar",19270,"Barcelona","Maresme",2010,248,542,"10.000-50.000",NA,NA
"08110","Malgrat de Mar",19270,"Barcelona","Maresme",2011,274,514,"10.000-50.000",NA,NA
"08110","Malgrat de Mar",19270,"Barcelona","Maresme",2012,246,493,"10.000-50.000",NA,NA
"08110","Malgrat de Mar",19270,"Barcelona","Maresme",2013,318,475,"10.000-50.000",NA,NA
"08110","Malgrat de Mar",19270,"Barcelona","Maresme",2014,297,454,"10.000-50.000",NA,NA
"08110","Malgrat de Mar",19270,"Barcelona","Maresme",2015,316,470,"10.000-50.000",27443,20.55
"08110","Malgrat de Mar",19270,"Barcelona","Maresme",2016,320,471,"10.000-50.000",28235,20.02
"08110","Malgrat de Mar",19270,"Barcelona","Maresme",2017,336,495,"10.000-50.000",28985,20.49
"08110","Malgrat de Mar",19270,"Barcelona","Maresme",2018,364,551,"10.000-50.000",30005,22.04
"08110","Malgrat de Mar",19270,"Barcelona","Maresme",2019,1001,558,"10.000-50.000",31011,21.59
"08110","Malgrat de Mar",19270,"Barcelona","Maresme",2020,828,540,"10.000-50.000",30487,21.25
"08110","Malgrat de Mar",19270,"Barcelona","Maresme",2021,1020,569,"10.000-50.000",32132,21.25
"08110","Malgrat de Mar",19270,"Barcelona","Maresme",2022,895,581,"10.000-50.000",34024,20.49
"08110","Malgrat de Mar",19270,"Barcelona","Maresme",2023,896,616,"10.000-50.000",NA,NA
"08110","Malgrat de Mar",19270,"Barcelona","Maresme",2024,748,657,"10.000-50.000",NA,NA
"08112","Manlleu",21291,"Barcelona","Osona",2007,79,442,"10.000-50.000",NA,NA
"08112","Manlleu",21291,"Barcelona","Osona",2008,133,490,"10.000-50.000",NA,NA
"08112","Manlleu",21291,"Barcelona","Osona",2009,125,444,"10.000-50.000",NA,NA
"08112","Manlleu",21291,"Barcelona","Osona",2010,240,400,"10.000-50.000",NA,NA
"08112","Manlleu",21291,"Barcelona","Osona",2011,315,379,"10.000-50.000",NA,NA
"08112","Manlleu",21291,"Barcelona","Osona",2012,352,378,"10.000-50.000",NA,NA
"08112","Manlleu",21291,"Barcelona","Osona",2013,323,358,"10.000-50.000",NA,NA
"08112","Manlleu",21291,"Barcelona","Osona",2014,342,348,"10.000-50.000",NA,NA
"08112","Manlleu",21291,"Barcelona","Osona",2015,342,360,"10.000-50.000",30214,14.3
"08112","Manlleu",21291,"Barcelona","Osona",2016,323,361,"10.000-50.000",31590,13.71
"08112","Manlleu",21291,"Barcelona","Osona",2017,359,380,"10.000-50.000",31866,14.31
"08112","Manlleu",21291,"Barcelona","Osona",2018,358,413,"10.000-50.000",33122,14.96
"08112","Manlleu",21291,"Barcelona","Osona",2019,1134,447,"10.000-50.000",34103,15.73
"08112","Manlleu",21291,"Barcelona","Osona",2020,953,451,"10.000-50.000",35700,15.16
"08112","Manlleu",21291,"Barcelona","Osona",2021,1094,431,"10.000-50.000",35603,14.53
"08112","Manlleu",21291,"Barcelona","Osona",2022,951,487,"10.000-50.000",37086,15.76
"08112","Manlleu",21291,"Barcelona","Osona",2023,938,516,"10.000-50.000",NA,NA
"08112","Manlleu",21291,"Barcelona","Osona",2024,827,530,"10.000-50.000",NA,NA
"08113","Manresa",79737,"Barcelona","Bages",2007,1318,449,"50.000-100.000",NA,NA
"08113","Manresa",79737,"Barcelona","Bages",2008,1391,483,"50.000-100.000",NA,NA
"08113","Manresa",79737,"Barcelona","Bages",2009,1638,451,"50.000-100.000",NA,NA
"08113","Manresa",79737,"Barcelona","Bages",2010,1738,420,"50.000-100.000",NA,NA
"08113","Manresa",79737,"Barcelona","Bages",2011,1859,392,"50.000-100.000",NA,NA
"08113","Manresa",79737,"Barcelona","Bages",2012,2015,376,"50.000-100.000",NA,NA
"08113","Manresa",79737,"Barcelona","Bages",2013,2025,353,"50.000-100.000",NA,NA
"08113","Manresa",79737,"Barcelona","Bages",2014,1999,343,"50.000-100.000",NA,NA
"08113","Manresa",79737,"Barcelona","Bages",2015,1987,345,"50.000-100.000",29551,14.01
"08113","Manresa",79737,"Barcelona","Bages",2016,2027,364,"50.000-100.000",30555,14.3
"08113","Manresa",79737,"Barcelona","Bages",2017,2035,396,"50.000-100.000",31422,15.12
"08113","Manresa",79737,"Barcelona","Bages",2018,2025,432,"50.000-100.000",32576,15.91
"08113","Manresa",79737,"Barcelona","Bages",2019,6215,467,"50.000-100.000",33624,16.67
"08113","Manresa",79737,"Barcelona","Bages",2020,5207,482,"50.000-100.000",33705,17.16
"08113","Manresa",79737,"Barcelona","Bages",2021,5980,443,"50.000-100.000",34295,15.5
"08113","Manresa",79737,"Barcelona","Bages",2022,5964,502,"50.000-100.000",35516,16.96
"08113","Manresa",79737,"Barcelona","Bages",2023,5902,538,"50.000-100.000",NA,NA
"08113","Manresa",79737,"Barcelona","Bages",2024,5409,551,"50.000-100.000",NA,NA
"08114","Martorell",28483,"Barcelona","Baix Llobregat",2007,66,571,"10.000-50.000",NA,NA
"08114","Martorell",28483,"Barcelona","Baix Llobregat",2008,108,615,"10.000-50.000",NA,NA
"08114","Martorell",28483,"Barcelona","Baix Llobregat",2009,164,564,"10.000-50.000",NA,NA
"08114","Martorell",28483,"Barcelona","Baix Llobregat",2010,239,540,"10.000-50.000",NA,NA
"08114","Martorell",28483,"Barcelona","Baix Llobregat",2011,294,528,"10.000-50.000",NA,NA
"08114","Martorell",28483,"Barcelona","Baix Llobregat",2012,348,487,"10.000-50.000",NA,NA
"08114","Martorell",28483,"Barcelona","Baix Llobregat",2013,444,448,"10.000-50.000",NA,NA
"08114","Martorell",28483,"Barcelona","Baix Llobregat",2014,375,455,"10.000-50.000",NA,NA
"08114","Martorell",28483,"Barcelona","Baix Llobregat",2015,361,472,"10.000-50.000",32151,17.62
"08114","Martorell",28483,"Barcelona","Baix Llobregat",2016,351,501,"10.000-50.000",32889,18.28
"08114","Martorell",28483,"Barcelona","Baix Llobregat",2017,398,555,"10.000-50.000",34056,19.56
"08114","Martorell",28483,"Barcelona","Baix Llobregat",2018,421,575,"10.000-50.000",35520,19.43
"08114","Martorell",28483,"Barcelona","Baix Llobregat",2019,1381,587,"10.000-50.000",36988,19.04
"08114","Martorell",28483,"Barcelona","Baix Llobregat",2020,1012,627,"10.000-50.000",36806,20.44
"08114","Martorell",28483,"Barcelona","Baix Llobregat",2021,1335,590,"10.000-50.000",37892,18.68
"08114","Martorell",28483,"Barcelona","Baix Llobregat",2022,1189,651,"10.000-50.000",39573,19.74
"08114","Martorell",28483,"Barcelona","Baix Llobregat",2023,1113,684,"10.000-50.000",NA,NA
"08114","Martorell",28483,"Barcelona","Baix Llobregat",2024,1964,681,"10.000-50.000",NA,NA
"08115","Martorelles",4984,"Barcelona","Vallès Oriental",2007,17,408,"1.000-5.000",NA,NA
"08115","Martorelles",4984,"Barcelona","Vallès Oriental",2008,35,583,"1.000-5.000",NA,NA
"08115","Martorelles",4984,"Barcelona","Vallès Oriental",2009,35,596,"1.000-5.000",NA,NA
"08115","Martorelles",4984,"Barcelona","Vallès Oriental",2010,61,580,"1.000-5.000",NA,NA
"08115","Martorelles",4984,"Barcelona","Vallès Oriental",2011,85,470,"1.000-5.000",NA,NA
"08115","Martorelles",4984,"Barcelona","Vallès Oriental",2012,78,489,"1.000-5.000",NA,NA
"08115","Martorelles",4984,"Barcelona","Vallès Oriental",2013,80,475,"1.000-5.000",NA,NA
"08115","Martorelles",4984,"Barcelona","Vallès Oriental",2014,83,460,"1.000-5.000",NA,NA
"08115","Martorelles",4984,"Barcelona","Vallès Oriental",2015,56,453,"1.000-5.000",43171,12.59
"08115","Martorelles",4984,"Barcelona","Vallès Oriental",2016,75,499,"1.000-5.000",34115,17.55
"08115","Martorelles",4984,"Barcelona","Vallès Oriental",2017,76,525,"1.000-5.000",35376,17.81
"08115","Martorelles",4984,"Barcelona","Vallès Oriental",2018,91,545,"1.000-5.000",36864,17.74
"08115","Martorelles",4984,"Barcelona","Vallès Oriental",2019,271,558,"1.000-5.000",37862,17.69
"08115","Martorelles",4984,"Barcelona","Vallès Oriental",2020,170,616,"1.000-5.000",38104,19.4
"08115","Martorelles",4984,"Barcelona","Vallès Oriental",2021,223,628,"1.000-5.000",39238,19.21
"08115","Martorelles",4984,"Barcelona","Vallès Oriental",2022,232,582,"1.000-5.000",41231,16.94
"08115","Martorelles",4984,"Barcelona","Vallès Oriental",2023,217,670,"1.000-5.000",NA,NA
"08115","Martorelles",4984,"Barcelona","Vallès Oriental",2024,134,666,"1.000-5.000",NA,NA
"08116","Masies de Roda, Les",749,"Barcelona","Osona",2023,6,771,"< 1.000",NA,NA
"08117","Masies de Voltregà, Les",3292,"Barcelona","Osona",2008,14,501,"1.000-5.000",NA,NA
"08117","Masies de Voltregà, Les",3292,"Barcelona","Osona",2009,10,415,"1.000-5.000",NA,NA
"08117","Masies de Voltregà, Les",3292,"Barcelona","Osona",2010,20,457,"1.000-5.000",NA,NA
"08117","Masies de Voltregà, Les",3292,"Barcelona","Osona",2011,23,437,"1.000-5.000",NA,NA
"08117","Masies de Voltregà, Les",3292,"Barcelona","Osona",2012,22,359,"1.000-5.000",NA,NA
"08117","Masies de Voltregà, Les",3292,"Barcelona","Osona",2013,25,360,"1.000-5.000",NA,NA
"08117","Masies de Voltregà, Les",3292,"Barcelona","Osona",2014,17,397,"1.000-5.000",NA,NA
"08117","Masies de Voltregà, Les",3292,"Barcelona","Osona",2015,24,381,"1.000-5.000",33349,13.71
"08117","Masies de Voltregà, Les",3292,"Barcelona","Osona",2016,24,356,"1.000-5.000",34451,12.4
"08117","Masies de Voltregà, Les",3292,"Barcelona","Osona",2017,21,385,"1.000-5.000",35804,12.9
"08117","Masies de Voltregà, Les",3292,"Barcelona","Osona",2018,24,463,"1.000-5.000",36743,15.12
"08117","Masies de Voltregà, Les",3292,"Barcelona","Osona",2019,73,457,"1.000-5.000",38089,14.4
"08117","Masies de Voltregà, Les",3292,"Barcelona","Osona",2020,38,497,"1.000-5.000",40359,14.78
"08117","Masies de Voltregà, Les",3292,"Barcelona","Osona",2021,40,465,"1.000-5.000",40522,13.77
"08117","Masies de Voltregà, Les",3292,"Barcelona","Osona",2022,69,567,"1.000-5.000",43058,15.8
"08117","Masies de Voltregà, Les",3292,"Barcelona","Osona",2023,50,516,"1.000-5.000",NA,NA
"08117","Masies de Voltregà, Les",3292,"Barcelona","Osona",2024,46,627,"1.000-5.000",NA,NA
"08118","Masnou, El",24444,"Barcelona","Maresme",2007,155,735,"10.000-50.000",NA,NA
"08118","Masnou, El",24444,"Barcelona","Maresme",2008,151,832,"10.000-50.000",NA,NA
"08118","Masnou, El",24444,"Barcelona","Maresme",2009,262,815,"10.000-50.000",NA,NA
"08118","Masnou, El",24444,"Barcelona","Maresme",2010,330,733,"10.000-50.000",NA,NA
"08118","Masnou, El",24444,"Barcelona","Maresme",2011,444,722,"10.000-50.000",NA,NA
"08118","Masnou, El",24444,"Barcelona","Maresme",2012,510,692,"10.000-50.000",NA,NA
"08118","Masnou, El",24444,"Barcelona","Maresme",2013,521,666,"10.000-50.000",NA,NA
"08118","Masnou, El",24444,"Barcelona","Maresme",2014,500,672,"10.000-50.000",NA,NA
"08118","Masnou, El",24444,"Barcelona","Maresme",2015,504,674,"10.000-50.000",38074,21.24
"08118","Masnou, El",24444,"Barcelona","Maresme",2016,491,725,"10.000-50.000",38872,22.38
"08118","Masnou, El",24444,"Barcelona","Maresme",2017,509,791,"10.000-50.000",39690,23.92
"08118","Masnou, El",24444,"Barcelona","Maresme",2018,592,824,"10.000-50.000",41583,23.78
"08118","Masnou, El",24444,"Barcelona","Maresme",2019,2081,886,"10.000-50.000",43164,24.63
"08118","Masnou, El",24444,"Barcelona","Maresme",2020,1868,851,"10.000-50.000",43266,23.6
"08118","Masnou, El",24444,"Barcelona","Maresme",2021,2100,841,"10.000-50.000",44634,22.61
"08118","Masnou, El",24444,"Barcelona","Maresme",2022,1785,920,"10.000-50.000",47049,23.46
"08118","Masnou, El",24444,"Barcelona","Maresme",2023,1505,991,"10.000-50.000",NA,NA
"08118","Masnou, El",24444,"Barcelona","Maresme",2024,1604,965,"10.000-50.000",NA,NA
"08119","Masquefa",10020,"Barcelona","Anoia",2007,30,536,"10.000-50.000",NA,NA
"08119","Masquefa",10020,"Barcelona","Anoia",2008,50,614,"10.000-50.000",NA,NA
"08119","Masquefa",10020,"Barcelona","Anoia",2009,62,616,"10.000-50.000",NA,NA
"08119","Masquefa",10020,"Barcelona","Anoia",2010,67,535,"10.000-50.000",NA,NA
"08119","Masquefa",10020,"Barcelona","Anoia",2011,80,553,"10.000-50.000",NA,NA
"08119","Masquefa",10020,"Barcelona","Anoia",2012,105,509,"10.000-50.000",NA,NA
"08119","Masquefa",10020,"Barcelona","Anoia",2013,114,497,"10.000-50.000",NA,NA
"08119","Masquefa",10020,"Barcelona","Anoia",2014,125,467,"10.000-50.000",NA,NA
"08119","Masquefa",10020,"Barcelona","Anoia",2015,133,474,"10.000-50.000",31192,18.24
"08119","Masquefa",10020,"Barcelona","Anoia",2016,112,506,"10.000-50.000",32366,18.76
"08119","Masquefa",10020,"Barcelona","Anoia",2017,126,570,"10.000-50.000",33903,20.18
"08119","Masquefa",10020,"Barcelona","Anoia",2018,144,566,"10.000-50.000",35329,19.22
"08119","Masquefa",10020,"Barcelona","Anoia",2019,398,603,"10.000-50.000",36541,19.8
"08119","Masquefa",10020,"Barcelona","Anoia",2020,402,583,"10.000-50.000",36732,19.05
"08119","Masquefa",10020,"Barcelona","Anoia",2021,414,621,"10.000-50.000",38477,19.37
"08119","Masquefa",10020,"Barcelona","Anoia",2022,357,657,"10.000-50.000",39669,19.87
"08119","Masquefa",10020,"Barcelona","Anoia",2023,299,680,"10.000-50.000",NA,NA
"08119","Masquefa",10020,"Barcelona","Anoia",2024,247,730,"10.000-50.000",NA,NA
"08120","Matadepera",9863,"Barcelona","Vallès Occidental",2007,43,821,"5.000-10.000",NA,NA
"08120","Matadepera",9863,"Barcelona","Vallès Occidental",2008,61,989,"5.000-10.000",NA,NA
"08120","Matadepera",9863,"Barcelona","Vallès Occidental",2009,119,815,"5.000-10.000",NA,NA
"08120","Matadepera",9863,"Barcelona","Vallès Occidental",2010,91,960,"5.000-10.000",NA,NA
"08120","Matadepera",9863,"Barcelona","Vallès Occidental",2011,101,856,"5.000-10.000",NA,NA
"08120","Matadepera",9863,"Barcelona","Vallès Occidental",2012,119,836,"5.000-10.000",NA,NA
"08120","Matadepera",9863,"Barcelona","Vallès Occidental",2013,109,825,"5.000-10.000",NA,NA
"08120","Matadepera",9863,"Barcelona","Vallès Occidental",2014,120,856,"5.000-10.000",NA,NA
"08120","Matadepera",9863,"Barcelona","Vallès Occidental",2015,102,896,"5.000-10.000",65219,16.49
"08120","Matadepera",9863,"Barcelona","Vallès Occidental",2016,116,878,"5.000-10.000",68286,15.43
"08120","Matadepera",9863,"Barcelona","Vallès Occidental",2017,107,954,"5.000-10.000",70071,16.34
"08120","Matadepera",9863,"Barcelona","Vallès Occidental",2018,140,933,"5.000-10.000",79632,14.06
"08120","Matadepera",9863,"Barcelona","Vallès Occidental",2019,406,1058,"5.000-10.000",62824,20.21
"08120","Matadepera",9863,"Barcelona","Vallès Occidental",2020,363,1076,"5.000-10.000",73201,17.64
"08120","Matadepera",9863,"Barcelona","Vallès Occidental",2021,402,1048,"5.000-10.000",76717,16.39
"08120","Matadepera",9863,"Barcelona","Vallès Occidental",2022,440,1159,"5.000-10.000",79553,17.48
"08120","Matadepera",9863,"Barcelona","Vallès Occidental",2023,420,1284,"5.000-10.000",NA,NA
"08120","Matadepera",9863,"Barcelona","Vallès Occidental",2024,296,1170,"5.000-10.000",NA,NA
"08121","Mataró",130887,"Barcelona","Maresme",2007,1704,612,"> 100.000",NA,NA
"08121","Mataró",130887,"Barcelona","Maresme",2008,2137,651,"> 100.000",NA,NA
"08121","Mataró",130887,"Barcelona","Maresme",2009,2482,599,"> 100.000",NA,NA
"08121","Mataró",130887,"Barcelona","Maresme",2010,2651,579,"> 100.000",NA,NA
"08121","Mataró",130887,"Barcelona","Maresme",2011,2836,567,"> 100.000",NA,NA
"08121","Mataró",130887,"Barcelona","Maresme",2012,3129,530,"> 100.000",NA,NA
"08121","Mataró",130887,"Barcelona","Maresme",2013,3617,496,"> 100.000",NA,NA
"08121","Mataró",130887,"Barcelona","Maresme",2014,3418,484,"> 100.000",NA,NA
"08121","Mataró",130887,"Barcelona","Maresme",2015,3023,503,"> 100.000",28315,21.32
"08121","Mataró",130887,"Barcelona","Maresme",2016,2851,540,"> 100.000",29515,21.95
"08121","Mataró",130887,"Barcelona","Maresme",2017,2964,577,"> 100.000",30250,22.89
"08121","Mataró",130887,"Barcelona","Maresme",2018,3026,629,"> 100.000",31764,23.76
"08121","Mataró",130887,"Barcelona","Maresme",2019,9945,652,"> 100.000",33144,23.61
"08121","Mataró",130887,"Barcelona","Maresme",2020,7941,655,"> 100.000",33263,23.63
"08121","Mataró",130887,"Barcelona","Maresme",2021,9349,635,"> 100.000",34603,22.02
"08121","Mataró",130887,"Barcelona","Maresme",2022,8342,677,"> 100.000",36490,22.26
"08121","Mataró",130887,"Barcelona","Maresme",2023,7485,742,"> 100.000",NA,NA
"08121","Mataró",130887,"Barcelona","Maresme",2024,6291,737,"> 100.000",NA,NA
"08122","Mediona",2632,"Barcelona","Alt Penedès",2007,13,371,"1.000-5.000",NA,NA
"08122","Mediona",2632,"Barcelona","Alt Penedès",2008,12,430,"1.000-5.000",NA,NA
"08122","Mediona",2632,"Barcelona","Alt Penedès",2009,9,353,"1.000-5.000",NA,NA
"08122","Mediona",2632,"Barcelona","Alt Penedès",2010,11,354,"1.000-5.000",NA,NA
"08122","Mediona",2632,"Barcelona","Alt Penedès",2011,20,460,"1.000-5.000",NA,NA
"08122","Mediona",2632,"Barcelona","Alt Penedès",2012,17,382,"1.000-5.000",NA,NA
"08122","Mediona",2632,"Barcelona","Alt Penedès",2013,22,424,"1.000-5.000",NA,NA
"08122","Mediona",2632,"Barcelona","Alt Penedès",2014,19,397,"1.000-5.000",NA,NA
"08122","Mediona",2632,"Barcelona","Alt Penedès",2015,22,429,"1.000-5.000",26185,19.66
"08122","Mediona",2632,"Barcelona","Alt Penedès",2016,42,451,"1.000-5.000",28261,19.15
"08122","Mediona",2632,"Barcelona","Alt Penedès",2017,33,468,"1.000-5.000",27846,20.17
"08122","Mediona",2632,"Barcelona","Alt Penedès",2018,47,495,"1.000-5.000",28711,20.69
"08122","Mediona",2632,"Barcelona","Alt Penedès",2019,92,478,"1.000-5.000",29739,19.29
"08122","Mediona",2632,"Barcelona","Alt Penedès",2020,53,604,"1.000-5.000",30503,23.76
"08122","Mediona",2632,"Barcelona","Alt Penedès",2021,114,505,"1.000-5.000",31780,19.07
"08122","Mediona",2632,"Barcelona","Alt Penedès",2022,144,438,"1.000-5.000",34133,15.4
"08122","Mediona",2632,"Barcelona","Alt Penedès",2023,92,530,"1.000-5.000",NA,NA
"08122","Mediona",2632,"Barcelona","Alt Penedès",2024,71,524,"1.000-5.000",NA,NA
"08123","Molins de Rei",26930,"Barcelona","Baix Llobregat",2007,170,648,"10.000-50.000",NA,NA
"08123","Molins de Rei",26930,"Barcelona","Baix Llobregat",2008,205,716,"10.000-50.000",NA,NA
"08123","Molins de Rei",26930,"Barcelona","Baix Llobregat",2009,256,682,"10.000-50.000",NA,NA
"08123","Molins de Rei",26930,"Barcelona","Baix Llobregat",2010,387,636,"10.000-50.000",NA,NA
"08123","Molins de Rei",26930,"Barcelona","Baix Llobregat",2011,399,635,"10.000-50.000",NA,NA
"08123","Molins de Rei",26930,"Barcelona","Baix Llobregat",2012,386,611,"10.000-50.000",NA,NA
"08123","Molins de Rei",26930,"Barcelona","Baix Llobregat",2013,398,571,"10.000-50.000",NA,NA
"08123","Molins de Rei",26930,"Barcelona","Baix Llobregat",2014,393,588,"10.000-50.000",NA,NA
"08123","Molins de Rei",26930,"Barcelona","Baix Llobregat",2015,347,594,"10.000-50.000",37508,19
"08123","Molins de Rei",26930,"Barcelona","Baix Llobregat",2016,370,630,"10.000-50.000",37903,19.95
"08123","Molins de Rei",26930,"Barcelona","Baix Llobregat",2017,424,680,"10.000-50.000",39079,20.88
"08123","Molins de Rei",26930,"Barcelona","Baix Llobregat",2018,471,720,"10.000-50.000",40051,21.57
"08123","Molins de Rei",26930,"Barcelona","Baix Llobregat",2019,1483,769,"10.000-50.000",42243,21.85
"08123","Molins de Rei",26930,"Barcelona","Baix Llobregat",2020,1273,772,"10.000-50.000",41845,22.14
"08123","Molins de Rei",26930,"Barcelona","Baix Llobregat",2021,1587,735,"10.000-50.000",43485,20.28
"08123","Molins de Rei",26930,"Barcelona","Baix Llobregat",2022,1663,752,"10.000-50.000",45146,19.99
"08123","Molins de Rei",26930,"Barcelona","Baix Llobregat",2023,1291,816,"10.000-50.000",NA,NA
"08123","Molins de Rei",26930,"Barcelona","Baix Llobregat",2024,1372,824,"10.000-50.000",NA,NA
"08124","Mollet del Vallès",52045,"Barcelona","Vallès Oriental",2007,192,634,"50.000-100.000",NA,NA
"08124","Mollet del Vallès",52045,"Barcelona","Vallès Oriental",2008,377,556,"50.000-100.000",NA,NA
"08124","Mollet del Vallès",52045,"Barcelona","Vallès Oriental",2009,370,623,"50.000-100.000",NA,NA
"08124","Mollet del Vallès",52045,"Barcelona","Vallès Oriental",2010,491,574,"50.000-100.000",NA,NA
"08124","Mollet del Vallès",52045,"Barcelona","Vallès Oriental",2011,732,568,"50.000-100.000",NA,NA
"08124","Mollet del Vallès",52045,"Barcelona","Vallès Oriental",2012,817,523,"50.000-100.000",NA,NA
"08124","Mollet del Vallès",52045,"Barcelona","Vallès Oriental",2013,902,484,"50.000-100.000",NA,NA
"08124","Mollet del Vallès",52045,"Barcelona","Vallès Oriental",2014,861,478,"50.000-100.000",NA,NA
"08124","Mollet del Vallès",52045,"Barcelona","Vallès Oriental",2015,769,495,"50.000-100.000",30779,19.3
"08124","Mollet del Vallès",52045,"Barcelona","Vallès Oriental",2016,737,517,"50.000-100.000",31539,19.67
"08124","Mollet del Vallès",52045,"Barcelona","Vallès Oriental",2017,775,559,"50.000-100.000",32350,20.74
"08124","Mollet del Vallès",52045,"Barcelona","Vallès Oriental",2018,859,603,"50.000-100.000",33637,21.51
"08124","Mollet del Vallès",52045,"Barcelona","Vallès Oriental",2019,2655,645,"50.000-100.000",35177,22
"08124","Mollet del Vallès",52045,"Barcelona","Vallès Oriental",2020,2205,654,"50.000-100.000",35187,22.3
"08124","Mollet del Vallès",52045,"Barcelona","Vallès Oriental",2021,2692,632,"50.000-100.000",36486,20.79
"08124","Mollet del Vallès",52045,"Barcelona","Vallès Oriental",2022,2415,663,"50.000-100.000",37549,21.19
"08124","Mollet del Vallès",52045,"Barcelona","Vallès Oriental",2023,2452,702,"50.000-100.000",NA,NA
"08124","Mollet del Vallès",52045,"Barcelona","Vallès Oriental",2024,2101,729,"50.000-100.000",NA,NA
"08125","Montcada i Reixac",37096,"Barcelona","Vallès Occidental",2007,208,591,"10.000-50.000",NA,NA
"08125","Montcada i Reixac",37096,"Barcelona","Vallès Occidental",2008,251,667,"10.000-50.000",NA,NA
"08125","Montcada i Reixac",37096,"Barcelona","Vallès Occidental",2009,261,632,"10.000-50.000",NA,NA
"08125","Montcada i Reixac",37096,"Barcelona","Vallès Occidental",2010,354,586,"10.000-50.000",NA,NA
"08125","Montcada i Reixac",37096,"Barcelona","Vallès Occidental",2011,431,565,"10.000-50.000",NA,NA
"08125","Montcada i Reixac",37096,"Barcelona","Vallès Occidental",2012,484,553,"10.000-50.000",NA,NA
"08125","Montcada i Reixac",37096,"Barcelona","Vallès Occidental",2013,465,514,"10.000-50.000",NA,NA
"08125","Montcada i Reixac",37096,"Barcelona","Vallès Occidental",2014,461,506,"10.000-50.000",NA,NA
"08125","Montcada i Reixac",37096,"Barcelona","Vallès Occidental",2015,475,517,"10.000-50.000",29584,20.97
"08125","Montcada i Reixac",37096,"Barcelona","Vallès Occidental",2016,462,535,"10.000-50.000",30427,21.1
"08125","Montcada i Reixac",37096,"Barcelona","Vallès Occidental",2017,459,557,"10.000-50.000",31229,21.4
"08125","Montcada i Reixac",37096,"Barcelona","Vallès Occidental",2018,482,604,"10.000-50.000",32872,22.05
"08125","Montcada i Reixac",37096,"Barcelona","Vallès Occidental",2019,1584,637,"10.000-50.000",34248,22.32
"08125","Montcada i Reixac",37096,"Barcelona","Vallès Occidental",2020,1241,650,"10.000-50.000",34324,22.72
"08125","Montcada i Reixac",37096,"Barcelona","Vallès Occidental",2021,1525,644,"10.000-50.000",36267,21.31
"08125","Montcada i Reixac",37096,"Barcelona","Vallès Occidental",2022,1615,658,"10.000-50.000",37122,21.27
"08125","Montcada i Reixac",37096,"Barcelona","Vallès Occidental",2023,1537,691,"10.000-50.000",NA,NA
"08125","Montcada i Reixac",37096,"Barcelona","Vallès Occidental",2024,1205,726,"10.000-50.000",NA,NA
"08126","Montgat",12646,"Barcelona","Maresme",2007,89,686,"10.000-50.000",NA,NA
"08126","Montgat",12646,"Barcelona","Maresme",2008,112,732,"10.000-50.000",NA,NA
"08126","Montgat",12646,"Barcelona","Maresme",2009,133,715,"10.000-50.000",NA,NA
"08126","Montgat",12646,"Barcelona","Maresme",2010,155,719,"10.000-50.000",NA,NA
"08126","Montgat",12646,"Barcelona","Maresme",2011,154,743,"10.000-50.000",NA,NA
"08126","Montgat",12646,"Barcelona","Maresme",2012,188,749,"10.000-50.000",NA,NA
"08126","Montgat",12646,"Barcelona","Maresme",2013,195,670,"10.000-50.000",NA,NA
"08126","Montgat",12646,"Barcelona","Maresme",2014,203,671,"10.000-50.000",NA,NA
"08126","Montgat",12646,"Barcelona","Maresme",2015,196,679,"10.000-50.000",35778,22.77
"08126","Montgat",12646,"Barcelona","Maresme",2016,159,741,"10.000-50.000",36954,24.06
"08126","Montgat",12646,"Barcelona","Maresme",2017,221,835,"10.000-50.000",37657,26.61
"08126","Montgat",12646,"Barcelona","Maresme",2018,233,833,"10.000-50.000",38556,25.93
"08126","Montgat",12646,"Barcelona","Maresme",2019,559,888,"10.000-50.000",40382,26.39
"08126","Montgat",12646,"Barcelona","Maresme",2020,561,920,"10.000-50.000",40530,27.24
"08126","Montgat",12646,"Barcelona","Maresme",2021,739,822,"10.000-50.000",42514,23.2
"08126","Montgat",12646,"Barcelona","Maresme",2022,634,933,"10.000-50.000",44855,24.96
"08126","Montgat",12646,"Barcelona","Maresme",2023,725,1005,"10.000-50.000",NA,NA
"08126","Montgat",12646,"Barcelona","Maresme",2024,515,1036,"10.000-50.000",NA,NA
"08127","Monistrol de Montserrat",3188,"Barcelona","Bages",2007,10,479,"1.000-5.000",NA,NA
"08127","Monistrol de Montserrat",3188,"Barcelona","Bages",2008,19,482,"1.000-5.000",NA,NA
"08127","Monistrol de Montserrat",3188,"Barcelona","Bages",2009,25,478,"1.000-5.000",NA,NA
"08127","Monistrol de Montserrat",3188,"Barcelona","Bages",2010,43,387,"1.000-5.000",NA,NA
"08127","Monistrol de Montserrat",3188,"Barcelona","Bages",2011,80,363,"1.000-5.000",NA,NA
"08127","Monistrol de Montserrat",3188,"Barcelona","Bages",2012,82,343,"1.000-5.000",NA,NA
"08127","Monistrol de Montserrat",3188,"Barcelona","Bages",2013,65,362,"1.000-5.000",NA,NA
"08127","Monistrol de Montserrat",3188,"Barcelona","Bages",2014,69,336,"1.000-5.000",NA,NA
"08127","Monistrol de Montserrat",3188,"Barcelona","Bages",2015,75,331,"1.000-5.000",27831,14.27
"08127","Monistrol de Montserrat",3188,"Barcelona","Bages",2016,87,359,"1.000-5.000",29062,14.82
"08127","Monistrol de Montserrat",3188,"Barcelona","Bages",2017,84,424,"1.000-5.000",29109,17.48
"08127","Monistrol de Montserrat",3188,"Barcelona","Bages",2018,100,404,"1.000-5.000",30130,16.09
"08127","Monistrol de Montserrat",3188,"Barcelona","Bages",2019,243,468,"1.000-5.000",31806,17.66
"08127","Monistrol de Montserrat",3188,"Barcelona","Bages",2020,223,427,"1.000-5.000",31510,16.26
"08127","Monistrol de Montserrat",3188,"Barcelona","Bages",2021,212,462,"1.000-5.000",31971,17.34
"08127","Monistrol de Montserrat",3188,"Barcelona","Bages",2022,217,464,"1.000-5.000",33797,16.47
"08127","Monistrol de Montserrat",3188,"Barcelona","Bages",2023,162,564,"1.000-5.000",NA,NA
"08127","Monistrol de Montserrat",3188,"Barcelona","Bages",2024,193,542,"1.000-5.000",NA,NA
"08128","Monistrol de Calders",762,"Barcelona","Moianès",2009,7,441,"< 1.000",NA,NA
"08128","Monistrol de Calders",762,"Barcelona","Moianès",2012,6,271,"< 1.000",NA,NA
"08128","Monistrol de Calders",762,"Barcelona","Moianès",2016,6,433,"< 1.000",28266,18.38
"08128","Monistrol de Calders",762,"Barcelona","Moianès",2018,11,367,"< 1.000",30060,14.65
"08128","Monistrol de Calders",762,"Barcelona","Moianès",2019,6,404,"< 1.000",30362,15.97
"08128","Monistrol de Calders",762,"Barcelona","Moianès",2020,18,417,"< 1.000",32070,15.6
"08128","Monistrol de Calders",762,"Barcelona","Moianès",2021,9,368,"< 1.000",32055,13.78
"08128","Monistrol de Calders",762,"Barcelona","Moianès",2022,22,384,"< 1.000",35148,13.11
"08128","Monistrol de Calders",762,"Barcelona","Moianès",2023,20,361,"< 1.000",NA,NA
"08128","Monistrol de Calders",762,"Barcelona","Moianès",2024,18,464,"< 1.000",NA,NA
"08129","Muntanyola",712,"Barcelona","Osona",2017,8,588,"< 1.000",34734,20.31
"08129","Muntanyola",712,"Barcelona","Osona",2018,6,540,"< 1.000",36670,17.67
"08129","Muntanyola",712,"Barcelona","Osona",2019,14,856,"< 1.000",38029,27.01
"08129","Muntanyola",712,"Barcelona","Osona",2020,22,785,"< 1.000",42695,22.06
"08131","Montesquiu",1095,"Barcelona","Osona",2008,6,419,"1.000-5.000",NA,NA
"08131","Montesquiu",1095,"Barcelona","Osona",2009,14,408,"1.000-5.000",NA,NA
"08131","Montesquiu",1095,"Barcelona","Osona",2010,15,344,"1.000-5.000",NA,NA
"08131","Montesquiu",1095,"Barcelona","Osona",2011,26,373,"1.000-5.000",NA,NA
"08131","Montesquiu",1095,"Barcelona","Osona",2012,23,394,"1.000-5.000",NA,NA
"08131","Montesquiu",1095,"Barcelona","Osona",2013,13,324,"1.000-5.000",NA,NA
"08131","Montesquiu",1095,"Barcelona","Osona",2014,42,318,"1.000-5.000",NA,NA
"08131","Montesquiu",1095,"Barcelona","Osona",2015,15,317,"1.000-5.000",27430,13.87
"08131","Montesquiu",1095,"Barcelona","Osona",2016,22,295,"1.000-5.000",28082,12.61
"08131","Montesquiu",1095,"Barcelona","Osona",2017,25,379,"1.000-5.000",28166,16.15
"08131","Montesquiu",1095,"Barcelona","Osona",2018,23,363,"1.000-5.000",29462,14.79
"08131","Montesquiu",1095,"Barcelona","Osona",2019,121,338,"1.000-5.000",29535,13.73
"08131","Montesquiu",1095,"Barcelona","Osona",2020,52,399,"1.000-5.000",29565,16.19
"08131","Montesquiu",1095,"Barcelona","Osona",2021,50,416,"1.000-5.000",30836,16.19
"08131","Montesquiu",1095,"Barcelona","Osona",2022,80,371,"1.000-5.000",33745,13.19
"08131","Montesquiu",1095,"Barcelona","Osona",2023,56,470,"1.000-5.000",NA,NA
"08131","Montesquiu",1095,"Barcelona","Osona",2024,89,460,"1.000-5.000",NA,NA
"08132","Montmajor",474,"Barcelona","Berguedà",2018,9,326,"< 1.000",33680,11.62
"08132","Montmajor",474,"Barcelona","Berguedà",2019,10,272,"< 1.000",38155,8.55
"08132","Montmajor",474,"Barcelona","Berguedà",2020,9,416,"< 1.000",36640,13.62
"08132","Montmajor",474,"Barcelona","Berguedà",2021,18,505,"< 1.000",36304,16.69
"08132","Montmajor",474,"Barcelona","Berguedà",2022,8,573,"< 1.000",37278,18.45
"08132","Montmajor",474,"Barcelona","Berguedà",2023,7,501,"< 1.000",NA,NA
"08134","Figaró-Montmany",1190,"Barcelona","Vallès Oriental",2007,7,587,"1.000-5.000",NA,NA
"08134","Figaró-Montmany",1190,"Barcelona","Vallès Oriental",2009,11,476,"1.000-5.000",NA,NA
"08134","Figaró-Montmany",1190,"Barcelona","Vallès Oriental",2010,20,481,"1.000-5.000",NA,NA
"08134","Figaró-Montmany",1190,"Barcelona","Vallès Oriental",2011,18,435,"1.000-5.000",NA,NA
"08134","Figaró-Montmany",1190,"Barcelona","Vallès Oriental",2012,11,440,"1.000-5.000",NA,NA
"08134","Figaró-Montmany",1190,"Barcelona","Vallès Oriental",2013,14,399,"1.000-5.000",NA,NA
"08134","Figaró-Montmany",1190,"Barcelona","Vallès Oriental",2014,30,400,"1.000-5.000",NA,NA
"08134","Figaró-Montmany",1190,"Barcelona","Vallès Oriental",2015,30,405,"1.000-5.000",29079,16.71
"08134","Figaró-Montmany",1190,"Barcelona","Vallès Oriental",2016,27,519,"1.000-5.000",29764,20.92
"08134","Figaró-Montmany",1190,"Barcelona","Vallès Oriental",2017,24,551,"1.000-5.000",30896,21.4
"08134","Figaró-Montmany",1190,"Barcelona","Vallès Oriental",2018,20,509,"1.000-5.000",32932,18.55
"08134","Figaró-Montmany",1190,"Barcelona","Vallès Oriental",2019,82,590,"1.000-5.000",33723,20.99
"08134","Figaró-Montmany",1190,"Barcelona","Vallès Oriental",2020,62,544,"1.000-5.000",33529,19.47
"08134","Figaró-Montmany",1190,"Barcelona","Vallès Oriental",2021,78,597,"1.000-5.000",35457,20.2
"08134","Figaró-Montmany",1190,"Barcelona","Vallès Oriental",2022,89,602,"1.000-5.000",37388,19.32
"08134","Figaró-Montmany",1190,"Barcelona","Vallès Oriental",2023,55,707,"1.000-5.000",NA,NA
"08134","Figaró-Montmany",1190,"Barcelona","Vallès Oriental",2024,53,643,"1.000-5.000",NA,NA
"08135","Montmeló",8887,"Barcelona","Vallès Oriental",2007,38,610,"5.000-10.000",NA,NA
"08135","Montmeló",8887,"Barcelona","Vallès Oriental",2008,47,649,"5.000-10.000",NA,NA
"08135","Montmeló",8887,"Barcelona","Vallès Oriental",2009,58,722,"5.000-10.000",NA,NA
"08135","Montmeló",8887,"Barcelona","Vallès Oriental",2010,77,565,"5.000-10.000",NA,NA
"08135","Montmeló",8887,"Barcelona","Vallès Oriental",2011,90,561,"5.000-10.000",NA,NA
"08135","Montmeló",8887,"Barcelona","Vallès Oriental",2012,95,535,"5.000-10.000",NA,NA
"08135","Montmeló",8887,"Barcelona","Vallès Oriental",2013,145,477,"5.000-10.000",NA,NA
"08135","Montmeló",8887,"Barcelona","Vallès Oriental",2014,125,443,"5.000-10.000",NA,NA
"08135","Montmeló",8887,"Barcelona","Vallès Oriental",2015,98,478,"5.000-10.000",32075,17.88
"08135","Montmeló",8887,"Barcelona","Vallès Oriental",2016,95,527,"5.000-10.000",32824,19.27
"08135","Montmeló",8887,"Barcelona","Vallès Oriental",2017,120,536,"5.000-10.000",33938,18.95
"08135","Montmeló",8887,"Barcelona","Vallès Oriental",2018,130,565,"5.000-10.000",35544,19.07
"08135","Montmeló",8887,"Barcelona","Vallès Oriental",2019,420,608,"5.000-10.000",36656,19.9
"08135","Montmeló",8887,"Barcelona","Vallès Oriental",2020,363,601,"5.000-10.000",36891,19.55
"08135","Montmeló",8887,"Barcelona","Vallès Oriental",2021,358,656,"5.000-10.000",37658,20.9
"08135","Montmeló",8887,"Barcelona","Vallès Oriental",2022,360,662,"5.000-10.000",39411,20.16
"08135","Montmeló",8887,"Barcelona","Vallès Oriental",2023,274,706,"5.000-10.000",NA,NA
"08135","Montmeló",8887,"Barcelona","Vallès Oriental",2024,285,726,"5.000-10.000",NA,NA
"08136","Montornès del Vallès",17039,"Barcelona","Vallès Oriental",2007,55,518,"10.000-50.000",NA,NA
"08136","Montornès del Vallès",17039,"Barcelona","Vallès Oriental",2008,94,661,"10.000-50.000",NA,NA
"08136","Montornès del Vallès",17039,"Barcelona","Vallès Oriental",2009,127,677,"10.000-50.000",NA,NA
"08136","Montornès del Vallès",17039,"Barcelona","Vallès Oriental",2010,185,588,"10.000-50.000",NA,NA
"08136","Montornès del Vallès",17039,"Barcelona","Vallès Oriental",2011,194,540,"10.000-50.000",NA,NA
"08136","Montornès del Vallès",17039,"Barcelona","Vallès Oriental",2012,235,527,"10.000-50.000",NA,NA
"08136","Montornès del Vallès",17039,"Barcelona","Vallès Oriental",2013,257,506,"10.000-50.000",NA,NA
"08136","Montornès del Vallès",17039,"Barcelona","Vallès Oriental",2014,310,496,"10.000-50.000",NA,NA
"08136","Montornès del Vallès",17039,"Barcelona","Vallès Oriental",2015,192,530,"10.000-50.000",30764,20.67
"08136","Montornès del Vallès",17039,"Barcelona","Vallès Oriental",2016,240,497,"10.000-50.000",31943,18.67
"08136","Montornès del Vallès",17039,"Barcelona","Vallès Oriental",2017,219,551,"10.000-50.000",32642,20.26
"08136","Montornès del Vallès",17039,"Barcelona","Vallès Oriental",2018,276,584,"10.000-50.000",34313,20.42
"08136","Montornès del Vallès",17039,"Barcelona","Vallès Oriental",2019,818,597,"10.000-50.000",35802,20.01
"08136","Montornès del Vallès",17039,"Barcelona","Vallès Oriental",2020,669,597,"10.000-50.000",35845,19.99
"08136","Montornès del Vallès",17039,"Barcelona","Vallès Oriental",2021,734,654,"10.000-50.000",37491,20.93
"08136","Montornès del Vallès",17039,"Barcelona","Vallès Oriental",2022,826,645,"10.000-50.000",38888,19.9
"08136","Montornès del Vallès",17039,"Barcelona","Vallès Oriental",2023,736,658,"10.000-50.000",NA,NA
"08136","Montornès del Vallès",17039,"Barcelona","Vallès Oriental",2024,525,658,"10.000-50.000",NA,NA
"08137","Montseny",379,"Barcelona","Vallès Oriental",2011,7,457,"< 1.000",NA,NA
"08137","Montseny",379,"Barcelona","Vallès Oriental",2014,7,396,"< 1.000",NA,NA
"08137","Montseny",379,"Barcelona","Vallès Oriental",2015,10,412,"< 1.000",32645,15.14
"08137","Montseny",379,"Barcelona","Vallès Oriental",2016,6,458,"< 1.000",33855,16.23
"08137","Montseny",379,"Barcelona","Vallès Oriental",2017,8,600,"< 1.000",33499,21.49
"08137","Montseny",379,"Barcelona","Vallès Oriental",2018,17,476,"< 1.000",33300,17.15
"08137","Montseny",379,"Barcelona","Vallès Oriental",2019,24,542,"< 1.000",35255,18.45
"08137","Montseny",379,"Barcelona","Vallès Oriental",2020,13,612,"< 1.000",33876,21.68
"08137","Montseny",379,"Barcelona","Vallès Oriental",2021,50,531,"< 1.000",38405,16.59
"08137","Montseny",379,"Barcelona","Vallès Oriental",2022,53,536,"< 1.000",44358,14.5
"08137","Montseny",379,"Barcelona","Vallès Oriental",2023,25,544,"< 1.000",NA,NA
"08137","Montseny",379,"Barcelona","Vallès Oriental",2024,43,643,"< 1.000",NA,NA
"08138","Moià",6715,"Barcelona","Moianès",2007,38,520,"5.000-10.000",NA,NA
"08138","Moià",6715,"Barcelona","Moianès",2008,56,506,"5.000-10.000",NA,NA
"08138","Moià",6715,"Barcelona","Moianès",2009,52,483,"5.000-10.000",NA,NA
"08138","Moià",6715,"Barcelona","Moianès",2010,110,449,"5.000-10.000",NA,NA
"08138","Moià",6715,"Barcelona","Moianès",2011,177,419,"5.000-10.000",NA,NA
"08138","Moià",6715,"Barcelona","Moianès",2012,102,397,"5.000-10.000",NA,NA
"08138","Moià",6715,"Barcelona","Moianès",2013,131,414,"5.000-10.000",NA,NA
"08138","Moià",6715,"Barcelona","Moianès",2014,157,367,"5.000-10.000",NA,NA
"08138","Moià",6715,"Barcelona","Moianès",2015,138,391,"5.000-10.000",30609,15.33
"08138","Moià",6715,"Barcelona","Moianès",2016,169,412,"5.000-10.000",31702,15.6
"08138","Moià",6715,"Barcelona","Moianès",2017,152,454,"5.000-10.000",32858,16.58
"08138","Moià",6715,"Barcelona","Moianès",2018,161,458,"5.000-10.000",33864,16.23
"08138","Moià",6715,"Barcelona","Moianès",2019,562,489,"5.000-10.000",34643,16.94
"08138","Moià",6715,"Barcelona","Moianès",2020,493,462,"5.000-10.000",35749,15.51
"08138","Moià",6715,"Barcelona","Moianès",2021,529,493,"5.000-10.000",36325,16.29
"08138","Moià",6715,"Barcelona","Moianès",2022,658,512,"5.000-10.000",38456,15.98
"08138","Moià",6715,"Barcelona","Moianès",2023,439,576,"5.000-10.000",NA,NA
"08138","Moià",6715,"Barcelona","Moianès",2024,332,596,"5.000-10.000",NA,NA
"08139","Mura",232,"Barcelona","Bages",2013,7,630,"< 1.000",NA,NA
"08139","Mura",232,"Barcelona","Bages",2014,6,470,"< 1.000",NA,NA
"08140","Navarcles",6158,"Barcelona","Bages",2007,62,405,"5.000-10.000",NA,NA
"08140","Navarcles",6158,"Barcelona","Bages",2008,106,478,"5.000-10.000",NA,NA
"08140","Navarcles",6158,"Barcelona","Bages",2009,94,427,"5.000-10.000",NA,NA
"08140","Navarcles",6158,"Barcelona","Bages",2010,106,416,"5.000-10.000",NA,NA
"08140","Navarcles",6158,"Barcelona","Bages",2011,102,378,"5.000-10.000",NA,NA
"08140","Navarcles",6158,"Barcelona","Bages",2012,119,363,"5.000-10.000",NA,NA
"08140","Navarcles",6158,"Barcelona","Bages",2013,84,330,"5.000-10.000",NA,NA
"08140","Navarcles",6158,"Barcelona","Bages",2014,111,339,"5.000-10.000",NA,NA
"08140","Navarcles",6158,"Barcelona","Bages",2015,93,359,"5.000-10.000",31041,13.88
"08140","Navarcles",6158,"Barcelona","Bages",2016,110,349,"5.000-10.000",32775,12.78
"08140","Navarcles",6158,"Barcelona","Bages",2017,102,381,"5.000-10.000",33176,13.78
"08140","Navarcles",6158,"Barcelona","Bages",2018,100,419,"5.000-10.000",34587,14.54
"08140","Navarcles",6158,"Barcelona","Bages",2019,281,436,"5.000-10.000",36802,14.22
"08140","Navarcles",6158,"Barcelona","Bages",2020,220,460,"5.000-10.000",36231,15.24
"08140","Navarcles",6158,"Barcelona","Bages",2021,318,460,"5.000-10.000",37028,14.91
"08140","Navarcles",6158,"Barcelona","Bages",2022,379,477,"5.000-10.000",39361,14.54
"08140","Navarcles",6158,"Barcelona","Bages",2023,257,542,"5.000-10.000",NA,NA
"08140","Navarcles",6158,"Barcelona","Bages",2024,217,524,"5.000-10.000",NA,NA
"08141","Navàs",6183,"Barcelona","Bages",2007,58,465,"5.000-10.000",NA,NA
"08141","Navàs",6183,"Barcelona","Bages",2008,80,422,"5.000-10.000",NA,NA
"08141","Navàs",6183,"Barcelona","Bages",2009,73,405,"5.000-10.000",NA,NA
"08141","Navàs",6183,"Barcelona","Bages",2010,87,378,"5.000-10.000",NA,NA
"08141","Navàs",6183,"Barcelona","Bages",2011,85,355,"5.000-10.000",NA,NA
"08141","Navàs",6183,"Barcelona","Bages",2012,80,319,"5.000-10.000",NA,NA
"08141","Navàs",6183,"Barcelona","Bages",2013,85,324,"5.000-10.000",NA,NA
"08141","Navàs",6183,"Barcelona","Bages",2014,90,330,"5.000-10.000",NA,NA
"08141","Navàs",6183,"Barcelona","Bages",2015,118,290,"5.000-10.000",29035,11.99
"08141","Navàs",6183,"Barcelona","Bages",2016,108,296,"5.000-10.000",29798,11.92
"08141","Navàs",6183,"Barcelona","Bages",2017,169,304,"5.000-10.000",30979,11.78
"08141","Navàs",6183,"Barcelona","Bages",2018,129,346,"5.000-10.000",32291,12.86
"08141","Navàs",6183,"Barcelona","Bages",2019,365,403,"5.000-10.000",33671,14.36
"08141","Navàs",6183,"Barcelona","Bages",2020,346,385,"5.000-10.000",33910,13.62
"08141","Navàs",6183,"Barcelona","Bages",2021,380,430,"5.000-10.000",34822,14.82
"08141","Navàs",6183,"Barcelona","Bages",2022,337,441,"5.000-10.000",36669,14.43
"08141","Navàs",6183,"Barcelona","Bages",2023,417,465,"5.000-10.000",NA,NA
"08141","Navàs",6183,"Barcelona","Bages",2024,331,527,"5.000-10.000",NA,NA
"08143","Òdena",3695,"Barcelona","Anoia",2007,9,338,"1.000-5.000",NA,NA
"08143","Òdena",3695,"Barcelona","Anoia",2009,10,532,"1.000-5.000",NA,NA
"08143","Òdena",3695,"Barcelona","Anoia",2010,17,414,"1.000-5.000",NA,NA
"08143","Òdena",3695,"Barcelona","Anoia",2011,27,449,"1.000-5.000",NA,NA
"08143","Òdena",3695,"Barcelona","Anoia",2012,25,405,"1.000-5.000",NA,NA
"08143","Òdena",3695,"Barcelona","Anoia",2013,30,348,"1.000-5.000",NA,NA
"08143","Òdena",3695,"Barcelona","Anoia",2014,38,390,"1.000-5.000",NA,NA
"08143","Òdena",3695,"Barcelona","Anoia",2015,34,375,"1.000-5.000",31027,14.5
"08143","Òdena",3695,"Barcelona","Anoia",2016,48,362,"1.000-5.000",32844,13.23
"08143","Òdena",3695,"Barcelona","Anoia",2017,41,431,"1.000-5.000",33444,15.46
"08143","Òdena",3695,"Barcelona","Anoia",2018,44,454,"1.000-5.000",34202,15.93
"08143","Òdena",3695,"Barcelona","Anoia",2019,101,455,"1.000-5.000",35673,15.31
"08143","Òdena",3695,"Barcelona","Anoia",2020,97,450,"1.000-5.000",35478,15.22
"08143","Òdena",3695,"Barcelona","Anoia",2021,114,471,"1.000-5.000",36495,15.49
"08143","Òdena",3695,"Barcelona","Anoia",2022,84,488,"1.000-5.000",38532,15.2
"08143","Òdena",3695,"Barcelona","Anoia",2023,120,517,"1.000-5.000",NA,NA
"08143","Òdena",3695,"Barcelona","Anoia",2024,94,604,"1.000-5.000",NA,NA
"08144","Olvan",910,"Barcelona","Berguedà",2009,6,377,"< 1.000",NA,NA
"08144","Olvan",910,"Barcelona","Berguedà",2010,6,337,"< 1.000",NA,NA
"08144","Olvan",910,"Barcelona","Berguedà",2011,10,316,"< 1.000",NA,NA
"08144","Olvan",910,"Barcelona","Berguedà",2014,18,267,"< 1.000",NA,NA
"08144","Olvan",910,"Barcelona","Berguedà",2015,9,244,"< 1.000",27230,10.75
"08144","Olvan",910,"Barcelona","Berguedà",2017,9,376,"< 1.000",29308,15.4
"08144","Olvan",910,"Barcelona","Berguedà",2018,16,327,"< 1.000",29731,13.2
"08144","Olvan",910,"Barcelona","Berguedà",2019,6,333,"< 1.000",31416,12.72
"08144","Olvan",910,"Barcelona","Berguedà",2020,20,316,"< 1.000",32467,11.68
"08144","Olvan",910,"Barcelona","Berguedà",2021,45,407,"< 1.000",34341,14.22
"08144","Olvan",910,"Barcelona","Berguedà",2022,39,390,"< 1.000",35552,13.16
"08144","Olvan",910,"Barcelona","Berguedà",2023,36,378,"< 1.000",NA,NA
"08144","Olvan",910,"Barcelona","Berguedà",2024,6,496,"< 1.000",NA,NA
"08145","Olèrdola",3938,"Barcelona","Alt Penedès",2007,7,937,"1.000-5.000",NA,NA
"08145","Olèrdola",3938,"Barcelona","Alt Penedès",2008,15,633,"1.000-5.000",NA,NA
"08145","Olèrdola",3938,"Barcelona","Alt Penedès",2009,14,596,"1.000-5.000",NA,NA
"08145","Olèrdola",3938,"Barcelona","Alt Penedès",2010,21,579,"1.000-5.000",NA,NA
"08145","Olèrdola",3938,"Barcelona","Alt Penedès",2011,30,506,"1.000-5.000",NA,NA
"08145","Olèrdola",3938,"Barcelona","Alt Penedès",2012,26,521,"1.000-5.000",NA,NA
"08145","Olèrdola",3938,"Barcelona","Alt Penedès",2013,33,532,"1.000-5.000",NA,NA
"08145","Olèrdola",3938,"Barcelona","Alt Penedès",2014,24,533,"1.000-5.000",NA,NA
"08145","Olèrdola",3938,"Barcelona","Alt Penedès",2015,21,587,"1.000-5.000",34045,20.69
"08145","Olèrdola",3938,"Barcelona","Alt Penedès",2016,24,592,"1.000-5.000",34862,20.38
"08145","Olèrdola",3938,"Barcelona","Alt Penedès",2017,33,649,"1.000-5.000",35964,21.65
"08145","Olèrdola",3938,"Barcelona","Alt Penedès",2018,30,656,"1.000-5.000",37212,21.15
"08145","Olèrdola",3938,"Barcelona","Alt Penedès",2019,163,629,"1.000-5.000",38754,19.48
"08145","Olèrdola",3938,"Barcelona","Alt Penedès",2020,86,803,"1.000-5.000",38843,24.81
"08145","Olèrdola",3938,"Barcelona","Alt Penedès",2021,37,656,"1.000-5.000",41462,18.99
"08145","Olèrdola",3938,"Barcelona","Alt Penedès",2022,105,662,"1.000-5.000",43343,18.33
"08145","Olèrdola",3938,"Barcelona","Alt Penedès",2023,93,757,"1.000-5.000",NA,NA
"08145","Olèrdola",3938,"Barcelona","Alt Penedès",2024,61,981,"1.000-5.000",NA,NA
"08146","Olesa de Bonesvalls",2092,"Barcelona","Alt Penedès",2009,7,593,"1.000-5.000",NA,NA
"08146","Olesa de Bonesvalls",2092,"Barcelona","Alt Penedès",2011,10,572,"1.000-5.000",NA,NA
"08146","Olesa de Bonesvalls",2092,"Barcelona","Alt Penedès",2012,15,580,"1.000-5.000",NA,NA
"08146","Olesa de Bonesvalls",2092,"Barcelona","Alt Penedès",2013,12,584,"1.000-5.000",NA,NA
"08146","Olesa de Bonesvalls",2092,"Barcelona","Alt Penedès",2014,14,590,"1.000-5.000",NA,NA
"08146","Olesa de Bonesvalls",2092,"Barcelona","Alt Penedès",2015,11,650,"1.000-5.000",30368,25.68
"08146","Olesa de Bonesvalls",2092,"Barcelona","Alt Penedès",2016,10,650,"1.000-5.000",32163,24.25
"08146","Olesa de Bonesvalls",2092,"Barcelona","Alt Penedès",2017,14,701,"1.000-5.000",33280,25.28
"08146","Olesa de Bonesvalls",2092,"Barcelona","Alt Penedès",2018,14,690,"1.000-5.000",35390,23.4
"08146","Olesa de Bonesvalls",2092,"Barcelona","Alt Penedès",2019,57,702,"1.000-5.000",36429,23.12
"08146","Olesa de Bonesvalls",2092,"Barcelona","Alt Penedès",2020,20,547,"1.000-5.000",37044,17.72
"08146","Olesa de Bonesvalls",2092,"Barcelona","Alt Penedès",2021,23,746,"1.000-5.000",40160,22.29
"08146","Olesa de Bonesvalls",2092,"Barcelona","Alt Penedès",2022,25,580,"1.000-5.000",41430,16.8
"08146","Olesa de Bonesvalls",2092,"Barcelona","Alt Penedès",2023,8,881,"1.000-5.000",NA,NA
"08146","Olesa de Bonesvalls",2092,"Barcelona","Alt Penedès",2024,25,970,"1.000-5.000",NA,NA
"08147","Olesa de Montserrat",24703,"Barcelona","Baix Llobregat",2007,77,514,"10.000-50.000",NA,NA
"08147","Olesa de Montserrat",24703,"Barcelona","Baix Llobregat",2008,111,625,"10.000-50.000",NA,NA
"08147","Olesa de Montserrat",24703,"Barcelona","Baix Llobregat",2009,186,577,"10.000-50.000",NA,NA
"08147","Olesa de Montserrat",24703,"Barcelona","Baix Llobregat",2010,225,561,"10.000-50.000",NA,NA
"08147","Olesa de Montserrat",24703,"Barcelona","Baix Llobregat",2011,311,530,"10.000-50.000",NA,NA
"08147","Olesa de Montserrat",24703,"Barcelona","Baix Llobregat",2012,336,500,"10.000-50.000",NA,NA
"08147","Olesa de Montserrat",24703,"Barcelona","Baix Llobregat",2013,406,466,"10.000-50.000",NA,NA
"08147","Olesa de Montserrat",24703,"Barcelona","Baix Llobregat",2014,421,448,"10.000-50.000",NA,NA
"08147","Olesa de Montserrat",24703,"Barcelona","Baix Llobregat",2015,338,460,"10.000-50.000",31802,17.36
"08147","Olesa de Montserrat",24703,"Barcelona","Baix Llobregat",2016,333,499,"10.000-50.000",32424,18.47
"08147","Olesa de Montserrat",24703,"Barcelona","Baix Llobregat",2017,353,525,"10.000-50.000",33367,18.88
"08147","Olesa de Montserrat",24703,"Barcelona","Baix Llobregat",2018,365,570,"10.000-50.000",34999,19.54
"08147","Olesa de Montserrat",24703,"Barcelona","Baix Llobregat",2019,1117,602,"10.000-50.000",36379,19.86
"08147","Olesa de Montserrat",24703,"Barcelona","Baix Llobregat",2020,956,612,"10.000-50.000",36656,20.03
"08147","Olesa de Montserrat",24703,"Barcelona","Baix Llobregat",2021,1210,549,"10.000-50.000",37766,17.44
"08147","Olesa de Montserrat",24703,"Barcelona","Baix Llobregat",2022,1025,633,"10.000-50.000",39688,19.14
"08147","Olesa de Montserrat",24703,"Barcelona","Baix Llobregat",2023,989,649,"10.000-50.000",NA,NA
"08147","Olesa de Montserrat",24703,"Barcelona","Baix Llobregat",2024,1094,694,"10.000-50.000",NA,NA
"08148","Olivella",4452,"Barcelona","Garraf",2008,9,646,"1.000-5.000",NA,NA
"08148","Olivella",4452,"Barcelona","Garraf",2009,15,536,"1.000-5.000",NA,NA
"08148","Olivella",4452,"Barcelona","Garraf",2010,16,869,"1.000-5.000",NA,NA
"08148","Olivella",4452,"Barcelona","Garraf",2011,18,784,"1.000-5.000",NA,NA
"08148","Olivella",4452,"Barcelona","Garraf",2012,33,795,"1.000-5.000",NA,NA
"08148","Olivella",4452,"Barcelona","Garraf",2013,44,729,"1.000-5.000",NA,NA
"08148","Olivella",4452,"Barcelona","Garraf",2014,63,695,"1.000-5.000",NA,NA
"08148","Olivella",4452,"Barcelona","Garraf",2015,60,911,"1.000-5.000",31463,34.75
"08148","Olivella",4452,"Barcelona","Garraf",2016,67,820,"1.000-5.000",32311,30.45
"08148","Olivella",4452,"Barcelona","Garraf",2017,58,928,"1.000-5.000",32348,34.43
"08148","Olivella",4452,"Barcelona","Garraf",2018,58,916,"1.000-5.000",34127,32.21
"08148","Olivella",4452,"Barcelona","Garraf",2019,148,982,"1.000-5.000",35892,32.83
"08148","Olivella",4452,"Barcelona","Garraf",2020,104,983,"1.000-5.000",36443,32.37
"08148","Olivella",4452,"Barcelona","Garraf",2021,100,1028,"1.000-5.000",38069,32.4
"08148","Olivella",4452,"Barcelona","Garraf",2022,88,1028,"1.000-5.000",40176,30.7
"08148","Olivella",4452,"Barcelona","Garraf",2023,62,1141,"1.000-5.000",NA,NA
"08148","Olivella",4452,"Barcelona","Garraf",2024,62,1075,"1.000-5.000",NA,NA
"08149","Olost",1213,"Barcelona","Lluçanès",2010,11,452,"1.000-5.000",NA,NA
"08149","Olost",1213,"Barcelona","Lluçanès",2011,6,388,"1.000-5.000",NA,NA
"08149","Olost",1213,"Barcelona","Lluçanès",2013,8,431,"1.000-5.000",NA,NA
"08149","Olost",1213,"Barcelona","Lluçanès",2015,9,380,"1.000-5.000",32978,13.83
"08149","Olost",1213,"Barcelona","Lluçanès",2016,7,331,"1.000-5.000",33591,11.82
"08149","Olost",1213,"Barcelona","Lluçanès",2017,7,494,"1.000-5.000",33377,17.76
"08149","Olost",1213,"Barcelona","Lluçanès",2018,13,421,"1.000-5.000",35488,14.24
"08149","Olost",1213,"Barcelona","Lluçanès",2019,28,531,"1.000-5.000",37336,17.07
"08149","Olost",1213,"Barcelona","Lluçanès",2020,26,444,"1.000-5.000",38093,13.99
"08149","Olost",1213,"Barcelona","Lluçanès",2021,31,484,"1.000-5.000",39838,14.58
"08149","Olost",1213,"Barcelona","Lluçanès",2022,41,436,"1.000-5.000",43255,12.1
"08149","Olost",1213,"Barcelona","Lluçanès",2023,23,436,"1.000-5.000",NA,NA
"08149","Olost",1213,"Barcelona","Lluçanès",2024,25,508,"1.000-5.000",NA,NA
"08150","Orís",349,"Barcelona","Osona",2021,6,538,"< 1.000",46378,13.92
"08151","Oristà",571,"Barcelona","Lluçanès",2020,7,500,"< 1.000",39852,15.06
"08151","Oristà",571,"Barcelona","Lluçanès",2021,22,549,"< 1.000",41236,15.98
"08151","Oristà",571,"Barcelona","Lluçanès",2023,6,744,"< 1.000",NA,NA
"08151","Oristà",571,"Barcelona","Lluçanès",2024,7,524,"< 1.000",NA,NA
"08153","Òrrius",806,"Barcelona","Maresme",2008,10,524,"< 1.000",NA,NA
"08153","Òrrius",806,"Barcelona","Maresme",2010,8,581,"< 1.000",NA,NA
"08153","Òrrius",806,"Barcelona","Maresme",2011,12,575,"< 1.000",NA,NA
"08153","Òrrius",806,"Barcelona","Maresme",2012,13,541,"< 1.000",NA,NA
"08153","Òrrius",806,"Barcelona","Maresme",2013,24,520,"< 1.000",NA,NA
"08153","Òrrius",806,"Barcelona","Maresme",2014,16,437,"< 1.000",NA,NA
"08153","Òrrius",806,"Barcelona","Maresme",2015,15,501,"< 1.000",36209,16.6
"08153","Òrrius",806,"Barcelona","Maresme",2016,12,847,"< 1.000",37464,27.13
"08153","Òrrius",806,"Barcelona","Maresme",2017,15,559,"< 1.000",37254,18.01
"08153","Òrrius",806,"Barcelona","Maresme",2018,19,601,"< 1.000",37317,19.33
"08153","Òrrius",806,"Barcelona","Maresme",2019,45,769,"< 1.000",39849,23.16
"08153","Òrrius",806,"Barcelona","Maresme",2020,43,674,"< 1.000",40607,19.92
"08153","Òrrius",806,"Barcelona","Maresme",2021,51,674,"< 1.000",42862,18.87
"08153","Òrrius",806,"Barcelona","Maresme",2022,49,798,"< 1.000",45125,21.22
"08153","Òrrius",806,"Barcelona","Maresme",2023,17,732,"< 1.000",NA,NA
"08153","Òrrius",806,"Barcelona","Maresme",2024,15,704,"< 1.000",NA,NA
"08154","Pacs del Penedès",943,"Barcelona","Alt Penedès",2009,6,538,"< 1.000",NA,NA
"08154","Pacs del Penedès",943,"Barcelona","Alt Penedès",2013,6,558,"< 1.000",NA,NA
"08154","Pacs del Penedès",943,"Barcelona","Alt Penedès",2014,10,520,"< 1.000",NA,NA
"08154","Pacs del Penedès",943,"Barcelona","Alt Penedès",2016,6,559,"< 1.000",46928,14.29
"08154","Pacs del Penedès",943,"Barcelona","Alt Penedès",2017,7,851,"< 1.000",50240,20.33
"08154","Pacs del Penedès",943,"Barcelona","Alt Penedès",2019,6,605,"< 1.000",51492,14.1
"08154","Pacs del Penedès",943,"Barcelona","Alt Penedès",2022,6,426,"< 1.000",55356,9.23
"08154","Pacs del Penedès",943,"Barcelona","Alt Penedès",2023,6,822,"< 1.000",NA,NA
"08155","Palafolls",9933,"Barcelona","Maresme",2007,24,539,"5.000-10.000",NA,NA
"08155","Palafolls",9933,"Barcelona","Maresme",2008,34,552,"5.000-10.000",NA,NA
"08155","Palafolls",9933,"Barcelona","Maresme",2009,47,550,"5.000-10.000",NA,NA
"08155","Palafolls",9933,"Barcelona","Maresme",2010,65,534,"5.000-10.000",NA,NA
"08155","Palafolls",9933,"Barcelona","Maresme",2011,69,482,"5.000-10.000",NA,NA
"08155","Palafolls",9933,"Barcelona","Maresme",2012,76,462,"5.000-10.000",NA,NA
"08155","Palafolls",9933,"Barcelona","Maresme",2013,130,425,"5.000-10.000",NA,NA
"08155","Palafolls",9933,"Barcelona","Maresme",2014,123,420,"5.000-10.000",NA,NA
"08155","Palafolls",9933,"Barcelona","Maresme",2015,109,451,"5.000-10.000",28307,19.12
"08155","Palafolls",9933,"Barcelona","Maresme",2016,107,462,"5.000-10.000",29216,18.98
"08155","Palafolls",9933,"Barcelona","Maresme",2017,124,474,"5.000-10.000",29637,19.19
"08155","Palafolls",9933,"Barcelona","Maresme",2018,131,495,"5.000-10.000",31142,19.07
"08155","Palafolls",9933,"Barcelona","Maresme",2019,342,550,"5.000-10.000",32620,20.23
"08155","Palafolls",9933,"Barcelona","Maresme",2020,251,573,"5.000-10.000",32287,21.3
"08155","Palafolls",9933,"Barcelona","Maresme",2021,377,543,"5.000-10.000",33482,19.46
"08155","Palafolls",9933,"Barcelona","Maresme",2022,309,586,"5.000-10.000",35568,19.77
"08155","Palafolls",9933,"Barcelona","Maresme",2023,269,647,"5.000-10.000",NA,NA
"08155","Palafolls",9933,"Barcelona","Maresme",2024,250,653,"5.000-10.000",NA,NA
"08156","Palau-solità i Plegamans",15444,"Barcelona","Vallès Occidental",2007,113,547,"10.000-50.000",NA,NA
"08156","Palau-solità i Plegamans",15444,"Barcelona","Vallès Occidental",2008,102,741,"10.000-50.000",NA,NA
"08156","Palau-solità i Plegamans",15444,"Barcelona","Vallès Occidental",2009,94,685,"10.000-50.000",NA,NA
"08156","Palau-solità i Plegamans",15444,"Barcelona","Vallès Occidental",2010,120,634,"10.000-50.000",NA,NA
"08156","Palau-solità i Plegamans",15444,"Barcelona","Vallès Occidental",2011,149,625,"10.000-50.000",NA,NA
"08156","Palau-solità i Plegamans",15444,"Barcelona","Vallès Occidental",2012,179,581,"10.000-50.000",NA,NA
"08156","Palau-solità i Plegamans",15444,"Barcelona","Vallès Occidental",2013,158,581,"10.000-50.000",NA,NA
"08156","Palau-solità i Plegamans",15444,"Barcelona","Vallès Occidental",2014,142,572,"10.000-50.000",NA,NA
"08156","Palau-solità i Plegamans",15444,"Barcelona","Vallès Occidental",2015,130,594,"10.000-50.000",37089,19.22
"08156","Palau-solità i Plegamans",15444,"Barcelona","Vallès Occidental",2016,146,632,"10.000-50.000",38612,19.64
"08156","Palau-solità i Plegamans",15444,"Barcelona","Vallès Occidental",2017,135,680,"10.000-50.000",39722,20.54
"08156","Palau-solità i Plegamans",15444,"Barcelona","Vallès Occidental",2018,164,720,"10.000-50.000",41324,20.91
"08156","Palau-solità i Plegamans",15444,"Barcelona","Vallès Occidental",2019,520,732,"10.000-50.000",43621,20.14
"08156","Palau-solità i Plegamans",15444,"Barcelona","Vallès Occidental",2020,443,770,"10.000-50.000",43380,21.3
"08156","Palau-solità i Plegamans",15444,"Barcelona","Vallès Occidental",2021,509,796,"10.000-50.000",45262,21.1
"08156","Palau-solità i Plegamans",15444,"Barcelona","Vallès Occidental",2022,553,829,"10.000-50.000",47884,20.78
"08156","Palau-solità i Plegamans",15444,"Barcelona","Vallès Occidental",2023,520,820,"10.000-50.000",NA,NA
"08156","Palau-solità i Plegamans",15444,"Barcelona","Vallès Occidental",2024,409,898,"10.000-50.000",NA,NA
"08157","Pallejà",11811,"Barcelona","Baix Llobregat",2007,33,723,"10.000-50.000",NA,NA
"08157","Pallejà",11811,"Barcelona","Baix Llobregat",2008,69,630,"10.000-50.000",NA,NA
"08157","Pallejà",11811,"Barcelona","Baix Llobregat",2009,52,706,"10.000-50.000",NA,NA
"08157","Pallejà",11811,"Barcelona","Baix Llobregat",2010,73,639,"10.000-50.000",NA,NA
"08157","Pallejà",11811,"Barcelona","Baix Llobregat",2011,66,683,"10.000-50.000",NA,NA
"08157","Pallejà",11811,"Barcelona","Baix Llobregat",2012,66,603,"10.000-50.000",NA,NA
"08157","Pallejà",11811,"Barcelona","Baix Llobregat",2013,109,596,"10.000-50.000",NA,NA
"08157","Pallejà",11811,"Barcelona","Baix Llobregat",2014,130,597,"10.000-50.000",NA,NA
"08157","Pallejà",11811,"Barcelona","Baix Llobregat",2015,108,588,"10.000-50.000",37267,18.93
"08157","Pallejà",11811,"Barcelona","Baix Llobregat",2016,97,685,"10.000-50.000",38423,21.39
"08157","Pallejà",11811,"Barcelona","Baix Llobregat",2017,114,741,"10.000-50.000",39728,22.38
"08157","Pallejà",11811,"Barcelona","Baix Llobregat",2018,114,732,"10.000-50.000",41444,21.19
"08157","Pallejà",11811,"Barcelona","Baix Llobregat",2019,476,782,"10.000-50.000",43768,21.44
"08157","Pallejà",11811,"Barcelona","Baix Llobregat",2020,334,762,"10.000-50.000",43388,21.07
"08157","Pallejà",11811,"Barcelona","Baix Llobregat",2021,448,762,"10.000-50.000",44987,20.33
"08157","Pallejà",11811,"Barcelona","Baix Llobregat",2022,384,758,"10.000-50.000",47033,19.34
"08157","Pallejà",11811,"Barcelona","Baix Llobregat",2023,312,901,"10.000-50.000",NA,NA
"08157","Pallejà",11811,"Barcelona","Baix Llobregat",2024,348,963,"10.000-50.000",NA,NA
"08158","Papiol, El",4358,"Barcelona","Baix Llobregat",2007,19,560,"1.000-5.000",NA,NA
"08158","Papiol, El",4358,"Barcelona","Baix Llobregat",2008,17,574,"1.000-5.000",NA,NA
"08158","Papiol, El",4358,"Barcelona","Baix Llobregat",2009,23,672,"1.000-5.000",NA,NA
"08158","Papiol, El",4358,"Barcelona","Baix Llobregat",2010,29,611,"1.000-5.000",NA,NA
"08158","Papiol, El",4358,"Barcelona","Baix Llobregat",2011,42,668,"1.000-5.000",NA,NA
"08158","Papiol, El",4358,"Barcelona","Baix Llobregat",2012,51,554,"1.000-5.000",NA,NA
"08158","Papiol, El",4358,"Barcelona","Baix Llobregat",2013,54,531,"1.000-5.000",NA,NA
"08158","Papiol, El",4358,"Barcelona","Baix Llobregat",2014,59,577,"1.000-5.000",NA,NA
"08158","Papiol, El",4358,"Barcelona","Baix Llobregat",2015,36,559,"1.000-5.000",34380,19.51
"08158","Papiol, El",4358,"Barcelona","Baix Llobregat",2016,42,519,"1.000-5.000",35039,17.77
"08158","Papiol, El",4358,"Barcelona","Baix Llobregat",2017,45,668,"1.000-5.000",37167,21.57
"08158","Papiol, El",4358,"Barcelona","Baix Llobregat",2018,59,705,"1.000-5.000",39875,21.22
"08158","Papiol, El",4358,"Barcelona","Baix Llobregat",2019,123,684,"1.000-5.000",40331,20.35
"08158","Papiol, El",4358,"Barcelona","Baix Llobregat",2020,113,700,"1.000-5.000",39398,21.32
"08158","Papiol, El",4358,"Barcelona","Baix Llobregat",2021,178,677,"1.000-5.000",40187,20.22
"08158","Papiol, El",4358,"Barcelona","Baix Llobregat",2022,154,822,"1.000-5.000",43560,22.64
"08158","Papiol, El",4358,"Barcelona","Baix Llobregat",2023,91,902,"1.000-5.000",NA,NA
"08158","Papiol, El",4358,"Barcelona","Baix Llobregat",2024,91,893,"1.000-5.000",NA,NA
"08159","Parets del Vallès",18879,"Barcelona","Vallès Oriental",2007,83,637,"10.000-50.000",NA,NA
"08159","Parets del Vallès",18879,"Barcelona","Vallès Oriental",2008,116,684,"10.000-50.000",NA,NA
"08159","Parets del Vallès",18879,"Barcelona","Vallès Oriental",2009,160,606,"10.000-50.000",NA,NA
"08159","Parets del Vallès",18879,"Barcelona","Vallès Oriental",2010,175,610,"10.000-50.000",NA,NA
"08159","Parets del Vallès",18879,"Barcelona","Vallès Oriental",2011,217,601,"10.000-50.000",NA,NA
"08159","Parets del Vallès",18879,"Barcelona","Vallès Oriental",2012,251,576,"10.000-50.000",NA,NA
"08159","Parets del Vallès",18879,"Barcelona","Vallès Oriental",2013,326,528,"10.000-50.000",NA,NA
"08159","Parets del Vallès",18879,"Barcelona","Vallès Oriental",2014,271,534,"10.000-50.000",NA,NA
"08159","Parets del Vallès",18879,"Barcelona","Vallès Oriental",2015,235,532,"10.000-50.000",34600,18.45
"08159","Parets del Vallès",18879,"Barcelona","Vallès Oriental",2016,227,570,"10.000-50.000",35802,19.11
"08159","Parets del Vallès",18879,"Barcelona","Vallès Oriental",2017,242,621,"10.000-50.000",37040,20.12
"08159","Parets del Vallès",18879,"Barcelona","Vallès Oriental",2018,247,656,"10.000-50.000",38487,20.45
"08159","Parets del Vallès",18879,"Barcelona","Vallès Oriental",2019,901,691,"10.000-50.000",40170,20.64
"08159","Parets del Vallès",18879,"Barcelona","Vallès Oriental",2020,747,693,"10.000-50.000",40185,20.69
"08159","Parets del Vallès",18879,"Barcelona","Vallès Oriental",2021,870,717,"10.000-50.000",42087,20.44
"08159","Parets del Vallès",18879,"Barcelona","Vallès Oriental",2022,742,704,"10.000-50.000",44235,19.1
"08159","Parets del Vallès",18879,"Barcelona","Vallès Oriental",2023,623,767,"10.000-50.000",NA,NA
"08159","Parets del Vallès",18879,"Barcelona","Vallès Oriental",2024,648,790,"10.000-50.000",NA,NA
"08160","Perafita",438,"Barcelona","Lluçanès",2020,13,439,"< 1.000",38108,13.82
"08161","Piera",17560,"Barcelona","Anoia",2007,62,435,"10.000-50.000",NA,NA
"08161","Piera",17560,"Barcelona","Anoia",2008,82,605,"10.000-50.000",NA,NA
"08161","Piera",17560,"Barcelona","Anoia",2009,79,580,"10.000-50.000",NA,NA
"08161","Piera",17560,"Barcelona","Anoia",2010,113,547,"10.000-50.000",NA,NA
"08161","Piera",17560,"Barcelona","Anoia",2011,164,502,"10.000-50.000",NA,NA
"08161","Piera",17560,"Barcelona","Anoia",2012,130,473,"10.000-50.000",NA,NA
"08161","Piera",17560,"Barcelona","Anoia",2013,212,453,"10.000-50.000",NA,NA
"08161","Piera",17560,"Barcelona","Anoia",2014,215,447,"10.000-50.000",NA,NA
"08161","Piera",17560,"Barcelona","Anoia",2015,244,455,"10.000-50.000",28754,18.99
"08161","Piera",17560,"Barcelona","Anoia",2016,215,476,"10.000-50.000",29608,19.29
"08161","Piera",17560,"Barcelona","Anoia",2017,189,502,"10.000-50.000",30464,19.77
"08161","Piera",17560,"Barcelona","Anoia",2018,217,546,"10.000-50.000",31816,20.59
"08161","Piera",17560,"Barcelona","Anoia",2019,683,556,"10.000-50.000",33260,20.06
"08161","Piera",17560,"Barcelona","Anoia",2020,549,590,"10.000-50.000",33696,21.01
"08161","Piera",17560,"Barcelona","Anoia",2021,697,567,"10.000-50.000",34967,19.46
"08161","Piera",17560,"Barcelona","Anoia",2022,627,605,"10.000-50.000",36741,19.76
"08161","Piera",17560,"Barcelona","Anoia",2023,462,632,"10.000-50.000",NA,NA
"08161","Piera",17560,"Barcelona","Anoia",2024,505,672,"10.000-50.000",NA,NA
"08162","Hostalets de Pierola, Els",3232,"Barcelona","Anoia",2007,8,498,"1.000-5.000",NA,NA
"08162","Hostalets de Pierola, Els",3232,"Barcelona","Anoia",2008,16,601,"1.000-5.000",NA,NA
"08162","Hostalets de Pierola, Els",3232,"Barcelona","Anoia",2009,20,494,"1.000-5.000",NA,NA
"08162","Hostalets de Pierola, Els",3232,"Barcelona","Anoia",2010,22,500,"1.000-5.000",NA,NA
"08162","Hostalets de Pierola, Els",3232,"Barcelona","Anoia",2011,37,465,"1.000-5.000",NA,NA
"08162","Hostalets de Pierola, Els",3232,"Barcelona","Anoia",2012,38,469,"1.000-5.000",NA,NA
"08162","Hostalets de Pierola, Els",3232,"Barcelona","Anoia",2013,54,422,"1.000-5.000",NA,NA
"08162","Hostalets de Pierola, Els",3232,"Barcelona","Anoia",2014,29,435,"1.000-5.000",NA,NA
"08162","Hostalets de Pierola, Els",3232,"Barcelona","Anoia",2015,46,484,"1.000-5.000",31315,18.55
"08162","Hostalets de Pierola, Els",3232,"Barcelona","Anoia",2016,44,462,"1.000-5.000",32377,17.12
"08162","Hostalets de Pierola, Els",3232,"Barcelona","Anoia",2017,60,505,"1.000-5.000",32738,18.51
"08162","Hostalets de Pierola, Els",3232,"Barcelona","Anoia",2018,40,602,"1.000-5.000",34129,21.17
"08162","Hostalets de Pierola, Els",3232,"Barcelona","Anoia",2019,99,544,"1.000-5.000",35695,18.29
"08162","Hostalets de Pierola, Els",3232,"Barcelona","Anoia",2020,111,585,"1.000-5.000",35550,19.75
"08162","Hostalets de Pierola, Els",3232,"Barcelona","Anoia",2021,139,579,"1.000-5.000",37243,18.66
"08162","Hostalets de Pierola, Els",3232,"Barcelona","Anoia",2022,168,583,"1.000-5.000",39013,17.93
"08162","Hostalets de Pierola, Els",3232,"Barcelona","Anoia",2023,114,627,"1.000-5.000",NA,NA
"08162","Hostalets de Pierola, Els",3232,"Barcelona","Anoia",2024,138,630,"1.000-5.000",NA,NA
"08163","Pineda de Mar",29415,"Barcelona","Maresme",2007,400,528,"10.000-50.000",NA,NA
"08163","Pineda de Mar",29415,"Barcelona","Maresme",2008,618,580,"10.000-50.000",NA,NA
"08163","Pineda de Mar",29415,"Barcelona","Maresme",2009,673,547,"10.000-50.000",NA,NA
"08163","Pineda de Mar",29415,"Barcelona","Maresme",2010,702,515,"10.000-50.000",NA,NA
"08163","Pineda de Mar",29415,"Barcelona","Maresme",2011,712,498,"10.000-50.000",NA,NA
"08163","Pineda de Mar",29415,"Barcelona","Maresme",2012,714,477,"10.000-50.000",NA,NA
"08163","Pineda de Mar",29415,"Barcelona","Maresme",2013,767,452,"10.000-50.000",NA,NA
"08163","Pineda de Mar",29415,"Barcelona","Maresme",2014,653,443,"10.000-50.000",NA,NA
"08163","Pineda de Mar",29415,"Barcelona","Maresme",2015,660,459,"10.000-50.000",24759,22.25
"08163","Pineda de Mar",29415,"Barcelona","Maresme",2016,648,466,"10.000-50.000",25710,21.75
"08163","Pineda de Mar",29415,"Barcelona","Maresme",2017,598,476,"10.000-50.000",26390,21.64
"08163","Pineda de Mar",29415,"Barcelona","Maresme",2018,663,522,"10.000-50.000",27056,23.15
"08163","Pineda de Mar",29415,"Barcelona","Maresme",2019,1959,549,"10.000-50.000",29126,22.62
"08163","Pineda de Mar",29415,"Barcelona","Maresme",2020,1681,564,"10.000-50.000",28372,23.85
"08163","Pineda de Mar",29415,"Barcelona","Maresme",2021,2049,556,"10.000-50.000",29800,22.39
"08163","Pineda de Mar",29415,"Barcelona","Maresme",2022,1713,602,"10.000-50.000",31857,22.68
"08163","Pineda de Mar",29415,"Barcelona","Maresme",2023,1440,630,"10.000-50.000",NA,NA
"08163","Pineda de Mar",29415,"Barcelona","Maresme",2024,1384,674,"10.000-50.000",NA,NA
"08164","Pla del Penedès, El",1352,"Barcelona","Alt Penedès",2008,13,462,"1.000-5.000",NA,NA
"08164","Pla del Penedès, El",1352,"Barcelona","Alt Penedès",2009,11,397,"1.000-5.000",NA,NA
"08164","Pla del Penedès, El",1352,"Barcelona","Alt Penedès",2010,24,456,"1.000-5.000",NA,NA
"08164","Pla del Penedès, El",1352,"Barcelona","Alt Penedès",2011,30,399,"1.000-5.000",NA,NA
"08164","Pla del Penedès, El",1352,"Barcelona","Alt Penedès",2012,26,349,"1.000-5.000",NA,NA
"08164","Pla del Penedès, El",1352,"Barcelona","Alt Penedès",2013,16,385,"1.000-5.000",NA,NA
"08164","Pla del Penedès, El",1352,"Barcelona","Alt Penedès",2014,9,372,"1.000-5.000",NA,NA
"08164","Pla del Penedès, El",1352,"Barcelona","Alt Penedès",2015,18,403,"1.000-5.000",27478,17.6
"08164","Pla del Penedès, El",1352,"Barcelona","Alt Penedès",2016,33,393,"1.000-5.000",27704,17.02
"08164","Pla del Penedès, El",1352,"Barcelona","Alt Penedès",2017,29,438,"1.000-5.000",29223,17.99
"08164","Pla del Penedès, El",1352,"Barcelona","Alt Penedès",2018,15,427,"1.000-5.000",30467,16.82
"08164","Pla del Penedès, El",1352,"Barcelona","Alt Penedès",2019,70,463,"1.000-5.000",31249,17.78
"08164","Pla del Penedès, El",1352,"Barcelona","Alt Penedès",2020,34,416,"1.000-5.000",31909,15.64
"08164","Pla del Penedès, El",1352,"Barcelona","Alt Penedès",2021,77,466,"1.000-5.000",32207,17.36
"08164","Pla del Penedès, El",1352,"Barcelona","Alt Penedès",2022,55,487,"1.000-5.000",34660,16.86
"08164","Pla del Penedès, El",1352,"Barcelona","Alt Penedès",2023,66,617,"1.000-5.000",NA,NA
"08164","Pla del Penedès, El",1352,"Barcelona","Alt Penedès",2024,67,600,"1.000-5.000",NA,NA
"08165","Pobla de Claramunt, La",2356,"Barcelona","Anoia",2008,9,370,"1.000-5.000",NA,NA
"08165","Pobla de Claramunt, La",2356,"Barcelona","Anoia",2010,14,449,"1.000-5.000",NA,NA
"08165","Pobla de Claramunt, La",2356,"Barcelona","Anoia",2011,14,375,"1.000-5.000",NA,NA
"08165","Pobla de Claramunt, La",2356,"Barcelona","Anoia",2012,20,398,"1.000-5.000",NA,NA
"08165","Pobla de Claramunt, La",2356,"Barcelona","Anoia",2013,21,415,"1.000-5.000",NA,NA
"08165","Pobla de Claramunt, La",2356,"Barcelona","Anoia",2014,10,413,"1.000-5.000",NA,NA
"08165","Pobla de Claramunt, La",2356,"Barcelona","Anoia",2015,18,405,"1.000-5.000",31552,15.4
"08165","Pobla de Claramunt, La",2356,"Barcelona","Anoia",2016,16,358,"1.000-5.000",31859,13.48
"08165","Pobla de Claramunt, La",2356,"Barcelona","Anoia",2017,27,442,"1.000-5.000",32825,16.16
"08165","Pobla de Claramunt, La",2356,"Barcelona","Anoia",2018,12,441,"1.000-5.000",33850,15.63
"08165","Pobla de Claramunt, La",2356,"Barcelona","Anoia",2019,41,456,"1.000-5.000",35484,15.42
"08165","Pobla de Claramunt, La",2356,"Barcelona","Anoia",2020,38,487,"1.000-5.000",35636,16.4
"08165","Pobla de Claramunt, La",2356,"Barcelona","Anoia",2021,85,461,"1.000-5.000",36977,14.96
"08165","Pobla de Claramunt, La",2356,"Barcelona","Anoia",2022,98,411,"1.000-5.000",40052,12.31
"08165","Pobla de Claramunt, La",2356,"Barcelona","Anoia",2023,47,548,"1.000-5.000",NA,NA
"08165","Pobla de Claramunt, La",2356,"Barcelona","Anoia",2024,52,591,"1.000-5.000",NA,NA
"08166","Pobla de Lillet, La",1107,"Barcelona","Berguedà",2008,7,485,"1.000-5.000",NA,NA
"08166","Pobla de Lillet, La",1107,"Barcelona","Berguedà",2012,13,297,"1.000-5.000",NA,NA
"08166","Pobla de Lillet, La",1107,"Barcelona","Berguedà",2013,8,376,"1.000-5.000",NA,NA
"08166","Pobla de Lillet, La",1107,"Barcelona","Berguedà",2014,8,272,"1.000-5.000",NA,NA
"08166","Pobla de Lillet, La",1107,"Barcelona","Berguedà",2015,8,303,"1.000-5.000",29439,12.35
"08166","Pobla de Lillet, La",1107,"Barcelona","Berguedà",2016,15,297,"1.000-5.000",29012,12.28
"08166","Pobla de Lillet, La",1107,"Barcelona","Berguedà",2017,12,295,"1.000-5.000",30247,11.7
"08166","Pobla de Lillet, La",1107,"Barcelona","Berguedà",2018,15,283,"1.000-5.000",29433,11.54
"08166","Pobla de Lillet, La",1107,"Barcelona","Berguedà",2019,25,286,"1.000-5.000",31462,10.91
"08166","Pobla de Lillet, La",1107,"Barcelona","Berguedà",2020,44,286,"1.000-5.000",30618,11.21
"08166","Pobla de Lillet, La",1107,"Barcelona","Berguedà",2021,56,365,"1.000-5.000",33369,13.13
"08166","Pobla de Lillet, La",1107,"Barcelona","Berguedà",2022,98,419,"1.000-5.000",33909,14.83
"08166","Pobla de Lillet, La",1107,"Barcelona","Berguedà",2023,42,467,"1.000-5.000",NA,NA
"08166","Pobla de Lillet, La",1107,"Barcelona","Berguedà",2024,54,442,"1.000-5.000",NA,NA
"08167","Polinyà",8559,"Barcelona","Vallès Occidental",2007,62,708,"5.000-10.000",NA,NA
"08167","Polinyà",8559,"Barcelona","Vallès Occidental",2008,77,624,"5.000-10.000",NA,NA
"08167","Polinyà",8559,"Barcelona","Vallès Occidental",2009,58,642,"5.000-10.000",NA,NA
"08167","Polinyà",8559,"Barcelona","Vallès Occidental",2010,76,586,"5.000-10.000",NA,NA
"08167","Polinyà",8559,"Barcelona","Vallès Occidental",2011,73,580,"5.000-10.000",NA,NA
"08167","Polinyà",8559,"Barcelona","Vallès Occidental",2012,80,553,"5.000-10.000",NA,NA
"08167","Polinyà",8559,"Barcelona","Vallès Occidental",2013,69,534,"5.000-10.000",NA,NA
"08167","Polinyà",8559,"Barcelona","Vallès Occidental",2014,69,517,"5.000-10.000",NA,NA
"08167","Polinyà",8559,"Barcelona","Vallès Occidental",2015,77,522,"5.000-10.000",33732,18.57
"08167","Polinyà",8559,"Barcelona","Vallès Occidental",2016,59,564,"5.000-10.000",34725,19.49
"08167","Polinyà",8559,"Barcelona","Vallès Occidental",2017,116,526,"5.000-10.000",36084,17.49
"08167","Polinyà",8559,"Barcelona","Vallès Occidental",2018,125,631,"5.000-10.000",37242,20.33
"08167","Polinyà",8559,"Barcelona","Vallès Occidental",2019,354,649,"5.000-10.000",38822,20.06
"08167","Polinyà",8559,"Barcelona","Vallès Occidental",2020,396,688,"5.000-10.000",38693,21.34
"08167","Polinyà",8559,"Barcelona","Vallès Occidental",2021,401,638,"5.000-10.000",40360,18.97
"08167","Polinyà",8559,"Barcelona","Vallès Occidental",2022,328,675,"5.000-10.000",41805,19.38
"08167","Polinyà",8559,"Barcelona","Vallès Occidental",2023,263,743,"5.000-10.000",NA,NA
"08167","Polinyà",8559,"Barcelona","Vallès Occidental",2024,230,740,"5.000-10.000",NA,NA
"08168","Pontons",518,"Barcelona","Alt Penedès",2010,6,331,"< 1.000",NA,NA
"08168","Pontons",518,"Barcelona","Alt Penedès",2016,9,302,"< 1.000",25688,14.11
"08168","Pontons",518,"Barcelona","Alt Penedès",2017,13,344,"< 1.000",26594,15.52
"08168","Pontons",518,"Barcelona","Alt Penedès",2019,14,304,"< 1.000",27697,13.17
"08168","Pontons",518,"Barcelona","Alt Penedès",2020,8,358,"< 1.000",27526,15.61
"08168","Pontons",518,"Barcelona","Alt Penedès",2022,43,326,"< 1.000",29482,13.27
"08168","Pontons",518,"Barcelona","Alt Penedès",2024,27,503,"< 1.000",NA,NA
"08169","Prat de Llobregat, El",65910,"Barcelona","Baix Llobregat",2007,285,553,"50.000-100.000",NA,NA
"08169","Prat de Llobregat, El",65910,"Barcelona","Baix Llobregat",2008,341,579,"50.000-100.000",NA,NA
"08169","Prat de Llobregat, El",65910,"Barcelona","Baix Llobregat",2009,315,677,"50.000-100.000",NA,NA
"08169","Prat de Llobregat, El",65910,"Barcelona","Baix Llobregat",2010,438,610,"50.000-100.000",NA,NA
"08169","Prat de Llobregat, El",65910,"Barcelona","Baix Llobregat",2011,569,631,"50.000-100.000",NA,NA
"08169","Prat de Llobregat, El",65910,"Barcelona","Baix Llobregat",2012,661,603,"50.000-100.000",NA,NA
"08169","Prat de Llobregat, El",65910,"Barcelona","Baix Llobregat",2013,702,576,"50.000-100.000",NA,NA
"08169","Prat de Llobregat, El",65910,"Barcelona","Baix Llobregat",2014,755,577,"50.000-100.000",NA,NA
"08169","Prat de Llobregat, El",65910,"Barcelona","Baix Llobregat",2015,742,590,"50.000-100.000",31511,22.47
"08169","Prat de Llobregat, El",65910,"Barcelona","Baix Llobregat",2016,715,613,"50.000-100.000",32304,22.77
"08169","Prat de Llobregat, El",65910,"Barcelona","Baix Llobregat",2017,720,637,"50.000-100.000",33106,23.09
"08169","Prat de Llobregat, El",65910,"Barcelona","Baix Llobregat",2018,895,710,"50.000-100.000",34558,24.65
"08169","Prat de Llobregat, El",65910,"Barcelona","Baix Llobregat",2019,2714,730,"50.000-100.000",35994,24.34
"08169","Prat de Llobregat, El",65910,"Barcelona","Baix Llobregat",2020,2489,748,"50.000-100.000",35752,25.11
"08169","Prat de Llobregat, El",65910,"Barcelona","Baix Llobregat",2021,2922,712,"50.000-100.000",37240,22.94
"08169","Prat de Llobregat, El",65910,"Barcelona","Baix Llobregat",2022,2762,760,"50.000-100.000",38952,23.41
"08169","Prat de Llobregat, El",65910,"Barcelona","Baix Llobregat",2023,2503,775,"50.000-100.000",NA,NA
"08169","Prat de Llobregat, El",65910,"Barcelona","Baix Llobregat",2024,1821,833,"50.000-100.000",NA,NA
"08170","Prats de Rei, Els",554,"Barcelona","Anoia",2012,10,280,"< 1.000",NA,NA
"08170","Prats de Rei, Els",554,"Barcelona","Anoia",2017,9,300,"< 1.000",29863,12.06
"08170","Prats de Rei, Els",554,"Barcelona","Anoia",2018,7,324,"< 1.000",33074,11.76
"08170","Prats de Rei, Els",554,"Barcelona","Anoia",2019,7,416,"< 1.000",32258,15.48
"08170","Prats de Rei, Els",554,"Barcelona","Anoia",2021,6,333,"< 1.000",34215,11.68
"08170","Prats de Rei, Els",554,"Barcelona","Anoia",2022,18,322,"< 1.000",36471,10.59
"08170","Prats de Rei, Els",554,"Barcelona","Anoia",2023,23,374,"< 1.000",NA,NA
"08171","Prats de Lluçanès",2696,"Barcelona","Lluçanès",2007,12,346,"1.000-5.000",NA,NA
"08171","Prats de Lluçanès",2696,"Barcelona","Lluçanès",2008,19,379,"1.000-5.000",NA,NA
"08171","Prats de Lluçanès",2696,"Barcelona","Lluçanès",2009,20,406,"1.000-5.000",NA,NA
"08171","Prats de Lluçanès",2696,"Barcelona","Lluçanès",2010,15,329,"1.000-5.000",NA,NA
"08171","Prats de Lluçanès",2696,"Barcelona","Lluçanès",2011,18,366,"1.000-5.000",NA,NA
"08171","Prats de Lluçanès",2696,"Barcelona","Lluçanès",2012,26,367,"1.000-5.000",NA,NA
"08171","Prats de Lluçanès",2696,"Barcelona","Lluçanès",2013,15,344,"1.000-5.000",NA,NA
"08171","Prats de Lluçanès",2696,"Barcelona","Lluçanès",2014,23,341,"1.000-5.000",NA,NA
"08171","Prats de Lluçanès",2696,"Barcelona","Lluçanès",2015,21,354,"1.000-5.000",31228,13.6
"08171","Prats de Lluçanès",2696,"Barcelona","Lluçanès",2016,19,315,"1.000-5.000",32501,11.63
"08171","Prats de Lluçanès",2696,"Barcelona","Lluçanès",2017,22,361,"1.000-5.000",33384,12.98
"08171","Prats de Lluçanès",2696,"Barcelona","Lluçanès",2018,30,355,"1.000-5.000",34273,12.43
"08171","Prats de Lluçanès",2696,"Barcelona","Lluçanès",2019,87,420,"1.000-5.000",35983,14.01
"08171","Prats de Lluçanès",2696,"Barcelona","Lluçanès",2020,58,424,"1.000-5.000",36677,13.87
"08171","Prats de Lluçanès",2696,"Barcelona","Lluçanès",2021,49,404,"1.000-5.000",37952,12.77
"08171","Prats de Lluçanès",2696,"Barcelona","Lluçanès",2022,147,409,"1.000-5.000",39107,12.55
"08171","Prats de Lluçanès",2696,"Barcelona","Lluçanès",2023,141,458,"1.000-5.000",NA,NA
"08171","Prats de Lluçanès",2696,"Barcelona","Lluçanès",2024,101,491,"1.000-5.000",NA,NA
"08172","Premià de Mar",28928,"Barcelona","Maresme",2007,341,680,"10.000-50.000",NA,NA
"08172","Premià de Mar",28928,"Barcelona","Maresme",2008,418,747,"10.000-50.000",NA,NA
"08172","Premià de Mar",28928,"Barcelona","Maresme",2009,533,716,"10.000-50.000",NA,NA
"08172","Premià de Mar",28928,"Barcelona","Maresme",2010,634,691,"10.000-50.000",NA,NA
"08172","Premià de Mar",28928,"Barcelona","Maresme",2011,689,673,"10.000-50.000",NA,NA
"08172","Premià de Mar",28928,"Barcelona","Maresme",2012,705,625,"10.000-50.000",NA,NA
"08172","Premià de Mar",28928,"Barcelona","Maresme",2013,809,589,"10.000-50.000",NA,NA
"08172","Premià de Mar",28928,"Barcelona","Maresme",2014,730,586,"10.000-50.000",NA,NA
"08172","Premià de Mar",28928,"Barcelona","Maresme",2015,578,601,"10.000-50.000",32356,22.29
"08172","Premià de Mar",28928,"Barcelona","Maresme",2016,584,628,"10.000-50.000",33278,22.65
"08172","Premià de Mar",28928,"Barcelona","Maresme",2017,576,696,"10.000-50.000",34367,24.3
"08172","Premià de Mar",28928,"Barcelona","Maresme",2018,772,723,"10.000-50.000",36202,23.97
"08172","Premià de Mar",28928,"Barcelona","Maresme",2019,2140,757,"10.000-50.000",37197,24.42
"08172","Premià de Mar",28928,"Barcelona","Maresme",2020,1675,806,"10.000-50.000",37354,25.89
"08172","Premià de Mar",28928,"Barcelona","Maresme",2021,1701,747,"10.000-50.000",38349,23.37
"08172","Premià de Mar",28928,"Barcelona","Maresme",2022,1667,795,"10.000-50.000",40315,23.66
"08172","Premià de Mar",28928,"Barcelona","Maresme",2023,1570,835,"10.000-50.000",NA,NA
"08172","Premià de Mar",28928,"Barcelona","Maresme",2024,1252,889,"10.000-50.000",NA,NA
"08174","Puigdàlber",629,"Barcelona","Alt Penedès",2010,7,466,"< 1.000",NA,NA
"08174","Puigdàlber",629,"Barcelona","Alt Penedès",2011,6,437,"< 1.000",NA,NA
"08174","Puigdàlber",629,"Barcelona","Alt Penedès",2012,11,712,"< 1.000",NA,NA
"08174","Puigdàlber",629,"Barcelona","Alt Penedès",2014,6,428,"< 1.000",NA,NA
"08174","Puigdàlber",629,"Barcelona","Alt Penedès",2015,9,438,"< 1.000",37443,14.04
"08174","Puigdàlber",629,"Barcelona","Alt Penedès",2016,31,918,"< 1.000",32089,34.33
"08174","Puigdàlber",629,"Barcelona","Alt Penedès",2017,18,884,"< 1.000",34520,30.73
"08174","Puigdàlber",629,"Barcelona","Alt Penedès",2018,10,607,"< 1.000",37238,19.56
"08174","Puigdàlber",629,"Barcelona","Alt Penedès",2019,21,552,"< 1.000",36489,18.15
"08174","Puigdàlber",629,"Barcelona","Alt Penedès",2020,25,559,"< 1.000",37312,17.98
"08174","Puigdàlber",629,"Barcelona","Alt Penedès",2021,6,595,"< 1.000",38240,18.67
"08174","Puigdàlber",629,"Barcelona","Alt Penedès",2023,26,643,"< 1.000",NA,NA
"08174","Puigdàlber",629,"Barcelona","Alt Penedès",2024,12,652,"< 1.000",NA,NA
"08175","Puig-reig",4482,"Barcelona","Berguedà",2007,33,407,"1.000-5.000",NA,NA
"08175","Puig-reig",4482,"Barcelona","Berguedà",2008,46,426,"1.000-5.000",NA,NA
"08175","Puig-reig",4482,"Barcelona","Berguedà",2009,35,438,"1.000-5.000",NA,NA
"08175","Puig-reig",4482,"Barcelona","Berguedà",2010,53,365,"1.000-5.000",NA,NA
"08175","Puig-reig",4482,"Barcelona","Berguedà",2011,43,386,"1.000-5.000",NA,NA
"08175","Puig-reig",4482,"Barcelona","Berguedà",2012,38,356,"1.000-5.000",NA,NA
"08175","Puig-reig",4482,"Barcelona","Berguedà",2013,48,331,"1.000-5.000",NA,NA
"08175","Puig-reig",4482,"Barcelona","Berguedà",2014,43,307,"1.000-5.000",NA,NA
"08175","Puig-reig",4482,"Barcelona","Berguedà",2015,32,311,"1.000-5.000",28700,13
"08175","Puig-reig",4482,"Barcelona","Berguedà",2016,40,304,"1.000-5.000",29705,12.28
"08175","Puig-reig",4482,"Barcelona","Berguedà",2017,69,312,"1.000-5.000",30267,12.37
"08175","Puig-reig",4482,"Barcelona","Berguedà",2018,73,336,"1.000-5.000",31118,12.96
"08175","Puig-reig",4482,"Barcelona","Berguedà",2019,234,366,"1.000-5.000",32246,13.62
"08175","Puig-reig",4482,"Barcelona","Berguedà",2020,164,365,"1.000-5.000",32419,13.51
"08175","Puig-reig",4482,"Barcelona","Berguedà",2021,264,412,"1.000-5.000",33886,14.59
"08175","Puig-reig",4482,"Barcelona","Berguedà",2022,330,401,"1.000-5.000",34876,13.8
"08175","Puig-reig",4482,"Barcelona","Berguedà",2023,329,464,"1.000-5.000",NA,NA
"08175","Puig-reig",4482,"Barcelona","Berguedà",2024,262,493,"1.000-5.000",NA,NA
"08178","Rajadell",594,"Barcelona","Bages",2009,10,404,"< 1.000",NA,NA
"08178","Rajadell",594,"Barcelona","Bages",2010,8,264,"< 1.000",NA,NA
"08178","Rajadell",594,"Barcelona","Bages",2011,17,417,"< 1.000",NA,NA
"08178","Rajadell",594,"Barcelona","Bages",2012,13,285,"< 1.000",NA,NA
"08178","Rajadell",594,"Barcelona","Bages",2013,10,542,"< 1.000",NA,NA
"08178","Rajadell",594,"Barcelona","Bages",2015,7,462,"< 1.000",11388,48.68
"08178","Rajadell",594,"Barcelona","Bages",2016,10,404,"< 1.000",48867,9.92
"08178","Rajadell",594,"Barcelona","Bages",2017,11,513,"< 1.000",47643,12.92
"08178","Rajadell",594,"Barcelona","Bages",2018,11,620,"< 1.000",63861,11.65
"08178","Rajadell",594,"Barcelona","Bages",2019,16,423,"< 1.000",63112,8.04
"08178","Rajadell",594,"Barcelona","Bages",2020,26,481,"< 1.000",48009,12.02
"08178","Rajadell",594,"Barcelona","Bages",2021,43,524,"< 1.000",58254,10.79
"08178","Rajadell",594,"Barcelona","Bages",2022,12,664,"< 1.000",51854,15.37
"08178","Rajadell",594,"Barcelona","Bages",2023,21,438,"< 1.000",NA,NA
"08179","Rellinars",920,"Barcelona","Vallès Occidental",2008,6,480,"< 1.000",NA,NA
"08179","Rellinars",920,"Barcelona","Vallès Occidental",2009,6,470,"< 1.000",NA,NA
"08179","Rellinars",920,"Barcelona","Vallès Occidental",2010,6,764,"< 1.000",NA,NA
"08179","Rellinars",920,"Barcelona","Vallès Occidental",2011,8,569,"< 1.000",NA,NA
"08179","Rellinars",920,"Barcelona","Vallès Occidental",2013,9,457,"< 1.000",NA,NA
"08179","Rellinars",920,"Barcelona","Vallès Occidental",2014,8,557,"< 1.000",NA,NA
"08179","Rellinars",920,"Barcelona","Vallès Occidental",2015,14,470,"< 1.000",28336,19.9
"08179","Rellinars",920,"Barcelona","Vallès Occidental",2016,11,494,"< 1.000",30832,19.23
"08179","Rellinars",920,"Barcelona","Vallès Occidental",2017,13,445,"< 1.000",31354,17.03
"08179","Rellinars",920,"Barcelona","Vallès Occidental",2018,11,511,"< 1.000",33911,18.08
"08179","Rellinars",920,"Barcelona","Vallès Occidental",2019,28,411,"< 1.000",36356,13.57
"08179","Rellinars",920,"Barcelona","Vallès Occidental",2020,28,505,"< 1.000",37981,15.96
"08179","Rellinars",920,"Barcelona","Vallès Occidental",2021,13,461,"< 1.000",39062,14.16
"08179","Rellinars",920,"Barcelona","Vallès Occidental",2022,6,500,"< 1.000",40737,14.73
"08179","Rellinars",920,"Barcelona","Vallès Occidental",2023,21,590,"< 1.000",NA,NA
"08179","Rellinars",920,"Barcelona","Vallès Occidental",2024,6,696,"< 1.000",NA,NA
"08180","Ripollet",39430,"Barcelona","Vallès Occidental",2007,149,627,"10.000-50.000",NA,NA
"08180","Ripollet",39430,"Barcelona","Vallès Occidental",2008,204,684,"10.000-50.000",NA,NA
"08180","Ripollet",39430,"Barcelona","Vallès Occidental",2009,247,629,"10.000-50.000",NA,NA
"08180","Ripollet",39430,"Barcelona","Vallès Occidental",2010,367,594,"10.000-50.000",NA,NA
"08180","Ripollet",39430,"Barcelona","Vallès Occidental",2011,444,582,"10.000-50.000",NA,NA
"08180","Ripollet",39430,"Barcelona","Vallès Occidental",2012,500,562,"10.000-50.000",NA,NA
"08180","Ripollet",39430,"Barcelona","Vallès Occidental",2013,600,505,"10.000-50.000",NA,NA
"08180","Ripollet",39430,"Barcelona","Vallès Occidental",2014,570,494,"10.000-50.000",NA,NA
"08180","Ripollet",39430,"Barcelona","Vallès Occidental",2015,565,503,"10.000-50.000",28666,21.06
"08180","Ripollet",39430,"Barcelona","Vallès Occidental",2016,510,510,"10.000-50.000",29827,20.52
"08180","Ripollet",39430,"Barcelona","Vallès Occidental",2017,650,540,"10.000-50.000",30524,21.23
"08180","Ripollet",39430,"Barcelona","Vallès Occidental",2018,601,616,"10.000-50.000",31786,23.26
"08180","Ripollet",39430,"Barcelona","Vallès Occidental",2019,1719,646,"10.000-50.000",33156,23.38
"08180","Ripollet",39430,"Barcelona","Vallès Occidental",2020,1492,636,"10.000-50.000",33645,22.68
"08180","Ripollet",39430,"Barcelona","Vallès Occidental",2021,1793,623,"10.000-50.000",34577,21.62
"08180","Ripollet",39430,"Barcelona","Vallès Occidental",2022,1570,655,"10.000-50.000",35934,21.87
"08180","Ripollet",39430,"Barcelona","Vallès Occidental",2023,1680,709,"10.000-50.000",NA,NA
"08180","Ripollet",39430,"Barcelona","Vallès Occidental",2024,1194,725,"10.000-50.000",NA,NA
"08181","Roca del Vallès, La",10956,"Barcelona","Vallès Oriental",2007,55,621,"10.000-50.000",NA,NA
"08181","Roca del Vallès, La",10956,"Barcelona","Vallès Oriental",2008,52,680,"10.000-50.000",NA,NA
"08181","Roca del Vallès, La",10956,"Barcelona","Vallès Oriental",2009,76,637,"10.000-50.000",NA,NA
"08181","Roca del Vallès, La",10956,"Barcelona","Vallès Oriental",2010,104,643,"10.000-50.000",NA,NA
"08181","Roca del Vallès, La",10956,"Barcelona","Vallès Oriental",2011,96,619,"10.000-50.000",NA,NA
"08181","Roca del Vallès, La",10956,"Barcelona","Vallès Oriental",2012,98,596,"10.000-50.000",NA,NA
"08181","Roca del Vallès, La",10956,"Barcelona","Vallès Oriental",2013,140,547,"10.000-50.000",NA,NA
"08181","Roca del Vallès, La",10956,"Barcelona","Vallès Oriental",2014,156,542,"10.000-50.000",NA,NA
"08181","Roca del Vallès, La",10956,"Barcelona","Vallès Oriental",2015,118,576,"10.000-50.000",37092,18.63
"08181","Roca del Vallès, La",10956,"Barcelona","Vallès Oriental",2016,135,610,"10.000-50.000",38178,19.17
"08181","Roca del Vallès, La",10956,"Barcelona","Vallès Oriental",2017,150,609,"10.000-50.000",39241,18.62
"08181","Roca del Vallès, La",10956,"Barcelona","Vallès Oriental",2018,154,682,"10.000-50.000",40853,20.03
"08181","Roca del Vallès, La",10956,"Barcelona","Vallès Oriental",2019,516,705,"10.000-50.000",42672,19.83
"08181","Roca del Vallès, La",10956,"Barcelona","Vallès Oriental",2020,349,724,"10.000-50.000",43298,20.07
"08181","Roca del Vallès, La",10956,"Barcelona","Vallès Oriental",2021,400,726,"10.000-50.000",45573,19.12
"08181","Roca del Vallès, La",10956,"Barcelona","Vallès Oriental",2022,440,735,"10.000-50.000",48015,18.37
"08181","Roca del Vallès, La",10956,"Barcelona","Vallès Oriental",2023,332,846,"10.000-50.000",NA,NA
"08181","Roca del Vallès, La",10956,"Barcelona","Vallès Oriental",2024,298,795,"10.000-50.000",NA,NA
"08182","Pont de Vilomara i Rocafort, El",4139,"Barcelona","Bages",2007,20,490,"1.000-5.000",NA,NA
"08182","Pont de Vilomara i Rocafort, El",4139,"Barcelona","Bages",2008,40,479,"1.000-5.000",NA,NA
"08182","Pont de Vilomara i Rocafort, El",4139,"Barcelona","Bages",2009,40,406,"1.000-5.000",NA,NA
"08182","Pont de Vilomara i Rocafort, El",4139,"Barcelona","Bages",2010,58,395,"1.000-5.000",NA,NA
"08182","Pont de Vilomara i Rocafort, El",4139,"Barcelona","Bages",2011,80,393,"1.000-5.000",NA,NA
"08182","Pont de Vilomara i Rocafort, El",4139,"Barcelona","Bages",2012,74,378,"1.000-5.000",NA,NA
"08182","Pont de Vilomara i Rocafort, El",4139,"Barcelona","Bages",2013,58,366,"1.000-5.000",NA,NA
"08182","Pont de Vilomara i Rocafort, El",4139,"Barcelona","Bages",2014,50,338,"1.000-5.000",NA,NA
"08182","Pont de Vilomara i Rocafort, El",4139,"Barcelona","Bages",2015,55,340,"1.000-5.000",28532,14.3
"08182","Pont de Vilomara i Rocafort, El",4139,"Barcelona","Bages",2016,73,373,"1.000-5.000",29727,15.06
"08182","Pont de Vilomara i Rocafort, El",4139,"Barcelona","Bages",2017,48,377,"1.000-5.000",30307,14.93
"08182","Pont de Vilomara i Rocafort, El",4139,"Barcelona","Bages",2018,63,391,"1.000-5.000",31357,14.96
"08182","Pont de Vilomara i Rocafort, El",4139,"Barcelona","Bages",2019,200,453,"1.000-5.000",33014,16.47
"08182","Pont de Vilomara i Rocafort, El",4139,"Barcelona","Bages",2020,182,438,"1.000-5.000",33266,15.8
"08182","Pont de Vilomara i Rocafort, El",4139,"Barcelona","Bages",2021,167,429,"1.000-5.000",33770,15.24
"08182","Pont de Vilomara i Rocafort, El",4139,"Barcelona","Bages",2022,194,445,"1.000-5.000",36398,14.67
"08182","Pont de Vilomara i Rocafort, El",4139,"Barcelona","Bages",2023,150,422,"1.000-5.000",NA,NA
"08182","Pont de Vilomara i Rocafort, El",4139,"Barcelona","Bages",2024,218,486,"1.000-5.000",NA,NA
"08183","Roda de Ter",6883,"Barcelona","Osona",2007,32,440,"5.000-10.000",NA,NA
"08183","Roda de Ter",6883,"Barcelona","Osona",2008,18,460,"5.000-10.000",NA,NA
"08183","Roda de Ter",6883,"Barcelona","Osona",2009,46,450,"5.000-10.000",NA,NA
"08183","Roda de Ter",6883,"Barcelona","Osona",2010,73,414,"5.000-10.000",NA,NA
"08183","Roda de Ter",6883,"Barcelona","Osona",2011,69,414,"5.000-10.000",NA,NA
"08183","Roda de Ter",6883,"Barcelona","Osona",2012,90,383,"5.000-10.000",NA,NA
"08183","Roda de Ter",6883,"Barcelona","Osona",2013,60,388,"5.000-10.000",NA,NA
"08183","Roda de Ter",6883,"Barcelona","Osona",2014,111,354,"5.000-10.000",NA,NA
"08183","Roda de Ter",6883,"Barcelona","Osona",2015,86,353,"5.000-10.000",31512,13.44
"08183","Roda de Ter",6883,"Barcelona","Osona",2016,96,374,"5.000-10.000",32708,13.72
"08183","Roda de Ter",6883,"Barcelona","Osona",2017,136,387,"5.000-10.000",33582,13.83
"08183","Roda de Ter",6883,"Barcelona","Osona",2018,132,437,"5.000-10.000",34676,15.12
"08183","Roda de Ter",6883,"Barcelona","Osona",2019,334,439,"5.000-10.000",35979,14.64
"08183","Roda de Ter",6883,"Barcelona","Osona",2020,320,466,"5.000-10.000",36914,15.15
"08183","Roda de Ter",6883,"Barcelona","Osona",2021,437,474,"5.000-10.000",36971,15.39
"08183","Roda de Ter",6883,"Barcelona","Osona",2022,344,512,"5.000-10.000",38365,16.01
"08183","Roda de Ter",6883,"Barcelona","Osona",2023,306,525,"5.000-10.000",NA,NA
"08183","Roda de Ter",6883,"Barcelona","Osona",2024,289,574,"5.000-10.000",NA,NA
"08184","Rubí",81523,"Barcelona","Vallès Occidental",2007,446,628,"50.000-100.000",NA,NA
"08184","Rubí",81523,"Barcelona","Vallès Occidental",2008,621,685,"50.000-100.000",NA,NA
"08184","Rubí",81523,"Barcelona","Vallès Occidental",2009,848,624,"50.000-100.000",NA,NA
"08184","Rubí",81523,"Barcelona","Vallès Occidental",2010,886,603,"50.000-100.000",NA,NA
"08184","Rubí",81523,"Barcelona","Vallès Occidental",2011,1029,578,"50.000-100.000",NA,NA
"08184","Rubí",81523,"Barcelona","Vallès Occidental",2012,1205,545,"50.000-100.000",NA,NA
"08184","Rubí",81523,"Barcelona","Vallès Occidental",2013,1209,493,"50.000-100.000",NA,NA
"08184","Rubí",81523,"Barcelona","Vallès Occidental",2014,1266,476,"50.000-100.000",NA,NA
"08184","Rubí",81523,"Barcelona","Vallès Occidental",2015,1182,496,"50.000-100.000",30580,19.46
"08184","Rubí",81523,"Barcelona","Vallès Occidental",2016,1161,537,"50.000-100.000",31875,20.22
"08184","Rubí",81523,"Barcelona","Vallès Occidental",2017,1241,582,"50.000-100.000",32571,21.44
"08184","Rubí",81523,"Barcelona","Vallès Occidental",2018,1376,630,"50.000-100.000",34113,22.16
"08184","Rubí",81523,"Barcelona","Vallès Occidental",2019,4178,661,"50.000-100.000",35428,22.39
"08184","Rubí",81523,"Barcelona","Vallès Occidental",2020,3538,685,"50.000-100.000",35426,23.2
"08184","Rubí",81523,"Barcelona","Vallès Occidental",2021,3905,649,"50.000-100.000",37632,20.7
"08184","Rubí",81523,"Barcelona","Vallès Occidental",2022,3901,681,"50.000-100.000",38512,21.22
"08184","Rubí",81523,"Barcelona","Vallès Occidental",2023,4019,725,"50.000-100.000",NA,NA
"08184","Rubí",81523,"Barcelona","Vallès Occidental",2024,3151,754,"50.000-100.000",NA,NA
"08187","Sabadell",221564,"Barcelona","Vallès Occidental",2007,1794,641,"> 100.000",NA,NA
"08187","Sabadell",221564,"Barcelona","Vallès Occidental",2008,2378,664,"> 100.000",NA,NA
"08187","Sabadell",221564,"Barcelona","Vallès Occidental",2009,2764,635,"> 100.000",NA,NA
"08187","Sabadell",221564,"Barcelona","Vallès Occidental",2010,3052,606,"> 100.000",NA,NA
"08187","Sabadell",221564,"Barcelona","Vallès Occidental",2011,3472,571,"> 100.000",NA,NA
"08187","Sabadell",221564,"Barcelona","Vallès Occidental",2012,3846,533,"> 100.000",NA,NA
"08187","Sabadell",221564,"Barcelona","Vallès Occidental",2013,4066,493,"> 100.000",NA,NA
"08187","Sabadell",221564,"Barcelona","Vallès Occidental",2014,4130,489,"> 100.000",NA,NA
"08187","Sabadell",221564,"Barcelona","Vallès Occidental",2015,3643,508,"> 100.000",30507,19.98
"08187","Sabadell",221564,"Barcelona","Vallès Occidental",2016,3705,542,"> 100.000",31601,20.58
"08187","Sabadell",221564,"Barcelona","Vallès Occidental",2017,3957,589,"> 100.000",32494,21.75
"08187","Sabadell",221564,"Barcelona","Vallès Occidental",2018,4169,633,"> 100.000",33876,22.42
"08187","Sabadell",221564,"Barcelona","Vallès Occidental",2019,12392,670,"> 100.000",35200,22.84
"08187","Sabadell",221564,"Barcelona","Vallès Occidental",2020,10248,684,"> 100.000",35249,23.29
"08187","Sabadell",221564,"Barcelona","Vallès Occidental",2021,12675,667,"> 100.000",36428,21.97
"08187","Sabadell",221564,"Barcelona","Vallès Occidental",2022,12553,698,"> 100.000",38208,21.92
"08187","Sabadell",221564,"Barcelona","Vallès Occidental",2023,12081,745,"> 100.000",NA,NA
"08187","Sabadell",221564,"Barcelona","Vallès Occidental",2024,9770,794,"> 100.000",NA,NA
"08190","Saldes",300,"Barcelona","Berguedà",2007,7,363,"< 1.000",NA,NA
"08190","Saldes",300,"Barcelona","Berguedà",2022,25,376,"< 1.000",42713,10.56
"08191","Sallent",6932,"Barcelona","Bages",2007,17,410,"5.000-10.000",NA,NA
"08191","Sallent",6932,"Barcelona","Bages",2008,42,376,"5.000-10.000",NA,NA
"08191","Sallent",6932,"Barcelona","Bages",2009,40,503,"5.000-10.000",NA,NA
"08191","Sallent",6932,"Barcelona","Bages",2010,32,421,"5.000-10.000",NA,NA
"08191","Sallent",6932,"Barcelona","Bages",2011,84,359,"5.000-10.000",NA,NA
"08191","Sallent",6932,"Barcelona","Bages",2012,68,344,"5.000-10.000",NA,NA
"08191","Sallent",6932,"Barcelona","Bages",2013,64,303,"5.000-10.000",NA,NA
"08191","Sallent",6932,"Barcelona","Bages",2014,54,321,"5.000-10.000",NA,NA
"08191","Sallent",6932,"Barcelona","Bages",2015,50,342,"5.000-10.000",30346,13.52
"08191","Sallent",6932,"Barcelona","Bages",2016,61,332,"5.000-10.000",31216,12.76
"08191","Sallent",6932,"Barcelona","Bages",2017,62,337,"5.000-10.000",32084,12.6
"08191","Sallent",6932,"Barcelona","Bages",2018,70,421,"5.000-10.000",32873,15.37
"08191","Sallent",6932,"Barcelona","Bages",2019,225,386,"5.000-10.000",34310,13.5
"08191","Sallent",6932,"Barcelona","Bages",2020,199,430,"5.000-10.000",34451,14.98
"08191","Sallent",6932,"Barcelona","Bages",2021,175,376,"5.000-10.000",34847,12.95
"08191","Sallent",6932,"Barcelona","Bages",2022,191,404,"5.000-10.000",36474,13.29
"08191","Sallent",6932,"Barcelona","Bages",2023,270,432,"5.000-10.000",NA,NA
"08191","Sallent",6932,"Barcelona","Bages",2024,337,446,"5.000-10.000",NA,NA
"08192","Santpedor",7707,"Barcelona","Bages",2007,49,543,"5.000-10.000",NA,NA
"08192","Santpedor",7707,"Barcelona","Bages",2008,99,547,"5.000-10.000",NA,NA
"08192","Santpedor",7707,"Barcelona","Bages",2009,127,504,"5.000-10.000",NA,NA
"08192","Santpedor",7707,"Barcelona","Bages",2010,122,458,"5.000-10.000",NA,NA
"08192","Santpedor",7707,"Barcelona","Bages",2011,148,448,"5.000-10.000",NA,NA
"08192","Santpedor",7707,"Barcelona","Bages",2012,139,457,"5.000-10.000",NA,NA
"08192","Santpedor",7707,"Barcelona","Bages",2013,154,418,"5.000-10.000",NA,NA
"08192","Santpedor",7707,"Barcelona","Bages",2014,149,388,"5.000-10.000",NA,NA
"08192","Santpedor",7707,"Barcelona","Bages",2015,109,415,"5.000-10.000",36527,13.63
"08192","Santpedor",7707,"Barcelona","Bages",2016,105,412,"5.000-10.000",37162,13.3
"08192","Santpedor",7707,"Barcelona","Bages",2017,123,430,"5.000-10.000",38314,13.47
"08192","Santpedor",7707,"Barcelona","Bages",2018,118,484,"5.000-10.000",39736,14.62
"08192","Santpedor",7707,"Barcelona","Bages",2019,412,480,"5.000-10.000",41349,13.93
"08192","Santpedor",7707,"Barcelona","Bages",2020,313,503,"5.000-10.000",41194,14.65
"08192","Santpedor",7707,"Barcelona","Bages",2021,445,528,"5.000-10.000",40864,15.51
"08192","Santpedor",7707,"Barcelona","Bages",2022,385,535,"5.000-10.000",44396,14.46
"08192","Santpedor",7707,"Barcelona","Bages",2023,326,589,"5.000-10.000",NA,NA
"08192","Santpedor",7707,"Barcelona","Bages",2024,330,548,"5.000-10.000",NA,NA
"08193","Sant Iscle de Vallalta",1463,"Barcelona","Maresme",2008,9,545,"1.000-5.000",NA,NA
"08193","Sant Iscle de Vallalta",1463,"Barcelona","Maresme",2010,9,666,"1.000-5.000",NA,NA
"08193","Sant Iscle de Vallalta",1463,"Barcelona","Maresme",2011,34,570,"1.000-5.000",NA,NA
"08193","Sant Iscle de Vallalta",1463,"Barcelona","Maresme",2012,18,532,"1.000-5.000",NA,NA
"08193","Sant Iscle de Vallalta",1463,"Barcelona","Maresme",2013,10,579,"1.000-5.000",NA,NA
"08193","Sant Iscle de Vallalta",1463,"Barcelona","Maresme",2014,15,526,"1.000-5.000",NA,NA
"08193","Sant Iscle de Vallalta",1463,"Barcelona","Maresme",2015,12,512,"1.000-5.000",29145,21.08
"08193","Sant Iscle de Vallalta",1463,"Barcelona","Maresme",2016,24,581,"1.000-5.000",30059,23.19
"08193","Sant Iscle de Vallalta",1463,"Barcelona","Maresme",2017,22,553,"1.000-5.000",31098,21.34
"08193","Sant Iscle de Vallalta",1463,"Barcelona","Maresme",2018,13,765,"1.000-5.000",32283,28.44
"08193","Sant Iscle de Vallalta",1463,"Barcelona","Maresme",2019,59,586,"1.000-5.000",34024,20.67
"08193","Sant Iscle de Vallalta",1463,"Barcelona","Maresme",2020,43,647,"1.000-5.000",35693,21.75
"08193","Sant Iscle de Vallalta",1463,"Barcelona","Maresme",2021,58,644,"1.000-5.000",36538,21.15
"08193","Sant Iscle de Vallalta",1463,"Barcelona","Maresme",2022,44,543,"1.000-5.000",39712,16.41
"08193","Sant Iscle de Vallalta",1463,"Barcelona","Maresme",2023,41,934,"1.000-5.000",NA,NA
"08193","Sant Iscle de Vallalta",1463,"Barcelona","Maresme",2024,33,703,"1.000-5.000",NA,NA
"08194","Sant Adrià de Besòs",38672,"Barcelona","Barcelonès",2007,185,631,"10.000-50.000",NA,NA
"08194","Sant Adrià de Besòs",38672,"Barcelona","Barcelonès",2008,210,705,"10.000-50.000",NA,NA
"08194","Sant Adrià de Besòs",38672,"Barcelona","Barcelonès",2009,313,717,"10.000-50.000",NA,NA
"08194","Sant Adrià de Besòs",38672,"Barcelona","Barcelonès",2010,360,666,"10.000-50.000",NA,NA
"08194","Sant Adrià de Besòs",38672,"Barcelona","Barcelonès",2011,359,631,"10.000-50.000",NA,NA
"08194","Sant Adrià de Besòs",38672,"Barcelona","Barcelonès",2012,381,617,"10.000-50.000",NA,NA
"08194","Sant Adrià de Besòs",38672,"Barcelona","Barcelonès",2013,479,551,"10.000-50.000",NA,NA
"08194","Sant Adrià de Besòs",38672,"Barcelona","Barcelonès",2014,493,564,"10.000-50.000",NA,NA
"08194","Sant Adrià de Besòs",38672,"Barcelona","Barcelonès",2015,497,559,"10.000-50.000",27603,24.3
"08194","Sant Adrià de Besòs",38672,"Barcelona","Barcelonès",2016,446,588,"10.000-50.000",28424,24.82
"08194","Sant Adrià de Besòs",38672,"Barcelona","Barcelonès",2017,414,654,"10.000-50.000",28845,27.21
"08194","Sant Adrià de Besòs",38672,"Barcelona","Barcelonès",2018,492,700,"10.000-50.000",29807,28.18
"08194","Sant Adrià de Besòs",38672,"Barcelona","Barcelonès",2019,1553,715,"10.000-50.000",31077,27.61
"08194","Sant Adrià de Besòs",38672,"Barcelona","Barcelonès",2020,1221,745,"10.000-50.000",31090,28.76
"08194","Sant Adrià de Besòs",38672,"Barcelona","Barcelonès",2021,1445,740,"10.000-50.000",31990,27.76
"08194","Sant Adrià de Besòs",38672,"Barcelona","Barcelonès",2022,1697,832,"10.000-50.000",33979,29.38
"08194","Sant Adrià de Besòs",38672,"Barcelona","Barcelonès",2023,1638,800,"10.000-50.000",NA,NA
"08194","Sant Adrià de Besòs",38672,"Barcelona","Barcelonès",2024,1199,874,"10.000-50.000",NA,NA
"08196","Sant Andreu de la Barca",27039,"Barcelona","Baix Llobregat",2007,79,642,"10.000-50.000",NA,NA
"08196","Sant Andreu de la Barca",27039,"Barcelona","Baix Llobregat",2008,143,691,"10.000-50.000",NA,NA
"08196","Sant Andreu de la Barca",27039,"Barcelona","Baix Llobregat",2009,216,632,"10.000-50.000",NA,NA
"08196","Sant Andreu de la Barca",27039,"Barcelona","Baix Llobregat",2010,269,569,"10.000-50.000",NA,NA
"08196","Sant Andreu de la Barca",27039,"Barcelona","Baix Llobregat",2011,218,582,"10.000-50.000",NA,NA
"08196","Sant Andreu de la Barca",27039,"Barcelona","Baix Llobregat",2012,300,577,"10.000-50.000",NA,NA
"08196","Sant Andreu de la Barca",27039,"Barcelona","Baix Llobregat",2013,323,535,"10.000-50.000",NA,NA
"08196","Sant Andreu de la Barca",27039,"Barcelona","Baix Llobregat",2014,326,508,"10.000-50.000",NA,NA
"08196","Sant Andreu de la Barca",27039,"Barcelona","Baix Llobregat",2015,348,522,"10.000-50.000",31469,19.91
"08196","Sant Andreu de la Barca",27039,"Barcelona","Baix Llobregat",2016,388,544,"10.000-50.000",32405,20.15
"08196","Sant Andreu de la Barca",27039,"Barcelona","Baix Llobregat",2017,329,607,"10.000-50.000",33619,21.67
"08196","Sant Andreu de la Barca",27039,"Barcelona","Baix Llobregat",2018,422,636,"10.000-50.000",35236,21.66
"08196","Sant Andreu de la Barca",27039,"Barcelona","Baix Llobregat",2019,1320,635,"10.000-50.000",36457,20.9
"08196","Sant Andreu de la Barca",27039,"Barcelona","Baix Llobregat",2020,1094,644,"10.000-50.000",36436,21.21
"08196","Sant Andreu de la Barca",27039,"Barcelona","Baix Llobregat",2021,1037,630,"10.000-50.000",37824,19.99
"08196","Sant Andreu de la Barca",27039,"Barcelona","Baix Llobregat",2022,1001,675,"10.000-50.000",39548,20.48
"08196","Sant Andreu de la Barca",27039,"Barcelona","Baix Llobregat",2023,1055,718,"10.000-50.000",NA,NA
"08196","Sant Andreu de la Barca",27039,"Barcelona","Baix Llobregat",2024,916,751,"10.000-50.000",NA,NA
"08197","Sant Andreu de Llavaneres",11942,"Barcelona","Maresme",2007,62,841,"10.000-50.000",NA,NA
"08197","Sant Andreu de Llavaneres",11942,"Barcelona","Maresme",2008,85,800,"10.000-50.000",NA,NA
"08197","Sant Andreu de Llavaneres",11942,"Barcelona","Maresme",2009,135,836,"10.000-50.000",NA,NA
"08197","Sant Andreu de Llavaneres",11942,"Barcelona","Maresme",2010,158,717,"10.000-50.000",NA,NA
"08197","Sant Andreu de Llavaneres",11942,"Barcelona","Maresme",2011,186,765,"10.000-50.000",NA,NA
"08197","Sant Andreu de Llavaneres",11942,"Barcelona","Maresme",2012,191,675,"10.000-50.000",NA,NA
"08197","Sant Andreu de Llavaneres",11942,"Barcelona","Maresme",2013,208,680,"10.000-50.000",NA,NA
"08197","Sant Andreu de Llavaneres",11942,"Barcelona","Maresme",2014,207,692,"10.000-50.000",NA,NA
"08197","Sant Andreu de Llavaneres",11942,"Barcelona","Maresme",2015,218,767,"10.000-50.000",41522,22.17
"08197","Sant Andreu de Llavaneres",11942,"Barcelona","Maresme",2016,204,770,"10.000-50.000",42692,21.64
"08197","Sant Andreu de Llavaneres",11942,"Barcelona","Maresme",2017,227,837,"10.000-50.000",43884,22.89
"08197","Sant Andreu de Llavaneres",11942,"Barcelona","Maresme",2018,267,907,"10.000-50.000",45502,23.92
"08197","Sant Andreu de Llavaneres",11942,"Barcelona","Maresme",2019,848,981,"10.000-50.000",45294,25.99
"08197","Sant Andreu de Llavaneres",11942,"Barcelona","Maresme",2020,569,1045,"10.000-50.000",47120,26.61
"08197","Sant Andreu de Llavaneres",11942,"Barcelona","Maresme",2021,859,964,"10.000-50.000",48527,23.84
"08197","Sant Andreu de Llavaneres",11942,"Barcelona","Maresme",2022,644,983,"10.000-50.000",51741,22.8
"08197","Sant Andreu de Llavaneres",11942,"Barcelona","Maresme",2023,602,1115,"10.000-50.000",NA,NA
"08197","Sant Andreu de Llavaneres",11942,"Barcelona","Maresme",2024,524,1119,"10.000-50.000",NA,NA
"08198","Sant Antoni de Vilamajor",6654,"Barcelona","Vallès Oriental",2007,22,652,"5.000-10.000",NA,NA
"08198","Sant Antoni de Vilamajor",6654,"Barcelona","Vallès Oriental",2008,58,744,"5.000-10.000",NA,NA
"08198","Sant Antoni de Vilamajor",6654,"Barcelona","Vallès Oriental",2009,55,676,"5.000-10.000",NA,NA
"08198","Sant Antoni de Vilamajor",6654,"Barcelona","Vallès Oriental",2010,62,589,"5.000-10.000",NA,NA
"08198","Sant Antoni de Vilamajor",6654,"Barcelona","Vallès Oriental",2011,115,557,"5.000-10.000",NA,NA
"08198","Sant Antoni de Vilamajor",6654,"Barcelona","Vallès Oriental",2012,112,558,"5.000-10.000",NA,NA
"08198","Sant Antoni de Vilamajor",6654,"Barcelona","Vallès Oriental",2013,103,536,"5.000-10.000",NA,NA
"08198","Sant Antoni de Vilamajor",6654,"Barcelona","Vallès Oriental",2014,122,525,"5.000-10.000",NA,NA
"08198","Sant Antoni de Vilamajor",6654,"Barcelona","Vallès Oriental",2015,110,550,"5.000-10.000",35908,18.38
"08198","Sant Antoni de Vilamajor",6654,"Barcelona","Vallès Oriental",2016,132,556,"5.000-10.000",36981,18.04
"08198","Sant Antoni de Vilamajor",6654,"Barcelona","Vallès Oriental",2017,108,607,"5.000-10.000",38069,19.13
"08198","Sant Antoni de Vilamajor",6654,"Barcelona","Vallès Oriental",2018,136,659,"5.000-10.000",39675,19.93
"08198","Sant Antoni de Vilamajor",6654,"Barcelona","Vallès Oriental",2019,435,650,"5.000-10.000",41882,18.62
"08198","Sant Antoni de Vilamajor",6654,"Barcelona","Vallès Oriental",2020,326,705,"5.000-10.000",42361,19.97
"08198","Sant Antoni de Vilamajor",6654,"Barcelona","Vallès Oriental",2021,368,757,"5.000-10.000",42580,21.33
"08198","Sant Antoni de Vilamajor",6654,"Barcelona","Vallès Oriental",2022,313,684,"5.000-10.000",46092,17.81
"08198","Sant Antoni de Vilamajor",6654,"Barcelona","Vallès Oriental",2023,307,713,"5.000-10.000",NA,NA
"08198","Sant Antoni de Vilamajor",6654,"Barcelona","Vallès Oriental",2024,265,777,"5.000-10.000",NA,NA
"08199","Sant Bartomeu del Grau",939,"Barcelona","Osona",2007,8,174,"< 1.000",NA,NA
"08199","Sant Bartomeu del Grau",939,"Barcelona","Osona",2009,6,392,"< 1.000",NA,NA
"08199","Sant Bartomeu del Grau",939,"Barcelona","Osona",2010,7,370,"< 1.000",NA,NA
"08199","Sant Bartomeu del Grau",939,"Barcelona","Osona",2011,6,392,"< 1.000",NA,NA
"08199","Sant Bartomeu del Grau",939,"Barcelona","Osona",2012,8,331,"< 1.000",NA,NA
"08199","Sant Bartomeu del Grau",939,"Barcelona","Osona",2013,7,441,"< 1.000",NA,NA
"08199","Sant Bartomeu del Grau",939,"Barcelona","Osona",2014,12,416,"< 1.000",NA,NA
"08199","Sant Bartomeu del Grau",939,"Barcelona","Osona",2015,7,400,"< 1.000",32992,14.55
"08199","Sant Bartomeu del Grau",939,"Barcelona","Osona",2016,10,444,"< 1.000",34047,15.65
"08199","Sant Bartomeu del Grau",939,"Barcelona","Osona",2017,9,474,"< 1.000",33950,16.75
"08199","Sant Bartomeu del Grau",939,"Barcelona","Osona",2018,6,497,"< 1.000",34635,17.22
"08199","Sant Bartomeu del Grau",939,"Barcelona","Osona",2019,7,624,"< 1.000",36189,20.69
"08199","Sant Bartomeu del Grau",939,"Barcelona","Osona",2020,14,586,"< 1.000",37786,18.61
"08199","Sant Bartomeu del Grau",939,"Barcelona","Osona",2022,41,503,"< 1.000",39984,15.1
"08199","Sant Bartomeu del Grau",939,"Barcelona","Osona",2023,12,424,"< 1.000",NA,NA
"08199","Sant Bartomeu del Grau",939,"Barcelona","Osona",2024,17,632,"< 1.000",NA,NA
"08200","Sant Boi de Llobregat",84588,"Barcelona","Baix Llobregat",2007,327,646,"50.000-100.000",NA,NA
"08200","Sant Boi de Llobregat",84588,"Barcelona","Baix Llobregat",2008,417,710,"50.000-100.000",NA,NA
"08200","Sant Boi de Llobregat",84588,"Barcelona","Baix Llobregat",2009,582,661,"50.000-100.000",NA,NA
"08200","Sant Boi de Llobregat",84588,"Barcelona","Baix Llobregat",2010,718,632,"50.000-100.000",NA,NA
"08200","Sant Boi de Llobregat",84588,"Barcelona","Baix Llobregat",2011,877,616,"50.000-100.000",NA,NA
"08200","Sant Boi de Llobregat",84588,"Barcelona","Baix Llobregat",2012,1067,586,"50.000-100.000",NA,NA
"08200","Sant Boi de Llobregat",84588,"Barcelona","Baix Llobregat",2013,1337,551,"50.000-100.000",NA,NA
"08200","Sant Boi de Llobregat",84588,"Barcelona","Baix Llobregat",2014,1227,537,"50.000-100.000",NA,NA
"08200","Sant Boi de Llobregat",84588,"Barcelona","Baix Llobregat",2015,1097,552,"50.000-100.000",30827,21.49
"08200","Sant Boi de Llobregat",84588,"Barcelona","Baix Llobregat",2016,1047,591,"50.000-100.000",31692,22.38
"08200","Sant Boi de Llobregat",84588,"Barcelona","Baix Llobregat",2017,1128,640,"50.000-100.000",32501,23.63
"08200","Sant Boi de Llobregat",84588,"Barcelona","Baix Llobregat",2018,1268,673,"50.000-100.000",33892,23.83
"08200","Sant Boi de Llobregat",84588,"Barcelona","Baix Llobregat",2019,3019,703,"50.000-100.000",35523,23.75
"08200","Sant Boi de Llobregat",84588,"Barcelona","Baix Llobregat",2020,2902,727,"50.000-100.000",35370,24.66
"08200","Sant Boi de Llobregat",84588,"Barcelona","Baix Llobregat",2021,3594,690,"50.000-100.000",36460,22.71
"08200","Sant Boi de Llobregat",84588,"Barcelona","Baix Llobregat",2022,3464,735,"50.000-100.000",38137,23.13
"08200","Sant Boi de Llobregat",84588,"Barcelona","Baix Llobregat",2023,3066,791,"50.000-100.000",NA,NA
"08200","Sant Boi de Llobregat",84588,"Barcelona","Baix Llobregat",2024,2547,792,"50.000-100.000",NA,NA
"08201","Sant Boi de Lluçanès",574,"Barcelona","Osona",2015,6,365,"< 1.000",32859,13.33
"08201","Sant Boi de Lluçanès",574,"Barcelona","Osona",2017,8,301,"< 1.000",32730,11.04
"08201","Sant Boi de Lluçanès",574,"Barcelona","Osona",2018,6,371,"< 1.000",34787,12.8
"08201","Sant Boi de Lluçanès",574,"Barcelona","Osona",2019,7,419,"< 1.000",35924,14
"08201","Sant Boi de Lluçanès",574,"Barcelona","Osona",2021,22,481,"< 1.000",37835,15.26
"08201","Sant Boi de Lluçanès",574,"Barcelona","Osona",2022,16,404,"< 1.000",37249,13.02
"08201","Sant Boi de Lluçanès",574,"Barcelona","Osona",2023,12,392,"< 1.000",NA,NA
"08202","Sant Celoni",18708,"Barcelona","Vallès Oriental",2007,115,579,"10.000-50.000",NA,NA
"08202","Sant Celoni",18708,"Barcelona","Vallès Oriental",2008,162,547,"10.000-50.000",NA,NA
"08202","Sant Celoni",18708,"Barcelona","Vallès Oriental",2009,177,539,"10.000-50.000",NA,NA
"08202","Sant Celoni",18708,"Barcelona","Vallès Oriental",2010,239,519,"10.000-50.000",NA,NA
"08202","Sant Celoni",18708,"Barcelona","Vallès Oriental",2011,338,463,"10.000-50.000",NA,NA
"08202","Sant Celoni",18708,"Barcelona","Vallès Oriental",2012,311,447,"10.000-50.000",NA,NA
"08202","Sant Celoni",18708,"Barcelona","Vallès Oriental",2013,305,444,"10.000-50.000",NA,NA
"08202","Sant Celoni",18708,"Barcelona","Vallès Oriental",2014,313,434,"10.000-50.000",NA,NA
"08202","Sant Celoni",18708,"Barcelona","Vallès Oriental",2015,327,435,"10.000-50.000",31014,16.83
"08202","Sant Celoni",18708,"Barcelona","Vallès Oriental",2016,282,467,"10.000-50.000",32087,17.47
"08202","Sant Celoni",18708,"Barcelona","Vallès Oriental",2017,296,506,"10.000-50.000",33150,18.32
"08202","Sant Celoni",18708,"Barcelona","Vallès Oriental",2018,371,542,"10.000-50.000",34259,18.98
"08202","Sant Celoni",18708,"Barcelona","Vallès Oriental",2019,1078,575,"10.000-50.000",35949,19.19
"08202","Sant Celoni",18708,"Barcelona","Vallès Oriental",2020,994,570,"10.000-50.000",35975,19.01
"08202","Sant Celoni",18708,"Barcelona","Vallès Oriental",2021,1309,587,"10.000-50.000",37184,18.94
"08202","Sant Celoni",18708,"Barcelona","Vallès Oriental",2022,1308,647,"10.000-50.000",39215,19.8
"08202","Sant Celoni",18708,"Barcelona","Vallès Oriental",2023,1171,676,"10.000-50.000",NA,NA
"08202","Sant Celoni",18708,"Barcelona","Vallès Oriental",2024,1005,704,"10.000-50.000",NA,NA
"08203","Sant Cebrià de Vallalta",3812,"Barcelona","Maresme",2007,6,590,"1.000-5.000",NA,NA
"08203","Sant Cebrià de Vallalta",3812,"Barcelona","Maresme",2008,8,558,"1.000-5.000",NA,NA
"08203","Sant Cebrià de Vallalta",3812,"Barcelona","Maresme",2009,21,627,"1.000-5.000",NA,NA
"08203","Sant Cebrià de Vallalta",3812,"Barcelona","Maresme",2010,18,633,"1.000-5.000",NA,NA
"08203","Sant Cebrià de Vallalta",3812,"Barcelona","Maresme",2011,31,627,"1.000-5.000",NA,NA
"08203","Sant Cebrià de Vallalta",3812,"Barcelona","Maresme",2012,42,658,"1.000-5.000",NA,NA
"08203","Sant Cebrià de Vallalta",3812,"Barcelona","Maresme",2013,40,671,"1.000-5.000",NA,NA
"08203","Sant Cebrià de Vallalta",3812,"Barcelona","Maresme",2014,37,632,"1.000-5.000",NA,NA
"08203","Sant Cebrià de Vallalta",3812,"Barcelona","Maresme",2015,55,610,"1.000-5.000",30156,24.27
"08203","Sant Cebrià de Vallalta",3812,"Barcelona","Maresme",2016,38,616,"1.000-5.000",30730,24.05
"08203","Sant Cebrià de Vallalta",3812,"Barcelona","Maresme",2017,35,568,"1.000-5.000",31784,21.44
"08203","Sant Cebrià de Vallalta",3812,"Barcelona","Maresme",2018,51,718,"1.000-5.000",33388,25.81
"08203","Sant Cebrià de Vallalta",3812,"Barcelona","Maresme",2019,114,700,"1.000-5.000",34078,24.65
"08203","Sant Cebrià de Vallalta",3812,"Barcelona","Maresme",2020,126,861,"1.000-5.000",33676,30.68
"08203","Sant Cebrià de Vallalta",3812,"Barcelona","Maresme",2021,109,644,"1.000-5.000",35687,21.65
"08203","Sant Cebrià de Vallalta",3812,"Barcelona","Maresme",2022,99,620,"1.000-5.000",38934,19.11
"08203","Sant Cebrià de Vallalta",3812,"Barcelona","Maresme",2023,79,893,"1.000-5.000",NA,NA
"08203","Sant Cebrià de Vallalta",3812,"Barcelona","Maresme",2024,67,948,"1.000-5.000",NA,NA
"08204","Sant Climent de Llobregat",4181,"Barcelona","Baix Llobregat",2008,18,601,"1.000-5.000",NA,NA
"08204","Sant Climent de Llobregat",4181,"Barcelona","Baix Llobregat",2009,23,619,"1.000-5.000",NA,NA
"08204","Sant Climent de Llobregat",4181,"Barcelona","Baix Llobregat",2010,29,630,"1.000-5.000",NA,NA
"08204","Sant Climent de Llobregat",4181,"Barcelona","Baix Llobregat",2011,36,609,"1.000-5.000",NA,NA
"08204","Sant Climent de Llobregat",4181,"Barcelona","Baix Llobregat",2012,37,599,"1.000-5.000",NA,NA
"08204","Sant Climent de Llobregat",4181,"Barcelona","Baix Llobregat",2013,40,578,"1.000-5.000",NA,NA
"08204","Sant Climent de Llobregat",4181,"Barcelona","Baix Llobregat",2014,63,579,"1.000-5.000",NA,NA
"08204","Sant Climent de Llobregat",4181,"Barcelona","Baix Llobregat",2015,49,587,"1.000-5.000",36413,19.34
"08204","Sant Climent de Llobregat",4181,"Barcelona","Baix Llobregat",2016,54,600,"1.000-5.000",38169,18.86
"08204","Sant Climent de Llobregat",4181,"Barcelona","Baix Llobregat",2017,67,660,"1.000-5.000",38892,20.36
"08204","Sant Climent de Llobregat",4181,"Barcelona","Baix Llobregat",2018,79,694,"1.000-5.000",40658,20.48
"08204","Sant Climent de Llobregat",4181,"Barcelona","Baix Llobregat",2019,207,710,"1.000-5.000",43090,19.77
"08204","Sant Climent de Llobregat",4181,"Barcelona","Baix Llobregat",2020,189,753,"1.000-5.000",42488,21.27
"08204","Sant Climent de Llobregat",4181,"Barcelona","Baix Llobregat",2021,234,780,"1.000-5.000",44805,20.89
"08204","Sant Climent de Llobregat",4181,"Barcelona","Baix Llobregat",2022,203,795,"1.000-5.000",46361,20.58
"08204","Sant Climent de Llobregat",4181,"Barcelona","Baix Llobregat",2023,120,853,"1.000-5.000",NA,NA
"08204","Sant Climent de Llobregat",4181,"Barcelona","Baix Llobregat",2024,138,735,"1.000-5.000",NA,NA
"08205","Sant Cugat del Vallès",98649,"Barcelona","Vallès Occidental",2007,530,1041,"50.000-100.000",NA,NA
"08205","Sant Cugat del Vallès",98649,"Barcelona","Vallès Occidental",2008,935,935,"50.000-100.000",NA,NA
"08205","Sant Cugat del Vallès",98649,"Barcelona","Vallès Occidental",2009,1258,878,"50.000-100.000",NA,NA
"08205","Sant Cugat del Vallès",98649,"Barcelona","Vallès Occidental",2010,1352,868,"50.000-100.000",NA,NA
"08205","Sant Cugat del Vallès",98649,"Barcelona","Vallès Occidental",2011,1473,858,"50.000-100.000",NA,NA
"08205","Sant Cugat del Vallès",98649,"Barcelona","Vallès Occidental",2012,1540,855,"50.000-100.000",NA,NA
"08205","Sant Cugat del Vallès",98649,"Barcelona","Vallès Occidental",2013,1696,869,"50.000-100.000",NA,NA
"08205","Sant Cugat del Vallès",98649,"Barcelona","Vallès Occidental",2014,1663,858,"50.000-100.000",NA,NA
"08205","Sant Cugat del Vallès",98649,"Barcelona","Vallès Occidental",2015,1587,898,"50.000-100.000",55467,19.43
"08205","Sant Cugat del Vallès",98649,"Barcelona","Vallès Occidental",2016,1513,996,"50.000-100.000",58164,20.55
"08205","Sant Cugat del Vallès",98649,"Barcelona","Vallès Occidental",2017,1975,1096,"50.000-100.000",59606,22.06
"08205","Sant Cugat del Vallès",98649,"Barcelona","Vallès Occidental",2018,2172,1150,"50.000-100.000",62246,22.17
"08205","Sant Cugat del Vallès",98649,"Barcelona","Vallès Occidental",2019,7111,1127,"50.000-100.000",64376,21.01
"08205","Sant Cugat del Vallès",98649,"Barcelona","Vallès Occidental",2020,6148,1175,"50.000-100.000",64848,21.74
"08205","Sant Cugat del Vallès",98649,"Barcelona","Vallès Occidental",2021,7451,1175,"50.000-100.000",66360,21.25
"08205","Sant Cugat del Vallès",98649,"Barcelona","Vallès Occidental",2022,6451,1235,"50.000-100.000",70875,20.91
"08205","Sant Cugat del Vallès",98649,"Barcelona","Vallès Occidental",2023,5700,1340,"50.000-100.000",NA,NA
"08205","Sant Cugat del Vallès",98649,"Barcelona","Vallès Occidental",2024,5079,1428,"50.000-100.000",NA,NA
"08206","Sant Cugat Sesgarrigues",1028,"Barcelona","Alt Penedès",2012,7,481,"1.000-5.000",NA,NA
"08206","Sant Cugat Sesgarrigues",1028,"Barcelona","Alt Penedès",2013,10,526,"1.000-5.000",NA,NA
"08206","Sant Cugat Sesgarrigues",1028,"Barcelona","Alt Penedès",2014,9,449,"1.000-5.000",NA,NA
"08206","Sant Cugat Sesgarrigues",1028,"Barcelona","Alt Penedès",2016,14,556,"1.000-5.000",35846,18.61
"08206","Sant Cugat Sesgarrigues",1028,"Barcelona","Alt Penedès",2017,8,569,"1.000-5.000",36772,18.57
"08206","Sant Cugat Sesgarrigues",1028,"Barcelona","Alt Penedès",2018,6,418,"1.000-5.000",38153,13.15
"08206","Sant Cugat Sesgarrigues",1028,"Barcelona","Alt Penedès",2019,9,505,"1.000-5.000",39061,15.51
"08206","Sant Cugat Sesgarrigues",1028,"Barcelona","Alt Penedès",2020,18,660,"1.000-5.000",39359,20.12
"08206","Sant Cugat Sesgarrigues",1028,"Barcelona","Alt Penedès",2021,8,777,"1.000-5.000",42508,21.93
"08206","Sant Cugat Sesgarrigues",1028,"Barcelona","Alt Penedès",2023,8,668,"1.000-5.000",NA,NA
"08206","Sant Cugat Sesgarrigues",1028,"Barcelona","Alt Penedès",2024,7,579,"1.000-5.000",NA,NA
"08207","Sant Esteve de Palautordera",3081,"Barcelona","Vallès Oriental",2008,7,879,"1.000-5.000",NA,NA
"08207","Sant Esteve de Palautordera",3081,"Barcelona","Vallès Oriental",2009,11,619,"1.000-5.000",NA,NA
"08207","Sant Esteve de Palautordera",3081,"Barcelona","Vallès Oriental",2010,50,563,"1.000-5.000",NA,NA
"08207","Sant Esteve de Palautordera",3081,"Barcelona","Vallès Oriental",2011,54,539,"1.000-5.000",NA,NA
"08207","Sant Esteve de Palautordera",3081,"Barcelona","Vallès Oriental",2012,57,535,"1.000-5.000",NA,NA
"08207","Sant Esteve de Palautordera",3081,"Barcelona","Vallès Oriental",2013,66,504,"1.000-5.000",NA,NA
"08207","Sant Esteve de Palautordera",3081,"Barcelona","Vallès Oriental",2014,65,494,"1.000-5.000",NA,NA
"08207","Sant Esteve de Palautordera",3081,"Barcelona","Vallès Oriental",2015,78,511,"1.000-5.000",37277,16.45
"08207","Sant Esteve de Palautordera",3081,"Barcelona","Vallès Oriental",2016,66,588,"1.000-5.000",38558,18.3
"08207","Sant Esteve de Palautordera",3081,"Barcelona","Vallès Oriental",2017,50,623,"1.000-5.000",41493,18.02
"08207","Sant Esteve de Palautordera",3081,"Barcelona","Vallès Oriental",2018,75,631,"1.000-5.000",41976,18.04
"08207","Sant Esteve de Palautordera",3081,"Barcelona","Vallès Oriental",2019,223,597,"1.000-5.000",44192,16.21
"08207","Sant Esteve de Palautordera",3081,"Barcelona","Vallès Oriental",2020,194,665,"1.000-5.000",45273,17.63
"08207","Sant Esteve de Palautordera",3081,"Barcelona","Vallès Oriental",2021,242,725,"1.000-5.000",45897,18.96
"08207","Sant Esteve de Palautordera",3081,"Barcelona","Vallès Oriental",2022,266,673,"1.000-5.000",48107,16.79
"08207","Sant Esteve de Palautordera",3081,"Barcelona","Vallès Oriental",2023,312,715,"1.000-5.000",NA,NA
"08207","Sant Esteve de Palautordera",3081,"Barcelona","Vallès Oriental",2024,245,802,"1.000-5.000",NA,NA
"08208","Sant Esteve Sesrovires",8039,"Barcelona","Baix Llobregat",2007,24,671,"5.000-10.000",NA,NA
"08208","Sant Esteve Sesrovires",8039,"Barcelona","Baix Llobregat",2008,34,762,"5.000-10.000",NA,NA
"08208","Sant Esteve Sesrovires",8039,"Barcelona","Baix Llobregat",2009,68,698,"5.000-10.000",NA,NA
"08208","Sant Esteve Sesrovires",8039,"Barcelona","Baix Llobregat",2010,65,648,"5.000-10.000",NA,NA
"08208","Sant Esteve Sesrovires",8039,"Barcelona","Baix Llobregat",2011,103,725,"5.000-10.000",NA,NA
"08208","Sant Esteve Sesrovires",8039,"Barcelona","Baix Llobregat",2012,97,701,"5.000-10.000",NA,NA
"08208","Sant Esteve Sesrovires",8039,"Barcelona","Baix Llobregat",2013,131,641,"5.000-10.000",NA,NA
"08208","Sant Esteve Sesrovires",8039,"Barcelona","Baix Llobregat",2014,131,642,"5.000-10.000",NA,NA
"08208","Sant Esteve Sesrovires",8039,"Barcelona","Baix Llobregat",2015,136,667,"5.000-10.000",40845,19.6
"08208","Sant Esteve Sesrovires",8039,"Barcelona","Baix Llobregat",2016,114,663,"5.000-10.000",41625,19.11
"08208","Sant Esteve Sesrovires",8039,"Barcelona","Baix Llobregat",2017,120,774,"5.000-10.000",42402,21.9
"08208","Sant Esteve Sesrovires",8039,"Barcelona","Baix Llobregat",2018,160,769,"5.000-10.000",44593,20.69
"08208","Sant Esteve Sesrovires",8039,"Barcelona","Baix Llobregat",2019,376,800,"5.000-10.000",44398,21.62
"08208","Sant Esteve Sesrovires",8039,"Barcelona","Baix Llobregat",2020,366,778,"5.000-10.000",46179,20.22
"08208","Sant Esteve Sesrovires",8039,"Barcelona","Baix Llobregat",2021,396,766,"5.000-10.000",48420,18.98
"08208","Sant Esteve Sesrovires",8039,"Barcelona","Baix Llobregat",2022,265,809,"5.000-10.000",50129,19.37
"08208","Sant Esteve Sesrovires",8039,"Barcelona","Baix Llobregat",2023,279,877,"5.000-10.000",NA,NA
"08208","Sant Esteve Sesrovires",8039,"Barcelona","Baix Llobregat",2024,233,874,"5.000-10.000",NA,NA
"08209","Sant Fost de Campsentelles",9196,"Barcelona","Vallès Oriental",2007,17,632,"5.000-10.000",NA,NA
"08209","Sant Fost de Campsentelles",9196,"Barcelona","Vallès Oriental",2008,19,759,"5.000-10.000",NA,NA
"08209","Sant Fost de Campsentelles",9196,"Barcelona","Vallès Oriental",2009,74,559,"5.000-10.000",NA,NA
"08209","Sant Fost de Campsentelles",9196,"Barcelona","Vallès Oriental",2010,48,696,"5.000-10.000",NA,NA
"08209","Sant Fost de Campsentelles",9196,"Barcelona","Vallès Oriental",2011,70,620,"5.000-10.000",NA,NA
"08209","Sant Fost de Campsentelles",9196,"Barcelona","Vallès Oriental",2012,72,676,"5.000-10.000",NA,NA
"08209","Sant Fost de Campsentelles",9196,"Barcelona","Vallès Oriental",2013,80,677,"5.000-10.000",NA,NA
"08209","Sant Fost de Campsentelles",9196,"Barcelona","Vallès Oriental",2014,86,658,"5.000-10.000",NA,NA
"08209","Sant Fost de Campsentelles",9196,"Barcelona","Vallès Oriental",2015,91,721,"5.000-10.000",38637,22.39
"08209","Sant Fost de Campsentelles",9196,"Barcelona","Vallès Oriental",2016,55,709,"5.000-10.000",40239,21.14
"08209","Sant Fost de Campsentelles",9196,"Barcelona","Vallès Oriental",2017,76,749,"5.000-10.000",41532,21.64
"08209","Sant Fost de Campsentelles",9196,"Barcelona","Vallès Oriental",2018,79,830,"5.000-10.000",43354,22.97
"08209","Sant Fost de Campsentelles",9196,"Barcelona","Vallès Oriental",2019,221,820,"5.000-10.000",45625,21.57
"08209","Sant Fost de Campsentelles",9196,"Barcelona","Vallès Oriental",2020,241,811,"5.000-10.000",45405,21.43
"08209","Sant Fost de Campsentelles",9196,"Barcelona","Vallès Oriental",2021,191,783,"5.000-10.000",47280,19.87
"08209","Sant Fost de Campsentelles",9196,"Barcelona","Vallès Oriental",2022,184,864,"5.000-10.000",49511,20.94
"08209","Sant Fost de Campsentelles",9196,"Barcelona","Vallès Oriental",2023,224,882,"5.000-10.000",NA,NA
"08209","Sant Fost de Campsentelles",9196,"Barcelona","Vallès Oriental",2024,133,977,"5.000-10.000",NA,NA
"08210","Sant Feliu de Codines",6624,"Barcelona","Vallès Oriental",2007,101,459,"5.000-10.000",NA,NA
"08210","Sant Feliu de Codines",6624,"Barcelona","Vallès Oriental",2008,107,461,"5.000-10.000",NA,NA
"08210","Sant Feliu de Codines",6624,"Barcelona","Vallès Oriental",2009,118,474,"5.000-10.000",NA,NA
"08210","Sant Feliu de Codines",6624,"Barcelona","Vallès Oriental",2010,153,467,"5.000-10.000",NA,NA
"08210","Sant Feliu de Codines",6624,"Barcelona","Vallès Oriental",2011,158,446,"5.000-10.000",NA,NA
"08210","Sant Feliu de Codines",6624,"Barcelona","Vallès Oriental",2012,143,421,"5.000-10.000",NA,NA
"08210","Sant Feliu de Codines",6624,"Barcelona","Vallès Oriental",2013,132,438,"5.000-10.000",NA,NA
"08210","Sant Feliu de Codines",6624,"Barcelona","Vallès Oriental",2014,160,394,"5.000-10.000",NA,NA
"08210","Sant Feliu de Codines",6624,"Barcelona","Vallès Oriental",2015,189,399,"5.000-10.000",30256,15.82
"08210","Sant Feliu de Codines",6624,"Barcelona","Vallès Oriental",2016,197,443,"5.000-10.000",31078,17.11
"08210","Sant Feliu de Codines",6624,"Barcelona","Vallès Oriental",2017,224,495,"5.000-10.000",32034,18.54
"08210","Sant Feliu de Codines",6624,"Barcelona","Vallès Oriental",2018,229,524,"5.000-10.000",33555,18.74
"08210","Sant Feliu de Codines",6624,"Barcelona","Vallès Oriental",2019,637,551,"5.000-10.000",35581,18.58
"08210","Sant Feliu de Codines",6624,"Barcelona","Vallès Oriental",2020,661,590,"5.000-10.000",35733,19.81
"08210","Sant Feliu de Codines",6624,"Barcelona","Vallès Oriental",2021,645,586,"5.000-10.000",36922,19.05
"08210","Sant Feliu de Codines",6624,"Barcelona","Vallès Oriental",2022,713,632,"5.000-10.000",38917,19.49
"08210","Sant Feliu de Codines",6624,"Barcelona","Vallès Oriental",2023,683,677,"5.000-10.000",NA,NA
"08210","Sant Feliu de Codines",6624,"Barcelona","Vallès Oriental",2024,719,723,"5.000-10.000",NA,NA
"08211","Sant Feliu de Llobregat",46381,"Barcelona","Baix Llobregat",2007,223,687,"10.000-50.000",NA,NA
"08211","Sant Feliu de Llobregat",46381,"Barcelona","Baix Llobregat",2008,332,735,"10.000-50.000",NA,NA
"08211","Sant Feliu de Llobregat",46381,"Barcelona","Baix Llobregat",2009,384,696,"10.000-50.000",NA,NA
"08211","Sant Feliu de Llobregat",46381,"Barcelona","Baix Llobregat",2010,424,677,"10.000-50.000",NA,NA
"08211","Sant Feliu de Llobregat",46381,"Barcelona","Baix Llobregat",2011,615,634,"10.000-50.000",NA,NA
"08211","Sant Feliu de Llobregat",46381,"Barcelona","Baix Llobregat",2012,619,613,"10.000-50.000",NA,NA
"08211","Sant Feliu de Llobregat",46381,"Barcelona","Baix Llobregat",2013,678,598,"10.000-50.000",NA,NA
"08211","Sant Feliu de Llobregat",46381,"Barcelona","Baix Llobregat",2014,690,584,"10.000-50.000",NA,NA
"08211","Sant Feliu de Llobregat",46381,"Barcelona","Baix Llobregat",2015,597,597,"10.000-50.000",35002,20.47
"08211","Sant Feliu de Llobregat",46381,"Barcelona","Baix Llobregat",2016,613,633,"10.000-50.000",36114,21.03
"08211","Sant Feliu de Llobregat",46381,"Barcelona","Baix Llobregat",2017,567,729,"10.000-50.000",37265,23.48
"08211","Sant Feliu de Llobregat",46381,"Barcelona","Baix Llobregat",2018,632,756,"10.000-50.000",38773,23.4
"08211","Sant Feliu de Llobregat",46381,"Barcelona","Baix Llobregat",2019,2175,821,"10.000-50.000",40612,24.26
"08211","Sant Feliu de Llobregat",46381,"Barcelona","Baix Llobregat",2020,1727,823,"10.000-50.000",40464,24.41
"08211","Sant Feliu de Llobregat",46381,"Barcelona","Baix Llobregat",2021,2203,792,"10.000-50.000",42037,22.61
"08211","Sant Feliu de Llobregat",46381,"Barcelona","Baix Llobregat",2022,2216,822,"10.000-50.000",44246,22.29
"08211","Sant Feliu de Llobregat",46381,"Barcelona","Baix Llobregat",2023,2020,905,"10.000-50.000",NA,NA
"08211","Sant Feliu de Llobregat",46381,"Barcelona","Baix Llobregat",2024,1903,890,"10.000-50.000",NA,NA
"08212","Sant Feliu Sasserra",629,"Barcelona","Bages",2008,7,286,"< 1.000",NA,NA
"08212","Sant Feliu Sasserra",629,"Barcelona","Bages",2009,8,336,"< 1.000",NA,NA
"08212","Sant Feliu Sasserra",629,"Barcelona","Bages",2012,6,310,"< 1.000",NA,NA
"08212","Sant Feliu Sasserra",629,"Barcelona","Bages",2013,6,472,"< 1.000",NA,NA
"08212","Sant Feliu Sasserra",629,"Barcelona","Bages",2015,6,319,"< 1.000",32233,11.88
"08212","Sant Feliu Sasserra",629,"Barcelona","Bages",2017,7,336,"< 1.000",34646,11.64
"08212","Sant Feliu Sasserra",629,"Barcelona","Bages",2020,9,433,"< 1.000",36958,14.06
"08212","Sant Feliu Sasserra",629,"Barcelona","Bages",2021,28,433,"< 1.000",38032,13.66
"08212","Sant Feliu Sasserra",629,"Barcelona","Bages",2022,7,487,"< 1.000",38475,15.19
"08212","Sant Feliu Sasserra",629,"Barcelona","Bages",2024,14,496,"< 1.000",NA,NA
"08213","Sant Fruitós de Bages",9225,"Barcelona","Bages",2007,44,460,"5.000-10.000",NA,NA
"08213","Sant Fruitós de Bages",9225,"Barcelona","Bages",2008,61,541,"5.000-10.000",NA,NA
"08213","Sant Fruitós de Bages",9225,"Barcelona","Bages",2009,72,522,"5.000-10.000",NA,NA
"08213","Sant Fruitós de Bages",9225,"Barcelona","Bages",2010,76,459,"5.000-10.000",NA,NA
"08213","Sant Fruitós de Bages",9225,"Barcelona","Bages",2011,71,437,"5.000-10.000",NA,NA
"08213","Sant Fruitós de Bages",9225,"Barcelona","Bages",2012,74,448,"5.000-10.000",NA,NA
"08213","Sant Fruitós de Bages",9225,"Barcelona","Bages",2013,85,378,"5.000-10.000",NA,NA
"08213","Sant Fruitós de Bages",9225,"Barcelona","Bages",2014,108,388,"5.000-10.000",NA,NA
"08213","Sant Fruitós de Bages",9225,"Barcelona","Bages",2015,90,433,"5.000-10.000",38083,13.64
"08213","Sant Fruitós de Bages",9225,"Barcelona","Bages",2016,111,409,"5.000-10.000",37274,13.17
"08213","Sant Fruitós de Bages",9225,"Barcelona","Bages",2017,141,419,"5.000-10.000",38195,13.16
"08213","Sant Fruitós de Bages",9225,"Barcelona","Bages",2018,154,485,"5.000-10.000",40938,14.22
"08213","Sant Fruitós de Bages",9225,"Barcelona","Bages",2019,365,497,"5.000-10.000",42279,14.11
"08213","Sant Fruitós de Bages",9225,"Barcelona","Bages",2020,350,526,"5.000-10.000",41011,15.39
"08213","Sant Fruitós de Bages",9225,"Barcelona","Bages",2021,485,549,"5.000-10.000",43364,15.19
"08213","Sant Fruitós de Bages",9225,"Barcelona","Bages",2022,422,551,"5.000-10.000",45217,14.62
"08213","Sant Fruitós de Bages",9225,"Barcelona","Bages",2023,255,576,"5.000-10.000",NA,NA
"08213","Sant Fruitós de Bages",9225,"Barcelona","Bages",2024,275,559,"5.000-10.000",NA,NA
"08214","Vilassar de Dalt",9299,"Barcelona","Maresme",2007,50,808,"5.000-10.000",NA,NA
"08214","Vilassar de Dalt",9299,"Barcelona","Maresme",2008,68,806,"5.000-10.000",NA,NA
"08214","Vilassar de Dalt",9299,"Barcelona","Maresme",2009,78,809,"5.000-10.000",NA,NA
"08214","Vilassar de Dalt",9299,"Barcelona","Maresme",2010,99,736,"5.000-10.000",NA,NA
"08214","Vilassar de Dalt",9299,"Barcelona","Maresme",2011,111,716,"5.000-10.000",NA,NA
"08214","Vilassar de Dalt",9299,"Barcelona","Maresme",2012,135,688,"5.000-10.000",NA,NA
"08214","Vilassar de Dalt",9299,"Barcelona","Maresme",2013,164,675,"5.000-10.000",NA,NA
"08214","Vilassar de Dalt",9299,"Barcelona","Maresme",2014,128,665,"5.000-10.000",NA,NA
"08214","Vilassar de Dalt",9299,"Barcelona","Maresme",2015,144,657,"5.000-10.000",40130,19.65
"08214","Vilassar de Dalt",9299,"Barcelona","Maresme",2016,131,699,"5.000-10.000",42187,19.88
"08214","Vilassar de Dalt",9299,"Barcelona","Maresme",2017,150,720,"5.000-10.000",42116,20.51
"08214","Vilassar de Dalt",9299,"Barcelona","Maresme",2018,164,789,"5.000-10.000",44649,21.21
"08214","Vilassar de Dalt",9299,"Barcelona","Maresme",2019,507,874,"5.000-10.000",46395,22.61
"08214","Vilassar de Dalt",9299,"Barcelona","Maresme",2020,395,842,"5.000-10.000",46854,21.56
"08214","Vilassar de Dalt",9299,"Barcelona","Maresme",2021,501,816,"5.000-10.000",47530,20.6
"08214","Vilassar de Dalt",9299,"Barcelona","Maresme",2022,456,889,"5.000-10.000",49330,21.63
"08214","Vilassar de Dalt",9299,"Barcelona","Maresme",2023,381,934,"5.000-10.000",NA,NA
"08214","Vilassar de Dalt",9299,"Barcelona","Maresme",2024,394,949,"5.000-10.000",NA,NA
"08215","Sant Hipòlit de Voltregà",3684,"Barcelona","Osona",2008,24,460,"1.000-5.000",NA,NA
"08215","Sant Hipòlit de Voltregà",3684,"Barcelona","Osona",2009,25,378,"1.000-5.000",NA,NA
"08215","Sant Hipòlit de Voltregà",3684,"Barcelona","Osona",2010,30,386,"1.000-5.000",NA,NA
"08215","Sant Hipòlit de Voltregà",3684,"Barcelona","Osona",2011,25,435,"1.000-5.000",NA,NA
"08215","Sant Hipòlit de Voltregà",3684,"Barcelona","Osona",2012,27,340,"1.000-5.000",NA,NA
"08215","Sant Hipòlit de Voltregà",3684,"Barcelona","Osona",2013,32,362,"1.000-5.000",NA,NA
"08215","Sant Hipòlit de Voltregà",3684,"Barcelona","Osona",2014,32,330,"1.000-5.000",NA,NA
"08215","Sant Hipòlit de Voltregà",3684,"Barcelona","Osona",2015,39,336,"1.000-5.000",31910,12.64
"08215","Sant Hipòlit de Voltregà",3684,"Barcelona","Osona",2016,40,352,"1.000-5.000",32731,12.91
"08215","Sant Hipòlit de Voltregà",3684,"Barcelona","Osona",2017,36,397,"1.000-5.000",33997,14.01
"08215","Sant Hipòlit de Voltregà",3684,"Barcelona","Osona",2018,35,433,"1.000-5.000",35125,14.79
"08215","Sant Hipòlit de Voltregà",3684,"Barcelona","Osona",2019,142,468,"1.000-5.000",36861,15.24
"08215","Sant Hipòlit de Voltregà",3684,"Barcelona","Osona",2020,121,446,"1.000-5.000",39075,13.7
"08215","Sant Hipòlit de Voltregà",3684,"Barcelona","Osona",2021,144,483,"1.000-5.000",38799,14.94
"08215","Sant Hipòlit de Voltregà",3684,"Barcelona","Osona",2022,161,477,"1.000-5.000",40422,14.16
"08215","Sant Hipòlit de Voltregà",3684,"Barcelona","Osona",2023,120,513,"1.000-5.000",NA,NA
"08215","Sant Hipòlit de Voltregà",3684,"Barcelona","Osona",2024,142,519,"1.000-5.000",NA,NA
"08217","Sant Joan Despí",35012,"Barcelona","Baix Llobregat",2007,221,742,"10.000-50.000",NA,NA
"08217","Sant Joan Despí",35012,"Barcelona","Baix Llobregat",2008,244,776,"10.000-50.000",NA,NA
"08217","Sant Joan Despí",35012,"Barcelona","Baix Llobregat",2009,315,680,"10.000-50.000",NA,NA
"08217","Sant Joan Despí",35012,"Barcelona","Baix Llobregat",2010,365,756,"10.000-50.000",NA,NA
"08217","Sant Joan Despí",35012,"Barcelona","Baix Llobregat",2011,407,661,"10.000-50.000",NA,NA
"08217","Sant Joan Despí",35012,"Barcelona","Baix Llobregat",2012,406,686,"10.000-50.000",NA,NA
"08217","Sant Joan Despí",35012,"Barcelona","Baix Llobregat",2013,615,646,"10.000-50.000",NA,NA
"08217","Sant Joan Despí",35012,"Barcelona","Baix Llobregat",2014,531,621,"10.000-50.000",NA,NA
"08217","Sant Joan Despí",35012,"Barcelona","Baix Llobregat",2015,502,651,"10.000-50.000",37705,20.72
"08217","Sant Joan Despí",35012,"Barcelona","Baix Llobregat",2016,431,697,"10.000-50.000",38844,21.53
"08217","Sant Joan Despí",35012,"Barcelona","Baix Llobregat",2017,452,754,"10.000-50.000",39846,22.71
"08217","Sant Joan Despí",35012,"Barcelona","Baix Llobregat",2018,613,815,"10.000-50.000",41457,23.59
"08217","Sant Joan Despí",35012,"Barcelona","Baix Llobregat",2019,1748,850,"10.000-50.000",43071,23.68
"08217","Sant Joan Despí",35012,"Barcelona","Baix Llobregat",2020,1464,864,"10.000-50.000",43031,24.09
"08217","Sant Joan Despí",35012,"Barcelona","Baix Llobregat",2021,1716,797,"10.000-50.000",44608,21.44
"08217","Sant Joan Despí",35012,"Barcelona","Baix Llobregat",2022,1600,891,"10.000-50.000",46031,23.23
"08217","Sant Joan Despí",35012,"Barcelona","Baix Llobregat",2023,1727,1006,"10.000-50.000",NA,NA
"08217","Sant Joan Despí",35012,"Barcelona","Baix Llobregat",2024,1585,1088,"10.000-50.000",NA,NA
"08218","Sant Joan de Vilatorrada",10972,"Barcelona","Bages",2007,85,445,"10.000-50.000",NA,NA
"08218","Sant Joan de Vilatorrada",10972,"Barcelona","Bages",2008,99,522,"10.000-50.000",NA,NA
"08218","Sant Joan de Vilatorrada",10972,"Barcelona","Bages",2009,100,474,"10.000-50.000",NA,NA
"08218","Sant Joan de Vilatorrada",10972,"Barcelona","Bages",2010,105,438,"10.000-50.000",NA,NA
"08218","Sant Joan de Vilatorrada",10972,"Barcelona","Bages",2011,132,409,"10.000-50.000",NA,NA
"08218","Sant Joan de Vilatorrada",10972,"Barcelona","Bages",2012,166,405,"10.000-50.000",NA,NA
"08218","Sant Joan de Vilatorrada",10972,"Barcelona","Bages",2013,120,370,"10.000-50.000",NA,NA
"08218","Sant Joan de Vilatorrada",10972,"Barcelona","Bages",2014,126,366,"10.000-50.000",NA,NA
"08218","Sant Joan de Vilatorrada",10972,"Barcelona","Bages",2015,138,365,"10.000-50.000",31121,14.07
"08218","Sant Joan de Vilatorrada",10972,"Barcelona","Bages",2016,134,385,"10.000-50.000",32056,14.41
"08218","Sant Joan de Vilatorrada",10972,"Barcelona","Bages",2017,120,399,"10.000-50.000",33037,14.49
"08218","Sant Joan de Vilatorrada",10972,"Barcelona","Bages",2018,114,460,"10.000-50.000",34218,16.13
"08218","Sant Joan de Vilatorrada",10972,"Barcelona","Bages",2019,393,487,"10.000-50.000",35664,16.39
"08218","Sant Joan de Vilatorrada",10972,"Barcelona","Bages",2020,383,460,"10.000-50.000",35987,15.34
"08218","Sant Joan de Vilatorrada",10972,"Barcelona","Bages",2021,323,457,"10.000-50.000",37106,14.78
"08218","Sant Joan de Vilatorrada",10972,"Barcelona","Bages",2022,376,525,"10.000-50.000",39008,16.15
"08218","Sant Joan de Vilatorrada",10972,"Barcelona","Bages",2023,374,549,"10.000-50.000",NA,NA
"08218","Sant Joan de Vilatorrada",10972,"Barcelona","Bages",2024,402,570,"10.000-50.000",NA,NA
"08219","Vilassar de Mar",21169,"Barcelona","Maresme",2007,188,708,"10.000-50.000",NA,NA
"08219","Vilassar de Mar",21169,"Barcelona","Maresme",2008,249,729,"10.000-50.000",NA,NA
"08219","Vilassar de Mar",21169,"Barcelona","Maresme",2009,263,755,"10.000-50.000",NA,NA
"08219","Vilassar de Mar",21169,"Barcelona","Maresme",2010,323,733,"10.000-50.000",NA,NA
"08219","Vilassar de Mar",21169,"Barcelona","Maresme",2011,336,720,"10.000-50.000",NA,NA
"08219","Vilassar de Mar",21169,"Barcelona","Maresme",2012,399,716,"10.000-50.000",NA,NA
"08219","Vilassar de Mar",21169,"Barcelona","Maresme",2013,426,694,"10.000-50.000",NA,NA
"08219","Vilassar de Mar",21169,"Barcelona","Maresme",2014,439,655,"10.000-50.000",NA,NA
"08219","Vilassar de Mar",21169,"Barcelona","Maresme",2015,388,702,"10.000-50.000",39748,21.19
"08219","Vilassar de Mar",21169,"Barcelona","Maresme",2016,339,752,"10.000-50.000",41085,21.96
"08219","Vilassar de Mar",21169,"Barcelona","Maresme",2017,452,799,"10.000-50.000",42268,22.68
"08219","Vilassar de Mar",21169,"Barcelona","Maresme",2018,513,824,"10.000-50.000",43623,22.67
"08219","Vilassar de Mar",21169,"Barcelona","Maresme",2019,1679,885,"10.000-50.000",45355,23.42
"08219","Vilassar de Mar",21169,"Barcelona","Maresme",2020,1324,889,"10.000-50.000",45967,23.21
"08219","Vilassar de Mar",21169,"Barcelona","Maresme",2021,1290,861,"10.000-50.000",46791,22.08
"08219","Vilassar de Mar",21169,"Barcelona","Maresme",2022,1261,948,"10.000-50.000",49820,22.83
"08219","Vilassar de Mar",21169,"Barcelona","Maresme",2023,1343,1053,"10.000-50.000",NA,NA
"08219","Vilassar de Mar",21169,"Barcelona","Maresme",2024,1125,1058,"10.000-50.000",NA,NA
"08220","Sant Julià de Vilatorta",3300,"Barcelona","Osona",2007,9,487,"1.000-5.000",NA,NA
"08220","Sant Julià de Vilatorta",3300,"Barcelona","Osona",2008,19,540,"1.000-5.000",NA,NA
"08220","Sant Julià de Vilatorta",3300,"Barcelona","Osona",2009,17,540,"1.000-5.000",NA,NA
"08220","Sant Julià de Vilatorta",3300,"Barcelona","Osona",2010,22,449,"1.000-5.000",NA,NA
"08220","Sant Julià de Vilatorta",3300,"Barcelona","Osona",2011,37,466,"1.000-5.000",NA,NA
"08220","Sant Julià de Vilatorta",3300,"Barcelona","Osona",2012,46,391,"1.000-5.000",NA,NA
"08220","Sant Julià de Vilatorta",3300,"Barcelona","Osona",2013,34,431,"1.000-5.000",NA,NA
"08220","Sant Julià de Vilatorta",3300,"Barcelona","Osona",2014,24,429,"1.000-5.000",NA,NA
"08220","Sant Julià de Vilatorta",3300,"Barcelona","Osona",2015,39,423,"1.000-5.000",42732,11.88
"08220","Sant Julià de Vilatorta",3300,"Barcelona","Osona",2016,33,433,"1.000-5.000",44486,11.68
"08220","Sant Julià de Vilatorta",3300,"Barcelona","Osona",2017,30,409,"1.000-5.000",45974,10.68
"08220","Sant Julià de Vilatorta",3300,"Barcelona","Osona",2018,41,450,"1.000-5.000",48075,11.23
"08220","Sant Julià de Vilatorta",3300,"Barcelona","Osona",2019,118,585,"1.000-5.000",50749,13.83
"08220","Sant Julià de Vilatorta",3300,"Barcelona","Osona",2020,105,538,"1.000-5.000",52319,12.34
"08220","Sant Julià de Vilatorta",3300,"Barcelona","Osona",2021,136,601,"1.000-5.000",54062,13.34
"08220","Sant Julià de Vilatorta",3300,"Barcelona","Osona",2022,180,582,"1.000-5.000",54630,12.78
"08220","Sant Julià de Vilatorta",3300,"Barcelona","Osona",2023,130,552,"1.000-5.000",NA,NA
"08220","Sant Julià de Vilatorta",3300,"Barcelona","Osona",2024,139,632,"1.000-5.000",NA,NA
"08221","Sant Just Desvern",20815,"Barcelona","Baix Llobregat",2007,156,996,"10.000-50.000",NA,NA
"08221","Sant Just Desvern",20815,"Barcelona","Baix Llobregat",2008,198,1083,"10.000-50.000",NA,NA
"08221","Sant Just Desvern",20815,"Barcelona","Baix Llobregat",2009,226,1048,"10.000-50.000",NA,NA
"08221","Sant Just Desvern",20815,"Barcelona","Baix Llobregat",2010,279,995,"10.000-50.000",NA,NA
"08221","Sant Just Desvern",20815,"Barcelona","Baix Llobregat",2011,270,991,"10.000-50.000",NA,NA
"08221","Sant Just Desvern",20815,"Barcelona","Baix Llobregat",2012,482,696,"10.000-50.000",NA,NA
"08221","Sant Just Desvern",20815,"Barcelona","Baix Llobregat",2013,315,824,"10.000-50.000",NA,NA
"08221","Sant Just Desvern",20815,"Barcelona","Baix Llobregat",2014,348,838,"10.000-50.000",NA,NA
"08221","Sant Just Desvern",20815,"Barcelona","Baix Llobregat",2015,344,942,"10.000-50.000",54466,20.75
"08221","Sant Just Desvern",20815,"Barcelona","Baix Llobregat",2016,298,1003,"10.000-50.000",54050,22.27
"08221","Sant Just Desvern",20815,"Barcelona","Baix Llobregat",2017,438,892,"10.000-50.000",54474,19.65
"08221","Sant Just Desvern",20815,"Barcelona","Baix Llobregat",2018,363,1059,"10.000-50.000",64177,19.8
"08221","Sant Just Desvern",20815,"Barcelona","Baix Llobregat",2019,1329,1087,"10.000-50.000",60306,21.63
"08221","Sant Just Desvern",20815,"Barcelona","Baix Llobregat",2020,1639,1241,"10.000-50.000",57804,25.76
"08221","Sant Just Desvern",20815,"Barcelona","Baix Llobregat",2021,1835,1132,"10.000-50.000",59397,22.87
"08221","Sant Just Desvern",20815,"Barcelona","Baix Llobregat",2022,1753,1223,"10.000-50.000",63487,23.12
"08221","Sant Just Desvern",20815,"Barcelona","Baix Llobregat",2023,1501,1260,"10.000-50.000",NA,NA
"08221","Sant Just Desvern",20815,"Barcelona","Baix Llobregat",2024,1072,1288,"10.000-50.000",NA,NA
"08222","Sant Llorenç d'Hortons",2617,"Barcelona","Alt Penedès",2007,19,457,"1.000-5.000",NA,NA
"08222","Sant Llorenç d'Hortons",2617,"Barcelona","Alt Penedès",2008,12,660,"1.000-5.000",NA,NA
"08222","Sant Llorenç d'Hortons",2617,"Barcelona","Alt Penedès",2009,24,541,"1.000-5.000",NA,NA
"08222","Sant Llorenç d'Hortons",2617,"Barcelona","Alt Penedès",2010,26,509,"1.000-5.000",NA,NA
"08222","Sant Llorenç d'Hortons",2617,"Barcelona","Alt Penedès",2011,41,452,"1.000-5.000",NA,NA
"08222","Sant Llorenç d'Hortons",2617,"Barcelona","Alt Penedès",2012,36,458,"1.000-5.000",NA,NA
"08222","Sant Llorenç d'Hortons",2617,"Barcelona","Alt Penedès",2013,33,417,"1.000-5.000",NA,NA
"08222","Sant Llorenç d'Hortons",2617,"Barcelona","Alt Penedès",2014,50,436,"1.000-5.000",NA,NA
"08222","Sant Llorenç d'Hortons",2617,"Barcelona","Alt Penedès",2015,59,467,"1.000-5.000",34489,16.25
"08222","Sant Llorenç d'Hortons",2617,"Barcelona","Alt Penedès",2016,46,473,"1.000-5.000",37237,15.24
"08222","Sant Llorenç d'Hortons",2617,"Barcelona","Alt Penedès",2017,53,544,"1.000-5.000",36530,17.87
"08222","Sant Llorenç d'Hortons",2617,"Barcelona","Alt Penedès",2018,46,509,"1.000-5.000",38062,16.05
"08222","Sant Llorenç d'Hortons",2617,"Barcelona","Alt Penedès",2019,143,566,"1.000-5.000",39377,17.25
"08222","Sant Llorenç d'Hortons",2617,"Barcelona","Alt Penedès",2020,116,572,"1.000-5.000",39398,17.42
"08222","Sant Llorenç d'Hortons",2617,"Barcelona","Alt Penedès",2021,116,569,"1.000-5.000",40323,16.93
"08222","Sant Llorenç d'Hortons",2617,"Barcelona","Alt Penedès",2022,94,590,"1.000-5.000",41911,16.89
"08222","Sant Llorenç d'Hortons",2617,"Barcelona","Alt Penedès",2023,106,666,"1.000-5.000",NA,NA
"08222","Sant Llorenç d'Hortons",2617,"Barcelona","Alt Penedès",2024,91,602,"1.000-5.000",NA,NA
"08223","Sant Llorenç Savall",2580,"Barcelona","Vallès Occidental",2007,28,514,"1.000-5.000",NA,NA
"08223","Sant Llorenç Savall",2580,"Barcelona","Vallès Occidental",2008,30,537,"1.000-5.000",NA,NA
"08223","Sant Llorenç Savall",2580,"Barcelona","Vallès Occidental",2009,38,479,"1.000-5.000",NA,NA
"08223","Sant Llorenç Savall",2580,"Barcelona","Vallès Occidental",2010,39,455,"1.000-5.000",NA,NA
"08223","Sant Llorenç Savall",2580,"Barcelona","Vallès Occidental",2011,35,469,"1.000-5.000",NA,NA
"08223","Sant Llorenç Savall",2580,"Barcelona","Vallès Occidental",2012,56,398,"1.000-5.000",NA,NA
"08223","Sant Llorenç Savall",2580,"Barcelona","Vallès Occidental",2013,50,366,"1.000-5.000",NA,NA
"08223","Sant Llorenç Savall",2580,"Barcelona","Vallès Occidental",2014,45,333,"1.000-5.000",NA,NA
"08223","Sant Llorenç Savall",2580,"Barcelona","Vallès Occidental",2015,48,362,"1.000-5.000",29543,14.7
"08223","Sant Llorenç Savall",2580,"Barcelona","Vallès Occidental",2016,50,356,"1.000-5.000",29926,14.28
"08223","Sant Llorenç Savall",2580,"Barcelona","Vallès Occidental",2017,46,400,"1.000-5.000",31169,15.4
"08223","Sant Llorenç Savall",2580,"Barcelona","Vallès Occidental",2018,52,455,"1.000-5.000",31609,17.27
"08223","Sant Llorenç Savall",2580,"Barcelona","Vallès Occidental",2019,150,437,"1.000-5.000",32753,16.01
"08223","Sant Llorenç Savall",2580,"Barcelona","Vallès Occidental",2020,162,504,"1.000-5.000",32707,18.49
"08223","Sant Llorenç Savall",2580,"Barcelona","Vallès Occidental",2021,140,517,"1.000-5.000",34658,17.9
"08223","Sant Llorenç Savall",2580,"Barcelona","Vallès Occidental",2022,142,505,"1.000-5.000",35927,16.87
"08223","Sant Llorenç Savall",2580,"Barcelona","Vallès Occidental",2023,146,600,"1.000-5.000",NA,NA
"08223","Sant Llorenç Savall",2580,"Barcelona","Vallès Occidental",2024,170,520,"1.000-5.000",NA,NA
"08224","Sant Martí de Centelles",1260,"Barcelona","Osona",2008,9,406,"1.000-5.000",NA,NA
"08224","Sant Martí de Centelles",1260,"Barcelona","Osona",2009,18,504,"1.000-5.000",NA,NA
"08224","Sant Martí de Centelles",1260,"Barcelona","Osona",2010,11,431,"1.000-5.000",NA,NA
"08224","Sant Martí de Centelles",1260,"Barcelona","Osona",2011,23,515,"1.000-5.000",NA,NA
"08224","Sant Martí de Centelles",1260,"Barcelona","Osona",2012,30,421,"1.000-5.000",NA,NA
"08224","Sant Martí de Centelles",1260,"Barcelona","Osona",2013,16,336,"1.000-5.000",NA,NA
"08224","Sant Martí de Centelles",1260,"Barcelona","Osona",2014,40,376,"1.000-5.000",NA,NA
"08224","Sant Martí de Centelles",1260,"Barcelona","Osona",2015,43,377,"1.000-5.000",29904,15.13
"08224","Sant Martí de Centelles",1260,"Barcelona","Osona",2016,48,391,"1.000-5.000",29286,16.02
"08224","Sant Martí de Centelles",1260,"Barcelona","Osona",2017,58,390,"1.000-5.000",30189,15.5
"08224","Sant Martí de Centelles",1260,"Barcelona","Osona",2018,43,487,"1.000-5.000",31774,18.39
"08224","Sant Martí de Centelles",1260,"Barcelona","Osona",2019,93,489,"1.000-5.000",32379,18.12
"08224","Sant Martí de Centelles",1260,"Barcelona","Osona",2020,68,467,"1.000-5.000",32802,17.08
"08224","Sant Martí de Centelles",1260,"Barcelona","Osona",2021,120,545,"1.000-5.000",33817,19.34
"08224","Sant Martí de Centelles",1260,"Barcelona","Osona",2022,80,577,"1.000-5.000",35676,19.41
"08224","Sant Martí de Centelles",1260,"Barcelona","Osona",2023,86,601,"1.000-5.000",NA,NA
"08224","Sant Martí de Centelles",1260,"Barcelona","Osona",2024,69,588,"1.000-5.000",NA,NA
"08226","Sant Martí de Tous",1273,"Barcelona","Anoia",2011,6,404,"1.000-5.000",NA,NA
"08226","Sant Martí de Tous",1273,"Barcelona","Anoia",2014,10,408,"1.000-5.000",NA,NA
"08226","Sant Martí de Tous",1273,"Barcelona","Anoia",2015,6,492,"1.000-5.000",33007,17.89
"08226","Sant Martí de Tous",1273,"Barcelona","Anoia",2016,9,544,"1.000-5.000",34527,18.91
"08226","Sant Martí de Tous",1273,"Barcelona","Anoia",2019,7,376,"1.000-5.000",39067,11.55
"08226","Sant Martí de Tous",1273,"Barcelona","Anoia",2021,13,454,"1.000-5.000",42539,12.81
"08226","Sant Martí de Tous",1273,"Barcelona","Anoia",2022,6,435,"1.000-5.000",45867,11.38
"08226","Sant Martí de Tous",1273,"Barcelona","Anoia",2023,12,454,"1.000-5.000",NA,NA
"08226","Sant Martí de Tous",1273,"Barcelona","Anoia",2024,14,571,"1.000-5.000",NA,NA
"08227","Sant Martí Sarroca",3385,"Barcelona","Alt Penedès",2007,14,491,"1.000-5.000",NA,NA
"08227","Sant Martí Sarroca",3385,"Barcelona","Alt Penedès",2008,26,552,"1.000-5.000",NA,NA
"08227","Sant Martí Sarroca",3385,"Barcelona","Alt Penedès",2009,31,511,"1.000-5.000",NA,NA
"08227","Sant Martí Sarroca",3385,"Barcelona","Alt Penedès",2010,36,462,"1.000-5.000",NA,NA
"08227","Sant Martí Sarroca",3385,"Barcelona","Alt Penedès",2011,26,485,"1.000-5.000",NA,NA
"08227","Sant Martí Sarroca",3385,"Barcelona","Alt Penedès",2012,28,448,"1.000-5.000",NA,NA
"08227","Sant Martí Sarroca",3385,"Barcelona","Alt Penedès",2013,34,452,"1.000-5.000",NA,NA
"08227","Sant Martí Sarroca",3385,"Barcelona","Alt Penedès",2014,28,452,"1.000-5.000",NA,NA
"08227","Sant Martí Sarroca",3385,"Barcelona","Alt Penedès",2015,34,426,"1.000-5.000",31352,16.31
"08227","Sant Martí Sarroca",3385,"Barcelona","Alt Penedès",2016,50,436,"1.000-5.000",32498,16.1
"08227","Sant Martí Sarroca",3385,"Barcelona","Alt Penedès",2017,35,480,"1.000-5.000",32784,17.57
"08227","Sant Martí Sarroca",3385,"Barcelona","Alt Penedès",2018,52,523,"1.000-5.000",33867,18.53
"08227","Sant Martí Sarroca",3385,"Barcelona","Alt Penedès",2019,185,529,"1.000-5.000",35168,18.05
"08227","Sant Martí Sarroca",3385,"Barcelona","Alt Penedès",2020,98,591,"1.000-5.000",35256,20.12
"08227","Sant Martí Sarroca",3385,"Barcelona","Alt Penedès",2021,171,613,"1.000-5.000",36995,19.88
"08227","Sant Martí Sarroca",3385,"Barcelona","Alt Penedès",2022,134,618,"1.000-5.000",38359,19.33
"08227","Sant Martí Sarroca",3385,"Barcelona","Alt Penedès",2023,166,631,"1.000-5.000",NA,NA
"08227","Sant Martí Sarroca",3385,"Barcelona","Alt Penedès",2024,126,655,"1.000-5.000",NA,NA
"08228","Sant Martí Sesgueioles",360,"Barcelona","Anoia",2013,6,352,"< 1.000",NA,NA
"08228","Sant Martí Sesgueioles",360,"Barcelona","Anoia",2016,6,333,"< 1.000",30556,13.08
"08229","Sant Mateu de Bages",637,"Barcelona","Bages",2015,6,383,"< 1.000",31926,14.4
"08229","Sant Mateu de Bages",637,"Barcelona","Bages",2016,7,480,"< 1.000",34161,16.86
"08229","Sant Mateu de Bages",637,"Barcelona","Bages",2019,18,538,"< 1.000",36999,17.45
"08229","Sant Mateu de Bages",637,"Barcelona","Bages",2020,22,485,"< 1.000",36236,16.06
"08229","Sant Mateu de Bages",637,"Barcelona","Bages",2021,17,621,"< 1.000",38610,19.3
"08229","Sant Mateu de Bages",637,"Barcelona","Bages",2022,17,535,"< 1.000",39260,16.35
"08229","Sant Mateu de Bages",637,"Barcelona","Bages",2023,40,398,"< 1.000",NA,NA
"08229","Sant Mateu de Bages",637,"Barcelona","Bages",2024,7,599,"< 1.000",NA,NA
"08230","Premià de Dalt",10574,"Barcelona","Maresme",2007,50,848,"10.000-50.000",NA,NA
"08230","Premià de Dalt",10574,"Barcelona","Maresme",2008,77,935,"10.000-50.000",NA,NA
"08230","Premià de Dalt",10574,"Barcelona","Maresme",2009,107,1051,"10.000-50.000",NA,NA
"08230","Premià de Dalt",10574,"Barcelona","Maresme",2010,118,988,"10.000-50.000",NA,NA
"08230","Premià de Dalt",10574,"Barcelona","Maresme",2011,125,880,"10.000-50.000",NA,NA
"08230","Premià de Dalt",10574,"Barcelona","Maresme",2012,174,711,"10.000-50.000",NA,NA
"08230","Premià de Dalt",10574,"Barcelona","Maresme",2013,179,712,"10.000-50.000",NA,NA
"08230","Premià de Dalt",10574,"Barcelona","Maresme",2014,147,744,"10.000-50.000",NA,NA
"08230","Premià de Dalt",10574,"Barcelona","Maresme",2015,121,761,"10.000-50.000",42529,21.47
"08230","Premià de Dalt",10574,"Barcelona","Maresme",2016,126,835,"10.000-50.000",44132,22.7
"08230","Premià de Dalt",10574,"Barcelona","Maresme",2017,126,885,"10.000-50.000",45692,23.24
"08230","Premià de Dalt",10574,"Barcelona","Maresme",2018,149,923,"10.000-50.000",46843,23.64
"08230","Premià de Dalt",10574,"Barcelona","Maresme",2019,536,997,"10.000-50.000",49091,24.37
"08230","Premià de Dalt",10574,"Barcelona","Maresme",2020,398,1083,"10.000-50.000",48959,26.54
"08230","Premià de Dalt",10574,"Barcelona","Maresme",2021,416,1065,"10.000-50.000",50848,25.13
"08230","Premià de Dalt",10574,"Barcelona","Maresme",2022,417,1097,"10.000-50.000",53971,24.39
"08230","Premià de Dalt",10574,"Barcelona","Maresme",2023,297,900,"10.000-50.000",NA,NA
"08230","Premià de Dalt",10574,"Barcelona","Maresme",2024,277,1243,"10.000-50.000",NA,NA
"08231","Sant Pere de Ribes",32006,"Barcelona","Garraf",2007,116,733,"10.000-50.000",NA,NA
"08231","Sant Pere de Ribes",32006,"Barcelona","Garraf",2008,145,729,"10.000-50.000",NA,NA
"08231","Sant Pere de Ribes",32006,"Barcelona","Garraf",2009,149,661,"10.000-50.000",NA,NA
"08231","Sant Pere de Ribes",32006,"Barcelona","Garraf",2010,256,626,"10.000-50.000",NA,NA
"08231","Sant Pere de Ribes",32006,"Barcelona","Garraf",2011,331,617,"10.000-50.000",NA,NA
"08231","Sant Pere de Ribes",32006,"Barcelona","Garraf",2012,371,592,"10.000-50.000",NA,NA
"08231","Sant Pere de Ribes",32006,"Barcelona","Garraf",2013,380,558,"10.000-50.000",NA,NA
"08231","Sant Pere de Ribes",32006,"Barcelona","Garraf",2014,452,557,"10.000-50.000",NA,NA
"08231","Sant Pere de Ribes",32006,"Barcelona","Garraf",2015,457,568,"10.000-50.000",30772,22.15
"08231","Sant Pere de Ribes",32006,"Barcelona","Garraf",2016,458,605,"10.000-50.000",31837,22.8
"08231","Sant Pere de Ribes",32006,"Barcelona","Garraf",2017,488,660,"10.000-50.000",32766,24.17
"08231","Sant Pere de Ribes",32006,"Barcelona","Garraf",2018,529,703,"10.000-50.000",34418,24.51
"08231","Sant Pere de Ribes",32006,"Barcelona","Garraf",2019,1694,764,"10.000-50.000",35773,25.63
"08231","Sant Pere de Ribes",32006,"Barcelona","Garraf",2020,1368,753,"10.000-50.000",35819,25.23
"08231","Sant Pere de Ribes",32006,"Barcelona","Garraf",2021,1465,707,"10.000-50.000",37437,22.66
"08231","Sant Pere de Ribes",32006,"Barcelona","Garraf",2022,1538,807,"10.000-50.000",39275,24.66
"08231","Sant Pere de Ribes",32006,"Barcelona","Garraf",2023,1452,813,"10.000-50.000",NA,NA
"08231","Sant Pere de Ribes",32006,"Barcelona","Garraf",2024,1347,847,"10.000-50.000",NA,NA
"08232","Sant Pere de Riudebitlles",2495,"Barcelona","Alt Penedès",2007,8,492,"1.000-5.000",NA,NA
"08232","Sant Pere de Riudebitlles",2495,"Barcelona","Alt Penedès",2008,10,428,"1.000-5.000",NA,NA
"08232","Sant Pere de Riudebitlles",2495,"Barcelona","Alt Penedès",2009,9,483,"1.000-5.000",NA,NA
"08232","Sant Pere de Riudebitlles",2495,"Barcelona","Alt Penedès",2010,13,477,"1.000-5.000",NA,NA
"08232","Sant Pere de Riudebitlles",2495,"Barcelona","Alt Penedès",2011,17,446,"1.000-5.000",NA,NA
"08232","Sant Pere de Riudebitlles",2495,"Barcelona","Alt Penedès",2012,20,470,"1.000-5.000",NA,NA
"08232","Sant Pere de Riudebitlles",2495,"Barcelona","Alt Penedès",2013,30,416,"1.000-5.000",NA,NA
"08232","Sant Pere de Riudebitlles",2495,"Barcelona","Alt Penedès",2014,13,417,"1.000-5.000",NA,NA
"08232","Sant Pere de Riudebitlles",2495,"Barcelona","Alt Penedès",2015,23,348,"1.000-5.000",30654,13.62
"08232","Sant Pere de Riudebitlles",2495,"Barcelona","Alt Penedès",2016,34,417,"1.000-5.000",31386,15.94
"08232","Sant Pere de Riudebitlles",2495,"Barcelona","Alt Penedès",2017,25,437,"1.000-5.000",32240,16.27
"08232","Sant Pere de Riudebitlles",2495,"Barcelona","Alt Penedès",2018,36,494,"1.000-5.000",34102,17.38
"08232","Sant Pere de Riudebitlles",2495,"Barcelona","Alt Penedès",2019,100,534,"1.000-5.000",35254,18.18
"08232","Sant Pere de Riudebitlles",2495,"Barcelona","Alt Penedès",2020,95,548,"1.000-5.000",35522,18.51
"08232","Sant Pere de Riudebitlles",2495,"Barcelona","Alt Penedès",2021,139,487,"1.000-5.000",36257,16.12
"08232","Sant Pere de Riudebitlles",2495,"Barcelona","Alt Penedès",2022,126,611,"1.000-5.000",38269,19.16
"08232","Sant Pere de Riudebitlles",2495,"Barcelona","Alt Penedès",2023,140,599,"1.000-5.000",NA,NA
"08232","Sant Pere de Riudebitlles",2495,"Barcelona","Alt Penedès",2024,91,644,"1.000-5.000",NA,NA
"08233","Sant Pere de Torelló",2596,"Barcelona","Osona",2008,6,438,"1.000-5.000",NA,NA
"08233","Sant Pere de Torelló",2596,"Barcelona","Osona",2009,10,426,"1.000-5.000",NA,NA
"08233","Sant Pere de Torelló",2596,"Barcelona","Osona",2010,22,236,"1.000-5.000",NA,NA
"08233","Sant Pere de Torelló",2596,"Barcelona","Osona",2011,22,368,"1.000-5.000",NA,NA
"08233","Sant Pere de Torelló",2596,"Barcelona","Osona",2012,20,394,"1.000-5.000",NA,NA
"08233","Sant Pere de Torelló",2596,"Barcelona","Osona",2013,20,396,"1.000-5.000",NA,NA
"08233","Sant Pere de Torelló",2596,"Barcelona","Osona",2014,20,333,"1.000-5.000",NA,NA
"08233","Sant Pere de Torelló",2596,"Barcelona","Osona",2015,20,358,"1.000-5.000",31792,13.51
"08233","Sant Pere de Torelló",2596,"Barcelona","Osona",2016,17,329,"1.000-5.000",32610,12.11
"08233","Sant Pere de Torelló",2596,"Barcelona","Osona",2017,23,326,"1.000-5.000",33394,11.71
"08233","Sant Pere de Torelló",2596,"Barcelona","Osona",2018,21,342,"1.000-5.000",34350,11.95
"08233","Sant Pere de Torelló",2596,"Barcelona","Osona",2019,79,425,"1.000-5.000",36187,14.09
"08233","Sant Pere de Torelló",2596,"Barcelona","Osona",2020,87,337,"1.000-5.000",36479,11.09
"08233","Sant Pere de Torelló",2596,"Barcelona","Osona",2021,80,406,"1.000-5.000",38132,12.78
"08233","Sant Pere de Torelló",2596,"Barcelona","Osona",2022,56,349,"1.000-5.000",39417,10.62
"08233","Sant Pere de Torelló",2596,"Barcelona","Osona",2023,72,478,"1.000-5.000",NA,NA
"08233","Sant Pere de Torelló",2596,"Barcelona","Osona",2024,91,454,"1.000-5.000",NA,NA
"08234","Sant Pere de Vilamajor",4923,"Barcelona","Vallès Oriental",2007,8,976,"1.000-5.000",NA,NA
"08234","Sant Pere de Vilamajor",4923,"Barcelona","Vallès Oriental",2008,13,709,"1.000-5.000",NA,NA
"08234","Sant Pere de Vilamajor",4923,"Barcelona","Vallès Oriental",2009,18,705,"1.000-5.000",NA,NA
"08234","Sant Pere de Vilamajor",4923,"Barcelona","Vallès Oriental",2010,22,764,"1.000-5.000",NA,NA
"08234","Sant Pere de Vilamajor",4923,"Barcelona","Vallès Oriental",2011,30,726,"1.000-5.000",NA,NA
"08234","Sant Pere de Vilamajor",4923,"Barcelona","Vallès Oriental",2012,30,656,"1.000-5.000",NA,NA
"08234","Sant Pere de Vilamajor",4923,"Barcelona","Vallès Oriental",2013,39,659,"1.000-5.000",NA,NA
"08234","Sant Pere de Vilamajor",4923,"Barcelona","Vallès Oriental",2014,28,715,"1.000-5.000",NA,NA
"08234","Sant Pere de Vilamajor",4923,"Barcelona","Vallès Oriental",2015,40,641,"1.000-5.000",33483,22.97
"08234","Sant Pere de Vilamajor",4923,"Barcelona","Vallès Oriental",2016,40,761,"1.000-5.000",34831,26.22
"08234","Sant Pere de Vilamajor",4923,"Barcelona","Vallès Oriental",2017,40,710,"1.000-5.000",36157,23.56
"08234","Sant Pere de Vilamajor",4923,"Barcelona","Vallès Oriental",2018,43,803,"1.000-5.000",36983,26.06
"08234","Sant Pere de Vilamajor",4923,"Barcelona","Vallès Oriental",2019,164,820,"1.000-5.000",39318,25.03
"08234","Sant Pere de Vilamajor",4923,"Barcelona","Vallès Oriental",2020,149,888,"1.000-5.000",39140,27.23
"08234","Sant Pere de Vilamajor",4923,"Barcelona","Vallès Oriental",2021,124,797,"1.000-5.000",41265,23.18
"08234","Sant Pere de Vilamajor",4923,"Barcelona","Vallès Oriental",2022,80,914,"1.000-5.000",42684,25.7
"08234","Sant Pere de Vilamajor",4923,"Barcelona","Vallès Oriental",2023,95,993,"1.000-5.000",NA,NA
"08234","Sant Pere de Vilamajor",4923,"Barcelona","Vallès Oriental",2024,106,974,"1.000-5.000",NA,NA
"08235","Sant Pol de Mar",5810,"Barcelona","Maresme",2007,14,714,"5.000-10.000",NA,NA
"08235","Sant Pol de Mar",5810,"Barcelona","Maresme",2008,34,644,"5.000-10.000",NA,NA
"08235","Sant Pol de Mar",5810,"Barcelona","Maresme",2009,30,798,"5.000-10.000",NA,NA
"08235","Sant Pol de Mar",5810,"Barcelona","Maresme",2010,70,658,"5.000-10.000",NA,NA
"08235","Sant Pol de Mar",5810,"Barcelona","Maresme",2011,95,696,"5.000-10.000",NA,NA
"08235","Sant Pol de Mar",5810,"Barcelona","Maresme",2012,91,598,"5.000-10.000",NA,NA
"08235","Sant Pol de Mar",5810,"Barcelona","Maresme",2013,152,469,"5.000-10.000",NA,NA
"08235","Sant Pol de Mar",5810,"Barcelona","Maresme",2014,117,539,"5.000-10.000",NA,NA
"08235","Sant Pol de Mar",5810,"Barcelona","Maresme",2015,139,569,"5.000-10.000",35184,19.41
"08235","Sant Pol de Mar",5810,"Barcelona","Maresme",2016,155,583,"5.000-10.000",35778,19.55
"08235","Sant Pol de Mar",5810,"Barcelona","Maresme",2017,134,652,"5.000-10.000",36882,21.21
"08235","Sant Pol de Mar",5810,"Barcelona","Maresme",2018,137,697,"5.000-10.000",38145,21.93
"08235","Sant Pol de Mar",5810,"Barcelona","Maresme",2019,467,715,"5.000-10.000",39401,21.78
"08235","Sant Pol de Mar",5810,"Barcelona","Maresme",2020,312,756,"5.000-10.000",39281,23.1
"08235","Sant Pol de Mar",5810,"Barcelona","Maresme",2021,508,768,"5.000-10.000",40631,22.68
"08235","Sant Pol de Mar",5810,"Barcelona","Maresme",2022,288,849,"5.000-10.000",43249,23.56
"08235","Sant Pol de Mar",5810,"Barcelona","Maresme",2023,445,847,"5.000-10.000",NA,NA
"08235","Sant Pol de Mar",5810,"Barcelona","Maresme",2024,435,842,"5.000-10.000",NA,NA
"08236","Sant Quintí de Mediona",2511,"Barcelona","Alt Penedès",2007,13,398,"1.000-5.000",NA,NA
"08236","Sant Quintí de Mediona",2511,"Barcelona","Alt Penedès",2008,26,450,"1.000-5.000",NA,NA
"08236","Sant Quintí de Mediona",2511,"Barcelona","Alt Penedès",2009,20,423,"1.000-5.000",NA,NA
"08236","Sant Quintí de Mediona",2511,"Barcelona","Alt Penedès",2010,18,399,"1.000-5.000",NA,NA
"08236","Sant Quintí de Mediona",2511,"Barcelona","Alt Penedès",2011,28,436,"1.000-5.000",NA,NA
"08236","Sant Quintí de Mediona",2511,"Barcelona","Alt Penedès",2012,23,347,"1.000-5.000",NA,NA
"08236","Sant Quintí de Mediona",2511,"Barcelona","Alt Penedès",2013,20,336,"1.000-5.000",NA,NA
"08236","Sant Quintí de Mediona",2511,"Barcelona","Alt Penedès",2014,19,271,"1.000-5.000",NA,NA
"08236","Sant Quintí de Mediona",2511,"Barcelona","Alt Penedès",2015,25,332,"1.000-5.000",27248,14.62
"08236","Sant Quintí de Mediona",2511,"Barcelona","Alt Penedès",2016,38,311,"1.000-5.000",27761,13.44
"08236","Sant Quintí de Mediona",2511,"Barcelona","Alt Penedès",2017,69,382,"1.000-5.000",28460,16.11
"08236","Sant Quintí de Mediona",2511,"Barcelona","Alt Penedès",2018,54,393,"1.000-5.000",29330,16.08
"08236","Sant Quintí de Mediona",2511,"Barcelona","Alt Penedès",2019,194,444,"1.000-5.000",31072,17.15
"08236","Sant Quintí de Mediona",2511,"Barcelona","Alt Penedès",2020,160,434,"1.000-5.000",30970,16.82
"08236","Sant Quintí de Mediona",2511,"Barcelona","Alt Penedès",2021,118,465,"1.000-5.000",31922,17.48
"08236","Sant Quintí de Mediona",2511,"Barcelona","Alt Penedès",2022,140,484,"1.000-5.000",33990,17.09
"08236","Sant Quintí de Mediona",2511,"Barcelona","Alt Penedès",2023,151,518,"1.000-5.000",NA,NA
"08236","Sant Quintí de Mediona",2511,"Barcelona","Alt Penedès",2024,117,555,"1.000-5.000",NA,NA
"08237","Sant Quirze de Besora",2127,"Barcelona","Osona",2007,25,287,"1.000-5.000",NA,NA
"08237","Sant Quirze de Besora",2127,"Barcelona","Osona",2008,7,439,"1.000-5.000",NA,NA
"08237","Sant Quirze de Besora",2127,"Barcelona","Osona",2009,21,378,"1.000-5.000",NA,NA
"08237","Sant Quirze de Besora",2127,"Barcelona","Osona",2010,21,395,"1.000-5.000",NA,NA
"08237","Sant Quirze de Besora",2127,"Barcelona","Osona",2011,21,362,"1.000-5.000",NA,NA
"08237","Sant Quirze de Besora",2127,"Barcelona","Osona",2012,31,320,"1.000-5.000",NA,NA
"08237","Sant Quirze de Besora",2127,"Barcelona","Osona",2013,28,361,"1.000-5.000",NA,NA
"08237","Sant Quirze de Besora",2127,"Barcelona","Osona",2014,33,316,"1.000-5.000",NA,NA
"08237","Sant Quirze de Besora",2127,"Barcelona","Osona",2015,25,356,"1.000-5.000",30229,14.13
"08237","Sant Quirze de Besora",2127,"Barcelona","Osona",2016,27,357,"1.000-5.000",31128,13.76
"08237","Sant Quirze de Besora",2127,"Barcelona","Osona",2017,29,374,"1.000-5.000",32332,13.88
"08237","Sant Quirze de Besora",2127,"Barcelona","Osona",2018,48,385,"1.000-5.000",33730,13.7
"08237","Sant Quirze de Besora",2127,"Barcelona","Osona",2019,99,407,"1.000-5.000",35467,13.77
"08237","Sant Quirze de Besora",2127,"Barcelona","Osona",2020,88,365,"1.000-5.000",36018,12.16
"08237","Sant Quirze de Besora",2127,"Barcelona","Osona",2021,97,370,"1.000-5.000",37002,12
"08237","Sant Quirze de Besora",2127,"Barcelona","Osona",2022,135,474,"1.000-5.000",37895,15.01
"08237","Sant Quirze de Besora",2127,"Barcelona","Osona",2023,122,509,"1.000-5.000",NA,NA
"08237","Sant Quirze de Besora",2127,"Barcelona","Osona",2024,120,474,"1.000-5.000",NA,NA
"08238","Sant Quirze del Vallès",20110,"Barcelona","Vallès Occidental",2007,78,756,"10.000-50.000",NA,NA
"08238","Sant Quirze del Vallès",20110,"Barcelona","Vallès Occidental",2008,84,753,"10.000-50.000",NA,NA
"08238","Sant Quirze del Vallès",20110,"Barcelona","Vallès Occidental",2009,143,797,"10.000-50.000",NA,NA
"08238","Sant Quirze del Vallès",20110,"Barcelona","Vallès Occidental",2010,171,720,"10.000-50.000",NA,NA
"08238","Sant Quirze del Vallès",20110,"Barcelona","Vallès Occidental",2011,188,712,"10.000-50.000",NA,NA
"08238","Sant Quirze del Vallès",20110,"Barcelona","Vallès Occidental",2012,165,642,"10.000-50.000",NA,NA
"08238","Sant Quirze del Vallès",20110,"Barcelona","Vallès Occidental",2013,212,674,"10.000-50.000",NA,NA
"08238","Sant Quirze del Vallès",20110,"Barcelona","Vallès Occidental",2014,247,636,"10.000-50.000",NA,NA
"08238","Sant Quirze del Vallès",20110,"Barcelona","Vallès Occidental",2015,194,703,"10.000-50.000",48526,17.38
"08238","Sant Quirze del Vallès",20110,"Barcelona","Vallès Occidental",2016,202,738,"10.000-50.000",50483,17.54
"08238","Sant Quirze del Vallès",20110,"Barcelona","Vallès Occidental",2017,187,741,"10.000-50.000",52502,16.94
"08238","Sant Quirze del Vallès",20110,"Barcelona","Vallès Occidental",2018,223,783,"10.000-50.000",52562,17.88
"08238","Sant Quirze del Vallès",20110,"Barcelona","Vallès Occidental",2019,606,832,"10.000-50.000",54782,18.22
"08238","Sant Quirze del Vallès",20110,"Barcelona","Vallès Occidental",2020,533,887,"10.000-50.000",54275,19.61
"08238","Sant Quirze del Vallès",20110,"Barcelona","Vallès Occidental",2021,724,852,"10.000-50.000",56173,18.2
"08238","Sant Quirze del Vallès",20110,"Barcelona","Vallès Occidental",2022,700,846,"10.000-50.000",59745,16.99
"08238","Sant Quirze del Vallès",20110,"Barcelona","Vallès Occidental",2023,514,933,"10.000-50.000",NA,NA
"08238","Sant Quirze del Vallès",20110,"Barcelona","Vallès Occidental",2024,514,966,"10.000-50.000",NA,NA
"08239","Sant Quirze Safaja",671,"Barcelona","Moianès",2011,6,512,"< 1.000",NA,NA
"08239","Sant Quirze Safaja",671,"Barcelona","Moianès",2015,8,512,"< 1.000",43796,14.03
"08239","Sant Quirze Safaja",671,"Barcelona","Moianès",2016,8,490,"< 1.000",44041,13.35
"08239","Sant Quirze Safaja",671,"Barcelona","Moianès",2017,14,612,"< 1.000",48644,15.1
"08239","Sant Quirze Safaja",671,"Barcelona","Moianès",2018,14,615,"< 1.000",47561,15.52
"08239","Sant Quirze Safaja",671,"Barcelona","Moianès",2019,36,668,"< 1.000",48427,16.55
"08239","Sant Quirze Safaja",671,"Barcelona","Moianès",2020,19,590,"< 1.000",44497,15.91
"08239","Sant Quirze Safaja",671,"Barcelona","Moianès",2021,6,1171,"< 1.000",45597,30.82
"08239","Sant Quirze Safaja",671,"Barcelona","Moianès",2022,58,574,"< 1.000",51078,13.49
"08239","Sant Quirze Safaja",671,"Barcelona","Moianès",2023,23,658,"< 1.000",NA,NA
"08239","Sant Quirze Safaja",671,"Barcelona","Moianès",2024,24,745,"< 1.000",NA,NA
"08240","Sant Sadurní d'Anoia",12915,"Barcelona","Alt Penedès",2007,161,437,"10.000-50.000",NA,NA
"08240","Sant Sadurní d'Anoia",12915,"Barcelona","Alt Penedès",2008,160,576,"10.000-50.000",NA,NA
"08240","Sant Sadurní d'Anoia",12915,"Barcelona","Alt Penedès",2009,179,545,"10.000-50.000",NA,NA
"08240","Sant Sadurní d'Anoia",12915,"Barcelona","Alt Penedès",2010,242,514,"10.000-50.000",NA,NA
"08240","Sant Sadurní d'Anoia",12915,"Barcelona","Alt Penedès",2011,289,472,"10.000-50.000",NA,NA
"08240","Sant Sadurní d'Anoia",12915,"Barcelona","Alt Penedès",2012,233,460,"10.000-50.000",NA,NA
"08240","Sant Sadurní d'Anoia",12915,"Barcelona","Alt Penedès",2013,227,447,"10.000-50.000",NA,NA
"08240","Sant Sadurní d'Anoia",12915,"Barcelona","Alt Penedès",2014,228,453,"10.000-50.000",NA,NA
"08240","Sant Sadurní d'Anoia",12915,"Barcelona","Alt Penedès",2015,238,449,"10.000-50.000",35085,15.36
"08240","Sant Sadurní d'Anoia",12915,"Barcelona","Alt Penedès",2016,242,455,"10.000-50.000",36692,14.88
"08240","Sant Sadurní d'Anoia",12915,"Barcelona","Alt Penedès",2017,265,502,"10.000-50.000",36700,16.41
"08240","Sant Sadurní d'Anoia",12915,"Barcelona","Alt Penedès",2018,283,523,"10.000-50.000",38321,16.38
"08240","Sant Sadurní d'Anoia",12915,"Barcelona","Alt Penedès",2019,895,578,"10.000-50.000",39442,17.59
"08240","Sant Sadurní d'Anoia",12915,"Barcelona","Alt Penedès",2020,769,588,"10.000-50.000",40005,17.64
"08240","Sant Sadurní d'Anoia",12915,"Barcelona","Alt Penedès",2021,872,588,"10.000-50.000",41404,17.04
"08240","Sant Sadurní d'Anoia",12915,"Barcelona","Alt Penedès",2022,796,564,"10.000-50.000",43501,15.56
"08240","Sant Sadurní d'Anoia",12915,"Barcelona","Alt Penedès",2023,821,593,"10.000-50.000",NA,NA
"08240","Sant Sadurní d'Anoia",12915,"Barcelona","Alt Penedès",2024,735,642,"10.000-50.000",NA,NA
"08241","Sant Sadurní d'Osormort",85,"Barcelona","Osona",2015,8,320,"< 1.000",NA,NA
"08241","Sant Sadurní d'Osormort",85,"Barcelona","Osona",2016,8,383,"< 1.000",NA,NA
"08242","Marganell",310,"Barcelona","Bages",2012,6,462,"< 1.000",NA,NA
"08242","Marganell",310,"Barcelona","Bages",2016,6,472,"< 1.000",27053,20.94
"08244","Santa Coloma de Cervelló",8334,"Barcelona","Baix Llobregat",2007,25,724,"5.000-10.000",NA,NA
"08244","Santa Coloma de Cervelló",8334,"Barcelona","Baix Llobregat",2008,42,735,"5.000-10.000",NA,NA
"08244","Santa Coloma de Cervelló",8334,"Barcelona","Baix Llobregat",2009,44,747,"5.000-10.000",NA,NA
"08244","Santa Coloma de Cervelló",8334,"Barcelona","Baix Llobregat",2010,42,720,"5.000-10.000",NA,NA
"08244","Santa Coloma de Cervelló",8334,"Barcelona","Baix Llobregat",2011,69,685,"5.000-10.000",NA,NA
"08244","Santa Coloma de Cervelló",8334,"Barcelona","Baix Llobregat",2012,84,675,"5.000-10.000",NA,NA
"08244","Santa Coloma de Cervelló",8334,"Barcelona","Baix Llobregat",2013,78,661,"5.000-10.000",NA,NA
"08244","Santa Coloma de Cervelló",8334,"Barcelona","Baix Llobregat",2014,89,658,"5.000-10.000",NA,NA
"08244","Santa Coloma de Cervelló",8334,"Barcelona","Baix Llobregat",2015,81,631,"5.000-10.000",39595,19.12
"08244","Santa Coloma de Cervelló",8334,"Barcelona","Baix Llobregat",2016,73,692,"5.000-10.000",41253,20.13
"08244","Santa Coloma de Cervelló",8334,"Barcelona","Baix Llobregat",2017,69,706,"5.000-10.000",42140,20.1
"08244","Santa Coloma de Cervelló",8334,"Barcelona","Baix Llobregat",2018,88,774,"5.000-10.000",43887,21.16
"08244","Santa Coloma de Cervelló",8334,"Barcelona","Baix Llobregat",2019,255,831,"5.000-10.000",45136,22.09
"08244","Santa Coloma de Cervelló",8334,"Barcelona","Baix Llobregat",2020,230,767,"5.000-10.000",46058,19.98
"08244","Santa Coloma de Cervelló",8334,"Barcelona","Baix Llobregat",2021,285,802,"5.000-10.000",48364,19.9
"08244","Santa Coloma de Cervelló",8334,"Barcelona","Baix Llobregat",2022,271,829,"5.000-10.000",49723,20.01
"08244","Santa Coloma de Cervelló",8334,"Barcelona","Baix Llobregat",2023,202,915,"5.000-10.000",NA,NA
"08244","Santa Coloma de Cervelló",8334,"Barcelona","Baix Llobregat",2024,228,985,"5.000-10.000",NA,NA
"08245","Santa Coloma de Gramenet",120903,"Barcelona","Barcelonès",2007,794,581,"> 100.000",NA,NA
"08245","Santa Coloma de Gramenet",120903,"Barcelona","Barcelonès",2008,965,635,"> 100.000",NA,NA
"08245","Santa Coloma de Gramenet",120903,"Barcelona","Barcelonès",2009,1287,608,"> 100.000",NA,NA
"08245","Santa Coloma de Gramenet",120903,"Barcelona","Barcelonès",2010,1328,578,"> 100.000",NA,NA
"08245","Santa Coloma de Gramenet",120903,"Barcelona","Barcelonès",2011,1510,562,"> 100.000",NA,NA
"08245","Santa Coloma de Gramenet",120903,"Barcelona","Barcelonès",2012,1874,528,"> 100.000",NA,NA
"08245","Santa Coloma de Gramenet",120903,"Barcelona","Barcelonès",2013,1965,481,"> 100.000",NA,NA
"08245","Santa Coloma de Gramenet",120903,"Barcelona","Barcelonès",2014,2302,470,"> 100.000",NA,NA
"08245","Santa Coloma de Gramenet",120903,"Barcelona","Barcelonès",2015,1934,483,"> 100.000",26122,22.19
"08245","Santa Coloma de Gramenet",120903,"Barcelona","Barcelonès",2016,1858,506,"> 100.000",26874,22.59
"08245","Santa Coloma de Gramenet",120903,"Barcelona","Barcelonès",2017,1947,529,"> 100.000",27520,23.07
"08245","Santa Coloma de Gramenet",120903,"Barcelona","Barcelonès",2018,2110,584,"> 100.000",28830,24.31
"08245","Santa Coloma de Gramenet",120903,"Barcelona","Barcelonès",2019,6790,612,"> 100.000",30063,24.43
"08245","Santa Coloma de Gramenet",120903,"Barcelona","Barcelonès",2020,5016,616,"> 100.000",29891,24.73
"08245","Santa Coloma de Gramenet",120903,"Barcelona","Barcelonès",2021,5947,605,"> 100.000",31195,23.27
"08245","Santa Coloma de Gramenet",120903,"Barcelona","Barcelonès",2022,6044,632,"> 100.000",32642,23.23
"08245","Santa Coloma de Gramenet",120903,"Barcelona","Barcelonès",2023,5628,682,"> 100.000",NA,NA
"08245","Santa Coloma de Gramenet",120903,"Barcelona","Barcelonès",2024,4921,704,"> 100.000",NA,NA
"08246","Santa Eugènia de Berga",2300,"Barcelona","Osona",2007,8,500,"1.000-5.000",NA,NA
"08246","Santa Eugènia de Berga",2300,"Barcelona","Osona",2008,10,572,"1.000-5.000",NA,NA
"08246","Santa Eugènia de Berga",2300,"Barcelona","Osona",2009,23,532,"1.000-5.000",NA,NA
"08246","Santa Eugènia de Berga",2300,"Barcelona","Osona",2010,17,508,"1.000-5.000",NA,NA
"08246","Santa Eugènia de Berga",2300,"Barcelona","Osona",2011,47,510,"1.000-5.000",NA,NA
"08246","Santa Eugènia de Berga",2300,"Barcelona","Osona",2012,55,411,"1.000-5.000",NA,NA
"08246","Santa Eugènia de Berga",2300,"Barcelona","Osona",2013,34,421,"1.000-5.000",NA,NA
"08246","Santa Eugènia de Berga",2300,"Barcelona","Osona",2014,39,431,"1.000-5.000",NA,NA
"08246","Santa Eugènia de Berga",2300,"Barcelona","Osona",2015,40,438,"1.000-5.000",33046,15.91
"08246","Santa Eugènia de Berga",2300,"Barcelona","Osona",2016,29,462,"1.000-5.000",34149,16.23
"08246","Santa Eugènia de Berga",2300,"Barcelona","Osona",2017,25,515,"1.000-5.000",34267,18.03
"08246","Santa Eugènia de Berga",2300,"Barcelona","Osona",2018,28,498,"1.000-5.000",35959,16.62
"08246","Santa Eugènia de Berga",2300,"Barcelona","Osona",2019,115,504,"1.000-5.000",37342,16.2
"08246","Santa Eugènia de Berga",2300,"Barcelona","Osona",2020,88,535,"1.000-5.000",37392,17.17
"08246","Santa Eugènia de Berga",2300,"Barcelona","Osona",2021,59,535,"1.000-5.000",38798,16.55
"08246","Santa Eugènia de Berga",2300,"Barcelona","Osona",2022,75,579,"1.000-5.000",40183,17.29
"08246","Santa Eugènia de Berga",2300,"Barcelona","Osona",2023,97,601,"1.000-5.000",NA,NA
"08246","Santa Eugènia de Berga",2300,"Barcelona","Osona",2024,93,582,"1.000-5.000",NA,NA
"08247","Santa Eulàlia de Riuprimer",1486,"Barcelona","Osona",2008,11,536,"1.000-5.000",NA,NA
"08247","Santa Eulàlia de Riuprimer",1486,"Barcelona","Osona",2009,9,457,"1.000-5.000",NA,NA
"08247","Santa Eulàlia de Riuprimer",1486,"Barcelona","Osona",2010,18,441,"1.000-5.000",NA,NA
"08247","Santa Eulàlia de Riuprimer",1486,"Barcelona","Osona",2011,21,518,"1.000-5.000",NA,NA
"08247","Santa Eulàlia de Riuprimer",1486,"Barcelona","Osona",2012,21,482,"1.000-5.000",NA,NA
"08247","Santa Eulàlia de Riuprimer",1486,"Barcelona","Osona",2013,29,427,"1.000-5.000",NA,NA
"08247","Santa Eulàlia de Riuprimer",1486,"Barcelona","Osona",2014,10,419,"1.000-5.000",NA,NA
"08247","Santa Eulàlia de Riuprimer",1486,"Barcelona","Osona",2015,16,427,"1.000-5.000",34014,15.06
"08247","Santa Eulàlia de Riuprimer",1486,"Barcelona","Osona",2016,16,474,"1.000-5.000",35422,16.06
"08247","Santa Eulàlia de Riuprimer",1486,"Barcelona","Osona",2017,18,493,"1.000-5.000",37620,15.73
"08247","Santa Eulàlia de Riuprimer",1486,"Barcelona","Osona",2018,26,484,"1.000-5.000",39241,14.8
"08247","Santa Eulàlia de Riuprimer",1486,"Barcelona","Osona",2019,33,531,"1.000-5.000",40042,15.91
"08247","Santa Eulàlia de Riuprimer",1486,"Barcelona","Osona",2020,48,641,"1.000-5.000",39930,19.26
"08247","Santa Eulàlia de Riuprimer",1486,"Barcelona","Osona",2021,33,549,"1.000-5.000",41316,15.95
"08247","Santa Eulàlia de Riuprimer",1486,"Barcelona","Osona",2022,62,650,"1.000-5.000",43934,17.75
"08247","Santa Eulàlia de Riuprimer",1486,"Barcelona","Osona",2023,95,664,"1.000-5.000",NA,NA
"08247","Santa Eulàlia de Riuprimer",1486,"Barcelona","Osona",2024,68,694,"1.000-5.000",NA,NA
"08248","Santa Eulàlia de Ronçana",7916,"Barcelona","Vallès Oriental",2007,15,676,"5.000-10.000",NA,NA
"08248","Santa Eulàlia de Ronçana",7916,"Barcelona","Vallès Oriental",2008,15,756,"5.000-10.000",NA,NA
"08248","Santa Eulàlia de Ronçana",7916,"Barcelona","Vallès Oriental",2009,21,714,"5.000-10.000",NA,NA
"08248","Santa Eulàlia de Ronçana",7916,"Barcelona","Vallès Oriental",2010,29,705,"5.000-10.000",NA,NA
"08248","Santa Eulàlia de Ronçana",7916,"Barcelona","Vallès Oriental",2011,48,669,"5.000-10.000",NA,NA
"08248","Santa Eulàlia de Ronçana",7916,"Barcelona","Vallès Oriental",2012,52,628,"5.000-10.000",NA,NA
"08248","Santa Eulàlia de Ronçana",7916,"Barcelona","Vallès Oriental",2013,66,582,"5.000-10.000",NA,NA
"08248","Santa Eulàlia de Ronçana",7916,"Barcelona","Vallès Oriental",2014,51,611,"5.000-10.000",NA,NA
"08248","Santa Eulàlia de Ronçana",7916,"Barcelona","Vallès Oriental",2015,61,636,"5.000-10.000",35432,21.54
"08248","Santa Eulàlia de Ronçana",7916,"Barcelona","Vallès Oriental",2016,77,649,"5.000-10.000",36558,21.3
"08248","Santa Eulàlia de Ronçana",7916,"Barcelona","Vallès Oriental",2017,55,708,"5.000-10.000",37517,22.65
"08248","Santa Eulàlia de Ronçana",7916,"Barcelona","Vallès Oriental",2018,61,757,"5.000-10.000",39941,22.74
"08248","Santa Eulàlia de Ronçana",7916,"Barcelona","Vallès Oriental",2019,260,773,"5.000-10.000",41023,22.61
"08248","Santa Eulàlia de Ronçana",7916,"Barcelona","Vallès Oriental",2020,208,805,"5.000-10.000",41387,23.34
"08248","Santa Eulàlia de Ronçana",7916,"Barcelona","Vallès Oriental",2021,147,880,"5.000-10.000",42638,24.77
"08248","Santa Eulàlia de Ronçana",7916,"Barcelona","Vallès Oriental",2022,184,809,"5.000-10.000",45883,21.16
"08248","Santa Eulàlia de Ronçana",7916,"Barcelona","Vallès Oriental",2023,185,914,"5.000-10.000",NA,NA
"08248","Santa Eulàlia de Ronçana",7916,"Barcelona","Vallès Oriental",2024,158,958,"5.000-10.000",NA,NA
"08250","Santa Margarida de Montbui",10519,"Barcelona","Anoia",2007,16,438,"10.000-50.000",NA,NA
"08250","Santa Margarida de Montbui",10519,"Barcelona","Anoia",2008,28,497,"10.000-50.000",NA,NA
"08250","Santa Margarida de Montbui",10519,"Barcelona","Anoia",2009,48,440,"10.000-50.000",NA,NA
"08250","Santa Margarida de Montbui",10519,"Barcelona","Anoia",2010,75,387,"10.000-50.000",NA,NA
"08250","Santa Margarida de Montbui",10519,"Barcelona","Anoia",2011,96,365,"10.000-50.000",NA,NA
"08250","Santa Margarida de Montbui",10519,"Barcelona","Anoia",2012,97,340,"10.000-50.000",NA,NA
"08250","Santa Margarida de Montbui",10519,"Barcelona","Anoia",2013,106,312,"10.000-50.000",NA,NA
"08250","Santa Margarida de Montbui",10519,"Barcelona","Anoia",2014,125,314,"10.000-50.000",NA,NA
"08250","Santa Margarida de Montbui",10519,"Barcelona","Anoia",2015,115,320,"10.000-50.000",25801,14.88
"08250","Santa Margarida de Montbui",10519,"Barcelona","Anoia",2016,120,325,"10.000-50.000",26794,14.56
"08250","Santa Margarida de Montbui",10519,"Barcelona","Anoia",2017,138,355,"10.000-50.000",27060,15.74
"08250","Santa Margarida de Montbui",10519,"Barcelona","Anoia",2018,132,382,"10.000-50.000",28288,16.2
"08250","Santa Margarida de Montbui",10519,"Barcelona","Anoia",2019,424,420,"10.000-50.000",29560,17.05
"08250","Santa Margarida de Montbui",10519,"Barcelona","Anoia",2020,389,413,"10.000-50.000",30044,16.5
"08250","Santa Margarida de Montbui",10519,"Barcelona","Anoia",2021,423,445,"10.000-50.000",30844,17.31
"08250","Santa Margarida de Montbui",10519,"Barcelona","Anoia",2022,330,460,"10.000-50.000",32318,17.08
"08250","Santa Margarida de Montbui",10519,"Barcelona","Anoia",2023,469,463,"10.000-50.000",NA,NA
"08250","Santa Margarida de Montbui",10519,"Barcelona","Anoia",2024,385,487,"10.000-50.000",NA,NA
"08251","Santa Margarida i els Monjos",7718,"Barcelona","Alt Penedès",2007,16,528,"5.000-10.000",NA,NA
"08251","Santa Margarida i els Monjos",7718,"Barcelona","Alt Penedès",2008,31,530,"5.000-10.000",NA,NA
"08251","Santa Margarida i els Monjos",7718,"Barcelona","Alt Penedès",2009,66,493,"5.000-10.000",NA,NA
"08251","Santa Margarida i els Monjos",7718,"Barcelona","Alt Penedès",2010,79,461,"5.000-10.000",NA,NA
"08251","Santa Margarida i els Monjos",7718,"Barcelona","Alt Penedès",2011,124,433,"5.000-10.000",NA,NA
"08251","Santa Margarida i els Monjos",7718,"Barcelona","Alt Penedès",2012,131,401,"5.000-10.000",NA,NA
"08251","Santa Margarida i els Monjos",7718,"Barcelona","Alt Penedès",2013,142,359,"5.000-10.000",NA,NA
"08251","Santa Margarida i els Monjos",7718,"Barcelona","Alt Penedès",2014,99,393,"5.000-10.000",NA,NA
"08251","Santa Margarida i els Monjos",7718,"Barcelona","Alt Penedès",2015,93,399,"5.000-10.000",29160,16.42
"08251","Santa Margarida i els Monjos",7718,"Barcelona","Alt Penedès",2016,88,407,"5.000-10.000",29908,16.33
"08251","Santa Margarida i els Monjos",7718,"Barcelona","Alt Penedès",2017,93,453,"5.000-10.000",31233,17.4
"08251","Santa Margarida i els Monjos",7718,"Barcelona","Alt Penedès",2018,134,430,"5.000-10.000",32239,16.01
"08251","Santa Margarida i els Monjos",7718,"Barcelona","Alt Penedès",2019,336,446,"5.000-10.000",33590,15.93
"08251","Santa Margarida i els Monjos",7718,"Barcelona","Alt Penedès",2020,278,505,"5.000-10.000",33662,18
"08251","Santa Margarida i els Monjos",7718,"Barcelona","Alt Penedès",2021,389,472,"5.000-10.000",35692,15.87
"08251","Santa Margarida i els Monjos",7718,"Barcelona","Alt Penedès",2022,296,532,"5.000-10.000",36012,17.73
"08251","Santa Margarida i els Monjos",7718,"Barcelona","Alt Penedès",2023,309,558,"5.000-10.000",NA,NA
"08251","Santa Margarida i els Monjos",7718,"Barcelona","Alt Penedès",2024,298,547,"5.000-10.000",NA,NA
"08252","Barberà del Vallès",33644,"Barcelona","Vallès Occidental",2007,187,673,"10.000-50.000",NA,NA
"08252","Barberà del Vallès",33644,"Barcelona","Vallès Occidental",2008,232,720,"10.000-50.000",NA,NA
"08252","Barberà del Vallès",33644,"Barcelona","Vallès Occidental",2009,283,672,"10.000-50.000",NA,NA
"08252","Barberà del Vallès",33644,"Barcelona","Vallès Occidental",2010,257,651,"10.000-50.000",NA,NA
"08252","Barberà del Vallès",33644,"Barcelona","Vallès Occidental",2011,427,570,"10.000-50.000",NA,NA
"08252","Barberà del Vallès",33644,"Barcelona","Vallès Occidental",2012,444,557,"10.000-50.000",NA,NA
"08252","Barberà del Vallès",33644,"Barcelona","Vallès Occidental",2013,429,543,"10.000-50.000",NA,NA
"08252","Barberà del Vallès",33644,"Barcelona","Vallès Occidental",2014,400,528,"10.000-50.000",NA,NA
"08252","Barberà del Vallès",33644,"Barcelona","Vallès Occidental",2015,373,542,"10.000-50.000",32663,19.91
"08252","Barberà del Vallès",33644,"Barcelona","Vallès Occidental",2016,380,569,"10.000-50.000",33757,20.23
"08252","Barberà del Vallès",33644,"Barcelona","Vallès Occidental",2017,413,613,"10.000-50.000",34751,21.17
"08252","Barberà del Vallès",33644,"Barcelona","Vallès Occidental",2018,440,633,"10.000-50.000",35926,21.14
"08252","Barberà del Vallès",33644,"Barcelona","Vallès Occidental",2019,1379,699,"10.000-50.000",37707,22.25
"08252","Barberà del Vallès",33644,"Barcelona","Vallès Occidental",2020,1086,730,"10.000-50.000",37693,23.24
"08252","Barberà del Vallès",33644,"Barcelona","Vallès Occidental",2021,1221,669,"10.000-50.000",39246,20.46
"08252","Barberà del Vallès",33644,"Barcelona","Vallès Occidental",2022,1323,698,"10.000-50.000",41105,20.38
"08252","Barberà del Vallès",33644,"Barcelona","Vallès Occidental",2023,1263,755,"10.000-50.000",NA,NA
"08252","Barberà del Vallès",33644,"Barcelona","Vallès Occidental",2024,1108,809,"10.000-50.000",NA,NA
"08254","Esquirol, L'",2275,"Barcelona","Osona",2007,14,283,"1.000-5.000",NA,NA
"08254","Esquirol, L'",2275,"Barcelona","Osona",2008,19,374,"1.000-5.000",NA,NA
"08254","Esquirol, L'",2275,"Barcelona","Osona",2009,22,380,"1.000-5.000",NA,NA
"08254","Esquirol, L'",2275,"Barcelona","Osona",2010,22,416,"1.000-5.000",NA,NA
"08254","Esquirol, L'",2275,"Barcelona","Osona",2011,19,400,"1.000-5.000",NA,NA
"08254","Esquirol, L'",2275,"Barcelona","Osona",2012,32,378,"1.000-5.000",NA,NA
"08254","Esquirol, L'",2275,"Barcelona","Osona",2013,17,483,"1.000-5.000",NA,NA
"08254","Esquirol, L'",2275,"Barcelona","Osona",2014,29,364,"1.000-5.000",NA,NA
"08254","Esquirol, L'",2275,"Barcelona","Osona",2015,23,376,"1.000-5.000",33557,13.45
"08254","Esquirol, L'",2275,"Barcelona","Osona",2016,30,372,"1.000-5.000",35450,12.59
"08254","Esquirol, L'",2275,"Barcelona","Osona",2017,34,389,"1.000-5.000",36786,12.69
"08254","Esquirol, L'",2275,"Barcelona","Osona",2018,33,392,"1.000-5.000",37088,12.68
"08254","Esquirol, L'",2275,"Barcelona","Osona",2019,139,409,"1.000-5.000",38612,12.71
"08254","Esquirol, L'",2275,"Barcelona","Osona",2020,112,434,"1.000-5.000",38300,13.6
"08254","Esquirol, L'",2275,"Barcelona","Osona",2021,81,470,"1.000-5.000",39279,14.36
"08254","Esquirol, L'",2275,"Barcelona","Osona",2022,95,445,"1.000-5.000",40601,13.15
"08254","Esquirol, L'",2275,"Barcelona","Osona",2023,140,528,"1.000-5.000",NA,NA
"08254","Esquirol, L'",2275,"Barcelona","Osona",2024,103,527,"1.000-5.000",NA,NA
"08256","Santa Maria de Martorelles",872,"Barcelona","Vallès Oriental",2009,13,683,"< 1.000",NA,NA
"08256","Santa Maria de Martorelles",872,"Barcelona","Vallès Oriental",2010,7,561,"< 1.000",NA,NA
"08256","Santa Maria de Martorelles",872,"Barcelona","Vallès Oriental",2011,9,592,"< 1.000",NA,NA
"08256","Santa Maria de Martorelles",872,"Barcelona","Vallès Oriental",2012,14,631,"< 1.000",NA,NA
"08256","Santa Maria de Martorelles",872,"Barcelona","Vallès Oriental",2013,13,545,"< 1.000",NA,NA
"08256","Santa Maria de Martorelles",872,"Barcelona","Vallès Oriental",2014,12,602,"< 1.000",NA,NA
"08256","Santa Maria de Martorelles",872,"Barcelona","Vallès Oriental",2015,14,577,"< 1.000",36188,19.13
"08256","Santa Maria de Martorelles",872,"Barcelona","Vallès Oriental",2016,7,522,"< 1.000",37318,16.79
"08256","Santa Maria de Martorelles",872,"Barcelona","Vallès Oriental",2017,8,566,"< 1.000",37909,17.92
"08256","Santa Maria de Martorelles",872,"Barcelona","Vallès Oriental",2018,8,581,"< 1.000",40487,17.22
"08256","Santa Maria de Martorelles",872,"Barcelona","Vallès Oriental",2019,6,673,"< 1.000",41824,19.31
"08256","Santa Maria de Martorelles",872,"Barcelona","Vallès Oriental",2022,7,779,"< 1.000",47495,19.68
"08256","Santa Maria de Martorelles",872,"Barcelona","Vallès Oriental",2023,6,736,"< 1.000",NA,NA
"08258","Santa Maria d'Oló",1078,"Barcelona","Moianès",2012,6,392,"1.000-5.000",NA,NA
"08258","Santa Maria d'Oló",1078,"Barcelona","Moianès",2014,6,338,"1.000-5.000",NA,NA
"08258","Santa Maria d'Oló",1078,"Barcelona","Moianès",2017,11,461,"1.000-5.000",31029,17.83
"08258","Santa Maria d'Oló",1078,"Barcelona","Moianès",2018,12,396,"1.000-5.000",32501,14.62
"08258","Santa Maria d'Oló",1078,"Barcelona","Moianès",2019,41,416,"1.000-5.000",34671,14.4
"08258","Santa Maria d'Oló",1078,"Barcelona","Moianès",2020,15,555,"1.000-5.000",35163,18.94
"08258","Santa Maria d'Oló",1078,"Barcelona","Moianès",2021,6,452,"1.000-5.000",36417,14.89
"08258","Santa Maria d'Oló",1078,"Barcelona","Moianès",2022,17,517,"1.000-5.000",37872,16.38
"08258","Santa Maria d'Oló",1078,"Barcelona","Moianès",2023,34,510,"1.000-5.000",NA,NA
"08258","Santa Maria d'Oló",1078,"Barcelona","Moianès",2024,32,633,"1.000-5.000",NA,NA
"08259","Santa Maria de Palautordera",9994,"Barcelona","Vallès Oriental",2007,22,560,"5.000-10.000",NA,NA
"08259","Santa Maria de Palautordera",9994,"Barcelona","Vallès Oriental",2008,46,600,"5.000-10.000",NA,NA
"08259","Santa Maria de Palautordera",9994,"Barcelona","Vallès Oriental",2009,41,546,"5.000-10.000",NA,NA
"08259","Santa Maria de Palautordera",9994,"Barcelona","Vallès Oriental",2010,83,520,"5.000-10.000",NA,NA
"08259","Santa Maria de Palautordera",9994,"Barcelona","Vallès Oriental",2011,125,534,"5.000-10.000",NA,NA
"08259","Santa Maria de Palautordera",9994,"Barcelona","Vallès Oriental",2012,102,536,"5.000-10.000",NA,NA
"08259","Santa Maria de Palautordera",9994,"Barcelona","Vallès Oriental",2013,109,497,"5.000-10.000",NA,NA
"08259","Santa Maria de Palautordera",9994,"Barcelona","Vallès Oriental",2014,147,481,"5.000-10.000",NA,NA
"08259","Santa Maria de Palautordera",9994,"Barcelona","Vallès Oriental",2015,131,474,"5.000-10.000",32340,17.59
"08259","Santa Maria de Palautordera",9994,"Barcelona","Vallès Oriental",2016,143,520,"5.000-10.000",32772,19.04
"08259","Santa Maria de Palautordera",9994,"Barcelona","Vallès Oriental",2017,112,576,"5.000-10.000",34642,19.95
"08259","Santa Maria de Palautordera",9994,"Barcelona","Vallès Oriental",2018,147,586,"5.000-10.000",35965,19.55
"08259","Santa Maria de Palautordera",9994,"Barcelona","Vallès Oriental",2019,430,578,"5.000-10.000",37809,18.34
"08259","Santa Maria de Palautordera",9994,"Barcelona","Vallès Oriental",2020,418,623,"5.000-10.000",37899,19.73
"08259","Santa Maria de Palautordera",9994,"Barcelona","Vallès Oriental",2021,440,629,"5.000-10.000",40070,18.84
"08259","Santa Maria de Palautordera",9994,"Barcelona","Vallès Oriental",2022,526,672,"5.000-10.000",41545,19.41
"08259","Santa Maria de Palautordera",9994,"Barcelona","Vallès Oriental",2023,588,735,"5.000-10.000",NA,NA
"08259","Santa Maria de Palautordera",9994,"Barcelona","Vallès Oriental",2024,495,737,"5.000-10.000",NA,NA
"08260","Santa Perpètua de Mogoda",25936,"Barcelona","Vallès Occidental",2007,48,682,"10.000-50.000",NA,NA
"08260","Santa Perpètua de Mogoda",25936,"Barcelona","Vallès Occidental",2008,78,764,"10.000-50.000",NA,NA
"08260","Santa Perpètua de Mogoda",25936,"Barcelona","Vallès Occidental",2009,128,650,"10.000-50.000",NA,NA
"08260","Santa Perpètua de Mogoda",25936,"Barcelona","Vallès Occidental",2010,222,540,"10.000-50.000",NA,NA
"08260","Santa Perpètua de Mogoda",25936,"Barcelona","Vallès Occidental",2011,260,564,"10.000-50.000",NA,NA
"08260","Santa Perpètua de Mogoda",25936,"Barcelona","Vallès Occidental",2012,212,563,"10.000-50.000",NA,NA
"08260","Santa Perpètua de Mogoda",25936,"Barcelona","Vallès Occidental",2013,325,516,"10.000-50.000",NA,NA
"08260","Santa Perpètua de Mogoda",25936,"Barcelona","Vallès Occidental",2014,350,496,"10.000-50.000",NA,NA
"08260","Santa Perpètua de Mogoda",25936,"Barcelona","Vallès Occidental",2015,320,489,"10.000-50.000",32381,18.12
"08260","Santa Perpètua de Mogoda",25936,"Barcelona","Vallès Occidental",2016,301,524,"10.000-50.000",33298,18.88
"08260","Santa Perpètua de Mogoda",25936,"Barcelona","Vallès Occidental",2017,301,596,"10.000-50.000",34531,20.71
"08260","Santa Perpètua de Mogoda",25936,"Barcelona","Vallès Occidental",2018,281,629,"10.000-50.000",35925,21.01
"08260","Santa Perpètua de Mogoda",25936,"Barcelona","Vallès Occidental",2019,1173,640,"10.000-50.000",37132,20.68
"08260","Santa Perpètua de Mogoda",25936,"Barcelona","Vallès Occidental",2020,845,651,"10.000-50.000",37403,20.89
"08260","Santa Perpètua de Mogoda",25936,"Barcelona","Vallès Occidental",2021,1126,658,"10.000-50.000",39180,20.15
"08260","Santa Perpètua de Mogoda",25936,"Barcelona","Vallès Occidental",2022,929,669,"10.000-50.000",40687,19.73
"08260","Santa Perpètua de Mogoda",25936,"Barcelona","Vallès Occidental",2023,1024,718,"10.000-50.000",NA,NA
"08260","Santa Perpètua de Mogoda",25936,"Barcelona","Vallès Occidental",2024,900,734,"10.000-50.000",NA,NA
"08261","Santa Susanna",3999,"Barcelona","Maresme",2007,14,658,"1.000-5.000",NA,NA
"08261","Santa Susanna",3999,"Barcelona","Maresme",2008,18,622,"1.000-5.000",NA,NA
"08261","Santa Susanna",3999,"Barcelona","Maresme",2009,24,672,"1.000-5.000",NA,NA
"08261","Santa Susanna",3999,"Barcelona","Maresme",2010,15,675,"1.000-5.000",NA,NA
"08261","Santa Susanna",3999,"Barcelona","Maresme",2011,38,671,"1.000-5.000",NA,NA
"08261","Santa Susanna",3999,"Barcelona","Maresme",2012,29,596,"1.000-5.000",NA,NA
"08261","Santa Susanna",3999,"Barcelona","Maresme",2013,40,582,"1.000-5.000",NA,NA
"08261","Santa Susanna",3999,"Barcelona","Maresme",2014,39,581,"1.000-5.000",NA,NA
"08261","Santa Susanna",3999,"Barcelona","Maresme",2015,70,602,"1.000-5.000",30930,23.36
"08261","Santa Susanna",3999,"Barcelona","Maresme",2016,35,567,"1.000-5.000",32292,21.07
"08261","Santa Susanna",3999,"Barcelona","Maresme",2017,33,708,"1.000-5.000",34313,24.76
"08261","Santa Susanna",3999,"Barcelona","Maresme",2018,46,748,"1.000-5.000",35111,25.56
"08261","Santa Susanna",3999,"Barcelona","Maresme",2019,169,762,"1.000-5.000",37105,24.64
"08261","Santa Susanna",3999,"Barcelona","Maresme",2020,106,746,"1.000-5.000",38168,23.45
"08261","Santa Susanna",3999,"Barcelona","Maresme",2021,140,886,"1.000-5.000",36614,29.04
"08261","Santa Susanna",3999,"Barcelona","Maresme",2022,123,1050,"1.000-5.000",40196,31.35
"08261","Santa Susanna",3999,"Barcelona","Maresme",2023,100,875,"1.000-5.000",NA,NA
"08261","Santa Susanna",3999,"Barcelona","Maresme",2024,52,972,"1.000-5.000",NA,NA
"08262","Sant Vicenç de Castellet",10131,"Barcelona","Bages",2007,86,422,"10.000-50.000",NA,NA
"08262","Sant Vicenç de Castellet",10131,"Barcelona","Bages",2008,159,486,"10.000-50.000",NA,NA
"08262","Sant Vicenç de Castellet",10131,"Barcelona","Bages",2009,174,435,"10.000-50.000",NA,NA
"08262","Sant Vicenç de Castellet",10131,"Barcelona","Bages",2010,181,409,"10.000-50.000",NA,NA
"08262","Sant Vicenç de Castellet",10131,"Barcelona","Bages",2011,236,402,"10.000-50.000",NA,NA
"08262","Sant Vicenç de Castellet",10131,"Barcelona","Bages",2012,219,358,"10.000-50.000",NA,NA
"08262","Sant Vicenç de Castellet",10131,"Barcelona","Bages",2013,206,356,"10.000-50.000",NA,NA
"08262","Sant Vicenç de Castellet",10131,"Barcelona","Bages",2014,211,350,"10.000-50.000",NA,NA
"08262","Sant Vicenç de Castellet",10131,"Barcelona","Bages",2015,226,342,"10.000-50.000",27623,14.86
"08262","Sant Vicenç de Castellet",10131,"Barcelona","Bages",2016,207,370,"10.000-50.000",28272,15.7
"08262","Sant Vicenç de Castellet",10131,"Barcelona","Bages",2017,213,390,"10.000-50.000",29320,15.96
"08262","Sant Vicenç de Castellet",10131,"Barcelona","Bages",2018,227,432,"10.000-50.000",30429,17.04
"08262","Sant Vicenç de Castellet",10131,"Barcelona","Bages",2019,647,486,"10.000-50.000",31869,18.3
"08262","Sant Vicenç de Castellet",10131,"Barcelona","Bages",2020,642,482,"10.000-50.000",32086,18.03
"08262","Sant Vicenç de Castellet",10131,"Barcelona","Bages",2021,754,469,"10.000-50.000",33260,16.92
"08262","Sant Vicenç de Castellet",10131,"Barcelona","Bages",2022,542,470,"10.000-50.000",34828,16.19
"08262","Sant Vicenç de Castellet",10131,"Barcelona","Bages",2023,490,535,"10.000-50.000",NA,NA
"08262","Sant Vicenç de Castellet",10131,"Barcelona","Bages",2024,561,567,"10.000-50.000",NA,NA
"08263","Sant Vicenç dels Horts",28595,"Barcelona","Baix Llobregat",2007,112,683,"10.000-50.000",NA,NA
"08263","Sant Vicenç dels Horts",28595,"Barcelona","Baix Llobregat",2008,150,742,"10.000-50.000",NA,NA
"08263","Sant Vicenç dels Horts",28595,"Barcelona","Baix Llobregat",2009,195,678,"10.000-50.000",NA,NA
"08263","Sant Vicenç dels Horts",28595,"Barcelona","Baix Llobregat",2010,229,630,"10.000-50.000",NA,NA
"08263","Sant Vicenç dels Horts",28595,"Barcelona","Baix Llobregat",2011,216,638,"10.000-50.000",NA,NA
"08263","Sant Vicenç dels Horts",28595,"Barcelona","Baix Llobregat",2012,315,588,"10.000-50.000",NA,NA
"08263","Sant Vicenç dels Horts",28595,"Barcelona","Baix Llobregat",2013,304,548,"10.000-50.000",NA,NA
"08263","Sant Vicenç dels Horts",28595,"Barcelona","Baix Llobregat",2014,306,539,"10.000-50.000",NA,NA
"08263","Sant Vicenç dels Horts",28595,"Barcelona","Baix Llobregat",2015,270,565,"10.000-50.000",31153,21.76
"08263","Sant Vicenç dels Horts",28595,"Barcelona","Baix Llobregat",2016,278,585,"10.000-50.000",32727,21.45
"08263","Sant Vicenç dels Horts",28595,"Barcelona","Baix Llobregat",2017,279,647,"10.000-50.000",33297,23.32
"08263","Sant Vicenç dels Horts",28595,"Barcelona","Baix Llobregat",2018,304,674,"10.000-50.000",34991,23.11
"08263","Sant Vicenç dels Horts",28595,"Barcelona","Baix Llobregat",2019,1017,682,"10.000-50.000",36393,22.49
"08263","Sant Vicenç dels Horts",28595,"Barcelona","Baix Llobregat",2020,774,680,"10.000-50.000",36425,22.4
"08263","Sant Vicenç dels Horts",28595,"Barcelona","Baix Llobregat",2021,870,674,"10.000-50.000",37824,21.38
"08263","Sant Vicenç dels Horts",28595,"Barcelona","Baix Llobregat",2022,808,716,"10.000-50.000",39649,21.67
"08263","Sant Vicenç dels Horts",28595,"Barcelona","Baix Llobregat",2023,734,756,"10.000-50.000",NA,NA
"08263","Sant Vicenç dels Horts",28595,"Barcelona","Baix Llobregat",2024,514,813,"10.000-50.000",NA,NA
"08264","Sant Vicenç de Montalt",6725,"Barcelona","Maresme",2007,25,1006,"5.000-10.000",NA,NA
"08264","Sant Vicenç de Montalt",6725,"Barcelona","Maresme",2008,40,1139,"5.000-10.000",NA,NA
"08264","Sant Vicenç de Montalt",6725,"Barcelona","Maresme",2009,48,1052,"5.000-10.000",NA,NA
"08264","Sant Vicenç de Montalt",6725,"Barcelona","Maresme",2010,60,1000,"5.000-10.000",NA,NA
"08264","Sant Vicenç de Montalt",6725,"Barcelona","Maresme",2011,82,1049,"5.000-10.000",NA,NA
"08264","Sant Vicenç de Montalt",6725,"Barcelona","Maresme",2012,81,1007,"5.000-10.000",NA,NA
"08264","Sant Vicenç de Montalt",6725,"Barcelona","Maresme",2013,78,964,"5.000-10.000",NA,NA
"08264","Sant Vicenç de Montalt",6725,"Barcelona","Maresme",2014,106,1005,"5.000-10.000",NA,NA
"08264","Sant Vicenç de Montalt",6725,"Barcelona","Maresme",2015,93,1049,"5.000-10.000",47963,26.25
"08264","Sant Vicenç de Montalt",6725,"Barcelona","Maresme",2016,104,1148,"5.000-10.000",49803,27.66
"08264","Sant Vicenç de Montalt",6725,"Barcelona","Maresme",2017,102,1214,"5.000-10.000",51112,28.5
"08264","Sant Vicenç de Montalt",6725,"Barcelona","Maresme",2018,109,1252,"5.000-10.000",54390,27.62
"08264","Sant Vicenç de Montalt",6725,"Barcelona","Maresme",2019,334,1498,"5.000-10.000",57698,31.16
"08264","Sant Vicenç de Montalt",6725,"Barcelona","Maresme",2020,345,1492,"5.000-10.000",53399,33.53
"08264","Sant Vicenç de Montalt",6725,"Barcelona","Maresme",2021,345,1381,"5.000-10.000",53954,30.72
"08264","Sant Vicenç de Montalt",6725,"Barcelona","Maresme",2022,302,1479,"5.000-10.000",60187,29.49
"08264","Sant Vicenç de Montalt",6725,"Barcelona","Maresme",2023,228,1664,"5.000-10.000",NA,NA
"08264","Sant Vicenç de Montalt",6725,"Barcelona","Maresme",2024,260,1650,"5.000-10.000",NA,NA
"08265","Sant Vicenç de Torelló",2090,"Barcelona","Osona",2008,13,493,"1.000-5.000",NA,NA
"08265","Sant Vicenç de Torelló",2090,"Barcelona","Osona",2009,14,346,"1.000-5.000",NA,NA
"08265","Sant Vicenç de Torelló",2090,"Barcelona","Osona",2010,16,325,"1.000-5.000",NA,NA
"08265","Sant Vicenç de Torelló",2090,"Barcelona","Osona",2011,20,358,"1.000-5.000",NA,NA
"08265","Sant Vicenç de Torelló",2090,"Barcelona","Osona",2012,21,319,"1.000-5.000",NA,NA
"08265","Sant Vicenç de Torelló",2090,"Barcelona","Osona",2013,27,328,"1.000-5.000",NA,NA
"08265","Sant Vicenç de Torelló",2090,"Barcelona","Osona",2014,29,358,"1.000-5.000",NA,NA
"08265","Sant Vicenç de Torelló",2090,"Barcelona","Osona",2015,24,311,"1.000-5.000",33598,11.11
"08265","Sant Vicenç de Torelló",2090,"Barcelona","Osona",2016,25,309,"1.000-5.000",36981,10.03
"08265","Sant Vicenç de Torelló",2090,"Barcelona","Osona",2017,27,324,"1.000-5.000",36506,10.65
"08265","Sant Vicenç de Torelló",2090,"Barcelona","Osona",2018,32,395,"1.000-5.000",41081,11.54
"08265","Sant Vicenç de Torelló",2090,"Barcelona","Osona",2019,74,433,"1.000-5.000",39565,13.13
"08265","Sant Vicenç de Torelló",2090,"Barcelona","Osona",2020,46,414,"1.000-5.000",39581,12.55
"08265","Sant Vicenç de Torelló",2090,"Barcelona","Osona",2021,62,439,"1.000-5.000",40768,12.92
"08265","Sant Vicenç de Torelló",2090,"Barcelona","Osona",2022,95,447,"1.000-5.000",43041,12.46
"08265","Sant Vicenç de Torelló",2090,"Barcelona","Osona",2023,38,451,"1.000-5.000",NA,NA
"08265","Sant Vicenç de Torelló",2090,"Barcelona","Osona",2024,76,513,"1.000-5.000",NA,NA
"08266","Cerdanyola del Vallès",57831,"Barcelona","Vallès Occidental",2007,186,711,"50.000-100.000",NA,NA
"08266","Cerdanyola del Vallès",57831,"Barcelona","Vallès Occidental",2008,246,766,"50.000-100.000",NA,NA
"08266","Cerdanyola del Vallès",57831,"Barcelona","Vallès Occidental",2009,423,689,"50.000-100.000",NA,NA
"08266","Cerdanyola del Vallès",57831,"Barcelona","Vallès Occidental",2010,752,631,"50.000-100.000",NA,NA
"08266","Cerdanyola del Vallès",57831,"Barcelona","Vallès Occidental",2011,764,643,"50.000-100.000",NA,NA
"08266","Cerdanyola del Vallès",57831,"Barcelona","Vallès Occidental",2012,862,624,"50.000-100.000",NA,NA
"08266","Cerdanyola del Vallès",57831,"Barcelona","Vallès Occidental",2013,929,579,"50.000-100.000",NA,NA
"08266","Cerdanyola del Vallès",57831,"Barcelona","Vallès Occidental",2014,881,581,"50.000-100.000",NA,NA
"08266","Cerdanyola del Vallès",57831,"Barcelona","Vallès Occidental",2015,909,618,"50.000-100.000",35889,20.66
"08266","Cerdanyola del Vallès",57831,"Barcelona","Vallès Occidental",2016,806,644,"50.000-100.000",37413,20.66
"08266","Cerdanyola del Vallès",57831,"Barcelona","Vallès Occidental",2017,911,699,"50.000-100.000",38333,21.88
"08266","Cerdanyola del Vallès",57831,"Barcelona","Vallès Occidental",2018,1006,723,"50.000-100.000",39715,21.85
"08266","Cerdanyola del Vallès",57831,"Barcelona","Vallès Occidental",2019,3139,767,"50.000-100.000",41254,22.31
"08266","Cerdanyola del Vallès",57831,"Barcelona","Vallès Occidental",2020,2623,772,"50.000-100.000",41078,22.55
"08266","Cerdanyola del Vallès",57831,"Barcelona","Vallès Occidental",2021,2929,739,"50.000-100.000",42822,20.71
"08266","Cerdanyola del Vallès",57831,"Barcelona","Vallès Occidental",2022,2924,782,"50.000-100.000",44326,21.17
"08266","Cerdanyola del Vallès",57831,"Barcelona","Vallès Occidental",2023,2395,846,"50.000-100.000",NA,NA
"08266","Cerdanyola del Vallès",57831,"Barcelona","Vallès Occidental",2024,2045,849,"50.000-100.000",NA,NA
"08267","Sentmenat",9523,"Barcelona","Vallès Occidental",2007,119,361,"5.000-10.000",NA,NA
"08267","Sentmenat",9523,"Barcelona","Vallès Occidental",2008,81,556,"5.000-10.000",NA,NA
"08267","Sentmenat",9523,"Barcelona","Vallès Occidental",2009,98,573,"5.000-10.000",NA,NA
"08267","Sentmenat",9523,"Barcelona","Vallès Occidental",2010,110,546,"5.000-10.000",NA,NA
"08267","Sentmenat",9523,"Barcelona","Vallès Occidental",2011,106,516,"5.000-10.000",NA,NA
"08267","Sentmenat",9523,"Barcelona","Vallès Occidental",2012,258,421,"5.000-10.000",NA,NA
"08267","Sentmenat",9523,"Barcelona","Vallès Occidental",2013,144,498,"5.000-10.000",NA,NA
"08267","Sentmenat",9523,"Barcelona","Vallès Occidental",2014,141,465,"5.000-10.000",NA,NA
"08267","Sentmenat",9523,"Barcelona","Vallès Occidental",2015,134,440,"5.000-10.000",33014,15.99
"08267","Sentmenat",9523,"Barcelona","Vallès Occidental",2016,150,511,"5.000-10.000",34374,17.84
"08267","Sentmenat",9523,"Barcelona","Vallès Occidental",2017,205,501,"5.000-10.000",35570,16.9
"08267","Sentmenat",9523,"Barcelona","Vallès Occidental",2018,140,544,"5.000-10.000",37717,17.31
"08267","Sentmenat",9523,"Barcelona","Vallès Occidental",2019,447,578,"5.000-10.000",38940,17.81
"08267","Sentmenat",9523,"Barcelona","Vallès Occidental",2020,496,601,"5.000-10.000",39194,18.4
"08267","Sentmenat",9523,"Barcelona","Vallès Occidental",2021,478,605,"5.000-10.000",41394,17.54
"08267","Sentmenat",9523,"Barcelona","Vallès Occidental",2022,567,621,"5.000-10.000",42690,17.46
"08267","Sentmenat",9523,"Barcelona","Vallès Occidental",2023,437,684,"5.000-10.000",NA,NA
"08267","Sentmenat",9523,"Barcelona","Vallès Occidental",2024,399,727,"5.000-10.000",NA,NA
"08268","Cercs",1193,"Barcelona","Berguedà",2013,7,287,"1.000-5.000",NA,NA
"08268","Cercs",1193,"Barcelona","Berguedà",2014,9,267,"1.000-5.000",NA,NA
"08268","Cercs",1193,"Barcelona","Berguedà",2015,16,290,"1.000-5.000",27373,12.71
"08268","Cercs",1193,"Barcelona","Berguedà",2016,10,243,"1.000-5.000",27225,10.71
"08268","Cercs",1193,"Barcelona","Berguedà",2017,17,285,"1.000-5.000",27798,12.3
"08268","Cercs",1193,"Barcelona","Berguedà",2018,12,312,"1.000-5.000",29449,12.71
"08268","Cercs",1193,"Barcelona","Berguedà",2019,44,325,"1.000-5.000",31023,12.57
"08268","Cercs",1193,"Barcelona","Berguedà",2020,29,430,"1.000-5.000",31099,16.59
"08268","Cercs",1193,"Barcelona","Berguedà",2021,32,376,"1.000-5.000",32232,14
"08268","Cercs",1193,"Barcelona","Berguedà",2022,21,324,"1.000-5.000",33517,11.6
"08268","Cercs",1193,"Barcelona","Berguedà",2023,65,400,"1.000-5.000",NA,NA
"08268","Cercs",1193,"Barcelona","Berguedà",2024,80,432,"1.000-5.000",NA,NA
"08269","Seva",3801,"Barcelona","Osona",2007,6,430,"1.000-5.000",NA,NA
"08269","Seva",3801,"Barcelona","Osona",2008,28,649,"1.000-5.000",NA,NA
"08269","Seva",3801,"Barcelona","Osona",2009,28,486,"1.000-5.000",NA,NA
"08269","Seva",3801,"Barcelona","Osona",2010,31,553,"1.000-5.000",NA,NA
"08269","Seva",3801,"Barcelona","Osona",2011,29,553,"1.000-5.000",NA,NA
"08269","Seva",3801,"Barcelona","Osona",2012,34,547,"1.000-5.000",NA,NA
"08269","Seva",3801,"Barcelona","Osona",2013,43,562,"1.000-5.000",NA,NA
"08269","Seva",3801,"Barcelona","Osona",2014,37,575,"1.000-5.000",NA,NA
"08269","Seva",3801,"Barcelona","Osona",2015,41,455,"1.000-5.000",34471,15.84
"08269","Seva",3801,"Barcelona","Osona",2016,41,583,"1.000-5.000",35604,19.65
"08269","Seva",3801,"Barcelona","Osona",2017,56,586,"1.000-5.000",36428,19.3
"08269","Seva",3801,"Barcelona","Osona",2018,54,618,"1.000-5.000",37923,19.56
"08269","Seva",3801,"Barcelona","Osona",2019,160,600,"1.000-5.000",40001,18
"08269","Seva",3801,"Barcelona","Osona",2020,147,597,"1.000-5.000",41830,17.13
"08269","Seva",3801,"Barcelona","Osona",2021,95,775,"1.000-5.000",43127,21.56
"08269","Seva",3801,"Barcelona","Osona",2022,166,689,"1.000-5.000",45904,18.01
"08269","Seva",3801,"Barcelona","Osona",2023,100,735,"1.000-5.000",NA,NA
"08269","Seva",3801,"Barcelona","Osona",2024,168,690,"1.000-5.000",NA,NA
"08270","Sitges",32496,"Barcelona","Garraf",2007,303,768,"10.000-50.000",NA,NA
"08270","Sitges",32496,"Barcelona","Garraf",2008,336,904,"10.000-50.000",NA,NA
"08270","Sitges",32496,"Barcelona","Garraf",2009,345,875,"10.000-50.000",NA,NA
"08270","Sitges",32496,"Barcelona","Garraf",2010,618,712,"10.000-50.000",NA,NA
"08270","Sitges",32496,"Barcelona","Garraf",2011,585,811,"10.000-50.000",NA,NA
"08270","Sitges",32496,"Barcelona","Garraf",2012,615,795,"10.000-50.000",NA,NA
"08270","Sitges",32496,"Barcelona","Garraf",2013,807,738,"10.000-50.000",NA,NA
"08270","Sitges",32496,"Barcelona","Garraf",2014,724,778,"10.000-50.000",NA,NA
"08270","Sitges",32496,"Barcelona","Garraf",2015,770,757,"10.000-50.000",36383,24.97
"08270","Sitges",32496,"Barcelona","Garraf",2016,655,847,"10.000-50.000",37935,26.79
"08270","Sitges",32496,"Barcelona","Garraf",2017,814,955,"10.000-50.000",39373,29.11
"08270","Sitges",32496,"Barcelona","Garraf",2018,895,984,"10.000-50.000",42166,28
"08270","Sitges",32496,"Barcelona","Garraf",2019,2987,1021,"10.000-50.000",42967,28.51
"08270","Sitges",32496,"Barcelona","Garraf",2020,2847,996,"10.000-50.000",42710,27.98
"08270","Sitges",32496,"Barcelona","Garraf",2021,2841,1017,"10.000-50.000",44670,27.32
"08270","Sitges",32496,"Barcelona","Garraf",2022,2821,1091,"10.000-50.000",47800,27.39
"08270","Sitges",32496,"Barcelona","Garraf",2023,2943,1156,"10.000-50.000",NA,NA
"08270","Sitges",32496,"Barcelona","Garraf",2024,2021,1299,"10.000-50.000",NA,NA
"08273","Subirats",3287,"Barcelona","Alt Penedès",2007,9,459,"1.000-5.000",NA,NA
"08273","Subirats",3287,"Barcelona","Alt Penedès",2008,16,503,"1.000-5.000",NA,NA
"08273","Subirats",3287,"Barcelona","Alt Penedès",2009,19,505,"1.000-5.000",NA,NA
"08273","Subirats",3287,"Barcelona","Alt Penedès",2010,12,495,"1.000-5.000",NA,NA
"08273","Subirats",3287,"Barcelona","Alt Penedès",2011,18,440,"1.000-5.000",NA,NA
"08273","Subirats",3287,"Barcelona","Alt Penedès",2012,13,545,"1.000-5.000",NA,NA
"08273","Subirats",3287,"Barcelona","Alt Penedès",2013,21,525,"1.000-5.000",NA,NA
"08273","Subirats",3287,"Barcelona","Alt Penedès",2014,15,429,"1.000-5.000",NA,NA
"08273","Subirats",3287,"Barcelona","Alt Penedès",2015,22,474,"1.000-5.000",32111,17.71
"08273","Subirats",3287,"Barcelona","Alt Penedès",2016,18,438,"1.000-5.000",33512,15.68
"08273","Subirats",3287,"Barcelona","Alt Penedès",2017,23,490,"1.000-5.000",34282,17.15
"08273","Subirats",3287,"Barcelona","Alt Penedès",2018,24,507,"1.000-5.000",35922,16.94
"08273","Subirats",3287,"Barcelona","Alt Penedès",2019,112,566,"1.000-5.000",37795,17.97
"08273","Subirats",3287,"Barcelona","Alt Penedès",2020,80,594,"1.000-5.000",37382,19.07
"08273","Subirats",3287,"Barcelona","Alt Penedès",2021,56,585,"1.000-5.000",39890,17.6
"08273","Subirats",3287,"Barcelona","Alt Penedès",2022,78,494,"1.000-5.000",41476,14.29
"08273","Subirats",3287,"Barcelona","Alt Penedès",2023,79,628,"1.000-5.000",NA,NA
"08273","Subirats",3287,"Barcelona","Alt Penedès",2024,62,673,"1.000-5.000",NA,NA
"08274","Súria",6072,"Barcelona","Bages",2007,19,353,"5.000-10.000",NA,NA
"08274","Súria",6072,"Barcelona","Bages",2008,35,363,"5.000-10.000",NA,NA
"08274","Súria",6072,"Barcelona","Bages",2009,32,425,"5.000-10.000",NA,NA
"08274","Súria",6072,"Barcelona","Bages",2010,23,387,"5.000-10.000",NA,NA
"08274","Súria",6072,"Barcelona","Bages",2011,28,333,"5.000-10.000",NA,NA
"08274","Súria",6072,"Barcelona","Bages",2012,49,340,"5.000-10.000",NA,NA
"08274","Súria",6072,"Barcelona","Bages",2013,28,337,"5.000-10.000",NA,NA
"08274","Súria",6072,"Barcelona","Bages",2014,32,340,"5.000-10.000",NA,NA
"08274","Súria",6072,"Barcelona","Bages",2015,32,328,"5.000-10.000",32826,11.99
"08274","Súria",6072,"Barcelona","Bages",2016,32,366,"5.000-10.000",33196,13.23
"08274","Súria",6072,"Barcelona","Bages",2017,47,370,"5.000-10.000",34174,12.99
"08274","Súria",6072,"Barcelona","Bages",2018,71,374,"5.000-10.000",35263,12.73
"08274","Súria",6072,"Barcelona","Bages",2019,192,374,"5.000-10.000",36599,12.26
"08274","Súria",6072,"Barcelona","Bages",2020,213,408,"5.000-10.000",36859,13.28
"08274","Súria",6072,"Barcelona","Bages",2021,316,403,"5.000-10.000",37140,13.02
"08274","Súria",6072,"Barcelona","Bages",2022,260,458,"5.000-10.000",38695,14.2
"08274","Súria",6072,"Barcelona","Bages",2023,277,441,"5.000-10.000",NA,NA
"08274","Súria",6072,"Barcelona","Bages",2024,310,477,"5.000-10.000",NA,NA
"08276","Tagamanent",339,"Barcelona","Vallès Oriental",2016,6,545,"< 1.000",31460,20.79
"08277","Talamanca",212,"Barcelona","Bages",2016,10,395,"< 1.000",35108,13.5
"08277","Talamanca",212,"Barcelona","Bages",2017,6,347,"< 1.000",33873,12.29
"08277","Talamanca",212,"Barcelona","Bages",2019,7,485,"< 1.000",32351,17.99
"08277","Talamanca",212,"Barcelona","Bages",2023,6,441,"< 1.000",NA,NA
"08278","Taradell",6828,"Barcelona","Osona",2007,62,446,"5.000-10.000",NA,NA
"08278","Taradell",6828,"Barcelona","Osona",2008,67,426,"5.000-10.000",NA,NA
"08278","Taradell",6828,"Barcelona","Osona",2009,100,461,"5.000-10.000",NA,NA
"08278","Taradell",6828,"Barcelona","Osona",2010,95,421,"5.000-10.000",NA,NA
"08278","Taradell",6828,"Barcelona","Osona",2011,115,430,"5.000-10.000",NA,NA
"08278","Taradell",6828,"Barcelona","Osona",2012,130,412,"5.000-10.000",NA,NA
"08278","Taradell",6828,"Barcelona","Osona",2013,117,398,"5.000-10.000",NA,NA
"08278","Taradell",6828,"Barcelona","Osona",2014,122,385,"5.000-10.000",NA,NA
"08278","Taradell",6828,"Barcelona","Osona",2015,128,387,"5.000-10.000",35134,13.22
"08278","Taradell",6828,"Barcelona","Osona",2016,154,410,"5.000-10.000",36484,13.49
"08278","Taradell",6828,"Barcelona","Osona",2017,141,437,"5.000-10.000",37009,14.17
"08278","Taradell",6828,"Barcelona","Osona",2018,146,484,"5.000-10.000",39390,14.74
"08278","Taradell",6828,"Barcelona","Osona",2019,478,504,"5.000-10.000",41085,14.72
"08278","Taradell",6828,"Barcelona","Osona",2020,395,526,"5.000-10.000",41948,15.05
"08278","Taradell",6828,"Barcelona","Osona",2021,404,576,"5.000-10.000",42836,16.14
"08278","Taradell",6828,"Barcelona","Osona",2022,428,545,"5.000-10.000",46316,14.12
"08278","Taradell",6828,"Barcelona","Osona",2023,424,620,"5.000-10.000",NA,NA
"08278","Taradell",6828,"Barcelona","Osona",2024,364,686,"5.000-10.000",NA,NA
"08279","Terrassa",228294,"Barcelona","Vallès Occidental",2007,2257,581,"> 100.000",NA,NA
"08279","Terrassa",228294,"Barcelona","Vallès Occidental",2008,3080,607,"> 100.000",NA,NA
"08279","Terrassa",228294,"Barcelona","Vallès Occidental",2009,3770,557,"> 100.000",NA,NA
"08279","Terrassa",228294,"Barcelona","Vallès Occidental",2010,4123,530,"> 100.000",NA,NA
"08279","Terrassa",228294,"Barcelona","Vallès Occidental",2011,4398,515,"> 100.000",NA,NA
"08279","Terrassa",228294,"Barcelona","Vallès Occidental",2012,4456,486,"> 100.000",NA,NA
"08279","Terrassa",228294,"Barcelona","Vallès Occidental",2013,4898,441,"> 100.000",NA,NA
"08279","Terrassa",228294,"Barcelona","Vallès Occidental",2014,4701,441,"> 100.000",NA,NA
"08279","Terrassa",228294,"Barcelona","Vallès Occidental",2015,4219,446,"> 100.000",30321,17.65
"08279","Terrassa",228294,"Barcelona","Vallès Occidental",2016,4264,481,"> 100.000",31250,18.47
"08279","Terrassa",228294,"Barcelona","Vallès Occidental",2017,4782,526,"> 100.000",32184,19.61
"08279","Terrassa",228294,"Barcelona","Vallès Occidental",2018,5001,561,"> 100.000",33621,20.02
"08279","Terrassa",228294,"Barcelona","Vallès Occidental",2019,14880,613,"> 100.000",35132,20.94
"08279","Terrassa",228294,"Barcelona","Vallès Occidental",2020,12216,625,"> 100.000",35192,21.31
"08279","Terrassa",228294,"Barcelona","Vallès Occidental",2021,14636,594,"> 100.000",36656,19.45
"08279","Terrassa",228294,"Barcelona","Vallès Occidental",2022,14395,644,"> 100.000",38112,20.28
"08279","Terrassa",228294,"Barcelona","Vallès Occidental",2023,13202,684,"> 100.000",NA,NA
"08279","Terrassa",228294,"Barcelona","Vallès Occidental",2024,11398,716,"> 100.000",NA,NA
"08281","Teià",6812,"Barcelona","Maresme",2007,24,918,"5.000-10.000",NA,NA
"08281","Teià",6812,"Barcelona","Maresme",2008,36,831,"5.000-10.000",NA,NA
"08281","Teià",6812,"Barcelona","Maresme",2009,62,996,"5.000-10.000",NA,NA
"08281","Teià",6812,"Barcelona","Maresme",2010,77,827,"5.000-10.000",NA,NA
"08281","Teià",6812,"Barcelona","Maresme",2011,97,660,"5.000-10.000",NA,NA
"08281","Teià",6812,"Barcelona","Maresme",2012,89,777,"5.000-10.000",NA,NA
"08281","Teià",6812,"Barcelona","Maresme",2013,115,722,"5.000-10.000",NA,NA
"08281","Teià",6812,"Barcelona","Maresme",2014,100,798,"5.000-10.000",NA,NA
"08281","Teià",6812,"Barcelona","Maresme",2015,82,885,"5.000-10.000",47821,22.21
"08281","Teià",6812,"Barcelona","Maresme",2016,79,969,"5.000-10.000",49502,23.49
"08281","Teià",6812,"Barcelona","Maresme",2017,87,834,"5.000-10.000",50044,20
"08281","Teià",6812,"Barcelona","Maresme",2018,92,1118,"5.000-10.000",53179,25.23
"08281","Teià",6812,"Barcelona","Maresme",2019,246,989,"5.000-10.000",53686,22.11
"08281","Teià",6812,"Barcelona","Maresme",2020,273,1154,"5.000-10.000",51269,27.01
"08281","Teià",6812,"Barcelona","Maresme",2021,293,1195,"5.000-10.000",53286,26.91
"08281","Teià",6812,"Barcelona","Maresme",2022,331,1082,"5.000-10.000",60887,21.32
"08281","Teià",6812,"Barcelona","Maresme",2023,371,994,"5.000-10.000",NA,NA
"08281","Teià",6812,"Barcelona","Maresme",2024,349,1009,"5.000-10.000",NA,NA
"08282","Tiana",9323,"Barcelona","Maresme",2007,39,837,"5.000-10.000",NA,NA
"08282","Tiana",9323,"Barcelona","Maresme",2008,55,910,"5.000-10.000",NA,NA
"08282","Tiana",9323,"Barcelona","Maresme",2009,73,921,"5.000-10.000",NA,NA
"08282","Tiana",9323,"Barcelona","Maresme",2010,70,798,"5.000-10.000",NA,NA
"08282","Tiana",9323,"Barcelona","Maresme",2011,87,856,"5.000-10.000",NA,NA
"08282","Tiana",9323,"Barcelona","Maresme",2012,90,786,"5.000-10.000",NA,NA
"08282","Tiana",9323,"Barcelona","Maresme",2013,97,811,"5.000-10.000",NA,NA
"08282","Tiana",9323,"Barcelona","Maresme",2014,133,744,"5.000-10.000",NA,NA
"08282","Tiana",9323,"Barcelona","Maresme",2015,91,763,"5.000-10.000",50444,18.15
"08282","Tiana",9323,"Barcelona","Maresme",2016,86,896,"5.000-10.000",52993,20.29
"08282","Tiana",9323,"Barcelona","Maresme",2017,91,930,"5.000-10.000",55627,20.06
"08282","Tiana",9323,"Barcelona","Maresme",2018,140,926,"5.000-10.000",56155,19.79
"08282","Tiana",9323,"Barcelona","Maresme",2019,409,976,"5.000-10.000",58206,20.12
"08282","Tiana",9323,"Barcelona","Maresme",2020,302,1061,"5.000-10.000",57159,22.27
"08282","Tiana",9323,"Barcelona","Maresme",2021,392,986,"5.000-10.000",57562,20.56
"08282","Tiana",9323,"Barcelona","Maresme",2022,474,1011,"5.000-10.000",61831,19.62
"08282","Tiana",9323,"Barcelona","Maresme",2023,444,1149,"5.000-10.000",NA,NA
"08282","Tiana",9323,"Barcelona","Maresme",2024,344,1127,"5.000-10.000",NA,NA
"08283","Tona",8499,"Barcelona","Osona",2007,25,565,"5.000-10.000",NA,NA
"08283","Tona",8499,"Barcelona","Osona",2008,49,566,"5.000-10.000",NA,NA
"08283","Tona",8499,"Barcelona","Osona",2009,45,490,"5.000-10.000",NA,NA
"08283","Tona",8499,"Barcelona","Osona",2010,105,477,"5.000-10.000",NA,NA
"08283","Tona",8499,"Barcelona","Osona",2011,159,486,"5.000-10.000",NA,NA
"08283","Tona",8499,"Barcelona","Osona",2012,130,447,"5.000-10.000",NA,NA
"08283","Tona",8499,"Barcelona","Osona",2013,128,422,"5.000-10.000",NA,NA
"08283","Tona",8499,"Barcelona","Osona",2014,134,417,"5.000-10.000",NA,NA
"08283","Tona",8499,"Barcelona","Osona",2015,172,384,"5.000-10.000",33639,13.7
"08283","Tona",8499,"Barcelona","Osona",2016,139,439,"5.000-10.000",35206,14.96
"08283","Tona",8499,"Barcelona","Osona",2017,137,482,"5.000-10.000",36029,16.05
"08283","Tona",8499,"Barcelona","Osona",2018,115,510,"5.000-10.000",37444,16.34
"08283","Tona",8499,"Barcelona","Osona",2019,541,531,"5.000-10.000",35406,18
"08283","Tona",8499,"Barcelona","Osona",2020,422,556,"5.000-10.000",39859,16.74
"08283","Tona",8499,"Barcelona","Osona",2021,496,543,"5.000-10.000",41254,15.79
"08283","Tona",8499,"Barcelona","Osona",2022,374,639,"5.000-10.000",43584,17.59
"08283","Tona",8499,"Barcelona","Osona",2023,352,609,"5.000-10.000",NA,NA
"08283","Tona",8499,"Barcelona","Osona",2024,444,613,"5.000-10.000",NA,NA
"08284","Tordera",18795,"Barcelona","Maresme",2007,49,451,"10.000-50.000",NA,NA
"08284","Tordera",18795,"Barcelona","Maresme",2008,131,574,"10.000-50.000",NA,NA
"08284","Tordera",18795,"Barcelona","Maresme",2009,105,508,"10.000-50.000",NA,NA
"08284","Tordera",18795,"Barcelona","Maresme",2010,184,423,"10.000-50.000",NA,NA
"08284","Tordera",18795,"Barcelona","Maresme",2011,237,462,"10.000-50.000",NA,NA
"08284","Tordera",18795,"Barcelona","Maresme",2012,227,417,"10.000-50.000",NA,NA
"08284","Tordera",18795,"Barcelona","Maresme",2013,236,408,"10.000-50.000",NA,NA
"08284","Tordera",18795,"Barcelona","Maresme",2014,243,391,"10.000-50.000",NA,NA
"08284","Tordera",18795,"Barcelona","Maresme",2015,291,389,"10.000-50.000",26027,17.94
"08284","Tordera",18795,"Barcelona","Maresme",2016,240,428,"10.000-50.000",26677,19.25
"08284","Tordera",18795,"Barcelona","Maresme",2017,225,457,"10.000-50.000",27725,19.78
"08284","Tordera",18795,"Barcelona","Maresme",2018,280,472,"10.000-50.000",29258,19.36
"08284","Tordera",18795,"Barcelona","Maresme",2019,830,506,"10.000-50.000",30554,19.87
"08284","Tordera",18795,"Barcelona","Maresme",2020,606,503,"10.000-50.000",30559,19.75
"08284","Tordera",18795,"Barcelona","Maresme",2021,735,517,"10.000-50.000",31365,19.78
"08284","Tordera",18795,"Barcelona","Maresme",2022,869,523,"10.000-50.000",32970,19.04
"08284","Tordera",18795,"Barcelona","Maresme",2023,730,580,"10.000-50.000",NA,NA
"08284","Tordera",18795,"Barcelona","Maresme",2024,673,628,"10.000-50.000",NA,NA
"08285","Torelló",15107,"Barcelona","Osona",2007,71,441,"10.000-50.000",NA,NA
"08285","Torelló",15107,"Barcelona","Osona",2008,115,455,"10.000-50.000",NA,NA
"08285","Torelló",15107,"Barcelona","Osona",2009,102,418,"10.000-50.000",NA,NA
"08285","Torelló",15107,"Barcelona","Osona",2010,205,380,"10.000-50.000",NA,NA
"08285","Torelló",15107,"Barcelona","Osona",2011,246,368,"10.000-50.000",NA,NA
"08285","Torelló",15107,"Barcelona","Osona",2012,272,364,"10.000-50.000",NA,NA
"08285","Torelló",15107,"Barcelona","Osona",2013,258,344,"10.000-50.000",NA,NA
"08285","Torelló",15107,"Barcelona","Osona",2014,231,348,"10.000-50.000",NA,NA
"08285","Torelló",15107,"Barcelona","Osona",2015,252,351,"10.000-50.000",31676,13.3
"08285","Torelló",15107,"Barcelona","Osona",2016,231,354,"10.000-50.000",33239,12.78
"08285","Torelló",15107,"Barcelona","Osona",2017,252,387,"10.000-50.000",33958,13.68
"08285","Torelló",15107,"Barcelona","Osona",2018,242,417,"10.000-50.000",35707,14.01
"08285","Torelló",15107,"Barcelona","Osona",2019,739,433,"10.000-50.000",36785,14.13
"08285","Torelló",15107,"Barcelona","Osona",2020,743,449,"10.000-50.000",36849,14.62
"08285","Torelló",15107,"Barcelona","Osona",2021,847,454,"10.000-50.000",37977,14.35
"08285","Torelló",15107,"Barcelona","Osona",2022,983,477,"10.000-50.000",39413,14.52
"08285","Torelló",15107,"Barcelona","Osona",2023,803,498,"10.000-50.000",NA,NA
"08285","Torelló",15107,"Barcelona","Osona",2024,715,532,"10.000-50.000",NA,NA
"08286","Torre de Claramunt, La",4115,"Barcelona","Anoia",2008,12,552,"1.000-5.000",NA,NA
"08286","Torre de Claramunt, La",4115,"Barcelona","Anoia",2009,11,632,"1.000-5.000",NA,NA
"08286","Torre de Claramunt, La",4115,"Barcelona","Anoia",2010,20,499,"1.000-5.000",NA,NA
"08286","Torre de Claramunt, La",4115,"Barcelona","Anoia",2011,14,477,"1.000-5.000",NA,NA
"08286","Torre de Claramunt, La",4115,"Barcelona","Anoia",2012,27,497,"1.000-5.000",NA,NA
"08286","Torre de Claramunt, La",4115,"Barcelona","Anoia",2013,20,437,"1.000-5.000",NA,NA
"08286","Torre de Claramunt, La",4115,"Barcelona","Anoia",2014,44,484,"1.000-5.000",NA,NA
"08286","Torre de Claramunt, La",4115,"Barcelona","Anoia",2015,25,651,"1.000-5.000",30562,25.56
"08286","Torre de Claramunt, La",4115,"Barcelona","Anoia",2016,34,512,"1.000-5.000",31366,19.59
"08286","Torre de Claramunt, La",4115,"Barcelona","Anoia",2017,44,525,"1.000-5.000",31340,20.1
"08286","Torre de Claramunt, La",4115,"Barcelona","Anoia",2018,35,576,"1.000-5.000",32848,21.04
"08286","Torre de Claramunt, La",4115,"Barcelona","Anoia",2019,84,557,"1.000-5.000",33690,19.84
"08286","Torre de Claramunt, La",4115,"Barcelona","Anoia",2020,56,537,"1.000-5.000",33892,19.01
"08286","Torre de Claramunt, La",4115,"Barcelona","Anoia",2021,67,616,"1.000-5.000",35420,20.87
"08286","Torre de Claramunt, La",4115,"Barcelona","Anoia",2022,42,633,"1.000-5.000",35654,21.3
"08286","Torre de Claramunt, La",4115,"Barcelona","Anoia",2023,53,686,"1.000-5.000",NA,NA
"08286","Torre de Claramunt, La",4115,"Barcelona","Anoia",2024,59,459,"1.000-5.000",NA,NA
"08287","Torrelavit",1509,"Barcelona","Alt Penedès",2008,13,460,"1.000-5.000",NA,NA
"08287","Torrelavit",1509,"Barcelona","Alt Penedès",2009,7,490,"1.000-5.000",NA,NA
"08287","Torrelavit",1509,"Barcelona","Alt Penedès",2012,10,448,"1.000-5.000",NA,NA
"08287","Torrelavit",1509,"Barcelona","Alt Penedès",2013,28,442,"1.000-5.000",NA,NA
"08287","Torrelavit",1509,"Barcelona","Alt Penedès",2014,13,424,"1.000-5.000",NA,NA
"08287","Torrelavit",1509,"Barcelona","Alt Penedès",2015,22,451,"1.000-5.000",33098,16.35
"08287","Torrelavit",1509,"Barcelona","Alt Penedès",2016,19,402,"1.000-5.000",33771,14.28
"08287","Torrelavit",1509,"Barcelona","Alt Penedès",2017,22,414,"1.000-5.000",34105,14.57
"08287","Torrelavit",1509,"Barcelona","Alt Penedès",2018,16,505,"1.000-5.000",36524,16.59
"08287","Torrelavit",1509,"Barcelona","Alt Penedès",2019,39,508,"1.000-5.000",37963,16.06
"08287","Torrelavit",1509,"Barcelona","Alt Penedès",2020,43,544,"1.000-5.000",37814,17.26
"08287","Torrelavit",1509,"Barcelona","Alt Penedès",2021,68,551,"1.000-5.000",40103,16.49
"08287","Torrelavit",1509,"Barcelona","Alt Penedès",2022,42,635,"1.000-5.000",42079,18.11
"08287","Torrelavit",1509,"Barcelona","Alt Penedès",2023,68,558,"1.000-5.000",NA,NA
"08287","Torrelavit",1509,"Barcelona","Alt Penedès",2024,64,588,"1.000-5.000",NA,NA
"08288","Torrelles de Foix",2662,"Barcelona","Alt Penedès",2008,14,485,"1.000-5.000",NA,NA
"08288","Torrelles de Foix",2662,"Barcelona","Alt Penedès",2009,11,466,"1.000-5.000",NA,NA
"08288","Torrelles de Foix",2662,"Barcelona","Alt Penedès",2010,18,393,"1.000-5.000",NA,NA
"08288","Torrelles de Foix",2662,"Barcelona","Alt Penedès",2011,24,394,"1.000-5.000",NA,NA
"08288","Torrelles de Foix",2662,"Barcelona","Alt Penedès",2012,22,410,"1.000-5.000",NA,NA
"08288","Torrelles de Foix",2662,"Barcelona","Alt Penedès",2013,22,359,"1.000-5.000",NA,NA
"08288","Torrelles de Foix",2662,"Barcelona","Alt Penedès",2014,18,358,"1.000-5.000",NA,NA
"08288","Torrelles de Foix",2662,"Barcelona","Alt Penedès",2015,28,353,"1.000-5.000",23672,17.89
"08288","Torrelles de Foix",2662,"Barcelona","Alt Penedès",2016,42,391,"1.000-5.000",24882,18.86
"08288","Torrelles de Foix",2662,"Barcelona","Alt Penedès",2017,49,400,"1.000-5.000",25548,18.79
"08288","Torrelles de Foix",2662,"Barcelona","Alt Penedès",2018,35,454,"1.000-5.000",26393,20.64
"08288","Torrelles de Foix",2662,"Barcelona","Alt Penedès",2019,122,459,"1.000-5.000",27496,20.03
"08288","Torrelles de Foix",2662,"Barcelona","Alt Penedès",2020,115,465,"1.000-5.000",27671,20.17
"08288","Torrelles de Foix",2662,"Barcelona","Alt Penedès",2021,126,470,"1.000-5.000",28711,19.64
"08288","Torrelles de Foix",2662,"Barcelona","Alt Penedès",2022,124,503,"1.000-5.000",29936,20.16
"08288","Torrelles de Foix",2662,"Barcelona","Alt Penedès",2023,103,487,"1.000-5.000",NA,NA
"08288","Torrelles de Foix",2662,"Barcelona","Alt Penedès",2024,110,547,"1.000-5.000",NA,NA
"08289","Torrelles de Llobregat",6136,"Barcelona","Baix Llobregat",2007,43,510,"5.000-10.000",NA,NA
"08289","Torrelles de Llobregat",6136,"Barcelona","Baix Llobregat",2008,34,609,"5.000-10.000",NA,NA
"08289","Torrelles de Llobregat",6136,"Barcelona","Baix Llobregat",2009,40,643,"5.000-10.000",NA,NA
"08289","Torrelles de Llobregat",6136,"Barcelona","Baix Llobregat",2010,66,652,"5.000-10.000",NA,NA
"08289","Torrelles de Llobregat",6136,"Barcelona","Baix Llobregat",2011,85,580,"5.000-10.000",NA,NA
"08289","Torrelles de Llobregat",6136,"Barcelona","Baix Llobregat",2012,78,627,"5.000-10.000",NA,NA
"08289","Torrelles de Llobregat",6136,"Barcelona","Baix Llobregat",2013,73,602,"5.000-10.000",NA,NA
"08289","Torrelles de Llobregat",6136,"Barcelona","Baix Llobregat",2014,67,577,"5.000-10.000",NA,NA
"08289","Torrelles de Llobregat",6136,"Barcelona","Baix Llobregat",2015,97,608,"5.000-10.000",38428,18.99
"08289","Torrelles de Llobregat",6136,"Barcelona","Baix Llobregat",2016,73,677,"5.000-10.000",40076,20.27
"08289","Torrelles de Llobregat",6136,"Barcelona","Baix Llobregat",2017,89,711,"5.000-10.000",41676,20.47
"08289","Torrelles de Llobregat",6136,"Barcelona","Baix Llobregat",2018,98,737,"5.000-10.000",42721,20.7
"08289","Torrelles de Llobregat",6136,"Barcelona","Baix Llobregat",2019,302,684,"5.000-10.000",44335,18.51
"08289","Torrelles de Llobregat",6136,"Barcelona","Baix Llobregat",2020,249,775,"5.000-10.000",44812,20.75
"08289","Torrelles de Llobregat",6136,"Barcelona","Baix Llobregat",2021,285,728,"5.000-10.000",46994,18.59
"08289","Torrelles de Llobregat",6136,"Barcelona","Baix Llobregat",2022,239,807,"5.000-10.000",48755,19.86
"08289","Torrelles de Llobregat",6136,"Barcelona","Baix Llobregat",2023,204,842,"5.000-10.000",NA,NA
"08289","Torrelles de Llobregat",6136,"Barcelona","Baix Llobregat",2024,151,856,"5.000-10.000",NA,NA
"08290","Ullastrell",2179,"Barcelona","Vallès Occidental",2007,13,581,"1.000-5.000",NA,NA
"08290","Ullastrell",2179,"Barcelona","Vallès Occidental",2008,10,688,"1.000-5.000",NA,NA
"08290","Ullastrell",2179,"Barcelona","Vallès Occidental",2009,6,560,"1.000-5.000",NA,NA
"08290","Ullastrell",2179,"Barcelona","Vallès Occidental",2010,11,575,"1.000-5.000",NA,NA
"08290","Ullastrell",2179,"Barcelona","Vallès Occidental",2011,11,613,"1.000-5.000",NA,NA
"08290","Ullastrell",2179,"Barcelona","Vallès Occidental",2012,9,600,"1.000-5.000",NA,NA
"08290","Ullastrell",2179,"Barcelona","Vallès Occidental",2013,12,651,"1.000-5.000",NA,NA
"08290","Ullastrell",2179,"Barcelona","Vallès Occidental",2014,13,642,"1.000-5.000",NA,NA
"08290","Ullastrell",2179,"Barcelona","Vallès Occidental",2015,23,650,"1.000-5.000",38094,20.48
"08290","Ullastrell",2179,"Barcelona","Vallès Occidental",2016,14,635,"1.000-5.000",38916,19.58
"08290","Ullastrell",2179,"Barcelona","Vallès Occidental",2017,21,703,"1.000-5.000",40113,21.03
"08290","Ullastrell",2179,"Barcelona","Vallès Occidental",2018,19,708,"1.000-5.000",41453,20.5
"08290","Ullastrell",2179,"Barcelona","Vallès Occidental",2019,59,713,"1.000-5.000",42496,20.13
"08290","Ullastrell",2179,"Barcelona","Vallès Occidental",2020,41,790,"1.000-5.000",43174,21.96
"08290","Ullastrell",2179,"Barcelona","Vallès Occidental",2021,59,796,"1.000-5.000",45790,20.86
"08290","Ullastrell",2179,"Barcelona","Vallès Occidental",2022,27,928,"1.000-5.000",48808,22.82
"08290","Ullastrell",2179,"Barcelona","Vallès Occidental",2023,30,715,"1.000-5.000",NA,NA
"08290","Ullastrell",2179,"Barcelona","Vallès Occidental",2024,30,710,"1.000-5.000",NA,NA
"08291","Vacarisses",7549,"Barcelona","Vallès Occidental",2007,17,622,"5.000-10.000",NA,NA
"08291","Vacarisses",7549,"Barcelona","Vallès Occidental",2008,33,611,"5.000-10.000",NA,NA
"08291","Vacarisses",7549,"Barcelona","Vallès Occidental",2009,39,770,"5.000-10.000",NA,NA
"08291","Vacarisses",7549,"Barcelona","Vallès Occidental",2010,36,663,"5.000-10.000",NA,NA
"08291","Vacarisses",7549,"Barcelona","Vallès Occidental",2011,46,655,"5.000-10.000",NA,NA
"08291","Vacarisses",7549,"Barcelona","Vallès Occidental",2012,57,582,"5.000-10.000",NA,NA
"08291","Vacarisses",7549,"Barcelona","Vallès Occidental",2013,54,539,"5.000-10.000",NA,NA
"08291","Vacarisses",7549,"Barcelona","Vallès Occidental",2014,69,574,"5.000-10.000",NA,NA
"08291","Vacarisses",7549,"Barcelona","Vallès Occidental",2015,54,563,"5.000-10.000",32403,20.85
"08291","Vacarisses",7549,"Barcelona","Vallès Occidental",2016,49,675,"5.000-10.000",33863,23.92
"08291","Vacarisses",7549,"Barcelona","Vallès Occidental",2017,53,727,"5.000-10.000",34721,25.13
"08291","Vacarisses",7549,"Barcelona","Vallès Occidental",2018,79,747,"5.000-10.000",36455,24.59
"08291","Vacarisses",7549,"Barcelona","Vallès Occidental",2019,200,679,"5.000-10.000",38313,21.27
"08291","Vacarisses",7549,"Barcelona","Vallès Occidental",2020,128,761,"5.000-10.000",38955,23.44
"08291","Vacarisses",7549,"Barcelona","Vallès Occidental",2021,167,762,"5.000-10.000",40521,22.57
"08291","Vacarisses",7549,"Barcelona","Vallès Occidental",2022,104,945,"5.000-10.000",43177,26.26
"08291","Vacarisses",7549,"Barcelona","Vallès Occidental",2023,107,790,"5.000-10.000",NA,NA
"08291","Vacarisses",7549,"Barcelona","Vallès Occidental",2024,125,841,"5.000-10.000",NA,NA
"08292","Vallbona d'Anoia",1405,"Barcelona","Anoia",2009,6,565,"1.000-5.000",NA,NA
"08292","Vallbona d'Anoia",1405,"Barcelona","Anoia",2010,6,456,"1.000-5.000",NA,NA
"08292","Vallbona d'Anoia",1405,"Barcelona","Anoia",2012,9,422,"1.000-5.000",NA,NA
"08292","Vallbona d'Anoia",1405,"Barcelona","Anoia",2013,9,537,"1.000-5.000",NA,NA
"08292","Vallbona d'Anoia",1405,"Barcelona","Anoia",2014,12,370,"1.000-5.000",NA,NA
"08292","Vallbona d'Anoia",1405,"Barcelona","Anoia",2016,12,502,"1.000-5.000",32588,18.49
"08292","Vallbona d'Anoia",1405,"Barcelona","Anoia",2017,12,441,"1.000-5.000",33705,15.7
"08292","Vallbona d'Anoia",1405,"Barcelona","Anoia",2018,14,437,"1.000-5.000",35955,14.58
"08292","Vallbona d'Anoia",1405,"Barcelona","Anoia",2019,24,570,"1.000-5.000",35747,19.13
"08292","Vallbona d'Anoia",1405,"Barcelona","Anoia",2020,20,531,"1.000-5.000",36938,17.25
"08292","Vallbona d'Anoia",1405,"Barcelona","Anoia",2021,25,463,"1.000-5.000",37687,14.74
"08292","Vallbona d'Anoia",1405,"Barcelona","Anoia",2022,51,564,"1.000-5.000",38530,17.57
"08292","Vallbona d'Anoia",1405,"Barcelona","Anoia",2023,6,582,"1.000-5.000",NA,NA
"08292","Vallbona d'Anoia",1405,"Barcelona","Anoia",2024,29,625,"1.000-5.000",NA,NA
"08293","Vallcebre",272,"Barcelona","Berguedà",2018,6,397,"< 1.000",33321,14.3
"08294","Vallgorguina",3203,"Barcelona","Vallès Oriental",2007,6,542,"1.000-5.000",NA,NA
"08294","Vallgorguina",3203,"Barcelona","Vallès Oriental",2008,11,564,"1.000-5.000",NA,NA
"08294","Vallgorguina",3203,"Barcelona","Vallès Oriental",2009,10,573,"1.000-5.000",NA,NA
"08294","Vallgorguina",3203,"Barcelona","Vallès Oriental",2010,17,619,"1.000-5.000",NA,NA
"08294","Vallgorguina",3203,"Barcelona","Vallès Oriental",2011,21,647,"1.000-5.000",NA,NA
"08294","Vallgorguina",3203,"Barcelona","Vallès Oriental",2012,16,598,"1.000-5.000",NA,NA
"08294","Vallgorguina",3203,"Barcelona","Vallès Oriental",2013,21,623,"1.000-5.000",NA,NA
"08294","Vallgorguina",3203,"Barcelona","Vallès Oriental",2014,34,570,"1.000-5.000",NA,NA
"08294","Vallgorguina",3203,"Barcelona","Vallès Oriental",2015,34,631,"1.000-5.000",32966,22.97
"08294","Vallgorguina",3203,"Barcelona","Vallès Oriental",2016,28,640,"1.000-5.000",33133,23.18
"08294","Vallgorguina",3203,"Barcelona","Vallès Oriental",2017,34,671,"1.000-5.000",33947,23.72
"08294","Vallgorguina",3203,"Barcelona","Vallès Oriental",2018,26,691,"1.000-5.000",36073,22.99
"08294","Vallgorguina",3203,"Barcelona","Vallès Oriental",2019,94,873,"1.000-5.000",38217,27.41
"08294","Vallgorguina",3203,"Barcelona","Vallès Oriental",2020,70,742,"1.000-5.000",38248,23.28
"08294","Vallgorguina",3203,"Barcelona","Vallès Oriental",2021,77,765,"1.000-5.000",40349,22.75
"08294","Vallgorguina",3203,"Barcelona","Vallès Oriental",2022,86,712,"1.000-5.000",41759,20.46
"08294","Vallgorguina",3203,"Barcelona","Vallès Oriental",2023,71,875,"1.000-5.000",NA,NA
"08294","Vallgorguina",3203,"Barcelona","Vallès Oriental",2024,71,828,"1.000-5.000",NA,NA
"08295","Vallirana",15952,"Barcelona","Baix Llobregat",2007,33,728,"10.000-50.000",NA,NA
"08295","Vallirana",15952,"Barcelona","Baix Llobregat",2008,52,721,"10.000-50.000",NA,NA
"08295","Vallirana",15952,"Barcelona","Baix Llobregat",2009,64,754,"10.000-50.000",NA,NA
"08295","Vallirana",15952,"Barcelona","Baix Llobregat",2010,111,692,"10.000-50.000",NA,NA
"08295","Vallirana",15952,"Barcelona","Baix Llobregat",2011,151,620,"10.000-50.000",NA,NA
"08295","Vallirana",15952,"Barcelona","Baix Llobregat",2012,206,631,"10.000-50.000",NA,NA
"08295","Vallirana",15952,"Barcelona","Baix Llobregat",2013,203,564,"10.000-50.000",NA,NA
"08295","Vallirana",15952,"Barcelona","Baix Llobregat",2014,226,588,"10.000-50.000",NA,NA
"08295","Vallirana",15952,"Barcelona","Baix Llobregat",2015,219,602,"10.000-50.000",34509,20.93
"08295","Vallirana",15952,"Barcelona","Baix Llobregat",2016,173,628,"10.000-50.000",35735,21.09
"08295","Vallirana",15952,"Barcelona","Baix Llobregat",2017,200,733,"10.000-50.000",37079,23.72
"08295","Vallirana",15952,"Barcelona","Baix Llobregat",2018,207,724,"10.000-50.000",38710,22.44
"08295","Vallirana",15952,"Barcelona","Baix Llobregat",2019,608,787,"10.000-50.000",40746,23.18
"08295","Vallirana",15952,"Barcelona","Baix Llobregat",2020,471,786,"10.000-50.000",40546,23.26
"08295","Vallirana",15952,"Barcelona","Baix Llobregat",2021,619,743,"10.000-50.000",42282,21.09
"08295","Vallirana",15952,"Barcelona","Baix Llobregat",2022,546,755,"10.000-50.000",43936,20.62
"08295","Vallirana",15952,"Barcelona","Baix Llobregat",2023,513,882,"10.000-50.000",NA,NA
"08295","Vallirana",15952,"Barcelona","Baix Llobregat",2024,447,866,"10.000-50.000",NA,NA
"08296","Vallromanes",2749,"Barcelona","Vallès Oriental",2007,13,753,"1.000-5.000",NA,NA
"08296","Vallromanes",2749,"Barcelona","Vallès Oriental",2008,8,888,"1.000-5.000",NA,NA
"08296","Vallromanes",2749,"Barcelona","Vallès Oriental",2009,21,834,"1.000-5.000",NA,NA
"08296","Vallromanes",2749,"Barcelona","Vallès Oriental",2010,29,915,"1.000-5.000",NA,NA
"08296","Vallromanes",2749,"Barcelona","Vallès Oriental",2011,39,892,"1.000-5.000",NA,NA
"08296","Vallromanes",2749,"Barcelona","Vallès Oriental",2012,32,784,"1.000-5.000",NA,NA
"08296","Vallromanes",2749,"Barcelona","Vallès Oriental",2013,34,718,"1.000-5.000",NA,NA
"08296","Vallromanes",2749,"Barcelona","Vallès Oriental",2014,33,902,"1.000-5.000",NA,NA
"08296","Vallromanes",2749,"Barcelona","Vallès Oriental",2015,30,902,"1.000-5.000",47792,22.65
"08296","Vallromanes",2749,"Barcelona","Vallès Oriental",2016,38,1041,"1.000-5.000",52783,23.67
"08296","Vallromanes",2749,"Barcelona","Vallès Oriental",2017,34,897,"1.000-5.000",53892,19.97
"08296","Vallromanes",2749,"Barcelona","Vallès Oriental",2018,36,947,"1.000-5.000",58270,19.5
"08296","Vallromanes",2749,"Barcelona","Vallès Oriental",2019,99,1053,"1.000-5.000",55964,22.58
"08296","Vallromanes",2749,"Barcelona","Vallès Oriental",2020,90,1076,"1.000-5.000",54682,23.61
"08296","Vallromanes",2749,"Barcelona","Vallès Oriental",2021,101,1095,"1.000-5.000",56598,23.22
"08296","Vallromanes",2749,"Barcelona","Vallès Oriental",2022,46,1177,"1.000-5.000",57685,24.48
"08296","Vallromanes",2749,"Barcelona","Vallès Oriental",2023,111,1124,"1.000-5.000",NA,NA
"08296","Vallromanes",2749,"Barcelona","Vallès Oriental",2024,68,1300,"1.000-5.000",NA,NA
"08298","Vic",49333,"Barcelona","Osona",2007,1022,473,"10.000-50.000",NA,NA
"08298","Vic",49333,"Barcelona","Osona",2008,1150,532,"10.000-50.000",NA,NA
"08298","Vic",49333,"Barcelona","Osona",2009,1207,499,"10.000-50.000",NA,NA
"08298","Vic",49333,"Barcelona","Osona",2010,1255,462,"10.000-50.000",NA,NA
"08298","Vic",49333,"Barcelona","Osona",2011,1302,466,"10.000-50.000",NA,NA
"08298","Vic",49333,"Barcelona","Osona",2012,1320,445,"10.000-50.000",NA,NA
"08298","Vic",49333,"Barcelona","Osona",2013,1409,426,"10.000-50.000",NA,NA
"08298","Vic",49333,"Barcelona","Osona",2014,1299,426,"10.000-50.000",NA,NA
"08298","Vic",49333,"Barcelona","Osona",2015,1354,441,"10.000-50.000",32022,16.53
"08298","Vic",49333,"Barcelona","Osona",2016,1181,455,"10.000-50.000",33484,16.31
"08298","Vic",49333,"Barcelona","Osona",2017,1198,494,"10.000-50.000",34720,17.07
"08298","Vic",49333,"Barcelona","Osona",2018,1218,522,"10.000-50.000",34970,17.91
"08298","Vic",49333,"Barcelona","Osona",2019,3865,555,"10.000-50.000",37321,17.85
"08298","Vic",49333,"Barcelona","Osona",2020,3620,569,"10.000-50.000",37336,18.29
"08298","Vic",49333,"Barcelona","Osona",2021,3679,544,"10.000-50.000",38359,17.02
"08298","Vic",49333,"Barcelona","Osona",2022,3915,608,"10.000-50.000",40430,18.05
"08298","Vic",49333,"Barcelona","Osona",2023,3837,625,"10.000-50.000",NA,NA
"08298","Vic",49333,"Barcelona","Osona",2024,3301,643,"10.000-50.000",NA,NA
"08299","Vilada",443,"Barcelona","Berguedà",2014,7,281,"< 1.000",NA,NA
"08299","Vilada",443,"Barcelona","Berguedà",2017,9,273,"< 1.000",30324,10.8
"08299","Vilada",443,"Barcelona","Berguedà",2018,7,329,"< 1.000",31775,12.42
"08299","Vilada",443,"Barcelona","Berguedà",2020,24,373,"< 1.000",34008,13.16
"08299","Vilada",443,"Barcelona","Berguedà",2022,15,688,"< 1.000",34445,23.97
"08299","Vilada",443,"Barcelona","Berguedà",2024,14,411,"< 1.000",NA,NA
"08300","Viladecavalls",7790,"Barcelona","Vallès Occidental",2007,11,850,"5.000-10.000",NA,NA
"08300","Viladecavalls",7790,"Barcelona","Vallès Occidental",2008,21,802,"5.000-10.000",NA,NA
"08300","Viladecavalls",7790,"Barcelona","Vallès Occidental",2009,36,700,"5.000-10.000",NA,NA
"08300","Viladecavalls",7790,"Barcelona","Vallès Occidental",2010,42,716,"5.000-10.000",NA,NA
"08300","Viladecavalls",7790,"Barcelona","Vallès Occidental",2011,42,683,"5.000-10.000",NA,NA
"08300","Viladecavalls",7790,"Barcelona","Vallès Occidental",2012,55,647,"5.000-10.000",NA,NA
"08300","Viladecavalls",7790,"Barcelona","Vallès Occidental",2013,48,600,"5.000-10.000",NA,NA
"08300","Viladecavalls",7790,"Barcelona","Vallès Occidental",2014,44,572,"5.000-10.000",NA,NA
"08300","Viladecavalls",7790,"Barcelona","Vallès Occidental",2015,34,655,"5.000-10.000",40487,19.41
"08300","Viladecavalls",7790,"Barcelona","Vallès Occidental",2016,42,692,"5.000-10.000",41212,20.15
"08300","Viladecavalls",7790,"Barcelona","Vallès Occidental",2017,46,730,"5.000-10.000",43174,20.29
"08300","Viladecavalls",7790,"Barcelona","Vallès Occidental",2018,54,714,"5.000-10.000",44616,19.2
"08300","Viladecavalls",7790,"Barcelona","Vallès Occidental",2019,70,805,"5.000-10.000",46742,20.67
"08300","Viladecavalls",7790,"Barcelona","Vallès Occidental",2020,185,779,"5.000-10.000",47061,19.86
"08300","Viladecavalls",7790,"Barcelona","Vallès Occidental",2021,133,828,"5.000-10.000",49359,20.13
"08300","Viladecavalls",7790,"Barcelona","Vallès Occidental",2022,135,792,"5.000-10.000",51702,18.38
"08300","Viladecavalls",7790,"Barcelona","Vallès Occidental",2023,106,795,"5.000-10.000",NA,NA
"08300","Viladecavalls",7790,"Barcelona","Vallès Occidental",2024,103,985,"5.000-10.000",NA,NA
"08301","Viladecans",67179,"Barcelona","Baix Llobregat",2007,168,679,"50.000-100.000",NA,NA
"08301","Viladecans",67179,"Barcelona","Baix Llobregat",2008,264,722,"50.000-100.000",NA,NA
"08301","Viladecans",67179,"Barcelona","Baix Llobregat",2009,362,724,"50.000-100.000",NA,NA
"08301","Viladecans",67179,"Barcelona","Baix Llobregat",2010,500,662,"50.000-100.000",NA,NA
"08301","Viladecans",67179,"Barcelona","Baix Llobregat",2011,651,645,"50.000-100.000",NA,NA
"08301","Viladecans",67179,"Barcelona","Baix Llobregat",2012,684,629,"50.000-100.000",NA,NA
"08301","Viladecans",67179,"Barcelona","Baix Llobregat",2013,742,606,"50.000-100.000",NA,NA
"08301","Viladecans",67179,"Barcelona","Baix Llobregat",2014,722,593,"50.000-100.000",NA,NA
"08301","Viladecans",67179,"Barcelona","Baix Llobregat",2015,628,604,"50.000-100.000",32125,22.56
"08301","Viladecans",67179,"Barcelona","Baix Llobregat",2016,650,624,"50.000-100.000",33315,22.48
"08301","Viladecans",67179,"Barcelona","Baix Llobregat",2017,795,684,"50.000-100.000",34165,24.02
"08301","Viladecans",67179,"Barcelona","Baix Llobregat",2018,790,724,"50.000-100.000",35947,24.17
"08301","Viladecans",67179,"Barcelona","Baix Llobregat",2019,2526,751,"50.000-100.000",37220,24.21
"08301","Viladecans",67179,"Barcelona","Baix Llobregat",2020,2377,772,"50.000-100.000",37205,24.9
"08301","Viladecans",67179,"Barcelona","Baix Llobregat",2021,2694,740,"50.000-100.000",38945,22.8
"08301","Viladecans",67179,"Barcelona","Baix Llobregat",2022,2443,778,"50.000-100.000",40369,23.13
"08301","Viladecans",67179,"Barcelona","Baix Llobregat",2023,2166,865,"50.000-100.000",NA,NA
"08301","Viladecans",67179,"Barcelona","Baix Llobregat",2024,1835,860,"50.000-100.000",NA,NA
"08302","Vilanova del Camí",12853,"Barcelona","Anoia",2007,44,437,"10.000-50.000",NA,NA
"08302","Vilanova del Camí",12853,"Barcelona","Anoia",2008,54,500,"10.000-50.000",NA,NA
"08302","Vilanova del Camí",12853,"Barcelona","Anoia",2009,79,458,"10.000-50.000",NA,NA
"08302","Vilanova del Camí",12853,"Barcelona","Anoia",2010,90,394,"10.000-50.000",NA,NA
"08302","Vilanova del Camí",12853,"Barcelona","Anoia",2011,99,384,"10.000-50.000",NA,NA
"08302","Vilanova del Camí",12853,"Barcelona","Anoia",2012,134,346,"10.000-50.000",NA,NA
"08302","Vilanova del Camí",12853,"Barcelona","Anoia",2013,142,331,"10.000-50.000",NA,NA
"08302","Vilanova del Camí",12853,"Barcelona","Anoia",2014,130,331,"10.000-50.000",NA,NA
"08302","Vilanova del Camí",12853,"Barcelona","Anoia",2015,154,324,"10.000-50.000",26462,14.69
"08302","Vilanova del Camí",12853,"Barcelona","Anoia",2016,151,346,"10.000-50.000",27351,15.18
"08302","Vilanova del Camí",12853,"Barcelona","Anoia",2017,154,359,"10.000-50.000",28064,15.35
"08302","Vilanova del Camí",12853,"Barcelona","Anoia",2018,187,400,"10.000-50.000",29449,16.3
"08302","Vilanova del Camí",12853,"Barcelona","Anoia",2019,592,420,"10.000-50.000",30529,16.51
"08302","Vilanova del Camí",12853,"Barcelona","Anoia",2020,478,416,"10.000-50.000",30883,16.16
"08302","Vilanova del Camí",12853,"Barcelona","Anoia",2021,474,439,"10.000-50.000",31991,16.47
"08302","Vilanova del Camí",12853,"Barcelona","Anoia",2022,436,479,"10.000-50.000",33545,17.14
"08302","Vilanova del Camí",12853,"Barcelona","Anoia",2023,483,518,"10.000-50.000",NA,NA
"08302","Vilanova del Camí",12853,"Barcelona","Anoia",2024,497,492,"10.000-50.000",NA,NA
"08303","Vilanova de Sau",317,"Barcelona","Osona",2010,6,393,"< 1.000",NA,NA
"08303","Vilanova de Sau",317,"Barcelona","Osona",2018,7,466,"< 1.000",32039,17.45
"08303","Vilanova de Sau",317,"Barcelona","Osona",2020,13,587,"< 1.000",34071,20.67
"08303","Vilanova de Sau",317,"Barcelona","Osona",2022,6,550,"< 1.000",37460,17.62
"08303","Vilanova de Sau",317,"Barcelona","Osona",2023,15,669,"< 1.000",NA,NA
"08304","Vilobí del Penedès",1149,"Barcelona","Alt Penedès",2011,6,573,"1.000-5.000",NA,NA
"08304","Vilobí del Penedès",1149,"Barcelona","Alt Penedès",2012,6,617,"1.000-5.000",NA,NA
"08304","Vilobí del Penedès",1149,"Barcelona","Alt Penedès",2014,7,542,"1.000-5.000",NA,NA
"08304","Vilobí del Penedès",1149,"Barcelona","Alt Penedès",2015,8,516,"1.000-5.000",37954,16.31
"08304","Vilobí del Penedès",1149,"Barcelona","Alt Penedès",2016,13,635,"1.000-5.000",38405,19.84
"08304","Vilobí del Penedès",1149,"Barcelona","Alt Penedès",2018,6,542,"1.000-5.000",39893,16.3
"08304","Vilobí del Penedès",1149,"Barcelona","Alt Penedès",2020,30,699,"1.000-5.000",42814,19.59
"08304","Vilobí del Penedès",1149,"Barcelona","Alt Penedès",2021,30,917,"1.000-5.000",43897,25.07
"08304","Vilobí del Penedès",1149,"Barcelona","Alt Penedès",2022,46,552,"1.000-5.000",47432,13.97
"08304","Vilobí del Penedès",1149,"Barcelona","Alt Penedès",2023,6,825,"1.000-5.000",NA,NA
"08305","Vilafranca del Penedès",41541,"Barcelona","Alt Penedès",2007,393,551,"10.000-50.000",NA,NA
"08305","Vilafranca del Penedès",41541,"Barcelona","Alt Penedès",2008,516,556,"10.000-50.000",NA,NA
"08305","Vilafranca del Penedès",41541,"Barcelona","Alt Penedès",2009,573,528,"10.000-50.000",NA,NA
"08305","Vilafranca del Penedès",41541,"Barcelona","Alt Penedès",2010,684,480,"10.000-50.000",NA,NA
"08305","Vilafranca del Penedès",41541,"Barcelona","Alt Penedès",2011,790,469,"10.000-50.000",NA,NA
"08305","Vilafranca del Penedès",41541,"Barcelona","Alt Penedès",2012,873,439,"10.000-50.000",NA,NA
"08305","Vilafranca del Penedès",41541,"Barcelona","Alt Penedès",2013,868,402,"10.000-50.000",NA,NA
"08305","Vilafranca del Penedès",41541,"Barcelona","Alt Penedès",2014,820,404,"10.000-50.000",NA,NA
"08305","Vilafranca del Penedès",41541,"Barcelona","Alt Penedès",2015,835,408,"10.000-50.000",29862,16.4
"08305","Vilafranca del Penedès",41541,"Barcelona","Alt Penedès",2016,846,445,"10.000-50.000",30696,17.4
"08305","Vilafranca del Penedès",41541,"Barcelona","Alt Penedès",2017,928,491,"10.000-50.000",31880,18.48
"08305","Vilafranca del Penedès",41541,"Barcelona","Alt Penedès",2018,930,519,"10.000-50.000",32969,18.89
"08305","Vilafranca del Penedès",41541,"Barcelona","Alt Penedès",2019,2955,560,"10.000-50.000",33949,19.79
"08305","Vilafranca del Penedès",41541,"Barcelona","Alt Penedès",2020,2141,577,"10.000-50.000",34405,20.12
"08305","Vilafranca del Penedès",41541,"Barcelona","Alt Penedès",2021,2980,542,"10.000-50.000",35998,18.07
"08305","Vilafranca del Penedès",41541,"Barcelona","Alt Penedès",2022,3127,590,"10.000-50.000",37018,19.13
"08305","Vilafranca del Penedès",41541,"Barcelona","Alt Penedès",2023,2920,641,"10.000-50.000",NA,NA
"08305","Vilafranca del Penedès",41541,"Barcelona","Alt Penedès",2024,2603,665,"10.000-50.000",NA,NA
"08306","Vilalba Sasserra",780,"Barcelona","Vallès Oriental",2008,14,657,"< 1.000",NA,NA
"08306","Vilalba Sasserra",780,"Barcelona","Vallès Oriental",2009,16,556,"< 1.000",NA,NA
"08306","Vilalba Sasserra",780,"Barcelona","Vallès Oriental",2010,14,602,"< 1.000",NA,NA
"08306","Vilalba Sasserra",780,"Barcelona","Vallès Oriental",2011,24,520,"< 1.000",NA,NA
"08306","Vilalba Sasserra",780,"Barcelona","Vallès Oriental",2012,9,494,"< 1.000",NA,NA
"08306","Vilalba Sasserra",780,"Barcelona","Vallès Oriental",2013,18,410,"< 1.000",NA,NA
"08306","Vilalba Sasserra",780,"Barcelona","Vallès Oriental",2014,23,414,"< 1.000",NA,NA
"08306","Vilalba Sasserra",780,"Barcelona","Vallès Oriental",2015,13,484,"< 1.000",28315,20.51
"08306","Vilalba Sasserra",780,"Barcelona","Vallès Oriental",2016,14,535,"< 1.000",29049,22.1
"08306","Vilalba Sasserra",780,"Barcelona","Vallès Oriental",2017,16,508,"< 1.000",29984,20.33
"08306","Vilalba Sasserra",780,"Barcelona","Vallès Oriental",2018,24,545,"< 1.000",31008,21.09
"08306","Vilalba Sasserra",780,"Barcelona","Vallès Oriental",2019,43,574,"< 1.000",32621,21.12
"08306","Vilalba Sasserra",780,"Barcelona","Vallès Oriental",2020,27,698,"< 1.000",33848,24.75
"08306","Vilalba Sasserra",780,"Barcelona","Vallès Oriental",2021,65,530,"< 1.000",34019,18.7
"08306","Vilalba Sasserra",780,"Barcelona","Vallès Oriental",2022,43,688,"< 1.000",35965,22.96
"08306","Vilalba Sasserra",780,"Barcelona","Vallès Oriental",2023,18,739,"< 1.000",NA,NA
"08306","Vilalba Sasserra",780,"Barcelona","Vallès Oriental",2024,32,667,"< 1.000",NA,NA
"08307","Vilanova i la Geltrú",70293,"Barcelona","Garraf",2007,558,566,"50.000-100.000",NA,NA
"08307","Vilanova i la Geltrú",70293,"Barcelona","Garraf",2008,623,619,"50.000-100.000",NA,NA
"08307","Vilanova i la Geltrú",70293,"Barcelona","Garraf",2009,738,595,"50.000-100.000",NA,NA
"08307","Vilanova i la Geltrú",70293,"Barcelona","Garraf",2010,935,559,"50.000-100.000",NA,NA
"08307","Vilanova i la Geltrú",70293,"Barcelona","Garraf",2011,1048,553,"50.000-100.000",NA,NA
"08307","Vilanova i la Geltrú",70293,"Barcelona","Garraf",2012,1111,531,"50.000-100.000",NA,NA
"08307","Vilanova i la Geltrú",70293,"Barcelona","Garraf",2013,1137,502,"50.000-100.000",NA,NA
"08307","Vilanova i la Geltrú",70293,"Barcelona","Garraf",2014,1221,493,"50.000-100.000",NA,NA
"08307","Vilanova i la Geltrú",70293,"Barcelona","Garraf",2015,1258,516,"50.000-100.000",31003,19.97
"08307","Vilanova i la Geltrú",70293,"Barcelona","Garraf",2016,1057,543,"50.000-100.000",31766,20.51
"08307","Vilanova i la Geltrú",70293,"Barcelona","Garraf",2017,1264,583,"50.000-100.000",32551,21.49
"08307","Vilanova i la Geltrú",70293,"Barcelona","Garraf",2018,1330,632,"50.000-100.000",34288,22.12
"08307","Vilanova i la Geltrú",70293,"Barcelona","Garraf",2019,4565,645,"50.000-100.000",35810,21.61
"08307","Vilanova i la Geltrú",70293,"Barcelona","Garraf",2020,3340,676,"50.000-100.000",35717,22.71
"08307","Vilanova i la Geltrú",70293,"Barcelona","Garraf",2021,3976,647,"50.000-100.000",36966,21
"08307","Vilanova i la Geltrú",70293,"Barcelona","Garraf",2022,3941,699,"50.000-100.000",39345,21.32
"08307","Vilanova i la Geltrú",70293,"Barcelona","Garraf",2023,4005,761,"50.000-100.000",NA,NA
"08307","Vilanova i la Geltrú",70293,"Barcelona","Garraf",2024,3542,793,"50.000-100.000",NA,NA
"08902","Vilanova del Vallès",5644,"Barcelona","Vallès Oriental",2007,21,749,"5.000-10.000",NA,NA
"08902","Vilanova del Vallès",5644,"Barcelona","Vallès Oriental",2008,33,769,"5.000-10.000",NA,NA
"08902","Vilanova del Vallès",5644,"Barcelona","Vallès Oriental",2009,30,829,"5.000-10.000",NA,NA
"08902","Vilanova del Vallès",5644,"Barcelona","Vallès Oriental",2010,37,763,"5.000-10.000",NA,NA
"08902","Vilanova del Vallès",5644,"Barcelona","Vallès Oriental",2011,67,668,"5.000-10.000",NA,NA
"08902","Vilanova del Vallès",5644,"Barcelona","Vallès Oriental",2012,67,712,"5.000-10.000",NA,NA
"08902","Vilanova del Vallès",5644,"Barcelona","Vallès Oriental",2013,85,707,"5.000-10.000",NA,NA
"08902","Vilanova del Vallès",5644,"Barcelona","Vallès Oriental",2014,83,674,"5.000-10.000",NA,NA
"08902","Vilanova del Vallès",5644,"Barcelona","Vallès Oriental",2015,58,757,"5.000-10.000",40660,22.34
"08902","Vilanova del Vallès",5644,"Barcelona","Vallès Oriental",2016,58,744,"5.000-10.000",42943,20.79
"08902","Vilanova del Vallès",5644,"Barcelona","Vallès Oriental",2017,72,742,"5.000-10.000",43744,20.35
"08902","Vilanova del Vallès",5644,"Barcelona","Vallès Oriental",2018,89,783,"5.000-10.000",45225,20.78
"08902","Vilanova del Vallès",5644,"Barcelona","Vallès Oriental",2019,257,849,"5.000-10.000",46885,21.73
"08902","Vilanova del Vallès",5644,"Barcelona","Vallès Oriental",2020,224,843,"5.000-10.000",45972,22
"08902","Vilanova del Vallès",5644,"Barcelona","Vallès Oriental",2021,281,820,"5.000-10.000",46911,20.98
"08902","Vilanova del Vallès",5644,"Barcelona","Vallès Oriental",2022,171,991,"5.000-10.000",51342,23.16
"08902","Vilanova del Vallès",5644,"Barcelona","Vallès Oriental",2023,175,1008,"5.000-10.000",NA,NA
"08902","Vilanova del Vallès",5644,"Barcelona","Vallès Oriental",2024,152,1073,"5.000-10.000",NA,NA
"08904","Badia del Vallès",13109,"Barcelona","Vallès Occidental",2011,23,282,"10.000-50.000",NA,NA
"08904","Badia del Vallès",13109,"Barcelona","Vallès Occidental",2012,19,302,"10.000-50.000",NA,NA
"08904","Badia del Vallès",13109,"Barcelona","Vallès Occidental",2013,27,302,"10.000-50.000",NA,NA
"08904","Badia del Vallès",13109,"Barcelona","Vallès Occidental",2014,28,226,"10.000-50.000",NA,NA
"08904","Badia del Vallès",13109,"Barcelona","Vallès Occidental",2015,27,208,"10.000-50.000",24377,10.24
"08904","Badia del Vallès",13109,"Barcelona","Vallès Occidental",2016,35,247,"10.000-50.000",25281,11.72
"08904","Badia del Vallès",13109,"Barcelona","Vallès Occidental",2017,43,275,"10.000-50.000",26002,12.69
"08904","Badia del Vallès",13109,"Barcelona","Vallès Occidental",2018,29,315,"10.000-50.000",27419,13.79
"08904","Badia del Vallès",13109,"Barcelona","Vallès Occidental",2019,113,275,"10.000-50.000",28532,11.57
"08904","Badia del Vallès",13109,"Barcelona","Vallès Occidental",2020,80,259,"10.000-50.000",28239,11.01
"08904","Badia del Vallès",13109,"Barcelona","Vallès Occidental",2021,86,306,"10.000-50.000",29153,12.6
"08904","Badia del Vallès",13109,"Barcelona","Vallès Occidental",2022,171,282,"10.000-50.000",30561,11.07
"08904","Badia del Vallès",13109,"Barcelona","Vallès Occidental",2023,137,264,"10.000-50.000",NA,NA
"08904","Badia del Vallès",13109,"Barcelona","Vallès Occidental",2024,136,457,"10.000-50.000",NA,NA
"08905","Palma de Cervelló, La",3048,"Barcelona","Baix Llobregat",2009,16,705,"1.000-5.000",NA,NA
"08905","Palma de Cervelló, La",3048,"Barcelona","Baix Llobregat",2010,59,615,"1.000-5.000",NA,NA
"08905","Palma de Cervelló, La",3048,"Barcelona","Baix Llobregat",2011,75,582,"1.000-5.000",NA,NA
"08905","Palma de Cervelló, La",3048,"Barcelona","Baix Llobregat",2012,67,564,"1.000-5.000",NA,NA
"08905","Palma de Cervelló, La",3048,"Barcelona","Baix Llobregat",2013,62,529,"1.000-5.000",NA,NA
"08905","Palma de Cervelló, La",3048,"Barcelona","Baix Llobregat",2014,64,556,"1.000-5.000",NA,NA
"08905","Palma de Cervelló, La",3048,"Barcelona","Baix Llobregat",2015,68,560,"1.000-5.000",38053,17.66
"08905","Palma de Cervelló, La",3048,"Barcelona","Baix Llobregat",2016,68,582,"1.000-5.000",38981,17.92
"08905","Palma de Cervelló, La",3048,"Barcelona","Baix Llobregat",2017,63,639,"1.000-5.000",41061,18.67
"08905","Palma de Cervelló, La",3048,"Barcelona","Baix Llobregat",2018,80,663,"1.000-5.000",41947,18.97
"08905","Palma de Cervelló, La",3048,"Barcelona","Baix Llobregat",2019,236,665,"1.000-5.000",42941,18.58
"08905","Palma de Cervelló, La",3048,"Barcelona","Baix Llobregat",2020,152,713,"1.000-5.000",43743,19.56
"08905","Palma de Cervelló, La",3048,"Barcelona","Baix Llobregat",2021,237,669,"1.000-5.000",45963,17.47
"08905","Palma de Cervelló, La",3048,"Barcelona","Baix Llobregat",2022,186,691,"1.000-5.000",47056,17.62
"08905","Palma de Cervelló, La",3048,"Barcelona","Baix Llobregat",2023,161,778,"1.000-5.000",NA,NA
"08905","Palma de Cervelló, La",3048,"Barcelona","Baix Llobregat",2024,199,762,"1.000-5.000",NA,NA
"17001","Agullana",910,"Girona","Alt Empordà",2007,14,524,"< 1.000",NA,NA
"17001","Agullana",910,"Girona","Alt Empordà",2008,12,493,"< 1.000",NA,NA
"17001","Agullana",910,"Girona","Alt Empordà",2009,11,524,"< 1.000",NA,NA
"17001","Agullana",910,"Girona","Alt Empordà",2010,8,468,"< 1.000",NA,NA
"17001","Agullana",910,"Girona","Alt Empordà",2011,16,459,"< 1.000",NA,NA
"17001","Agullana",910,"Girona","Alt Empordà",2012,11,507,"< 1.000",NA,NA
"17001","Agullana",910,"Girona","Alt Empordà",2013,20,451,"< 1.000",NA,NA
"17001","Agullana",910,"Girona","Alt Empordà",2014,12,455,"< 1.000",NA,NA
"17001","Agullana",910,"Girona","Alt Empordà",2015,30,349,"< 1.000",32034,13.07
"17001","Agullana",910,"Girona","Alt Empordà",2016,17,464,"< 1.000",32493,17.14
"17001","Agullana",910,"Girona","Alt Empordà",2017,18,431,"< 1.000",33400,15.49
"17001","Agullana",910,"Girona","Alt Empordà",2018,18,463,"< 1.000",35371,15.71
"17001","Agullana",910,"Girona","Alt Empordà",2019,36,434,"< 1.000",36909,14.11
"17001","Agullana",910,"Girona","Alt Empordà",2020,57,436,"< 1.000",34421,15.2
"17001","Agullana",910,"Girona","Alt Empordà",2021,62,484,"< 1.000",39854,14.57
"17001","Agullana",910,"Girona","Alt Empordà",2022,66,473,"< 1.000",50407,11.26
"17001","Agullana",910,"Girona","Alt Empordà",2023,32,498,"< 1.000",NA,NA
"17001","Agullana",910,"Girona","Alt Empordà",2024,44,530,"< 1.000",NA,NA
"17002","Aiguaviva",800,"Girona","Gironès",2016,6,708,"< 1.000",49579,17.14
"17002","Aiguaviva",800,"Girona","Gironès",2019,18,850,"< 1.000",56407,18.08
"17002","Aiguaviva",800,"Girona","Gironès",2024,6,1150,"< 1.000",NA,NA
"17004","Albons",828,"Girona","Baix Empordà",2011,6,817,"< 1.000",NA,NA
"17004","Albons",828,"Girona","Baix Empordà",2012,6,540,"< 1.000",NA,NA
"17004","Albons",828,"Girona","Baix Empordà",2013,9,535,"< 1.000",NA,NA
"17004","Albons",828,"Girona","Baix Empordà",2014,13,709,"< 1.000",NA,NA
"17004","Albons",828,"Girona","Baix Empordà",2015,11,666,"< 1.000",31110,25.69
"17004","Albons",828,"Girona","Baix Empordà",2016,12,824,"< 1.000",32528,30.4
"17004","Albons",828,"Girona","Baix Empordà",2017,14,634,"< 1.000",33445,22.75
"17004","Albons",828,"Girona","Baix Empordà",2018,7,613,"< 1.000",34827,21.12
"17004","Albons",828,"Girona","Baix Empordà",2019,9,721,"< 1.000",35428,24.42
"17004","Albons",828,"Girona","Baix Empordà",2020,37,665,"< 1.000",35622,22.4
"17004","Albons",828,"Girona","Baix Empordà",2021,12,616,"< 1.000",38080,19.41
"17004","Albons",828,"Girona","Baix Empordà",2022,17,847,"< 1.000",42378,23.98
"17004","Albons",828,"Girona","Baix Empordà",2023,30,740,"< 1.000",NA,NA
"17004","Albons",828,"Girona","Baix Empordà",2024,26,796,"< 1.000",NA,NA
"17006","Alp",1727,"Girona","Cerdanya",2007,6,539,"1.000-5.000",NA,NA
"17006","Alp",1727,"Girona","Cerdanya",2008,11,631,"1.000-5.000",NA,NA
"17006","Alp",1727,"Girona","Cerdanya",2009,12,571,"1.000-5.000",NA,NA
"17006","Alp",1727,"Girona","Cerdanya",2010,8,504,"1.000-5.000",NA,NA
"17006","Alp",1727,"Girona","Cerdanya",2011,24,485,"1.000-5.000",NA,NA
"17006","Alp",1727,"Girona","Cerdanya",2012,31,482,"1.000-5.000",NA,NA
"17006","Alp",1727,"Girona","Cerdanya",2013,30,441,"1.000-5.000",NA,NA
"17006","Alp",1727,"Girona","Cerdanya",2014,23,477,"1.000-5.000",NA,NA
"17006","Alp",1727,"Girona","Cerdanya",2015,30,432,"1.000-5.000",32387,16.01
"17006","Alp",1727,"Girona","Cerdanya",2016,32,477,"1.000-5.000",33873,16.9
"17006","Alp",1727,"Girona","Cerdanya",2017,47,449,"1.000-5.000",33814,15.93
"17006","Alp",1727,"Girona","Cerdanya",2018,54,452,"1.000-5.000",35632,15.22
"17006","Alp",1727,"Girona","Cerdanya",2019,148,617,"1.000-5.000",36143,20.49
"17006","Alp",1727,"Girona","Cerdanya",2020,113,510,"1.000-5.000",37440,16.35
"17006","Alp",1727,"Girona","Cerdanya",2021,86,567,"1.000-5.000",41674,16.33
"17006","Alp",1727,"Girona","Cerdanya",2022,134,563,"1.000-5.000",43896,15.39
"17006","Alp",1727,"Girona","Cerdanya",2023,84,571,"1.000-5.000",NA,NA
"17006","Alp",1727,"Girona","Cerdanya",2024,84,699,"1.000-5.000",NA,NA
"17007","Amer",2421,"Girona","Selva",2007,13,408,"1.000-5.000",NA,NA
"17007","Amer",2421,"Girona","Selva",2008,17,382,"1.000-5.000",NA,NA
"17007","Amer",2421,"Girona","Selva",2009,14,415,"1.000-5.000",NA,NA
"17007","Amer",2421,"Girona","Selva",2010,12,410,"1.000-5.000",NA,NA
"17007","Amer",2421,"Girona","Selva",2011,6,462,"1.000-5.000",NA,NA
"17007","Amer",2421,"Girona","Selva",2012,18,405,"1.000-5.000",NA,NA
"17007","Amer",2421,"Girona","Selva",2013,18,338,"1.000-5.000",NA,NA
"17007","Amer",2421,"Girona","Selva",2014,18,352,"1.000-5.000",NA,NA
"17007","Amer",2421,"Girona","Selva",2015,18,370,"1.000-5.000",33243,13.36
"17007","Amer",2421,"Girona","Selva",2016,25,349,"1.000-5.000",34139,12.27
"17007","Amer",2421,"Girona","Selva",2017,32,419,"1.000-5.000",35024,14.36
"17007","Amer",2421,"Girona","Selva",2018,20,404,"1.000-5.000",36490,13.29
"17007","Amer",2421,"Girona","Selva",2019,67,428,"1.000-5.000",36693,14
"17007","Amer",2421,"Girona","Selva",2020,92,450,"1.000-5.000",37538,14.39
"17007","Amer",2421,"Girona","Selva",2021,154,451,"1.000-5.000",38028,14.23
"17007","Amer",2421,"Girona","Selva",2022,80,476,"1.000-5.000",39245,14.55
"17007","Amer",2421,"Girona","Selva",2023,98,514,"1.000-5.000",NA,NA
"17007","Amer",2421,"Girona","Selva",2024,65,630,"1.000-5.000",NA,NA
"17008","Anglès",5915,"Girona","Selva",2007,38,350,"5.000-10.000",NA,NA
"17008","Anglès",5915,"Girona","Selva",2008,24,456,"5.000-10.000",NA,NA
"17008","Anglès",5915,"Girona","Selva",2009,76,423,"5.000-10.000",NA,NA
"17008","Anglès",5915,"Girona","Selva",2010,61,440,"5.000-10.000",NA,NA
"17008","Anglès",5915,"Girona","Selva",2011,43,413,"5.000-10.000",NA,NA
"17008","Anglès",5915,"Girona","Selva",2012,86,373,"5.000-10.000",NA,NA
"17008","Anglès",5915,"Girona","Selva",2013,108,348,"5.000-10.000",NA,NA
"17008","Anglès",5915,"Girona","Selva",2014,70,321,"5.000-10.000",NA,NA
"17008","Anglès",5915,"Girona","Selva",2015,102,358,"5.000-10.000",29466,14.58
"17008","Anglès",5915,"Girona","Selva",2016,121,353,"5.000-10.000",30032,14.1
"17008","Anglès",5915,"Girona","Selva",2017,104,391,"5.000-10.000",30809,15.23
"17008","Anglès",5915,"Girona","Selva",2018,100,413,"5.000-10.000",31537,15.71
"17008","Anglès",5915,"Girona","Selva",2019,316,468,"5.000-10.000",33202,16.91
"17008","Anglès",5915,"Girona","Selva",2020,288,493,"5.000-10.000",33747,17.53
"17008","Anglès",5915,"Girona","Selva",2021,356,475,"5.000-10.000",34970,16.3
"17008","Anglès",5915,"Girona","Selva",2022,414,492,"5.000-10.000",36412,16.21
"17008","Anglès",5915,"Girona","Selva",2023,391,514,"5.000-10.000",NA,NA
"17008","Anglès",5915,"Girona","Selva",2024,266,574,"5.000-10.000",NA,NA
"17009","Arbúcies",6555,"Girona","Selva",2007,56,386,"5.000-10.000",NA,NA
"17009","Arbúcies",6555,"Girona","Selva",2008,72,412,"5.000-10.000",NA,NA
"17009","Arbúcies",6555,"Girona","Selva",2009,88,392,"5.000-10.000",NA,NA
"17009","Arbúcies",6555,"Girona","Selva",2010,119,381,"5.000-10.000",NA,NA
"17009","Arbúcies",6555,"Girona","Selva",2011,159,381,"5.000-10.000",NA,NA
"17009","Arbúcies",6555,"Girona","Selva",2012,104,365,"5.000-10.000",NA,NA
"17009","Arbúcies",6555,"Girona","Selva",2013,111,309,"5.000-10.000",NA,NA
"17009","Arbúcies",6555,"Girona","Selva",2014,119,318,"5.000-10.000",NA,NA
"17009","Arbúcies",6555,"Girona","Selva",2015,143,306,"5.000-10.000",28236,13
"17009","Arbúcies",6555,"Girona","Selva",2016,172,338,"5.000-10.000",29251,13.87
"17009","Arbúcies",6555,"Girona","Selva",2017,148,347,"5.000-10.000",30235,13.77
"17009","Arbúcies",6555,"Girona","Selva",2018,162,383,"5.000-10.000",31579,14.55
"17009","Arbúcies",6555,"Girona","Selva",2019,575,394,"5.000-10.000",32618,14.5
"17009","Arbúcies",6555,"Girona","Selva",2020,448,398,"5.000-10.000",32458,14.71
"17009","Arbúcies",6555,"Girona","Selva",2021,612,428,"5.000-10.000",33286,15.43
"17009","Arbúcies",6555,"Girona","Selva",2022,497,459,"5.000-10.000",35431,15.55
"17009","Arbúcies",6555,"Girona","Selva",2023,452,453,"5.000-10.000",NA,NA
"17009","Arbúcies",6555,"Girona","Selva",2024,510,503,"5.000-10.000",NA,NA
"17010","Argelaguer",451,"Girona","Garrotxa",2010,6,585,"< 1.000",NA,NA
"17010","Argelaguer",451,"Girona","Garrotxa",2013,7,454,"< 1.000",NA,NA
"17010","Argelaguer",451,"Girona","Garrotxa",2018,6,488,"< 1.000",30550,19.17
"17010","Argelaguer",451,"Girona","Garrotxa",2019,6,418,"< 1.000",32755,15.31
"17011","Armentera, L'",1070,"Girona","Alt Empordà",2009,7,444,"1.000-5.000",NA,NA
"17011","Armentera, L'",1070,"Girona","Alt Empordà",2010,11,473,"1.000-5.000",NA,NA
"17011","Armentera, L'",1070,"Girona","Alt Empordà",2011,10,427,"1.000-5.000",NA,NA
"17011","Armentera, L'",1070,"Girona","Alt Empordà",2012,14,445,"1.000-5.000",NA,NA
"17011","Armentera, L'",1070,"Girona","Alt Empordà",2013,17,407,"1.000-5.000",NA,NA
"17011","Armentera, L'",1070,"Girona","Alt Empordà",2014,10,439,"1.000-5.000",NA,NA
"17011","Armentera, L'",1070,"Girona","Alt Empordà",2015,16,426,"1.000-5.000",30933,16.53
"17011","Armentera, L'",1070,"Girona","Alt Empordà",2017,15,525,"1.000-5.000",33080,19.04
"17011","Armentera, L'",1070,"Girona","Alt Empordà",2018,14,511,"1.000-5.000",35372,17.34
"17011","Armentera, L'",1070,"Girona","Alt Empordà",2019,39,535,"1.000-5.000",35382,18.14
"17011","Armentera, L'",1070,"Girona","Alt Empordà",2020,36,490,"1.000-5.000",36716,16.01
"17011","Armentera, L'",1070,"Girona","Alt Empordà",2021,26,525,"1.000-5.000",38175,16.5
"17011","Armentera, L'",1070,"Girona","Alt Empordà",2022,26,777,"1.000-5.000",40549,22.99
"17011","Armentera, L'",1070,"Girona","Alt Empordà",2023,28,800,"1.000-5.000",NA,NA
"17011","Armentera, L'",1070,"Girona","Alt Empordà",2024,34,610,"1.000-5.000",NA,NA
"17012","Avinyonet de Puigventós",1689,"Girona","Alt Empordà",2008,9,783,"1.000-5.000",NA,NA
"17012","Avinyonet de Puigventós",1689,"Girona","Alt Empordà",2009,9,787,"1.000-5.000",NA,NA
"17012","Avinyonet de Puigventós",1689,"Girona","Alt Empordà",2010,10,646,"1.000-5.000",NA,NA
"17012","Avinyonet de Puigventós",1689,"Girona","Alt Empordà",2011,9,731,"1.000-5.000",NA,NA
"17012","Avinyonet de Puigventós",1689,"Girona","Alt Empordà",2012,8,631,"1.000-5.000",NA,NA
"17012","Avinyonet de Puigventós",1689,"Girona","Alt Empordà",2013,11,614,"1.000-5.000",NA,NA
"17012","Avinyonet de Puigventós",1689,"Girona","Alt Empordà",2014,21,646,"1.000-5.000",NA,NA
"17012","Avinyonet de Puigventós",1689,"Girona","Alt Empordà",2015,18,646,"1.000-5.000",36978,20.96
"17012","Avinyonet de Puigventós",1689,"Girona","Alt Empordà",2016,11,736,"1.000-5.000",38068,23.2
"17012","Avinyonet de Puigventós",1689,"Girona","Alt Empordà",2017,18,743,"1.000-5.000",39588,22.52
"17012","Avinyonet de Puigventós",1689,"Girona","Alt Empordà",2018,10,665,"1.000-5.000",41288,19.33
"17012","Avinyonet de Puigventós",1689,"Girona","Alt Empordà",2019,30,780,"1.000-5.000",42921,21.81
"17012","Avinyonet de Puigventós",1689,"Girona","Alt Empordà",2020,9,791,"1.000-5.000",42755,22.2
"17012","Avinyonet de Puigventós",1689,"Girona","Alt Empordà",2021,30,725,"1.000-5.000",44603,19.51
"17012","Avinyonet de Puigventós",1689,"Girona","Alt Empordà",2022,16,752,"1.000-5.000",47707,18.92
"17012","Avinyonet de Puigventós",1689,"Girona","Alt Empordà",2023,29,772,"1.000-5.000",NA,NA
"17012","Avinyonet de Puigventós",1689,"Girona","Alt Empordà",2024,15,1000,"1.000-5.000",NA,NA
"17013","Begur",4227,"Girona","Baix Empordà",2007,8,468,"1.000-5.000",NA,NA
"17013","Begur",4227,"Girona","Baix Empordà",2008,20,662,"1.000-5.000",NA,NA
"17013","Begur",4227,"Girona","Baix Empordà",2009,9,1068,"1.000-5.000",NA,NA
"17013","Begur",4227,"Girona","Baix Empordà",2010,11,530,"1.000-5.000",NA,NA
"17013","Begur",4227,"Girona","Baix Empordà",2011,29,403,"1.000-5.000",NA,NA
"17013","Begur",4227,"Girona","Baix Empordà",2012,20,620,"1.000-5.000",NA,NA
"17013","Begur",4227,"Girona","Baix Empordà",2013,23,588,"1.000-5.000",NA,NA
"17013","Begur",4227,"Girona","Baix Empordà",2014,16,442,"1.000-5.000",NA,NA
"17013","Begur",4227,"Girona","Baix Empordà",2015,20,695,"1.000-5.000",29825,27.96
"17013","Begur",4227,"Girona","Baix Empordà",2016,24,644,"1.000-5.000",30438,25.39
"17013","Begur",4227,"Girona","Baix Empordà",2017,16,548,"1.000-5.000",31590,20.82
"17013","Begur",4227,"Girona","Baix Empordà",2018,26,594,"1.000-5.000",33776,21.1
"17013","Begur",4227,"Girona","Baix Empordà",2019,109,722,"1.000-5.000",34885,24.84
"17013","Begur",4227,"Girona","Baix Empordà",2020,73,939,"1.000-5.000",36736,30.67
"17013","Begur",4227,"Girona","Baix Empordà",2021,60,686,"1.000-5.000",36149,22.77
"17013","Begur",4227,"Girona","Baix Empordà",2022,70,851,"1.000-5.000",42295,24.14
"17013","Begur",4227,"Girona","Baix Empordà",2023,80,726,"1.000-5.000",NA,NA
"17013","Begur",4227,"Girona","Baix Empordà",2024,75,894,"1.000-5.000",NA,NA
"17015","Banyoles",20707,"Girona","Pla de l'Estany",2007,73,531,"10.000-50.000",NA,NA
"17015","Banyoles",20707,"Girona","Pla de l'Estany",2008,126,569,"10.000-50.000",NA,NA
"17015","Banyoles",20707,"Girona","Pla de l'Estany",2009,156,533,"10.000-50.000",NA,NA
"17015","Banyoles",20707,"Girona","Pla de l'Estany",2010,265,487,"10.000-50.000",NA,NA
"17015","Banyoles",20707,"Girona","Pla de l'Estany",2011,327,460,"10.000-50.000",NA,NA
"17015","Banyoles",20707,"Girona","Pla de l'Estany",2012,385,418,"10.000-50.000",NA,NA
"17015","Banyoles",20707,"Girona","Pla de l'Estany",2013,426,392,"10.000-50.000",NA,NA
"17015","Banyoles",20707,"Girona","Pla de l'Estany",2014,435,389,"10.000-50.000",NA,NA
"17015","Banyoles",20707,"Girona","Pla de l'Estany",2015,431,409,"10.000-50.000",32029,15.32
"17015","Banyoles",20707,"Girona","Pla de l'Estany",2016,382,427,"10.000-50.000",33081,15.49
"17015","Banyoles",20707,"Girona","Pla de l'Estany",2017,458,452,"10.000-50.000",34143,15.89
"17015","Banyoles",20707,"Girona","Pla de l'Estany",2018,417,497,"10.000-50.000",35834,16.64
"17015","Banyoles",20707,"Girona","Pla de l'Estany",2019,1548,535,"10.000-50.000",37244,17.24
"17015","Banyoles",20707,"Girona","Pla de l'Estany",2020,1281,553,"10.000-50.000",37832,17.54
"17015","Banyoles",20707,"Girona","Pla de l'Estany",2021,1472,574,"10.000-50.000",39104,17.61
"17015","Banyoles",20707,"Girona","Pla de l'Estany",2022,1485,585,"10.000-50.000",41611,16.87
"17015","Banyoles",20707,"Girona","Pla de l'Estany",2023,1398,660,"10.000-50.000",NA,NA
"17015","Banyoles",20707,"Girona","Pla de l'Estany",2024,1288,666,"10.000-50.000",NA,NA
"17016","Bàscara",1055,"Girona","Alt Empordà",2010,11,534,"1.000-5.000",NA,NA
"17016","Bàscara",1055,"Girona","Alt Empordà",2011,10,428,"1.000-5.000",NA,NA
"17016","Bàscara",1055,"Girona","Alt Empordà",2012,13,471,"1.000-5.000",NA,NA
"17016","Bàscara",1055,"Girona","Alt Empordà",2013,11,422,"1.000-5.000",NA,NA
"17016","Bàscara",1055,"Girona","Alt Empordà",2014,17,515,"1.000-5.000",NA,NA
"17016","Bàscara",1055,"Girona","Alt Empordà",2015,26,407,"1.000-5.000",29000,16.84
"17016","Bàscara",1055,"Girona","Alt Empordà",2016,18,560,"1.000-5.000",31063,21.63
"17016","Bàscara",1055,"Girona","Alt Empordà",2017,16,434,"1.000-5.000",31016,16.79
"17016","Bàscara",1055,"Girona","Alt Empordà",2018,27,513,"1.000-5.000",32602,18.88
"17016","Bàscara",1055,"Girona","Alt Empordà",2019,75,555,"1.000-5.000",34272,19.43
"17016","Bàscara",1055,"Girona","Alt Empordà",2020,47,494,"1.000-5.000",33123,17.9
"17016","Bàscara",1055,"Girona","Alt Empordà",2021,49,538,"1.000-5.000",35427,18.22
"17016","Bàscara",1055,"Girona","Alt Empordà",2022,63,601,"1.000-5.000",36276,19.88
"17016","Bàscara",1055,"Girona","Alt Empordà",2023,44,810,"1.000-5.000",NA,NA
"17016","Bàscara",1055,"Girona","Alt Empordà",2024,47,677,"1.000-5.000",NA,NA
"17018","Bellcaire d'Empordà",737,"Girona","Baix Empordà",2009,6,532,"< 1.000",NA,NA
"17018","Bellcaire d'Empordà",737,"Girona","Baix Empordà",2011,11,559,"< 1.000",NA,NA
"17018","Bellcaire d'Empordà",737,"Girona","Baix Empordà",2012,6,467,"< 1.000",NA,NA
"17018","Bellcaire d'Empordà",737,"Girona","Baix Empordà",2013,11,473,"< 1.000",NA,NA
"17018","Bellcaire d'Empordà",737,"Girona","Baix Empordà",2014,7,499,"< 1.000",NA,NA
"17018","Bellcaire d'Empordà",737,"Girona","Baix Empordà",2016,9,510,"< 1.000",29370,20.84
"17018","Bellcaire d'Empordà",737,"Girona","Baix Empordà",2017,12,500,"< 1.000",30215,19.86
"17018","Bellcaire d'Empordà",737,"Girona","Baix Empordà",2018,13,521,"< 1.000",31561,19.81
"17018","Bellcaire d'Empordà",737,"Girona","Baix Empordà",2019,33,522,"< 1.000",32722,19.14
"17018","Bellcaire d'Empordà",737,"Girona","Baix Empordà",2020,46,546,"< 1.000",32964,19.88
"17018","Bellcaire d'Empordà",737,"Girona","Baix Empordà",2021,6,567,"< 1.000",35161,19.35
"17018","Bellcaire d'Empordà",737,"Girona","Baix Empordà",2022,9,572,"< 1.000",37098,18.5
"17018","Bellcaire d'Empordà",737,"Girona","Baix Empordà",2023,8,556,"< 1.000",NA,NA
"17018","Bellcaire d'Empordà",737,"Girona","Baix Empordà",2024,41,624,"< 1.000",NA,NA
"17019","Besalú",2577,"Girona","Garrotxa",2009,6,420,"1.000-5.000",NA,NA
"17019","Besalú",2577,"Girona","Garrotxa",2010,32,441,"1.000-5.000",NA,NA
"17019","Besalú",2577,"Girona","Garrotxa",2011,49,430,"1.000-5.000",NA,NA
"17019","Besalú",2577,"Girona","Garrotxa",2012,32,416,"1.000-5.000",NA,NA
"17019","Besalú",2577,"Girona","Garrotxa",2013,31,397,"1.000-5.000",NA,NA
"17019","Besalú",2577,"Girona","Garrotxa",2014,32,361,"1.000-5.000",NA,NA
"17019","Besalú",2577,"Girona","Garrotxa",2015,33,394,"1.000-5.000",31516,15
"17019","Besalú",2577,"Girona","Garrotxa",2016,39,385,"1.000-5.000",31807,14.53
"17019","Besalú",2577,"Girona","Garrotxa",2017,24,471,"1.000-5.000",33498,16.87
"17019","Besalú",2577,"Girona","Garrotxa",2018,43,436,"1.000-5.000",34339,15.24
"17019","Besalú",2577,"Girona","Garrotxa",2019,129,489,"1.000-5.000",35792,16.39
"17019","Besalú",2577,"Girona","Garrotxa",2020,111,496,"1.000-5.000",34745,17.13
"17019","Besalú",2577,"Girona","Garrotxa",2021,105,508,"1.000-5.000",36344,16.77
"17019","Besalú",2577,"Girona","Garrotxa",2022,162,531,"1.000-5.000",38095,16.73
"17019","Besalú",2577,"Girona","Garrotxa",2023,130,544,"1.000-5.000",NA,NA
"17019","Besalú",2577,"Girona","Garrotxa",2024,103,555,"1.000-5.000",NA,NA
"17020","Bescanó",5122,"Girona","Gironès",2008,12,602,"5.000-10.000",NA,NA
"17020","Bescanó",5122,"Girona","Gironès",2009,27,617,"5.000-10.000",NA,NA
"17020","Bescanó",5122,"Girona","Gironès",2010,25,592,"5.000-10.000",NA,NA
"17020","Bescanó",5122,"Girona","Gironès",2011,46,554,"5.000-10.000",NA,NA
"17020","Bescanó",5122,"Girona","Gironès",2012,43,506,"5.000-10.000",NA,NA
"17020","Bescanó",5122,"Girona","Gironès",2013,28,481,"5.000-10.000",NA,NA
"17020","Bescanó",5122,"Girona","Gironès",2014,36,511,"5.000-10.000",NA,NA
"17020","Bescanó",5122,"Girona","Gironès",2015,35,505,"5.000-10.000",36327,16.68
"17020","Bescanó",5122,"Girona","Gironès",2016,22,586,"5.000-10.000",37470,18.77
"17020","Bescanó",5122,"Girona","Gironès",2017,45,596,"5.000-10.000",38214,18.72
"17020","Bescanó",5122,"Girona","Gironès",2018,42,693,"5.000-10.000",40132,20.72
"17020","Bescanó",5122,"Girona","Gironès",2019,140,588,"5.000-10.000",41042,17.19
"17020","Bescanó",5122,"Girona","Gironès",2020,131,649,"5.000-10.000",42136,18.48
"17020","Bescanó",5122,"Girona","Gironès",2021,101,595,"5.000-10.000",44120,16.18
"17020","Bescanó",5122,"Girona","Gironès",2022,98,669,"5.000-10.000",45743,17.55
"17020","Bescanó",5122,"Girona","Gironès",2023,152,686,"5.000-10.000",NA,NA
"17020","Bescanó",5122,"Girona","Gironès",2024,138,846,"5.000-10.000",NA,NA
"17022","Bisbal d'Empordà, La",11637,"Girona","Baix Empordà",2007,76,478,"10.000-50.000",NA,NA
"17022","Bisbal d'Empordà, La",11637,"Girona","Baix Empordà",2008,103,527,"10.000-50.000",NA,NA
"17022","Bisbal d'Empordà, La",11637,"Girona","Baix Empordà",2009,118,467,"10.000-50.000",NA,NA
"17022","Bisbal d'Empordà, La",11637,"Girona","Baix Empordà",2010,175,439,"10.000-50.000",NA,NA
"17022","Bisbal d'Empordà, La",11637,"Girona","Baix Empordà",2011,240,428,"10.000-50.000",NA,NA
"17022","Bisbal d'Empordà, La",11637,"Girona","Baix Empordà",2012,187,384,"10.000-50.000",NA,NA
"17022","Bisbal d'Empordà, La",11637,"Girona","Baix Empordà",2013,223,379,"10.000-50.000",NA,NA
"17022","Bisbal d'Empordà, La",11637,"Girona","Baix Empordà",2014,283,339,"10.000-50.000",NA,NA
"17022","Bisbal d'Empordà, La",11637,"Girona","Baix Empordà",2015,267,346,"10.000-50.000",26353,15.76
"17022","Bisbal d'Empordà, La",11637,"Girona","Baix Empordà",2016,224,382,"10.000-50.000",26782,17.12
"17022","Bisbal d'Empordà, La",11637,"Girona","Baix Empordà",2017,210,389,"10.000-50.000",27900,16.73
"17022","Bisbal d'Empordà, La",11637,"Girona","Baix Empordà",2018,247,421,"10.000-50.000",29774,16.97
"17022","Bisbal d'Empordà, La",11637,"Girona","Baix Empordà",2019,769,448,"10.000-50.000",31317,17.17
"17022","Bisbal d'Empordà, La",11637,"Girona","Baix Empordà",2020,622,463,"10.000-50.000",30355,18.3
"17022","Bisbal d'Empordà, La",11637,"Girona","Baix Empordà",2021,789,454,"10.000-50.000",32197,16.92
"17022","Bisbal d'Empordà, La",11637,"Girona","Baix Empordà",2022,710,502,"10.000-50.000",33233,18.13
"17022","Bisbal d'Empordà, La",11637,"Girona","Baix Empordà",2023,696,542,"10.000-50.000",NA,NA
"17022","Bisbal d'Empordà, La",11637,"Girona","Baix Empordà",2024,677,513,"10.000-50.000",NA,NA
"17023","Blanes",41935,"Girona","Selva",2007,111,511,"10.000-50.000",NA,NA
"17023","Blanes",41935,"Girona","Selva",2008,257,524,"10.000-50.000",NA,NA
"17023","Blanes",41935,"Girona","Selva",2009,250,504,"10.000-50.000",NA,NA
"17023","Blanes",41935,"Girona","Selva",2010,561,459,"10.000-50.000",NA,NA
"17023","Blanes",41935,"Girona","Selva",2011,737,461,"10.000-50.000",NA,NA
"17023","Blanes",41935,"Girona","Selva",2012,687,445,"10.000-50.000",NA,NA
"17023","Blanes",41935,"Girona","Selva",2013,791,423,"10.000-50.000",NA,NA
"17023","Blanes",41935,"Girona","Selva",2014,886,418,"10.000-50.000",NA,NA
"17023","Blanes",41935,"Girona","Selva",2015,887,425,"10.000-50.000",26015,19.6
"17023","Blanes",41935,"Girona","Selva",2016,904,431,"10.000-50.000",26823,19.28
"17023","Blanes",41935,"Girona","Selva",2017,882,452,"10.000-50.000",27668,19.6
"17023","Blanes",41935,"Girona","Selva",2018,949,494,"10.000-50.000",28875,20.53
"17023","Blanes",41935,"Girona","Selva",2019,2890,509,"10.000-50.000",30128,20.27
"17023","Blanes",41935,"Girona","Selva",2020,2417,527,"10.000-50.000",29329,21.56
"17023","Blanes",41935,"Girona","Selva",2021,3296,502,"10.000-50.000",30868,19.52
"17023","Blanes",41935,"Girona","Selva",2022,2788,549,"10.000-50.000",32435,20.31
"17023","Blanes",41935,"Girona","Selva",2023,2150,598,"10.000-50.000",NA,NA
"17023","Blanes",41935,"Girona","Selva",2024,2042,613,"10.000-50.000",NA,NA
"17024","Bolvir",497,"Girona","Cerdanya",2008,7,703,"< 1.000",NA,NA
"17024","Bolvir",497,"Girona","Cerdanya",2010,7,610,"< 1.000",NA,NA
"17024","Bolvir",497,"Girona","Cerdanya",2016,8,1134,"< 1.000",34723,39.19
"17024","Bolvir",497,"Girona","Cerdanya",2017,8,1002,"< 1.000",35379,33.99
"17024","Bolvir",497,"Girona","Cerdanya",2020,18,1130,"< 1.000",35110,38.62
"17024","Bolvir",497,"Girona","Cerdanya",2021,27,1051,"< 1.000",57089,22.09
"17024","Bolvir",497,"Girona","Cerdanya",2022,7,839,"< 1.000",60936,16.52
"17024","Bolvir",497,"Girona","Cerdanya",2023,21,881,"< 1.000",NA,NA
"17024","Bolvir",497,"Girona","Cerdanya",2024,8,1320,"< 1.000",NA,NA
"17025","Bordils",1801,"Girona","Gironès",2007,11,468,"1.000-5.000",NA,NA
"17025","Bordils",1801,"Girona","Gironès",2008,11,428,"1.000-5.000",NA,NA
"17025","Bordils",1801,"Girona","Gironès",2009,23,454,"1.000-5.000",NA,NA
"17025","Bordils",1801,"Girona","Gironès",2010,13,430,"1.000-5.000",NA,NA
"17025","Bordils",1801,"Girona","Gironès",2011,29,498,"1.000-5.000",NA,NA
"17025","Bordils",1801,"Girona","Gironès",2012,17,528,"1.000-5.000",NA,NA
"17025","Bordils",1801,"Girona","Gironès",2013,24,476,"1.000-5.000",NA,NA
"17025","Bordils",1801,"Girona","Gironès",2014,32,518,"1.000-5.000",NA,NA
"17025","Bordils",1801,"Girona","Gironès",2015,23,511,"1.000-5.000",36400,16.85
"17025","Bordils",1801,"Girona","Gironès",2016,26,457,"1.000-5.000",37756,14.52
"17025","Bordils",1801,"Girona","Gironès",2017,26,500,"1.000-5.000",38718,15.5
"17025","Bordils",1801,"Girona","Gironès",2018,29,514,"1.000-5.000",40419,15.26
"17025","Bordils",1801,"Girona","Gironès",2019,66,575,"1.000-5.000",42159,16.37
"17025","Bordils",1801,"Girona","Gironès",2020,84,576,"1.000-5.000",42122,16.41
"17025","Bordils",1801,"Girona","Gironès",2021,53,607,"1.000-5.000",43733,16.66
"17025","Bordils",1801,"Girona","Gironès",2022,67,698,"1.000-5.000",46226,18.12
"17025","Bordils",1801,"Girona","Gironès",2023,47,658,"1.000-5.000",NA,NA
"17025","Bordils",1801,"Girona","Gironès",2024,75,733,"1.000-5.000",NA,NA
"17026","Borrassà",774,"Girona","Alt Empordà",2007,10,544,"< 1.000",NA,NA
"17026","Borrassà",774,"Girona","Alt Empordà",2008,7,606,"< 1.000",NA,NA
"17026","Borrassà",774,"Girona","Alt Empordà",2009,7,536,"< 1.000",NA,NA
"17026","Borrassà",774,"Girona","Alt Empordà",2010,9,514,"< 1.000",NA,NA
"17026","Borrassà",774,"Girona","Alt Empordà",2011,12,536,"< 1.000",NA,NA
"17026","Borrassà",774,"Girona","Alt Empordà",2012,7,457,"< 1.000",NA,NA
"17026","Borrassà",774,"Girona","Alt Empordà",2013,10,506,"< 1.000",NA,NA
"17026","Borrassà",774,"Girona","Alt Empordà",2014,14,480,"< 1.000",NA,NA
"17026","Borrassà",774,"Girona","Alt Empordà",2015,7,416,"< 1.000",44525,11.21
"17026","Borrassà",774,"Girona","Alt Empordà",2016,11,407,"< 1.000",41977,11.63
"17026","Borrassà",774,"Girona","Alt Empordà",2017,7,540,"< 1.000",40394,16.04
"17026","Borrassà",774,"Girona","Alt Empordà",2018,8,634,"< 1.000",42511,17.9
"17026","Borrassà",774,"Girona","Alt Empordà",2020,7,582,"< 1.000",44522,15.69
"17026","Borrassà",774,"Girona","Alt Empordà",2021,18,699,"< 1.000",47864,17.52
"17026","Borrassà",774,"Girona","Alt Empordà",2023,9,838,"< 1.000",NA,NA
"17027","Breda",3917,"Girona","Selva",2007,12,445,"1.000-5.000",NA,NA
"17027","Breda",3917,"Girona","Selva",2008,6,508,"1.000-5.000",NA,NA
"17027","Breda",3917,"Girona","Selva",2009,19,521,"1.000-5.000",NA,NA
"17027","Breda",3917,"Girona","Selva",2010,23,488,"1.000-5.000",NA,NA
"17027","Breda",3917,"Girona","Selva",2011,26,516,"1.000-5.000",NA,NA
"17027","Breda",3917,"Girona","Selva",2012,53,407,"1.000-5.000",NA,NA
"17027","Breda",3917,"Girona","Selva",2013,41,359,"1.000-5.000",NA,NA
"17027","Breda",3917,"Girona","Selva",2014,48,389,"1.000-5.000",NA,NA
"17027","Breda",3917,"Girona","Selva",2015,49,402,"1.000-5.000",29187,16.53
"17027","Breda",3917,"Girona","Selva",2016,61,416,"1.000-5.000",29782,16.76
"17027","Breda",3917,"Girona","Selva",2017,89,399,"1.000-5.000",30530,15.68
"17027","Breda",3917,"Girona","Selva",2018,82,460,"1.000-5.000",31937,17.28
"17027","Breda",3917,"Girona","Selva",2019,321,495,"1.000-5.000",32998,18
"17027","Breda",3917,"Girona","Selva",2020,301,469,"1.000-5.000",33222,16.94
"17027","Breda",3917,"Girona","Selva",2021,318,522,"1.000-5.000",34597,18.11
"17027","Breda",3917,"Girona","Selva",2022,309,518,"1.000-5.000",36536,17.01
"17027","Breda",3917,"Girona","Selva",2023,296,577,"1.000-5.000",NA,NA
"17027","Breda",3917,"Girona","Selva",2024,257,661,"1.000-5.000",NA,NA
"17028","Brunyola i Sant Martí Sapresa",393,"Girona","Selva",2015,8,431,"< 1.000",39798,13
"17028","Brunyola i Sant Martí Sapresa",393,"Girona","Selva",2016,7,389,"< 1.000",41379,11.28
"17028","Brunyola i Sant Martí Sapresa",393,"Girona","Selva",2018,9,633,"< 1.000",44920,16.91
"17028","Brunyola i Sant Martí Sapresa",393,"Girona","Selva",2020,16,514,"< 1.000",46122,13.37
"17028","Brunyola i Sant Martí Sapresa",393,"Girona","Selva",2021,9,778,"< 1.000",48805,19.13
"17028","Brunyola i Sant Martí Sapresa",393,"Girona","Selva",2023,6,792,"< 1.000",NA,NA
"17029","Boadella i les Escaules",260,"Girona","Alt Empordà",2015,10,484,"< 1.000",31701,18.32
"17029","Boadella i les Escaules",260,"Girona","Alt Empordà",2016,10,430,"< 1.000",32873,15.7
"17029","Boadella i les Escaules",260,"Girona","Alt Empordà",2017,8,480,"< 1.000",30462,18.91
"17029","Boadella i les Escaules",260,"Girona","Alt Empordà",2019,6,526,"< 1.000",35390,17.84
"17030","Cabanes",975,"Girona","Alt Empordà",2008,6,465,"< 1.000",NA,NA
"17030","Cabanes",975,"Girona","Alt Empordà",2010,14,515,"< 1.000",NA,NA
"17030","Cabanes",975,"Girona","Alt Empordà",2011,10,525,"< 1.000",NA,NA
"17030","Cabanes",975,"Girona","Alt Empordà",2012,10,508,"< 1.000",NA,NA
"17030","Cabanes",975,"Girona","Alt Empordà",2013,7,529,"< 1.000",NA,NA
"17030","Cabanes",975,"Girona","Alt Empordà",2014,9,508,"< 1.000",NA,NA
"17030","Cabanes",975,"Girona","Alt Empordà",2015,6,430,"< 1.000",29018,17.78
"17030","Cabanes",975,"Girona","Alt Empordà",2016,12,498,"< 1.000",29615,20.18
"17030","Cabanes",975,"Girona","Alt Empordà",2017,22,506,"< 1.000",30730,19.76
"17030","Cabanes",975,"Girona","Alt Empordà",2018,14,440,"< 1.000",31156,16.95
"17030","Cabanes",975,"Girona","Alt Empordà",2019,43,450,"< 1.000",32260,16.74
"17030","Cabanes",975,"Girona","Alt Empordà",2020,52,532,"< 1.000",31569,20.22
"17030","Cabanes",975,"Girona","Alt Empordà",2021,15,610,"< 1.000",32925,22.23
"17030","Cabanes",975,"Girona","Alt Empordà",2022,16,499,"< 1.000",36064,16.6
"17030","Cabanes",975,"Girona","Alt Empordà",2023,16,503,"< 1.000",NA,NA
"17030","Cabanes",975,"Girona","Alt Empordà",2024,17,682,"< 1.000",NA,NA
"17032","Cadaqués",2894,"Girona","Alt Empordà",2007,23,538,"1.000-5.000",NA,NA
"17032","Cadaqués",2894,"Girona","Alt Empordà",2008,29,613,"1.000-5.000",NA,NA
"17032","Cadaqués",2894,"Girona","Alt Empordà",2009,33,511,"1.000-5.000",NA,NA
"17032","Cadaqués",2894,"Girona","Alt Empordà",2010,28,549,"1.000-5.000",NA,NA
"17032","Cadaqués",2894,"Girona","Alt Empordà",2011,41,517,"1.000-5.000",NA,NA
"17032","Cadaqués",2894,"Girona","Alt Empordà",2012,57,584,"1.000-5.000",NA,NA
"17032","Cadaqués",2894,"Girona","Alt Empordà",2013,48,571,"1.000-5.000",NA,NA
"17032","Cadaqués",2894,"Girona","Alt Empordà",2014,53,565,"1.000-5.000",NA,NA
"17032","Cadaqués",2894,"Girona","Alt Empordà",2015,32,554,"1.000-5.000",26354,25.23
"17032","Cadaqués",2894,"Girona","Alt Empordà",2016,49,775,"1.000-5.000",27032,34.4
"17032","Cadaqués",2894,"Girona","Alt Empordà",2017,35,596,"1.000-5.000",28451,25.14
"17032","Cadaqués",2894,"Girona","Alt Empordà",2018,39,646,"1.000-5.000",30320,25.57
"17032","Cadaqués",2894,"Girona","Alt Empordà",2019,214,703,"1.000-5.000",32030,26.34
"17032","Cadaqués",2894,"Girona","Alt Empordà",2020,119,696,"1.000-5.000",30089,27.76
"17032","Cadaqués",2894,"Girona","Alt Empordà",2021,158,665,"1.000-5.000",34005,23.47
"17032","Cadaqués",2894,"Girona","Alt Empordà",2022,166,688,"1.000-5.000",35727,23.11
"17032","Cadaqués",2894,"Girona","Alt Empordà",2023,124,752,"1.000-5.000",NA,NA
"17032","Cadaqués",2894,"Girona","Alt Empordà",2024,140,890,"1.000-5.000",NA,NA
"17033","Caldes de Malavella",8445,"Girona","Selva",2007,29,518,"5.000-10.000",NA,NA
"17033","Caldes de Malavella",8445,"Girona","Selva",2008,43,553,"5.000-10.000",NA,NA
"17033","Caldes de Malavella",8445,"Girona","Selva",2009,34,555,"5.000-10.000",NA,NA
"17033","Caldes de Malavella",8445,"Girona","Selva",2010,50,532,"5.000-10.000",NA,NA
"17033","Caldes de Malavella",8445,"Girona","Selva",2011,70,566,"5.000-10.000",NA,NA
"17033","Caldes de Malavella",8445,"Girona","Selva",2012,86,533,"5.000-10.000",NA,NA
"17033","Caldes de Malavella",8445,"Girona","Selva",2013,108,567,"5.000-10.000",NA,NA
"17033","Caldes de Malavella",8445,"Girona","Selva",2014,104,503,"5.000-10.000",NA,NA
"17033","Caldes de Malavella",8445,"Girona","Selva",2015,104,492,"5.000-10.000",31990,18.46
"17033","Caldes de Malavella",8445,"Girona","Selva",2016,107,535,"5.000-10.000",33013,19.45
"17033","Caldes de Malavella",8445,"Girona","Selva",2017,124,588,"5.000-10.000",34120,20.68
"17033","Caldes de Malavella",8445,"Girona","Selva",2018,111,598,"5.000-10.000",35595,20.16
"17033","Caldes de Malavella",8445,"Girona","Selva",2019,339,649,"5.000-10.000",37336,20.86
"17033","Caldes de Malavella",8445,"Girona","Selva",2020,235,799,"5.000-10.000",37055,25.88
"17033","Caldes de Malavella",8445,"Girona","Selva",2021,288,740,"5.000-10.000",38851,22.86
"17033","Caldes de Malavella",8445,"Girona","Selva",2022,257,672,"5.000-10.000",40778,19.78
"17033","Caldes de Malavella",8445,"Girona","Selva",2023,344,738,"5.000-10.000",NA,NA
"17033","Caldes de Malavella",8445,"Girona","Selva",2024,239,860,"5.000-10.000",NA,NA
"17034","Calonge i Sant Antoni",12203,"Girona","Baix Empordà",2007,26,709,"10.000-50.000",NA,NA
"17034","Calonge i Sant Antoni",12203,"Girona","Baix Empordà",2008,51,582,"10.000-50.000",NA,NA
"17034","Calonge i Sant Antoni",12203,"Girona","Baix Empordà",2009,58,547,"10.000-50.000",NA,NA
"17034","Calonge i Sant Antoni",12203,"Girona","Baix Empordà",2010,60,512,"10.000-50.000",NA,NA
"17034","Calonge i Sant Antoni",12203,"Girona","Baix Empordà",2011,96,518,"10.000-50.000",NA,NA
"17034","Calonge i Sant Antoni",12203,"Girona","Baix Empordà",2012,120,517,"10.000-50.000",NA,NA
"17034","Calonge i Sant Antoni",12203,"Girona","Baix Empordà",2013,116,501,"10.000-50.000",NA,NA
"17034","Calonge i Sant Antoni",12203,"Girona","Baix Empordà",2014,119,470,"10.000-50.000",NA,NA
"17034","Calonge i Sant Antoni",12203,"Girona","Baix Empordà",2015,177,472,"10.000-50.000",27227,20.8
"17034","Calonge i Sant Antoni",12203,"Girona","Baix Empordà",2016,183,520,"10.000-50.000",28722,21.73
"17034","Calonge i Sant Antoni",12203,"Girona","Baix Empordà",2017,147,517,"10.000-50.000",29484,21.04
"17034","Calonge i Sant Antoni",12203,"Girona","Baix Empordà",2018,210,541,"10.000-50.000",30249,21.46
"17034","Calonge i Sant Antoni",12203,"Girona","Baix Empordà",2019,592,572,"10.000-50.000",31896,21.52
"17034","Calonge i Sant Antoni",12203,"Girona","Baix Empordà",2020,508,599,"10.000-50.000",32810,21.91
"17034","Calonge i Sant Antoni",12203,"Girona","Baix Empordà",2021,540,653,"10.000-50.000",33104,23.67
"17034","Calonge i Sant Antoni",12203,"Girona","Baix Empordà",2022,474,712,"10.000-50.000",35667,23.95
"17034","Calonge i Sant Antoni",12203,"Girona","Baix Empordà",2023,500,752,"10.000-50.000",NA,NA
"17034","Calonge i Sant Antoni",12203,"Girona","Baix Empordà",2024,506,753,"10.000-50.000",NA,NA
"17035","Camós",713,"Girona","Pla de l'Estany",2021,6,568,"< 1.000",48308,14.11
"17036","Campdevànol",3250,"Girona","Ripollès",2007,21,346,"1.000-5.000",NA,NA
"17036","Campdevànol",3250,"Girona","Ripollès",2008,16,352,"1.000-5.000",NA,NA
"17036","Campdevànol",3250,"Girona","Ripollès",2009,26,393,"1.000-5.000",NA,NA
"17036","Campdevànol",3250,"Girona","Ripollès",2010,12,364,"1.000-5.000",NA,NA
"17036","Campdevànol",3250,"Girona","Ripollès",2011,22,353,"1.000-5.000",NA,NA
"17036","Campdevànol",3250,"Girona","Ripollès",2012,28,372,"1.000-5.000",NA,NA
"17036","Campdevànol",3250,"Girona","Ripollès",2013,25,369,"1.000-5.000",NA,NA
"17036","Campdevànol",3250,"Girona","Ripollès",2014,28,389,"1.000-5.000",NA,NA
"17036","Campdevànol",3250,"Girona","Ripollès",2015,35,334,"1.000-5.000",31902,12.56
"17036","Campdevànol",3250,"Girona","Ripollès",2016,27,312,"1.000-5.000",32487,11.52
"17036","Campdevànol",3250,"Girona","Ripollès",2017,19,360,"1.000-5.000",33283,12.98
"17036","Campdevànol",3250,"Girona","Ripollès",2018,23,421,"1.000-5.000",34151,14.79
"17036","Campdevànol",3250,"Girona","Ripollès",2019,78,368,"1.000-5.000",35539,12.43
"17036","Campdevànol",3250,"Girona","Ripollès",2020,97,399,"1.000-5.000",35488,13.49
"17036","Campdevànol",3250,"Girona","Ripollès",2021,119,397,"1.000-5.000",36559,13.03
"17036","Campdevànol",3250,"Girona","Ripollès",2022,88,444,"1.000-5.000",37794,14.1
"17036","Campdevànol",3250,"Girona","Ripollès",2023,97,486,"1.000-5.000",NA,NA
"17036","Campdevànol",3250,"Girona","Ripollès",2024,114,474,"1.000-5.000",NA,NA
"17038","Campllong",544,"Girona","Gironès",2011,7,741,"< 1.000",NA,NA
"17038","Campllong",544,"Girona","Gironès",2014,6,541,"< 1.000",NA,NA
"17039","Camprodon",2521,"Girona","Ripollès",2007,11,334,"1.000-5.000",NA,NA
"17039","Camprodon",2521,"Girona","Ripollès",2008,9,419,"1.000-5.000",NA,NA
"17039","Camprodon",2521,"Girona","Ripollès",2009,9,496,"1.000-5.000",NA,NA
"17039","Camprodon",2521,"Girona","Ripollès",2010,15,378,"1.000-5.000",NA,NA
"17039","Camprodon",2521,"Girona","Ripollès",2011,15,417,"1.000-5.000",NA,NA
"17039","Camprodon",2521,"Girona","Ripollès",2012,19,378,"1.000-5.000",NA,NA
"17039","Camprodon",2521,"Girona","Ripollès",2013,24,415,"1.000-5.000",NA,NA
"17039","Camprodon",2521,"Girona","Ripollès",2014,14,329,"1.000-5.000",NA,NA
"17039","Camprodon",2521,"Girona","Ripollès",2015,12,422,"1.000-5.000",30172,16.78
"17039","Camprodon",2521,"Girona","Ripollès",2016,22,387,"1.000-5.000",31602,14.7
"17039","Camprodon",2521,"Girona","Ripollès",2017,28,403,"1.000-5.000",34584,13.98
"17039","Camprodon",2521,"Girona","Ripollès",2018,23,469,"1.000-5.000",33867,16.62
"17039","Camprodon",2521,"Girona","Ripollès",2019,87,449,"1.000-5.000",34364,15.68
"17039","Camprodon",2521,"Girona","Ripollès",2020,63,483,"1.000-5.000",35493,16.33
"17039","Camprodon",2521,"Girona","Ripollès",2021,57,516,"1.000-5.000",37473,16.52
"17039","Camprodon",2521,"Girona","Ripollès",2022,58,416,"1.000-5.000",36897,13.53
"17039","Camprodon",2521,"Girona","Ripollès",2023,90,611,"1.000-5.000",NA,NA
"17039","Camprodon",2521,"Girona","Ripollès",2024,102,572,"1.000-5.000",NA,NA
"17040","Canet d'Adri",744,"Girona","Gironès",2018,8,834,"< 1.000",46828,21.37
"17040","Canet d'Adri",744,"Girona","Gironès",2019,18,1040,"< 1.000",50331,24.8
"17040","Canet d'Adri",744,"Girona","Gironès",2020,17,759,"< 1.000",52933,17.21
"17040","Canet d'Adri",744,"Girona","Gironès",2021,15,1184,"< 1.000",47272,30.06
"17040","Canet d'Adri",744,"Girona","Gironès",2022,12,750,"< 1.000",52545,17.13
"17040","Canet d'Adri",744,"Girona","Gironès",2023,16,713,"< 1.000",NA,NA
"17041","Cantallops",346,"Girona","Alt Empordà",2014,8,438,"< 1.000",NA,NA
"17041","Cantallops",346,"Girona","Alt Empordà",2019,6,468,"< 1.000",32123,17.48
"17041","Cantallops",346,"Girona","Alt Empordà",2022,6,596,"< 1.000",35922,19.91
"17041","Cantallops",346,"Girona","Alt Empordà",2024,6,524,"< 1.000",NA,NA
"17042","Capmany",691,"Girona","Alt Empordà",2008,6,434,"< 1.000",NA,NA
"17042","Capmany",691,"Girona","Alt Empordà",2009,12,482,"< 1.000",NA,NA
"17042","Capmany",691,"Girona","Alt Empordà",2010,6,467,"< 1.000",NA,NA
"17042","Capmany",691,"Girona","Alt Empordà",2012,7,429,"< 1.000",NA,NA
"17042","Capmany",691,"Girona","Alt Empordà",2013,9,577,"< 1.000",NA,NA
"17042","Capmany",691,"Girona","Alt Empordà",2014,11,405,"< 1.000",NA,NA
"17042","Capmany",691,"Girona","Alt Empordà",2015,15,418,"< 1.000",28539,17.58
"17042","Capmany",691,"Girona","Alt Empordà",2016,9,544,"< 1.000",30748,21.23
"17042","Capmany",691,"Girona","Alt Empordà",2017,9,414,"< 1.000",39360,12.62
"17042","Capmany",691,"Girona","Alt Empordà",2018,13,431,"< 1.000",31579,16.38
"17042","Capmany",691,"Girona","Alt Empordà",2019,7,486,"< 1.000",31119,18.74
"17042","Capmany",691,"Girona","Alt Empordà",2020,17,422,"< 1.000",34035,14.88
"17042","Capmany",691,"Girona","Alt Empordà",2021,7,536,"< 1.000",36296,17.72
"17042","Capmany",691,"Girona","Alt Empordà",2022,6,495,"< 1.000",38651,15.37
"17042","Capmany",691,"Girona","Alt Empordà",2023,21,594,"< 1.000",NA,NA
"17042","Capmany",691,"Girona","Alt Empordà",2024,19,629,"< 1.000",NA,NA
"17044","Cassà de la Selva",10941,"Girona","Gironès",2007,51,500,"10.000-50.000",NA,NA
"17044","Cassà de la Selva",10941,"Girona","Gironès",2008,92,584,"10.000-50.000",NA,NA
"17044","Cassà de la Selva",10941,"Girona","Gironès",2009,58,556,"10.000-50.000",NA,NA
"17044","Cassà de la Selva",10941,"Girona","Gironès",2010,100,497,"10.000-50.000",NA,NA
"17044","Cassà de la Selva",10941,"Girona","Gironès",2011,96,496,"10.000-50.000",NA,NA
"17044","Cassà de la Selva",10941,"Girona","Gironès",2012,156,486,"10.000-50.000",NA,NA
"17044","Cassà de la Selva",10941,"Girona","Gironès",2013,147,463,"10.000-50.000",NA,NA
"17044","Cassà de la Selva",10941,"Girona","Gironès",2014,145,427,"10.000-50.000",NA,NA
"17044","Cassà de la Selva",10941,"Girona","Gironès",2015,149,442,"10.000-50.000",31631,16.77
"17044","Cassà de la Selva",10941,"Girona","Gironès",2016,141,461,"10.000-50.000",32862,16.83
"17044","Cassà de la Selva",10941,"Girona","Gironès",2017,135,472,"10.000-50.000",33768,16.77
"17044","Cassà de la Selva",10941,"Girona","Gironès",2018,142,511,"10.000-50.000",35346,17.35
"17044","Cassà de la Selva",10941,"Girona","Gironès",2019,556,548,"10.000-50.000",37008,17.77
"17044","Cassà de la Selva",10941,"Girona","Gironès",2020,444,609,"10.000-50.000",37535,19.47
"17044","Cassà de la Selva",10941,"Girona","Gironès",2021,621,562,"10.000-50.000",39279,17.17
"17044","Cassà de la Selva",10941,"Girona","Gironès",2022,558,578,"10.000-50.000",41059,16.89
"17044","Cassà de la Selva",10941,"Girona","Gironès",2023,509,614,"10.000-50.000",NA,NA
"17044","Cassà de la Selva",10941,"Girona","Gironès",2024,565,671,"10.000-50.000",NA,NA
"17046","Castellfollit de la Roca",947,"Girona","Garrotxa",2008,10,313,"< 1.000",NA,NA
"17046","Castellfollit de la Roca",947,"Girona","Garrotxa",2011,10,301,"< 1.000",NA,NA
"17046","Castellfollit de la Roca",947,"Girona","Garrotxa",2012,12,254,"< 1.000",NA,NA
"17046","Castellfollit de la Roca",947,"Girona","Garrotxa",2013,27,258,"< 1.000",NA,NA
"17046","Castellfollit de la Roca",947,"Girona","Garrotxa",2014,15,289,"< 1.000",NA,NA
"17046","Castellfollit de la Roca",947,"Girona","Garrotxa",2015,12,286,"< 1.000",28403,12.08
"17046","Castellfollit de la Roca",947,"Girona","Garrotxa",2016,10,231,"< 1.000",29150,9.51
"17046","Castellfollit de la Roca",947,"Girona","Garrotxa",2017,9,319,"< 1.000",29451,13
"17046","Castellfollit de la Roca",947,"Girona","Garrotxa",2018,8,428,"< 1.000",31272,16.42
"17046","Castellfollit de la Roca",947,"Girona","Garrotxa",2019,9,393,"< 1.000",31747,14.85
"17046","Castellfollit de la Roca",947,"Girona","Garrotxa",2020,28,386,"< 1.000",32558,14.23
"17046","Castellfollit de la Roca",947,"Girona","Garrotxa",2021,40,334,"< 1.000",32834,12.21
"17046","Castellfollit de la Roca",947,"Girona","Garrotxa",2022,8,493,"< 1.000",34524,17.14
"17046","Castellfollit de la Roca",947,"Girona","Garrotxa",2023,66,476,"< 1.000",NA,NA
"17046","Castellfollit de la Roca",947,"Girona","Garrotxa",2024,52,452,"< 1.000",NA,NA
"17047","Castelló d'Empúries",12132,"Girona","Alt Empordà",2007,178,414,"10.000-50.000",NA,NA
"17047","Castelló d'Empúries",12132,"Girona","Alt Empordà",2008,196,489,"10.000-50.000",NA,NA
"17047","Castelló d'Empúries",12132,"Girona","Alt Empordà",2009,164,480,"10.000-50.000",NA,NA
"17047","Castelló d'Empúries",12132,"Girona","Alt Empordà",2010,183,453,"10.000-50.000",NA,NA
"17047","Castelló d'Empúries",12132,"Girona","Alt Empordà",2011,158,462,"10.000-50.000",NA,NA
"17047","Castelló d'Empúries",12132,"Girona","Alt Empordà",2012,159,473,"10.000-50.000",NA,NA
"17047","Castelló d'Empúries",12132,"Girona","Alt Empordà",2013,160,443,"10.000-50.000",NA,NA
"17047","Castelló d'Empúries",12132,"Girona","Alt Empordà",2014,125,456,"10.000-50.000",NA,NA
"17047","Castelló d'Empúries",12132,"Girona","Alt Empordà",2015,173,480,"10.000-50.000",22689,25.39
"17047","Castelló d'Empúries",12132,"Girona","Alt Empordà",2016,190,438,"10.000-50.000",23849,22.04
"17047","Castelló d'Empúries",12132,"Girona","Alt Empordà",2017,179,501,"10.000-50.000",24638,24.4
"17047","Castelló d'Empúries",12132,"Girona","Alt Empordà",2018,214,514,"10.000-50.000",25465,24.22
"17047","Castelló d'Empúries",12132,"Girona","Alt Empordà",2019,693,503,"10.000-50.000",26894,22.44
"17047","Castelló d'Empúries",12132,"Girona","Alt Empordà",2020,545,508,"10.000-50.000",26365,23.12
"17047","Castelló d'Empúries",12132,"Girona","Alt Empordà",2021,628,532,"10.000-50.000",28047,22.76
"17047","Castelló d'Empúries",12132,"Girona","Alt Empordà",2022,639,535,"10.000-50.000",30222,21.24
"17047","Castelló d'Empúries",12132,"Girona","Alt Empordà",2023,476,579,"10.000-50.000",NA,NA
"17047","Castelló d'Empúries",12132,"Girona","Alt Empordà",2024,491,585,"10.000-50.000",NA,NA
"17048","Castell d'Aro, Platja d'Aro i s'Agaró",12773,"Girona","Baix Empordà",2007,47,493,"10.000-50.000",NA,NA
"17048","Castell d'Aro, Platja d'Aro i s'Agaró",12773,"Girona","Baix Empordà",2008,49,563,"10.000-50.000",NA,NA
"17048","Castell d'Aro, Platja d'Aro i s'Agaró",12773,"Girona","Baix Empordà",2009,52,512,"10.000-50.000",NA,NA
"17048","Castell d'Aro, Platja d'Aro i s'Agaró",12773,"Girona","Baix Empordà",2010,77,571,"10.000-50.000",NA,NA
"17048","Castell d'Aro, Platja d'Aro i s'Agaró",12773,"Girona","Baix Empordà",2011,78,502,"10.000-50.000",NA,NA
"17048","Castell d'Aro, Platja d'Aro i s'Agaró",12773,"Girona","Baix Empordà",2012,109,511,"10.000-50.000",NA,NA
"17048","Castell d'Aro, Platja d'Aro i s'Agaró",12773,"Girona","Baix Empordà",2013,116,504,"10.000-50.000",NA,NA
"17048","Castell d'Aro, Platja d'Aro i s'Agaró",12773,"Girona","Baix Empordà",2014,108,484,"10.000-50.000",NA,NA
"17048","Castell d'Aro, Platja d'Aro i s'Agaró",12773,"Girona","Baix Empordà",2015,112,520,"10.000-50.000",25609,24.37
"17048","Castell d'Aro, Platja d'Aro i s'Agaró",12773,"Girona","Baix Empordà",2016,126,520,"10.000-50.000",26555,23.5
"17048","Castell d'Aro, Platja d'Aro i s'Agaró",12773,"Girona","Baix Empordà",2017,140,562,"10.000-50.000",27648,24.39
"17048","Castell d'Aro, Platja d'Aro i s'Agaró",12773,"Girona","Baix Empordà",2018,160,594,"10.000-50.000",29090,24.5
"17048","Castell d'Aro, Platja d'Aro i s'Agaró",12773,"Girona","Baix Empordà",2019,582,652,"10.000-50.000",30207,25.9
"17048","Castell d'Aro, Platja d'Aro i s'Agaró",12773,"Girona","Baix Empordà",2020,472,628,"10.000-50.000",30260,24.9
"17048","Castell d'Aro, Platja d'Aro i s'Agaró",12773,"Girona","Baix Empordà",2021,626,696,"10.000-50.000",31683,26.36
"17048","Castell d'Aro, Platja d'Aro i s'Agaró",12773,"Girona","Baix Empordà",2022,550,711,"10.000-50.000",31981,26.68
"17048","Castell d'Aro, Platja d'Aro i s'Agaró",12773,"Girona","Baix Empordà",2023,593,725,"10.000-50.000",NA,NA
"17048","Castell d'Aro, Platja d'Aro i s'Agaró",12773,"Girona","Baix Empordà",2024,528,795,"10.000-50.000",NA,NA
"17049","Celrà",5553,"Girona","Gironès",2007,22,490,"5.000-10.000",NA,NA
"17049","Celrà",5553,"Girona","Gironès",2008,29,656,"5.000-10.000",NA,NA
"17049","Celrà",5553,"Girona","Gironès",2009,49,597,"5.000-10.000",NA,NA
"17049","Celrà",5553,"Girona","Gironès",2010,52,541,"5.000-10.000",NA,NA
"17049","Celrà",5553,"Girona","Gironès",2011,85,525,"5.000-10.000",NA,NA
"17049","Celrà",5553,"Girona","Gironès",2012,98,518,"5.000-10.000",NA,NA
"17049","Celrà",5553,"Girona","Gironès",2013,83,487,"5.000-10.000",NA,NA
"17049","Celrà",5553,"Girona","Gironès",2014,96,478,"5.000-10.000",NA,NA
"17049","Celrà",5553,"Girona","Gironès",2015,82,486,"5.000-10.000",36564,15.95
"17049","Celrà",5553,"Girona","Gironès",2016,89,497,"5.000-10.000",37034,16.1
"17049","Celrà",5553,"Girona","Gironès",2017,114,523,"5.000-10.000",38505,16.3
"17049","Celrà",5553,"Girona","Gironès",2018,94,558,"5.000-10.000",39122,17.12
"17049","Celrà",5553,"Girona","Gironès",2019,267,575,"5.000-10.000",41835,16.49
"17049","Celrà",5553,"Girona","Gironès",2020,198,603,"5.000-10.000",41919,17.26
"17049","Celrà",5553,"Girona","Gironès",2021,216,581,"5.000-10.000",42304,16.48
"17049","Celrà",5553,"Girona","Gironès",2022,231,602,"5.000-10.000",44662,16.17
"17049","Celrà",5553,"Girona","Gironès",2023,247,681,"5.000-10.000",NA,NA
"17049","Celrà",5553,"Girona","Gironès",2024,251,751,"5.000-10.000",NA,NA
"17050","Cervià de Ter",997,"Girona","Gironès",2011,6,541,"< 1.000",NA,NA
"17050","Cervià de Ter",997,"Girona","Gironès",2012,7,562,"< 1.000",NA,NA
"17050","Cervià de Ter",997,"Girona","Gironès",2013,7,479,"< 1.000",NA,NA
"17050","Cervià de Ter",997,"Girona","Gironès",2014,8,441,"< 1.000",NA,NA
"17050","Cervià de Ter",997,"Girona","Gironès",2015,7,561,"< 1.000",35792,18.81
"17050","Cervià de Ter",997,"Girona","Gironès",2016,13,518,"< 1.000",38781,16.03
"17050","Cervià de Ter",997,"Girona","Gironès",2017,12,535,"< 1.000",40009,16.05
"17050","Cervià de Ter",997,"Girona","Gironès",2018,11,481,"< 1.000",39879,14.47
"17050","Cervià de Ter",997,"Girona","Gironès",2019,16,488,"< 1.000",43614,13.43
"17050","Cervià de Ter",997,"Girona","Gironès",2020,6,617,"< 1.000",44300,16.71
"17050","Cervià de Ter",997,"Girona","Gironès",2021,6,608,"< 1.000",46472,15.7
"17050","Cervià de Ter",997,"Girona","Gironès",2022,29,530,"< 1.000",47863,13.29
"17050","Cervià de Ter",997,"Girona","Gironès",2023,9,680,"< 1.000",NA,NA
"17050","Cervià de Ter",997,"Girona","Gironès",2024,12,786,"< 1.000",NA,NA
"17051","Cistella",294,"Girona","Alt Empordà",2010,6,622,"< 1.000",NA,NA
"17051","Cistella",294,"Girona","Alt Empordà",2011,6,637,"< 1.000",NA,NA
"17051","Cistella",294,"Girona","Alt Empordà",2013,7,518,"< 1.000",NA,NA
"17051","Cistella",294,"Girona","Alt Empordà",2020,9,703,"< 1.000",33594,25.11
"17051","Cistella",294,"Girona","Alt Empordà",2024,6,754,"< 1.000",NA,NA
"17054","Colera",490,"Girona","Alt Empordà",2008,9,365,"< 1.000",NA,NA
"17054","Colera",490,"Girona","Alt Empordà",2009,10,407,"< 1.000",NA,NA
"17054","Colera",490,"Girona","Alt Empordà",2010,9,361,"< 1.000",NA,NA
"17054","Colera",490,"Girona","Alt Empordà",2012,6,358,"< 1.000",NA,NA
"17054","Colera",490,"Girona","Alt Empordà",2014,13,376,"< 1.000",NA,NA
"17054","Colera",490,"Girona","Alt Empordà",2017,12,504,"< 1.000",29951,20.19
"17054","Colera",490,"Girona","Alt Empordà",2018,9,404,"< 1.000",31175,15.55
"17054","Colera",490,"Girona","Alt Empordà",2019,16,386,"< 1.000",33284,13.92
"17054","Colera",490,"Girona","Alt Empordà",2021,8,430,"< 1.000",33096,15.59
"17056","Cornellà del Terri",2394,"Girona","Pla de l'Estany",2007,9,550,"1.000-5.000",NA,NA
"17056","Cornellà del Terri",2394,"Girona","Pla de l'Estany",2008,7,600,"1.000-5.000",NA,NA
"17056","Cornellà del Terri",2394,"Girona","Pla de l'Estany",2009,7,560,"1.000-5.000",NA,NA
"17056","Cornellà del Terri",2394,"Girona","Pla de l'Estany",2010,6,708,"1.000-5.000",NA,NA
"17056","Cornellà del Terri",2394,"Girona","Pla de l'Estany",2011,16,539,"1.000-5.000",NA,NA
"17056","Cornellà del Terri",2394,"Girona","Pla de l'Estany",2012,11,547,"1.000-5.000",NA,NA
"17056","Cornellà del Terri",2394,"Girona","Pla de l'Estany",2013,20,451,"1.000-5.000",NA,NA
"17056","Cornellà del Terri",2394,"Girona","Pla de l'Estany",2014,15,432,"1.000-5.000",NA,NA
"17056","Cornellà del Terri",2394,"Girona","Pla de l'Estany",2015,17,610,"1.000-5.000",37909,19.31
"17056","Cornellà del Terri",2394,"Girona","Pla de l'Estany",2016,28,508,"1.000-5.000",39050,15.61
"17056","Cornellà del Terri",2394,"Girona","Pla de l'Estany",2017,56,545,"1.000-5.000",39033,16.76
"17056","Cornellà del Terri",2394,"Girona","Pla de l'Estany",2018,38,540,"1.000-5.000",40569,15.97
"17056","Cornellà del Terri",2394,"Girona","Pla de l'Estany",2019,79,511,"1.000-5.000",43077,14.23
"17056","Cornellà del Terri",2394,"Girona","Pla de l'Estany",2020,85,589,"1.000-5.000",42941,16.46
"17056","Cornellà del Terri",2394,"Girona","Pla de l'Estany",2021,107,616,"1.000-5.000",46053,16.05
"17056","Cornellà del Terri",2394,"Girona","Pla de l'Estany",2022,93,699,"1.000-5.000",47891,17.51
"17056","Cornellà del Terri",2394,"Girona","Pla de l'Estany",2023,88,772,"1.000-5.000",NA,NA
"17056","Cornellà del Terri",2394,"Girona","Pla de l'Estany",2024,95,904,"1.000-5.000",NA,NA
"17057","Corçà",1282,"Girona","Baix Empordà",2009,11,543,"1.000-5.000",NA,NA
"17057","Corçà",1282,"Girona","Baix Empordà",2010,11,528,"1.000-5.000",NA,NA
"17057","Corçà",1282,"Girona","Baix Empordà",2011,9,507,"1.000-5.000",NA,NA
"17057","Corçà",1282,"Girona","Baix Empordà",2012,15,565,"1.000-5.000",NA,NA
"17057","Corçà",1282,"Girona","Baix Empordà",2013,14,581,"1.000-5.000",NA,NA
"17057","Corçà",1282,"Girona","Baix Empordà",2014,16,528,"1.000-5.000",NA,NA
"17057","Corçà",1282,"Girona","Baix Empordà",2015,14,452,"1.000-5.000",31675,17.12
"17057","Corçà",1282,"Girona","Baix Empordà",2016,17,499,"1.000-5.000",32968,18.16
"17057","Corçà",1282,"Girona","Baix Empordà",2017,11,571,"1.000-5.000",34598,19.8
"17057","Corçà",1282,"Girona","Baix Empordà",2018,13,540,"1.000-5.000",38122,17
"17057","Corçà",1282,"Girona","Baix Empordà",2019,21,652,"1.000-5.000",40228,19.45
"17057","Corçà",1282,"Girona","Baix Empordà",2020,19,737,"1.000-5.000",38154,23.18
"17057","Corçà",1282,"Girona","Baix Empordà",2021,18,632,"1.000-5.000",40165,18.88
"17057","Corçà",1282,"Girona","Baix Empordà",2022,32,576,"1.000-5.000",42847,16.13
"17057","Corçà",1282,"Girona","Baix Empordà",2023,12,589,"1.000-5.000",NA,NA
"17057","Corçà",1282,"Girona","Baix Empordà",2024,23,763,"1.000-5.000",NA,NA
"17058","Crespià",251,"Girona","Pla de l'Estany",2019,12,492,"< 1.000",32590,18.12
"17058","Crespià",251,"Girona","Pla de l'Estany",2023,12,1017,"< 1.000",NA,NA
"17060","Darnius",549,"Girona","Alt Empordà",2008,6,405,"< 1.000",NA,NA
"17060","Darnius",549,"Girona","Alt Empordà",2009,7,418,"< 1.000",NA,NA
"17060","Darnius",549,"Girona","Alt Empordà",2011,8,345,"< 1.000",NA,NA
"17060","Darnius",549,"Girona","Alt Empordà",2012,9,367,"< 1.000",NA,NA
"17060","Darnius",549,"Girona","Alt Empordà",2014,8,456,"< 1.000",NA,NA
"17060","Darnius",549,"Girona","Alt Empordà",2015,8,426,"< 1.000",26442,19.33
"17060","Darnius",549,"Girona","Alt Empordà",2016,15,374,"< 1.000",25287,17.75
"17060","Darnius",549,"Girona","Alt Empordà",2017,11,506,"< 1.000",26239,23.14
"17060","Darnius",549,"Girona","Alt Empordà",2018,15,408,"< 1.000",27975,17.5
"17060","Darnius",549,"Girona","Alt Empordà",2020,23,464,"< 1.000",30217,18.43
"17060","Darnius",549,"Girona","Alt Empordà",2021,19,440,"< 1.000",30120,17.53
"17060","Darnius",549,"Girona","Alt Empordà",2022,31,487,"< 1.000",31096,18.79
"17060","Darnius",549,"Girona","Alt Empordà",2023,6,571,"< 1.000",NA,NA
"17060","Darnius",549,"Girona","Alt Empordà",2024,27,510,"< 1.000",NA,NA
"17061","Das",270,"Girona","Cerdanya",2010,8,729,"< 1.000",NA,NA
"17061","Das",270,"Girona","Cerdanya",2014,6,719,"< 1.000",NA,NA
"17061","Das",270,"Girona","Cerdanya",2020,6,1200,"< 1.000",58029,24.82
"17061","Das",270,"Girona","Cerdanya",2021,15,667,"< 1.000",52218,15.33
"17062","Escala, L'",10630,"Girona","Alt Empordà",2007,62,480,"10.000-50.000",NA,NA
"17062","Escala, L'",10630,"Girona","Alt Empordà",2008,65,484,"10.000-50.000",NA,NA
"17062","Escala, L'",10630,"Girona","Alt Empordà",2009,83,529,"10.000-50.000",NA,NA
"17062","Escala, L'",10630,"Girona","Alt Empordà",2010,85,522,"10.000-50.000",NA,NA
"17062","Escala, L'",10630,"Girona","Alt Empordà",2011,130,489,"10.000-50.000",NA,NA
"17062","Escala, L'",10630,"Girona","Alt Empordà",2012,142,499,"10.000-50.000",NA,NA
"17062","Escala, L'",10630,"Girona","Alt Empordà",2013,136,485,"10.000-50.000",NA,NA
"17062","Escala, L'",10630,"Girona","Alt Empordà",2014,137,463,"10.000-50.000",NA,NA
"17062","Escala, L'",10630,"Girona","Alt Empordà",2015,163,458,"10.000-50.000",25600,21.47
"17062","Escala, L'",10630,"Girona","Alt Empordà",2016,153,473,"10.000-50.000",26564,21.37
"17062","Escala, L'",10630,"Girona","Alt Empordà",2017,161,480,"10.000-50.000",30249,19.04
"17062","Escala, L'",10630,"Girona","Alt Empordà",2018,183,523,"10.000-50.000",31348,20.02
"17062","Escala, L'",10630,"Girona","Alt Empordà",2019,520,528,"10.000-50.000",31182,20.32
"17062","Escala, L'",10630,"Girona","Alt Empordà",2020,507,542,"10.000-50.000",30716,21.17
"17062","Escala, L'",10630,"Girona","Alt Empordà",2021,683,580,"10.000-50.000",31309,22.23
"17062","Escala, L'",10630,"Girona","Alt Empordà",2022,538,640,"10.000-50.000",32835,23.39
"17062","Escala, L'",10630,"Girona","Alt Empordà",2023,441,661,"10.000-50.000",NA,NA
"17062","Escala, L'",10630,"Girona","Alt Empordà",2024,505,666,"10.000-50.000",NA,NA
"17063","Espinelves",254,"Girona","Osona",2011,6,438,"< 1.000",NA,NA
"17063","Espinelves",254,"Girona","Osona",2012,8,895,"< 1.000",NA,NA
"17063","Espinelves",254,"Girona","Osona",2013,11,418,"< 1.000",NA,NA
"17063","Espinelves",254,"Girona","Osona",2014,6,379,"< 1.000",NA,NA
"17063","Espinelves",254,"Girona","Osona",2015,8,398,"< 1.000",32154,14.85
"17063","Espinelves",254,"Girona","Osona",2017,6,403,"< 1.000",37500,12.9
"17063","Espinelves",254,"Girona","Osona",2018,8,450,"< 1.000",34697,15.56
"17063","Espinelves",254,"Girona","Osona",2019,7,377,"< 1.000",36619,12.35
"17063","Espinelves",254,"Girona","Osona",2020,17,563,"< 1.000",38894,17.37
"17063","Espinelves",254,"Girona","Osona",2021,12,650,"< 1.000",39393,19.8
"17063","Espinelves",254,"Girona","Osona",2022,6,571,"< 1.000",42621,16.08
"17063","Espinelves",254,"Girona","Osona",2023,6,550,"< 1.000",NA,NA
"17064","Espolla",412,"Girona","Alt Empordà",2016,6,517,"< 1.000",32087,19.33
"17065","Esponellà",438,"Girona","Pla de l'Estany",2011,6,554,"< 1.000",NA,NA
"17065","Esponellà",438,"Girona","Pla de l'Estany",2020,6,775,"< 1.000",47309,19.66
"17065","Esponellà",438,"Girona","Pla de l'Estany",2021,15,1030,"< 1.000",49031,25.21
"17065","Esponellà",438,"Girona","Pla de l'Estany",2024,6,817,"< 1.000",NA,NA
"17066","Figueres",48670,"Girona","Alt Empordà",2007,1077,495,"10.000-50.000",NA,NA
"17066","Figueres",48670,"Girona","Alt Empordà",2008,1375,507,"10.000-50.000",NA,NA
"17066","Figueres",48670,"Girona","Alt Empordà",2009,1496,491,"10.000-50.000",NA,NA
"17066","Figueres",48670,"Girona","Alt Empordà",2010,1511,455,"10.000-50.000",NA,NA
"17066","Figueres",48670,"Girona","Alt Empordà",2011,1619,453,"10.000-50.000",NA,NA
"17066","Figueres",48670,"Girona","Alt Empordà",2012,1687,426,"10.000-50.000",NA,NA
"17066","Figueres",48670,"Girona","Alt Empordà",2013,1751,405,"10.000-50.000",NA,NA
"17066","Figueres",48670,"Girona","Alt Empordà",2014,1654,405,"10.000-50.000",NA,NA
"17066","Figueres",48670,"Girona","Alt Empordà",2015,1563,412,"10.000-50.000",26108,18.94
"17066","Figueres",48670,"Girona","Alt Empordà",2016,1448,422,"10.000-50.000",26989,18.76
"17066","Figueres",48670,"Girona","Alt Empordà",2017,1489,438,"10.000-50.000",27583,19.06
"17066","Figueres",48670,"Girona","Alt Empordà",2018,1554,456,"10.000-50.000",29164,18.76
"17066","Figueres",48670,"Girona","Alt Empordà",2019,4475,481,"10.000-50.000",30181,19.12
"17066","Figueres",48670,"Girona","Alt Empordà",2020,3731,493,"10.000-50.000",29428,20.1
"17066","Figueres",48670,"Girona","Alt Empordà",2021,4374,475,"10.000-50.000",30354,18.78
"17066","Figueres",48670,"Girona","Alt Empordà",2022,4432,507,"10.000-50.000",32086,18.96
"17066","Figueres",48670,"Girona","Alt Empordà",2023,3682,547,"10.000-50.000",NA,NA
"17066","Figueres",48670,"Girona","Alt Empordà",2024,3158,570,"10.000-50.000",NA,NA
"17067","Flaçà",1145,"Girona","Gironès",2007,9,532,"1.000-5.000",NA,NA
"17067","Flaçà",1145,"Girona","Gironès",2008,8,486,"1.000-5.000",NA,NA
"17067","Flaçà",1145,"Girona","Gironès",2009,10,570,"1.000-5.000",NA,NA
"17067","Flaçà",1145,"Girona","Gironès",2010,14,475,"1.000-5.000",NA,NA
"17067","Flaçà",1145,"Girona","Gironès",2011,10,512,"1.000-5.000",NA,NA
"17067","Flaçà",1145,"Girona","Gironès",2012,11,476,"1.000-5.000",NA,NA
"17067","Flaçà",1145,"Girona","Gironès",2013,24,471,"1.000-5.000",NA,NA
"17067","Flaçà",1145,"Girona","Gironès",2014,11,376,"1.000-5.000",NA,NA
"17067","Flaçà",1145,"Girona","Gironès",2015,13,474,"1.000-5.000",30675,18.54
"17067","Flaçà",1145,"Girona","Gironès",2016,23,434,"1.000-5.000",32397,16.08
"17067","Flaçà",1145,"Girona","Gironès",2017,13,480,"1.000-5.000",33145,17.38
"17067","Flaçà",1145,"Girona","Gironès",2018,29,489,"1.000-5.000",34409,17.05
"17067","Flaçà",1145,"Girona","Gironès",2019,56,504,"1.000-5.000",35732,16.93
"17067","Flaçà",1145,"Girona","Gironès",2020,57,544,"1.000-5.000",35830,18.22
"17067","Flaçà",1145,"Girona","Gironès",2021,56,561,"1.000-5.000",36721,18.33
"17067","Flaçà",1145,"Girona","Gironès",2022,62,596,"1.000-5.000",38904,18.38
"17067","Flaçà",1145,"Girona","Gironès",2023,43,673,"1.000-5.000",NA,NA
"17067","Flaçà",1145,"Girona","Gironès",2024,24,629,"1.000-5.000",NA,NA
"17069","Fontanals de Cerdanya",531,"Girona","Cerdanya",2014,8,586,"< 1.000",NA,NA
"17069","Fontanals de Cerdanya",531,"Girona","Cerdanya",2015,8,581,"< 1.000",35543,19.62
"17069","Fontanals de Cerdanya",531,"Girona","Cerdanya",2016,9,672,"< 1.000",36159,22.3
"17069","Fontanals de Cerdanya",531,"Girona","Cerdanya",2018,13,735,"< 1.000",45697,19.3
"17069","Fontanals de Cerdanya",531,"Girona","Cerdanya",2019,17,808,"< 1.000",40137,24.16
"17069","Fontanals de Cerdanya",531,"Girona","Cerdanya",2021,32,1059,"< 1.000",46770,27.17
"17069","Fontanals de Cerdanya",531,"Girona","Cerdanya",2022,16,789,"< 1.000",50804,18.64
"17069","Fontanals de Cerdanya",531,"Girona","Cerdanya",2023,10,648,"< 1.000",NA,NA
"17069","Fontanals de Cerdanya",531,"Girona","Cerdanya",2024,22,918,"< 1.000",NA,NA
"17071","Fontcoberta",1501,"Girona","Pla de l'Estany",2013,6,525,"1.000-5.000",NA,NA
"17071","Fontcoberta",1501,"Girona","Pla de l'Estany",2017,7,634,"1.000-5.000",41295,18.42
"17071","Fontcoberta",1501,"Girona","Pla de l'Estany",2024,25,579,"1.000-5.000",NA,NA
"17073","Fornells de la Selva",2780,"Girona","Gironès",2007,12,707,"1.000-5.000",NA,NA
"17073","Fornells de la Selva",2780,"Girona","Gironès",2008,22,829,"1.000-5.000",NA,NA
"17073","Fornells de la Selva",2780,"Girona","Gironès",2009,15,690,"1.000-5.000",NA,NA
"17073","Fornells de la Selva",2780,"Girona","Gironès",2010,19,718,"1.000-5.000",NA,NA
"17073","Fornells de la Selva",2780,"Girona","Gironès",2011,13,598,"1.000-5.000",NA,NA
"17073","Fornells de la Selva",2780,"Girona","Gironès",2012,18,663,"1.000-5.000",NA,NA
"17073","Fornells de la Selva",2780,"Girona","Gironès",2013,19,529,"1.000-5.000",NA,NA
"17073","Fornells de la Selva",2780,"Girona","Gironès",2014,24,622,"1.000-5.000",NA,NA
"17073","Fornells de la Selva",2780,"Girona","Gironès",2015,27,603,"1.000-5.000",48022,15.07
"17073","Fornells de la Selva",2780,"Girona","Gironès",2016,34,628,"1.000-5.000",49233,15.31
"17073","Fornells de la Selva",2780,"Girona","Gironès",2017,36,644,"1.000-5.000",50791,15.22
"17073","Fornells de la Selva",2780,"Girona","Gironès",2018,33,845,"1.000-5.000",54584,18.58
"17073","Fornells de la Selva",2780,"Girona","Gironès",2019,74,739,"1.000-5.000",56203,15.78
"17073","Fornells de la Selva",2780,"Girona","Gironès",2020,76,742,"1.000-5.000",57726,15.42
"17073","Fornells de la Selva",2780,"Girona","Gironès",2021,78,798,"1.000-5.000",59561,16.08
"17073","Fornells de la Selva",2780,"Girona","Gironès",2022,52,1009,"1.000-5.000",63764,18.99
"17073","Fornells de la Selva",2780,"Girona","Gironès",2023,62,990,"1.000-5.000",NA,NA
"17073","Fornells de la Selva",2780,"Girona","Gironès",2024,35,994,"1.000-5.000",NA,NA
"17074","Fortià",801,"Girona","Alt Empordà",2008,10,752,"< 1.000",NA,NA
"17074","Fortià",801,"Girona","Alt Empordà",2011,8,463,"< 1.000",NA,NA
"17074","Fortià",801,"Girona","Alt Empordà",2016,9,454,"< 1.000",32846,16.59
"17074","Fortià",801,"Girona","Alt Empordà",2017,8,528,"< 1.000",33861,18.71
"17074","Fortià",801,"Girona","Alt Empordà",2019,29,492,"< 1.000",35110,16.82
"17074","Fortià",801,"Girona","Alt Empordà",2021,30,622,"< 1.000",38546,19.36
"17074","Fortià",801,"Girona","Alt Empordà",2023,20,641,"< 1.000",NA,NA
"17075","Garrigàs",470,"Girona","Alt Empordà",2009,6,735,"< 1.000",NA,NA
"17075","Garrigàs",470,"Girona","Alt Empordà",2012,10,550,"< 1.000",NA,NA
"17075","Garrigàs",470,"Girona","Alt Empordà",2013,7,593,"< 1.000",NA,NA
"17075","Garrigàs",470,"Girona","Alt Empordà",2014,8,591,"< 1.000",NA,NA
"17075","Garrigàs",470,"Girona","Alt Empordà",2015,8,889,"< 1.000",34017,31.36
"17075","Garrigàs",470,"Girona","Alt Empordà",2017,11,664,"< 1.000",38792,20.54
"17075","Garrigàs",470,"Girona","Alt Empordà",2018,9,625,"< 1.000",41172,18.22
"17075","Garrigàs",470,"Girona","Alt Empordà",2020,6,810,"< 1.000",41242,23.57
"17075","Garrigàs",470,"Girona","Alt Empordà",2021,16,776,"< 1.000",42950,21.68
"17076","Garrigoles",186,"Girona","Baix Empordà",2011,6,546,"< 1.000",NA,NA
"17076","Garrigoles",186,"Girona","Baix Empordà",2017,6,688,"< 1.000",31245,26.42
"17076","Garrigoles",186,"Girona","Baix Empordà",2021,6,644,"< 1.000",40401,19.13
"17077","Garriguella",967,"Girona","Alt Empordà",2008,10,482,"< 1.000",NA,NA
"17077","Garriguella",967,"Girona","Alt Empordà",2009,10,419,"< 1.000",NA,NA
"17077","Garriguella",967,"Girona","Alt Empordà",2010,15,466,"< 1.000",NA,NA
"17077","Garriguella",967,"Girona","Alt Empordà",2011,12,541,"< 1.000",NA,NA
"17077","Garriguella",967,"Girona","Alt Empordà",2012,9,522,"< 1.000",NA,NA
"17077","Garriguella",967,"Girona","Alt Empordà",2013,11,541,"< 1.000",NA,NA
"17077","Garriguella",967,"Girona","Alt Empordà",2014,10,630,"< 1.000",NA,NA
"17077","Garriguella",967,"Girona","Alt Empordà",2015,9,623,"< 1.000",29967,24.95
"17077","Garriguella",967,"Girona","Alt Empordà",2016,14,587,"< 1.000",30489,23.1
"17077","Garriguella",967,"Girona","Alt Empordà",2017,12,558,"< 1.000",31470,21.28
"17077","Garriguella",967,"Girona","Alt Empordà",2018,21,430,"< 1.000",33933,15.21
"17077","Garriguella",967,"Girona","Alt Empordà",2019,28,467,"< 1.000",34673,16.16
"17077","Garriguella",967,"Girona","Alt Empordà",2020,42,603,"< 1.000",37530,19.28
"17077","Garriguella",967,"Girona","Alt Empordà",2021,41,626,"< 1.000",37773,19.89
"17077","Garriguella",967,"Girona","Alt Empordà",2022,43,550,"< 1.000",43327,15.23
"17077","Garriguella",967,"Girona","Alt Empordà",2023,51,543,"< 1.000",NA,NA
"17077","Garriguella",967,"Girona","Alt Empordà",2024,17,589,"< 1.000",NA,NA
"17078","Ger",494,"Girona","Cerdanya",2014,6,512,"< 1.000",NA,NA
"17078","Ger",494,"Girona","Cerdanya",2017,7,740,"< 1.000",37588,23.62
"17078","Ger",494,"Girona","Cerdanya",2018,8,696,"< 1.000",41401,20.17
"17078","Ger",494,"Girona","Cerdanya",2019,7,826,"< 1.000",41561,23.85
"17078","Ger",494,"Girona","Cerdanya",2020,14,793,"< 1.000",41774,22.78
"17078","Ger",494,"Girona","Cerdanya",2021,6,1028,"< 1.000",46324,26.63
"17078","Ger",494,"Girona","Cerdanya",2024,13,765,"< 1.000",NA,NA
"17079","Girona",106476,"Girona","Gironès",2007,1459,570,"> 100.000",NA,NA
"17079","Girona",106476,"Girona","Gironès",2008,1730,569,"> 100.000",NA,NA
"17079","Girona",106476,"Girona","Gironès",2009,2053,546,"> 100.000",NA,NA
"17079","Girona",106476,"Girona","Gironès",2010,2490,548,"> 100.000",NA,NA
"17079","Girona",106476,"Girona","Gironès",2011,2887,529,"> 100.000",NA,NA
"17079","Girona",106476,"Girona","Gironès",2012,3078,493,"> 100.000",NA,NA
"17079","Girona",106476,"Girona","Gironès",2013,3306,472,"> 100.000",NA,NA
"17079","Girona",106476,"Girona","Gironès",2014,3618,466,"> 100.000",NA,NA
"17079","Girona",106476,"Girona","Gironès",2015,3316,486,"> 100.000",33591,17.36
"17079","Girona",106476,"Girona","Gironès",2016,3131,515,"> 100.000",35054,17.63
"17079","Girona",106476,"Girona","Gironès",2017,3267,561,"> 100.000",35968,18.72
"17079","Girona",106476,"Girona","Gironès",2018,3677,598,"> 100.000",37139,19.32
"17079","Girona",106476,"Girona","Gironès",2019,11392,634,"> 100.000",39298,19.36
"17079","Girona",106476,"Girona","Gironès",2020,9633,641,"> 100.000",39210,19.62
"17079","Girona",106476,"Girona","Gironès",2021,12132,624,"> 100.000",40260,18.6
"17079","Girona",106476,"Girona","Gironès",2022,10113,695,"> 100.000",41955,19.88
"17079","Girona",106476,"Girona","Gironès",2023,9168,768,"> 100.000",NA,NA
"17079","Girona",106476,"Girona","Gironès",2024,7982,778,"> 100.000",NA,NA
"17080","Gombrèn",197,"Girona","Ripollès",2020,7,424,"< 1.000",39850,12.77
"17081","Gualta",428,"Girona","Baix Empordà",2013,8,769,"< 1.000",NA,NA
"17081","Gualta",428,"Girona","Baix Empordà",2021,6,625,"< 1.000",47842,15.68
"17082","Guils de Cerdanya",568,"Girona","Cerdanya",2012,9,1450,"< 1.000",NA,NA
"17082","Guils de Cerdanya",568,"Girona","Cerdanya",2013,6,575,"< 1.000",NA,NA
"17082","Guils de Cerdanya",568,"Girona","Cerdanya",2015,8,381,"< 1.000",34822,13.13
"17082","Guils de Cerdanya",568,"Girona","Cerdanya",2016,7,1246,"< 1.000",37718,39.64
"17082","Guils de Cerdanya",568,"Girona","Cerdanya",2017,9,667,"< 1.000",37070,21.59
"17082","Guils de Cerdanya",568,"Girona","Cerdanya",2018,6,912,"< 1.000",39852,27.46
"17082","Guils de Cerdanya",568,"Girona","Cerdanya",2019,7,879,"< 1.000",41816,25.22
"17082","Guils de Cerdanya",568,"Girona","Cerdanya",2021,23,791,"< 1.000",46770,20.3
"17082","Guils de Cerdanya",568,"Girona","Cerdanya",2022,7,929,"< 1.000",49418,22.56
"17082","Guils de Cerdanya",568,"Girona","Cerdanya",2024,14,1124,"< 1.000",NA,NA
"17083","Hostalric",4443,"Girona","Selva",2007,23,503,"1.000-5.000",NA,NA
"17083","Hostalric",4443,"Girona","Selva",2008,30,533,"1.000-5.000",NA,NA
"17083","Hostalric",4443,"Girona","Selva",2009,30,480,"1.000-5.000",NA,NA
"17083","Hostalric",4443,"Girona","Selva",2010,38,517,"1.000-5.000",NA,NA
"17083","Hostalric",4443,"Girona","Selva",2011,49,443,"1.000-5.000",NA,NA
"17083","Hostalric",4443,"Girona","Selva",2012,46,422,"1.000-5.000",NA,NA
"17083","Hostalric",4443,"Girona","Selva",2013,110,401,"1.000-5.000",NA,NA
"17083","Hostalric",4443,"Girona","Selva",2014,82,399,"1.000-5.000",NA,NA
"17083","Hostalric",4443,"Girona","Selva",2015,91,388,"1.000-5.000",28205,16.51
"17083","Hostalric",4443,"Girona","Selva",2016,90,426,"1.000-5.000",29025,17.61
"17083","Hostalric",4443,"Girona","Selva",2017,87,435,"1.000-5.000",30273,17.24
"17083","Hostalric",4443,"Girona","Selva",2018,115,451,"1.000-5.000",31358,17.26
"17083","Hostalric",4443,"Girona","Selva",2019,320,482,"1.000-5.000",32193,17.97
"17083","Hostalric",4443,"Girona","Selva",2020,248,465,"1.000-5.000",32837,16.99
"17083","Hostalric",4443,"Girona","Selva",2021,307,507,"1.000-5.000",33499,18.16
"17083","Hostalric",4443,"Girona","Selva",2022,351,520,"1.000-5.000",35153,17.75
"17083","Hostalric",4443,"Girona","Selva",2023,205,593,"1.000-5.000",NA,NA
"17083","Hostalric",4443,"Girona","Selva",2024,158,614,"1.000-5.000",NA,NA
"17084","Isòvol",330,"Girona","Cerdanya",2014,7,583,"< 1.000",NA,NA
"17084","Isòvol",330,"Girona","Cerdanya",2021,19,842,"< 1.000",52929,19.09
"17084","Isòvol",330,"Girona","Cerdanya",2024,20,957,"< 1.000",NA,NA
"17086","Jonquera, La",3361,"Girona","Alt Empordà",2007,107,552,"1.000-5.000",NA,NA
"17086","Jonquera, La",3361,"Girona","Alt Empordà",2008,150,575,"1.000-5.000",NA,NA
"17086","Jonquera, La",3361,"Girona","Alt Empordà",2009,148,516,"1.000-5.000",NA,NA
"17086","Jonquera, La",3361,"Girona","Alt Empordà",2010,153,488,"1.000-5.000",NA,NA
"17086","Jonquera, La",3361,"Girona","Alt Empordà",2011,150,474,"1.000-5.000",NA,NA
"17086","Jonquera, La",3361,"Girona","Alt Empordà",2012,143,474,"1.000-5.000",NA,NA
"17086","Jonquera, La",3361,"Girona","Alt Empordà",2013,168,436,"1.000-5.000",NA,NA
"17086","Jonquera, La",3361,"Girona","Alt Empordà",2014,158,420,"1.000-5.000",NA,NA
"17086","Jonquera, La",3361,"Girona","Alt Empordà",2015,126,405,"1.000-5.000",34177,14.22
"17086","Jonquera, La",3361,"Girona","Alt Empordà",2016,118,425,"1.000-5.000",34466,14.8
"17086","Jonquera, La",3361,"Girona","Alt Empordà",2017,154,434,"1.000-5.000",34962,14.9
"17086","Jonquera, La",3361,"Girona","Alt Empordà",2018,116,441,"1.000-5.000",38666,13.69
"17086","Jonquera, La",3361,"Girona","Alt Empordà",2019,438,433,"1.000-5.000",37467,13.87
"17086","Jonquera, La",3361,"Girona","Alt Empordà",2020,252,440,"1.000-5.000",35131,15.03
"17086","Jonquera, La",3361,"Girona","Alt Empordà",2021,298,444,"1.000-5.000",34988,15.23
"17086","Jonquera, La",3361,"Girona","Alt Empordà",2022,275,466,"1.000-5.000",34220,16.34
"17086","Jonquera, La",3361,"Girona","Alt Empordà",2023,213,512,"1.000-5.000",NA,NA
"17086","Jonquera, La",3361,"Girona","Alt Empordà",2024,230,544,"1.000-5.000",NA,NA
"17087","Juià",345,"Girona","Gironès",2012,7,499,"< 1.000",NA,NA
"17087","Juià",345,"Girona","Gironès",2013,7,534,"< 1.000",NA,NA
"17087","Juià",345,"Girona","Gironès",2018,8,578,"< 1.000",45912,15.11
"17088","Lladó",828,"Girona","Alt Empordà",2010,8,562,"< 1.000",NA,NA
"17088","Lladó",828,"Girona","Alt Empordà",2011,8,389,"< 1.000",NA,NA
"17088","Lladó",828,"Girona","Alt Empordà",2012,7,625,"< 1.000",NA,NA
"17088","Lladó",828,"Girona","Alt Empordà",2014,8,504,"< 1.000",NA,NA
"17088","Lladó",828,"Girona","Alt Empordà",2015,11,561,"< 1.000",33150,20.31
"17088","Lladó",828,"Girona","Alt Empordà",2016,13,475,"< 1.000",34860,16.35
"17088","Lladó",828,"Girona","Alt Empordà",2017,12,571,"< 1.000",35562,19.27
"17088","Lladó",828,"Girona","Alt Empordà",2018,8,649,"< 1.000",37814,20.6
"17088","Lladó",828,"Girona","Alt Empordà",2019,29,598,"< 1.000",39140,18.33
"17088","Lladó",828,"Girona","Alt Empordà",2020,14,519,"< 1.000",38651,16.11
"17088","Lladó",828,"Girona","Alt Empordà",2021,17,499,"< 1.000",40524,14.78
"17088","Lladó",828,"Girona","Alt Empordà",2022,54,584,"< 1.000",43373,16.16
"17088","Lladó",828,"Girona","Alt Empordà",2023,13,695,"< 1.000",NA,NA
"17088","Lladó",828,"Girona","Alt Empordà",2024,28,539,"< 1.000",NA,NA
"17089","Llagostera",9486,"Girona","Gironès",2007,69,423,"5.000-10.000",NA,NA
"17089","Llagostera",9486,"Girona","Gironès",2008,136,473,"5.000-10.000",NA,NA
"17089","Llagostera",9486,"Girona","Gironès",2009,133,451,"5.000-10.000",NA,NA
"17089","Llagostera",9486,"Girona","Gironès",2010,140,445,"5.000-10.000",NA,NA
"17089","Llagostera",9486,"Girona","Gironès",2011,132,440,"5.000-10.000",NA,NA
"17089","Llagostera",9486,"Girona","Gironès",2012,159,379,"5.000-10.000",NA,NA
"17089","Llagostera",9486,"Girona","Gironès",2013,167,386,"5.000-10.000",NA,NA
"17089","Llagostera",9486,"Girona","Gironès",2014,157,364,"5.000-10.000",NA,NA
"17089","Llagostera",9486,"Girona","Gironès",2015,172,378,"5.000-10.000",27303,16.61
"17089","Llagostera",9486,"Girona","Gironès",2016,159,415,"5.000-10.000",28818,17.28
"17089","Llagostera",9486,"Girona","Gironès",2017,155,414,"5.000-10.000",29181,17.02
"17089","Llagostera",9486,"Girona","Gironès",2018,153,492,"5.000-10.000",30402,19.42
"17089","Llagostera",9486,"Girona","Gironès",2019,508,499,"5.000-10.000",31984,18.72
"17089","Llagostera",9486,"Girona","Gironès",2020,433,474,"5.000-10.000",32710,17.39
"17089","Llagostera",9486,"Girona","Gironès",2021,531,502,"5.000-10.000",33958,17.74
"17089","Llagostera",9486,"Girona","Gironès",2022,446,510,"5.000-10.000",35581,17.2
"17089","Llagostera",9486,"Girona","Gironès",2023,441,570,"5.000-10.000",NA,NA
"17089","Llagostera",9486,"Girona","Gironès",2024,455,628,"5.000-10.000",NA,NA
"17091","Llanars",515,"Girona","Ripollès",2009,10,504,"< 1.000",NA,NA
"17091","Llanars",515,"Girona","Ripollès",2016,8,388,"< 1.000",33857,13.75
"17091","Llanars",515,"Girona","Ripollès",2017,6,473,"< 1.000",35061,16.19
"17091","Llanars",515,"Girona","Ripollès",2018,7,407,"< 1.000",36321,13.45
"17091","Llanars",515,"Girona","Ripollès",2019,8,520,"< 1.000",36233,17.22
"17091","Llanars",515,"Girona","Ripollès",2022,7,1199,"< 1.000",38254,37.61
"17091","Llanars",515,"Girona","Ripollès",2023,6,504,"< 1.000",NA,NA
"17092","Llançà",5048,"Girona","Alt Empordà",2007,49,419,"5.000-10.000",NA,NA
"17092","Llançà",5048,"Girona","Alt Empordà",2008,62,461,"5.000-10.000",NA,NA
"17092","Llançà",5048,"Girona","Alt Empordà",2009,78,472,"5.000-10.000",NA,NA
"17092","Llançà",5048,"Girona","Alt Empordà",2010,68,457,"5.000-10.000",NA,NA
"17092","Llançà",5048,"Girona","Alt Empordà",2011,68,441,"5.000-10.000",NA,NA
"17092","Llançà",5048,"Girona","Alt Empordà",2012,102,377,"5.000-10.000",NA,NA
"17092","Llançà",5048,"Girona","Alt Empordà",2013,86,403,"5.000-10.000",NA,NA
"17092","Llançà",5048,"Girona","Alt Empordà",2014,77,420,"5.000-10.000",NA,NA
"17092","Llançà",5048,"Girona","Alt Empordà",2015,73,427,"5.000-10.000",25963,19.74
"17092","Llançà",5048,"Girona","Alt Empordà",2016,103,455,"5.000-10.000",26834,20.35
"17092","Llançà",5048,"Girona","Alt Empordà",2017,108,459,"5.000-10.000",27339,20.15
"17092","Llançà",5048,"Girona","Alt Empordà",2018,90,474,"5.000-10.000",28188,20.18
"17092","Llançà",5048,"Girona","Alt Empordà",2019,435,487,"5.000-10.000",29198,20.02
"17092","Llançà",5048,"Girona","Alt Empordà",2020,342,485,"5.000-10.000",29691,19.6
"17092","Llançà",5048,"Girona","Alt Empordà",2021,431,511,"5.000-10.000",31053,19.75
"17092","Llançà",5048,"Girona","Alt Empordà",2022,303,528,"5.000-10.000",32294,19.62
"17092","Llançà",5048,"Girona","Alt Empordà",2023,338,570,"5.000-10.000",NA,NA
"17092","Llançà",5048,"Girona","Alt Empordà",2024,278,569,"5.000-10.000",NA,NA
"17093","Llers",1262,"Girona","Alt Empordà",2007,8,535,"1.000-5.000",NA,NA
"17093","Llers",1262,"Girona","Alt Empordà",2008,9,558,"1.000-5.000",NA,NA
"17093","Llers",1262,"Girona","Alt Empordà",2009,13,574,"1.000-5.000",NA,NA
"17093","Llers",1262,"Girona","Alt Empordà",2010,17,497,"1.000-5.000",NA,NA
"17093","Llers",1262,"Girona","Alt Empordà",2011,11,583,"1.000-5.000",NA,NA
"17093","Llers",1262,"Girona","Alt Empordà",2012,14,537,"1.000-5.000",NA,NA
"17093","Llers",1262,"Girona","Alt Empordà",2013,14,546,"1.000-5.000",NA,NA
"17093","Llers",1262,"Girona","Alt Empordà",2014,11,533,"1.000-5.000",NA,NA
"17093","Llers",1262,"Girona","Alt Empordà",2015,18,505,"1.000-5.000",35212,17.21
"17093","Llers",1262,"Girona","Alt Empordà",2016,13,507,"1.000-5.000",36799,16.53
"17093","Llers",1262,"Girona","Alt Empordà",2017,16,492,"1.000-5.000",38230,15.44
"17093","Llers",1262,"Girona","Alt Empordà",2018,14,585,"1.000-5.000",56734,12.37
"17093","Llers",1262,"Girona","Alt Empordà",2019,26,506,"1.000-5.000",39150,15.51
"17093","Llers",1262,"Girona","Alt Empordà",2020,6,563,"1.000-5.000",38630,17.49
"17093","Llers",1262,"Girona","Alt Empordà",2021,27,660,"1.000-5.000",41006,19.31
"17093","Llers",1262,"Girona","Alt Empordà",2022,14,632,"1.000-5.000",43102,17.6
"17093","Llers",1262,"Girona","Alt Empordà",2023,15,855,"1.000-5.000",NA,NA
"17093","Llers",1262,"Girona","Alt Empordà",2024,23,533,"1.000-5.000",NA,NA
"17094","Llívia",1561,"Girona","Cerdanya",2007,14,531,"1.000-5.000",NA,NA
"17094","Llívia",1561,"Girona","Cerdanya",2008,13,988,"1.000-5.000",NA,NA
"17094","Llívia",1561,"Girona","Cerdanya",2009,15,482,"1.000-5.000",NA,NA
"17094","Llívia",1561,"Girona","Cerdanya",2010,23,489,"1.000-5.000",NA,NA
"17094","Llívia",1561,"Girona","Cerdanya",2011,32,463,"1.000-5.000",NA,NA
"17094","Llívia",1561,"Girona","Cerdanya",2012,24,492,"1.000-5.000",NA,NA
"17094","Llívia",1561,"Girona","Cerdanya",2013,18,345,"1.000-5.000",NA,NA
"17094","Llívia",1561,"Girona","Cerdanya",2014,19,414,"1.000-5.000",NA,NA
"17094","Llívia",1561,"Girona","Cerdanya",2015,27,498,"1.000-5.000",30567,19.55
"17094","Llívia",1561,"Girona","Cerdanya",2016,23,421,"1.000-5.000",31192,16.2
"17094","Llívia",1561,"Girona","Cerdanya",2017,39,694,"1.000-5.000",33034,25.21
"17094","Llívia",1561,"Girona","Cerdanya",2018,40,552,"1.000-5.000",33150,19.98
"17094","Llívia",1561,"Girona","Cerdanya",2019,122,499,"1.000-5.000",35597,16.82
"17094","Llívia",1561,"Girona","Cerdanya",2020,115,513,"1.000-5.000",35493,17.34
"17094","Llívia",1561,"Girona","Cerdanya",2021,73,580,"1.000-5.000",37789,18.42
"17094","Llívia",1561,"Girona","Cerdanya",2022,92,574,"1.000-5.000",38480,17.9
"17094","Llívia",1561,"Girona","Cerdanya",2023,81,647,"1.000-5.000",NA,NA
"17094","Llívia",1561,"Girona","Cerdanya",2024,82,632,"1.000-5.000",NA,NA
"17095","Lloret de Mar",42134,"Girona","Selva",2007,119,502,"10.000-50.000",NA,NA
"17095","Lloret de Mar",42134,"Girona","Selva",2008,199,555,"10.000-50.000",NA,NA
"17095","Lloret de Mar",42134,"Girona","Selva",2009,214,498,"10.000-50.000",NA,NA
"17095","Lloret de Mar",42134,"Girona","Selva",2010,396,477,"10.000-50.000",NA,NA
"17095","Lloret de Mar",42134,"Girona","Selva",2011,506,470,"10.000-50.000",NA,NA
"17095","Lloret de Mar",42134,"Girona","Selva",2012,552,452,"10.000-50.000",NA,NA
"17095","Lloret de Mar",42134,"Girona","Selva",2013,604,439,"10.000-50.000",NA,NA
"17095","Lloret de Mar",42134,"Girona","Selva",2014,610,437,"10.000-50.000",NA,NA
"17095","Lloret de Mar",42134,"Girona","Selva",2015,742,415,"10.000-50.000",23624,21.08
"17095","Lloret de Mar",42134,"Girona","Selva",2016,752,425,"10.000-50.000",24510,20.81
"17095","Lloret de Mar",42134,"Girona","Selva",2017,683,449,"10.000-50.000",25229,21.36
"17095","Lloret de Mar",42134,"Girona","Selva",2018,731,486,"10.000-50.000",26560,21.96
"17095","Lloret de Mar",42134,"Girona","Selva",2019,2602,524,"10.000-50.000",27484,22.88
"17095","Lloret de Mar",42134,"Girona","Selva",2020,1903,521,"10.000-50.000",25326,24.69
"17095","Lloret de Mar",42134,"Girona","Selva",2021,2512,512,"10.000-50.000",27437,22.39
"17095","Lloret de Mar",42134,"Girona","Selva",2022,2052,572,"10.000-50.000",29313,23.42
"17095","Lloret de Mar",42134,"Girona","Selva",2023,1943,598,"10.000-50.000",NA,NA
"17095","Lloret de Mar",42134,"Girona","Selva",2024,1834,626,"10.000-50.000",NA,NA
"17097","Madremanya",288,"Girona","Gironès",2023,6,1533,"< 1.000",NA,NA
"17097","Madremanya",288,"Girona","Gironès",2024,12,1187,"< 1.000",NA,NA
"17098","Maià de Montcal",488,"Girona","Garrotxa",2014,6,508,"< 1.000",NA,NA
"17098","Maià de Montcal",488,"Girona","Garrotxa",2016,9,836,"< 1.000",29905,33.55
"17100","Masarac",296,"Girona","Alt Empordà",2018,7,546,"< 1.000",34032,19.25
"17100","Masarac",296,"Girona","Alt Empordà",2019,7,517,"< 1.000",37025,16.76
"17100","Masarac",296,"Girona","Alt Empordà",2020,6,555,"< 1.000",36582,18.21
"17100","Masarac",296,"Girona","Alt Empordà",2022,7,644,"< 1.000",41510,18.62
"17101","Massanes",843,"Girona","Selva",2014,8,411,"< 1.000",NA,NA
"17101","Massanes",843,"Girona","Selva",2015,8,392,"< 1.000",26846,17.52
"17101","Massanes",843,"Girona","Selva",2018,13,527,"< 1.000",28546,22.15
"17101","Massanes",843,"Girona","Selva",2019,7,384,"< 1.000",29897,15.41
"17101","Massanes",843,"Girona","Selva",2023,20,538,"< 1.000",NA,NA
"17102","Maçanet de Cabrenys",775,"Girona","Alt Empordà",2009,9,399,"< 1.000",NA,NA
"17102","Maçanet de Cabrenys",775,"Girona","Alt Empordà",2011,11,463,"< 1.000",NA,NA
"17102","Maçanet de Cabrenys",775,"Girona","Alt Empordà",2015,8,477,"< 1.000",28260,20.25
"17102","Maçanet de Cabrenys",775,"Girona","Alt Empordà",2016,7,456,"< 1.000",27184,20.13
"17102","Maçanet de Cabrenys",775,"Girona","Alt Empordà",2017,6,383,"< 1.000",28048,16.39
"17102","Maçanet de Cabrenys",775,"Girona","Alt Empordà",2018,7,461,"< 1.000",29625,18.67
"17102","Maçanet de Cabrenys",775,"Girona","Alt Empordà",2019,13,451,"< 1.000",30188,17.93
"17102","Maçanet de Cabrenys",775,"Girona","Alt Empordà",2020,24,447,"< 1.000",29887,17.95
"17102","Maçanet de Cabrenys",775,"Girona","Alt Empordà",2021,32,446,"< 1.000",31758,16.85
"17102","Maçanet de Cabrenys",775,"Girona","Alt Empordà",2022,39,481,"< 1.000",32033,18.02
"17102","Maçanet de Cabrenys",775,"Girona","Alt Empordà",2023,30,449,"< 1.000",NA,NA
"17102","Maçanet de Cabrenys",775,"Girona","Alt Empordà",2024,34,529,"< 1.000",NA,NA
"17103","Maçanet de la Selva",7972,"Girona","Selva",2007,18,490,"5.000-10.000",NA,NA
"17103","Maçanet de la Selva",7972,"Girona","Selva",2008,33,508,"5.000-10.000",NA,NA
"17103","Maçanet de la Selva",7972,"Girona","Selva",2009,31,546,"5.000-10.000",NA,NA
"17103","Maçanet de la Selva",7972,"Girona","Selva",2010,32,518,"5.000-10.000",NA,NA
"17103","Maçanet de la Selva",7972,"Girona","Selva",2011,49,525,"5.000-10.000",NA,NA
"17103","Maçanet de la Selva",7972,"Girona","Selva",2012,47,485,"5.000-10.000",NA,NA
"17103","Maçanet de la Selva",7972,"Girona","Selva",2013,68,460,"5.000-10.000",NA,NA
"17103","Maçanet de la Selva",7972,"Girona","Selva",2014,67,465,"5.000-10.000",NA,NA
"17103","Maçanet de la Selva",7972,"Girona","Selva",2015,58,496,"5.000-10.000",27308,21.8
"17103","Maçanet de la Selva",7972,"Girona","Selva",2016,69,487,"5.000-10.000",27911,20.94
"17103","Maçanet de la Selva",7972,"Girona","Selva",2017,71,536,"5.000-10.000",28864,22.28
"17103","Maçanet de la Selva",7972,"Girona","Selva",2018,91,559,"5.000-10.000",30062,22.31
"17103","Maçanet de la Selva",7972,"Girona","Selva",2019,274,570,"5.000-10.000",32117,21.3
"17103","Maçanet de la Selva",7972,"Girona","Selva",2020,200,590,"5.000-10.000",31036,22.81
"17103","Maçanet de la Selva",7972,"Girona","Selva",2021,283,595,"5.000-10.000",32056,22.27
"17103","Maçanet de la Selva",7972,"Girona","Selva",2022,230,704,"5.000-10.000",33949,24.88
"17103","Maçanet de la Selva",7972,"Girona","Selva",2023,158,733,"5.000-10.000",NA,NA
"17103","Maçanet de la Selva",7972,"Girona","Selva",2024,181,635,"5.000-10.000",NA,NA
"17105","Mieres",348,"Girona","Garrotxa",2012,7,468,"< 1.000",NA,NA
"17105","Mieres",348,"Girona","Garrotxa",2018,11,351,"< 1.000",28987,14.53
"17105","Mieres",348,"Girona","Garrotxa",2019,18,530,"< 1.000",29777,21.36
"17105","Mieres",348,"Girona","Garrotxa",2020,7,608,"< 1.000",31161,23.41
"17105","Mieres",348,"Girona","Garrotxa",2021,6,766,"< 1.000",31810,28.9
"17105","Mieres",348,"Girona","Garrotxa",2022,31,452,"< 1.000",33474,16.2
"17105","Mieres",348,"Girona","Garrotxa",2023,26,590,"< 1.000",NA,NA
"17106","Mollet de Peralada",215,"Girona","Alt Empordà",2015,6,448,"< 1.000",28819,18.65
"17106","Mollet de Peralada",215,"Girona","Alt Empordà",2020,7,489,"< 1.000",32585,18.01
"17109","Montagut i Oix",1002,"Girona","Garrotxa",2009,9,439,"1.000-5.000",NA,NA
"17109","Montagut i Oix",1002,"Girona","Garrotxa",2011,10,386,"1.000-5.000",NA,NA
"17109","Montagut i Oix",1002,"Girona","Garrotxa",2012,11,456,"1.000-5.000",NA,NA
"17109","Montagut i Oix",1002,"Girona","Garrotxa",2013,14,364,"1.000-5.000",NA,NA
"17109","Montagut i Oix",1002,"Girona","Garrotxa",2014,15,449,"1.000-5.000",NA,NA
"17109","Montagut i Oix",1002,"Girona","Garrotxa",2015,10,520,"1.000-5.000",31189,20.01
"17109","Montagut i Oix",1002,"Girona","Garrotxa",2016,14,472,"1.000-5.000",32055,17.67
"17109","Montagut i Oix",1002,"Girona","Garrotxa",2017,15,513,"1.000-5.000",32317,19.05
"17109","Montagut i Oix",1002,"Girona","Garrotxa",2018,15,514,"1.000-5.000",35719,17.27
"17109","Montagut i Oix",1002,"Girona","Garrotxa",2019,31,514,"1.000-5.000",34290,17.99
"17109","Montagut i Oix",1002,"Girona","Garrotxa",2020,16,547,"1.000-5.000",36530,17.97
"17109","Montagut i Oix",1002,"Girona","Garrotxa",2021,23,584,"1.000-5.000",39941,17.55
"17109","Montagut i Oix",1002,"Girona","Garrotxa",2022,17,611,"1.000-5.000",41903,17.5
"17109","Montagut i Oix",1002,"Girona","Garrotxa",2023,27,588,"1.000-5.000",NA,NA
"17109","Montagut i Oix",1002,"Girona","Garrotxa",2024,13,613,"1.000-5.000",NA,NA
"17110","Mont-ras",1691,"Girona","Baix Empordà",2015,7,920,"1.000-5.000",32433,34.04
"17110","Mont-ras",1691,"Girona","Baix Empordà",2016,6,809,"1.000-5.000",34593,28.06
"17110","Mont-ras",1691,"Girona","Baix Empordà",2017,8,584,"1.000-5.000",35512,19.73
"17110","Mont-ras",1691,"Girona","Baix Empordà",2018,7,929,"1.000-5.000",37322,29.87
"17110","Mont-ras",1691,"Girona","Baix Empordà",2020,12,617,"1.000-5.000",40721,18.18
"17110","Mont-ras",1691,"Girona","Baix Empordà",2021,6,567,"1.000-5.000",41115,16.55
"17110","Mont-ras",1691,"Girona","Baix Empordà",2022,6,546,"1.000-5.000",43774,14.97
"17110","Mont-ras",1691,"Girona","Baix Empordà",2023,12,767,"1.000-5.000",NA,NA
"17111","Navata",1466,"Girona","Alt Empordà",2007,8,732,"1.000-5.000",NA,NA
"17111","Navata",1466,"Girona","Alt Empordà",2008,14,734,"1.000-5.000",NA,NA
"17111","Navata",1466,"Girona","Alt Empordà",2009,15,668,"1.000-5.000",NA,NA
"17111","Navata",1466,"Girona","Alt Empordà",2010,30,564,"1.000-5.000",NA,NA
"17111","Navata",1466,"Girona","Alt Empordà",2011,18,589,"1.000-5.000",NA,NA
"17111","Navata",1466,"Girona","Alt Empordà",2012,28,603,"1.000-5.000",NA,NA
"17111","Navata",1466,"Girona","Alt Empordà",2013,33,571,"1.000-5.000",NA,NA
"17111","Navata",1466,"Girona","Alt Empordà",2014,29,583,"1.000-5.000",NA,NA
"17111","Navata",1466,"Girona","Alt Empordà",2015,25,624,"1.000-5.000",33104,22.62
"17111","Navata",1466,"Girona","Alt Empordà",2016,36,584,"1.000-5.000",34772,20.15
"17111","Navata",1466,"Girona","Alt Empordà",2017,32,597,"1.000-5.000",36602,19.57
"17111","Navata",1466,"Girona","Alt Empordà",2018,34,669,"1.000-5.000",37736,21.27
"17111","Navata",1466,"Girona","Alt Empordà",2019,94,653,"1.000-5.000",39137,20.02
"17111","Navata",1466,"Girona","Alt Empordà",2020,61,761,"1.000-5.000",40876,22.34
"17111","Navata",1466,"Girona","Alt Empordà",2021,101,692,"1.000-5.000",42840,19.38
"17111","Navata",1466,"Girona","Alt Empordà",2022,98,727,"1.000-5.000",47810,18.25
"17111","Navata",1466,"Girona","Alt Empordà",2023,39,844,"1.000-5.000",NA,NA
"17111","Navata",1466,"Girona","Alt Empordà",2024,40,833,"1.000-5.000",NA,NA
"17114","Olot",38836,"Girona","Garrotxa",2007,304,393,"10.000-50.000",NA,NA
"17114","Olot",38836,"Girona","Garrotxa",2008,499,433,"10.000-50.000",NA,NA
"17114","Olot",38836,"Girona","Garrotxa",2009,514,425,"10.000-50.000",NA,NA
"17114","Olot",38836,"Girona","Garrotxa",2010,674,388,"10.000-50.000",NA,NA
"17114","Olot",38836,"Girona","Garrotxa",2011,831,391,"10.000-50.000",NA,NA
"17114","Olot",38836,"Girona","Garrotxa",2012,922,375,"10.000-50.000",NA,NA
"17114","Olot",38836,"Girona","Garrotxa",2013,927,347,"10.000-50.000",NA,NA
"17114","Olot",38836,"Girona","Garrotxa",2014,944,348,"10.000-50.000",NA,NA
"17114","Olot",38836,"Girona","Garrotxa",2015,842,350,"10.000-50.000",30713,13.67
"17114","Olot",38836,"Girona","Garrotxa",2016,841,361,"10.000-50.000",31858,13.6
"17114","Olot",38836,"Girona","Garrotxa",2017,930,396,"10.000-50.000",32806,14.49
"17114","Olot",38836,"Girona","Garrotxa",2018,880,420,"10.000-50.000",34225,14.73
"17114","Olot",38836,"Girona","Garrotxa",2019,2606,458,"10.000-50.000",35812,15.35
"17114","Olot",38836,"Girona","Garrotxa",2020,2205,471,"10.000-50.000",35663,15.85
"17114","Olot",38836,"Girona","Garrotxa",2021,2769,448,"10.000-50.000",36941,14.55
"17114","Olot",38836,"Girona","Garrotxa",2022,2629,492,"10.000-50.000",38349,15.4
"17114","Olot",38836,"Girona","Garrotxa",2023,2381,542,"10.000-50.000",NA,NA
"17114","Olot",38836,"Girona","Garrotxa",2024,2123,543,"10.000-50.000",NA,NA
"17116","Osor",422,"Girona","Selva",2007,6,303,"< 1.000",NA,NA
"17116","Osor",422,"Girona","Selva",2013,9,378,"< 1.000",NA,NA
"17116","Osor",422,"Girona","Selva",2017,9,388,"< 1.000",26398,17.64
"17116","Osor",422,"Girona","Selva",2018,6,379,"< 1.000",27703,16.42
"17116","Osor",422,"Girona","Selva",2019,8,366,"< 1.000",29577,14.85
"17116","Osor",422,"Girona","Selva",2020,14,460,"< 1.000",30000,18.4
"17116","Osor",422,"Girona","Selva",2021,14,493,"< 1.000",28976,20.42
"17116","Osor",422,"Girona","Selva",2023,15,645,"< 1.000",NA,NA
"17116","Osor",422,"Girona","Selva",2024,6,447,"< 1.000",NA,NA
"17117","Palafrugell",24245,"Girona","Baix Empordà",2007,48,629,"10.000-50.000",NA,NA
"17117","Palafrugell",24245,"Girona","Baix Empordà",2008,106,636,"10.000-50.000",NA,NA
"17117","Palafrugell",24245,"Girona","Baix Empordà",2009,102,555,"10.000-50.000",NA,NA
"17117","Palafrugell",24245,"Girona","Baix Empordà",2010,209,494,"10.000-50.000",NA,NA
"17117","Palafrugell",24245,"Girona","Baix Empordà",2011,252,472,"10.000-50.000",NA,NA
"17117","Palafrugell",24245,"Girona","Baix Empordà",2012,295,453,"10.000-50.000",NA,NA
"17117","Palafrugell",24245,"Girona","Baix Empordà",2013,386,414,"10.000-50.000",NA,NA
"17117","Palafrugell",24245,"Girona","Baix Empordà",2014,443,394,"10.000-50.000",NA,NA
"17117","Palafrugell",24245,"Girona","Baix Empordà",2015,431,391,"10.000-50.000",25863,18.14
"17117","Palafrugell",24245,"Girona","Baix Empordà",2016,388,405,"10.000-50.000",26774,18.15
"17117","Palafrugell",24245,"Girona","Baix Empordà",2017,385,439,"10.000-50.000",27657,19.05
"17117","Palafrugell",24245,"Girona","Baix Empordà",2018,387,483,"10.000-50.000",29054,19.95
"17117","Palafrugell",24245,"Girona","Baix Empordà",2019,1219,498,"10.000-50.000",30518,19.58
"17117","Palafrugell",24245,"Girona","Baix Empordà",2020,869,508,"10.000-50.000",30279,20.13
"17117","Palafrugell",24245,"Girona","Baix Empordà",2021,1463,487,"10.000-50.000",31577,18.51
"17117","Palafrugell",24245,"Girona","Baix Empordà",2022,1146,577,"10.000-50.000",33870,20.44
"17117","Palafrugell",24245,"Girona","Baix Empordà",2023,993,640,"10.000-50.000",NA,NA
"17117","Palafrugell",24245,"Girona","Baix Empordà",2024,890,646,"10.000-50.000",NA,NA
"17118","Palamós",18619,"Girona","Baix Empordà",2007,68,520,"10.000-50.000",NA,NA
"17118","Palamós",18619,"Girona","Baix Empordà",2008,81,607,"10.000-50.000",NA,NA
"17118","Palamós",18619,"Girona","Baix Empordà",2009,100,542,"10.000-50.000",NA,NA
"17118","Palamós",18619,"Girona","Baix Empordà",2010,152,528,"10.000-50.000",NA,NA
"17118","Palamós",18619,"Girona","Baix Empordà",2011,165,509,"10.000-50.000",NA,NA
"17118","Palamós",18619,"Girona","Baix Empordà",2012,238,487,"10.000-50.000",NA,NA
"17118","Palamós",18619,"Girona","Baix Empordà",2013,258,477,"10.000-50.000",NA,NA
"17118","Palamós",18619,"Girona","Baix Empordà",2014,265,448,"10.000-50.000",NA,NA
"17118","Palamós",18619,"Girona","Baix Empordà",2015,267,467,"10.000-50.000",28260,19.83
"17118","Palamós",18619,"Girona","Baix Empordà",2016,296,484,"10.000-50.000",29151,19.92
"17118","Palamós",18619,"Girona","Baix Empordà",2017,336,507,"10.000-50.000",29845,20.39
"17118","Palamós",18619,"Girona","Baix Empordà",2018,318,545,"10.000-50.000",31072,21.05
"17118","Palamós",18619,"Girona","Baix Empordà",2019,1048,597,"10.000-50.000",32794,21.85
"17118","Palamós",18619,"Girona","Baix Empordà",2020,926,597,"10.000-50.000",32719,21.9
"17118","Palamós",18619,"Girona","Baix Empordà",2021,1091,573,"10.000-50.000",34320,20.03
"17118","Palamós",18619,"Girona","Baix Empordà",2022,1095,630,"10.000-50.000",35891,21.06
"17118","Palamós",18619,"Girona","Baix Empordà",2023,942,680,"10.000-50.000",NA,NA
"17118","Palamós",18619,"Girona","Baix Empordà",2024,901,731,"10.000-50.000",NA,NA
"17120","Palau-saverdera",1498,"Girona","Alt Empordà",2008,9,483,"1.000-5.000",NA,NA
"17120","Palau-saverdera",1498,"Girona","Alt Empordà",2009,12,468,"1.000-5.000",NA,NA
"17120","Palau-saverdera",1498,"Girona","Alt Empordà",2010,15,523,"1.000-5.000",NA,NA
"17120","Palau-saverdera",1498,"Girona","Alt Empordà",2012,11,559,"1.000-5.000",NA,NA
"17120","Palau-saverdera",1498,"Girona","Alt Empordà",2013,14,527,"1.000-5.000",NA,NA
"17120","Palau-saverdera",1498,"Girona","Alt Empordà",2014,7,432,"1.000-5.000",NA,NA
"17120","Palau-saverdera",1498,"Girona","Alt Empordà",2015,10,486,"1.000-5.000",30383,19.19
"17120","Palau-saverdera",1498,"Girona","Alt Empordà",2016,8,491,"1.000-5.000",32717,18.01
"17120","Palau-saverdera",1498,"Girona","Alt Empordà",2018,7,531,"1.000-5.000",33418,19.07
"17120","Palau-saverdera",1498,"Girona","Alt Empordà",2019,7,559,"1.000-5.000",35230,19.04
"17120","Palau-saverdera",1498,"Girona","Alt Empordà",2020,7,630,"1.000-5.000",34477,21.93
"17120","Palau-saverdera",1498,"Girona","Alt Empordà",2021,70,622,"1.000-5.000",36651,20.37
"17120","Palau-saverdera",1498,"Girona","Alt Empordà",2022,45,577,"1.000-5.000",39944,17.33
"17120","Palau-saverdera",1498,"Girona","Alt Empordà",2023,20,721,"1.000-5.000",NA,NA
"17120","Palau-saverdera",1498,"Girona","Alt Empordà",2024,9,713,"1.000-5.000",NA,NA
"17121","Palau-sator",305,"Girona","Baix Empordà",2007,7,544,"< 1.000",NA,NA
"17121","Palau-sator",305,"Girona","Baix Empordà",2023,6,1441,"< 1.000",NA,NA
"17124","Pals",2583,"Girona","Baix Empordà",2007,9,592,"1.000-5.000",NA,NA
"17124","Pals",2583,"Girona","Baix Empordà",2008,12,582,"1.000-5.000",NA,NA
"17124","Pals",2583,"Girona","Baix Empordà",2009,14,582,"1.000-5.000",NA,NA
"17124","Pals",2583,"Girona","Baix Empordà",2010,12,539,"1.000-5.000",NA,NA
"17124","Pals",2583,"Girona","Baix Empordà",2011,9,464,"1.000-5.000",NA,NA
"17124","Pals",2583,"Girona","Baix Empordà",2012,14,536,"1.000-5.000",NA,NA
"17124","Pals",2583,"Girona","Baix Empordà",2013,15,554,"1.000-5.000",NA,NA
"17124","Pals",2583,"Girona","Baix Empordà",2014,17,535,"1.000-5.000",NA,NA
"17124","Pals",2583,"Girona","Baix Empordà",2015,10,495,"1.000-5.000",31292,18.98
"17124","Pals",2583,"Girona","Baix Empordà",2016,11,558,"1.000-5.000",30801,21.74
"17124","Pals",2583,"Girona","Baix Empordà",2017,18,624,"1.000-5.000",32153,23.29
"17124","Pals",2583,"Girona","Baix Empordà",2018,15,962,"1.000-5.000",33370,34.59
"17124","Pals",2583,"Girona","Baix Empordà",2019,54,648,"1.000-5.000",34584,22.48
"17124","Pals",2583,"Girona","Baix Empordà",2020,16,566,"1.000-5.000",34914,19.45
"17124","Pals",2583,"Girona","Baix Empordà",2021,58,825,"1.000-5.000",37813,26.18
"17124","Pals",2583,"Girona","Baix Empordà",2022,55,754,"1.000-5.000",40534,22.32
"17124","Pals",2583,"Girona","Baix Empordà",2023,29,652,"1.000-5.000",NA,NA
"17124","Pals",2583,"Girona","Baix Empordà",2024,41,1270,"1.000-5.000",NA,NA
"17126","Parlavà",429,"Girona","Baix Empordà",2018,7,771,"< 1.000",36686,25.22
"17128","Pau",590,"Girona","Alt Empordà",2022,9,681,"< 1.000",36390,22.46
"17130","Pera, La",452,"Girona","Baix Empordà",2019,6,687,"< 1.000",43889,18.78
"17132","Peralada",2047,"Girona","Alt Empordà",2007,26,613,"1.000-5.000",NA,NA
"17132","Peralada",2047,"Girona","Alt Empordà",2008,24,666,"1.000-5.000",NA,NA
"17132","Peralada",2047,"Girona","Alt Empordà",2009,21,667,"1.000-5.000",NA,NA
"17132","Peralada",2047,"Girona","Alt Empordà",2010,35,496,"1.000-5.000",NA,NA
"17132","Peralada",2047,"Girona","Alt Empordà",2011,36,587,"1.000-5.000",NA,NA
"17132","Peralada",2047,"Girona","Alt Empordà",2012,54,495,"1.000-5.000",NA,NA
"17132","Peralada",2047,"Girona","Alt Empordà",2013,50,576,"1.000-5.000",NA,NA
"17132","Peralada",2047,"Girona","Alt Empordà",2014,66,546,"1.000-5.000",NA,NA
"17132","Peralada",2047,"Girona","Alt Empordà",2015,51,621,"1.000-5.000",37942,19.64
"17132","Peralada",2047,"Girona","Alt Empordà",2016,51,639,"1.000-5.000",38854,19.74
"17132","Peralada",2047,"Girona","Alt Empordà",2017,55,614,"1.000-5.000",39867,18.48
"17132","Peralada",2047,"Girona","Alt Empordà",2018,52,609,"1.000-5.000",42749,17.1
"17132","Peralada",2047,"Girona","Alt Empordà",2019,157,643,"1.000-5.000",44647,17.28
"17132","Peralada",2047,"Girona","Alt Empordà",2020,113,650,"1.000-5.000",44343,17.59
"17132","Peralada",2047,"Girona","Alt Empordà",2021,178,662,"1.000-5.000",45429,17.49
"17132","Peralada",2047,"Girona","Alt Empordà",2022,179,652,"1.000-5.000",47691,16.41
"17132","Peralada",2047,"Girona","Alt Empordà",2023,140,714,"1.000-5.000",NA,NA
"17132","Peralada",2047,"Girona","Alt Empordà",2024,117,812,"1.000-5.000",NA,NA
"17133","Planes d'Hostoles, Les",1748,"Girona","Garrotxa",2007,12,346,"1.000-5.000",NA,NA
"17133","Planes d'Hostoles, Les",1748,"Girona","Garrotxa",2008,12,525,"1.000-5.000",NA,NA
"17133","Planes d'Hostoles, Les",1748,"Girona","Garrotxa",2009,12,327,"1.000-5.000",NA,NA
"17133","Planes d'Hostoles, Les",1748,"Girona","Garrotxa",2010,8,396,"1.000-5.000",NA,NA
"17133","Planes d'Hostoles, Les",1748,"Girona","Garrotxa",2012,20,392,"1.000-5.000",NA,NA
"17133","Planes d'Hostoles, Les",1748,"Girona","Garrotxa",2013,16,402,"1.000-5.000",NA,NA
"17133","Planes d'Hostoles, Les",1748,"Girona","Garrotxa",2014,12,428,"1.000-5.000",NA,NA
"17133","Planes d'Hostoles, Les",1748,"Girona","Garrotxa",2015,17,390,"1.000-5.000",30116,15.54
"17133","Planes d'Hostoles, Les",1748,"Girona","Garrotxa",2016,17,362,"1.000-5.000",30701,14.15
"17133","Planes d'Hostoles, Les",1748,"Girona","Garrotxa",2017,15,345,"1.000-5.000",30864,13.41
"17133","Planes d'Hostoles, Les",1748,"Girona","Garrotxa",2018,19,408,"1.000-5.000",32693,14.98
"17133","Planes d'Hostoles, Les",1748,"Girona","Garrotxa",2019,47,496,"1.000-5.000",34187,17.41
"17133","Planes d'Hostoles, Les",1748,"Girona","Garrotxa",2020,50,469,"1.000-5.000",34958,16.1
"17133","Planes d'Hostoles, Les",1748,"Girona","Garrotxa",2021,33,458,"1.000-5.000",36238,15.17
"17133","Planes d'Hostoles, Les",1748,"Girona","Garrotxa",2022,44,439,"1.000-5.000",38552,13.66
"17133","Planes d'Hostoles, Les",1748,"Girona","Garrotxa",2023,83,538,"1.000-5.000",NA,NA
"17133","Planes d'Hostoles, Les",1748,"Girona","Garrotxa",2024,44,576,"1.000-5.000",NA,NA
"17134","Planoles",306,"Girona","Ripollès",2019,7,442,"< 1.000",33216,15.97
"17134","Planoles",306,"Girona","Ripollès",2020,6,422,"< 1.000",32031,15.81
"17134","Planoles",306,"Girona","Ripollès",2024,12,529,"< 1.000",NA,NA
"17135","Pont de Molins",572,"Girona","Alt Empordà",2007,11,561,"< 1.000",NA,NA
"17135","Pont de Molins",572,"Girona","Alt Empordà",2008,11,476,"< 1.000",NA,NA
"17135","Pont de Molins",572,"Girona","Alt Empordà",2009,16,508,"< 1.000",NA,NA
"17135","Pont de Molins",572,"Girona","Alt Empordà",2010,13,477,"< 1.000",NA,NA
"17135","Pont de Molins",572,"Girona","Alt Empordà",2011,12,460,"< 1.000",NA,NA
"17135","Pont de Molins",572,"Girona","Alt Empordà",2012,7,475,"< 1.000",NA,NA
"17135","Pont de Molins",572,"Girona","Alt Empordà",2013,12,383,"< 1.000",NA,NA
"17135","Pont de Molins",572,"Girona","Alt Empordà",2014,6,433,"< 1.000",NA,NA
"17135","Pont de Molins",572,"Girona","Alt Empordà",2015,12,389,"< 1.000",27200,17.16
"17135","Pont de Molins",572,"Girona","Alt Empordà",2016,15,412,"< 1.000",29246,16.9
"17135","Pont de Molins",572,"Girona","Alt Empordà",2017,7,406,"< 1.000",33153,14.7
"17135","Pont de Molins",572,"Girona","Alt Empordà",2018,10,465,"< 1.000",31692,17.61
"17135","Pont de Molins",572,"Girona","Alt Empordà",2019,15,414,"< 1.000",34880,14.24
"17135","Pont de Molins",572,"Girona","Alt Empordà",2021,6,533,"< 1.000",35822,17.85
"17135","Pont de Molins",572,"Girona","Alt Empordà",2022,6,433,"< 1.000",38432,13.52
"17135","Pont de Molins",572,"Girona","Alt Empordà",2023,8,546,"< 1.000",NA,NA
"17136","Pontós",289,"Girona","Alt Empordà",2017,7,607,"< 1.000",31612,23.04
"17137","Porqueres",4782,"Girona","Pla de l'Estany",2008,9,613,"1.000-5.000",NA,NA
"17137","Porqueres",4782,"Girona","Pla de l'Estany",2009,16,528,"1.000-5.000",NA,NA
"17137","Porqueres",4782,"Girona","Pla de l'Estany",2010,35,512,"1.000-5.000",NA,NA
"17137","Porqueres",4782,"Girona","Pla de l'Estany",2011,26,498,"1.000-5.000",NA,NA
"17137","Porqueres",4782,"Girona","Pla de l'Estany",2012,41,562,"1.000-5.000",NA,NA
"17137","Porqueres",4782,"Girona","Pla de l'Estany",2013,33,497,"1.000-5.000",NA,NA
"17137","Porqueres",4782,"Girona","Pla de l'Estany",2014,29,519,"1.000-5.000",NA,NA
"17137","Porqueres",4782,"Girona","Pla de l'Estany",2015,29,454,"1.000-5.000",36119,15.08
"17137","Porqueres",4782,"Girona","Pla de l'Estany",2016,39,451,"1.000-5.000",37287,14.51
"17137","Porqueres",4782,"Girona","Pla de l'Estany",2017,28,531,"1.000-5.000",38835,16.41
"17137","Porqueres",4782,"Girona","Pla de l'Estany",2018,26,636,"1.000-5.000",40791,18.71
"17137","Porqueres",4782,"Girona","Pla de l'Estany",2019,120,572,"1.000-5.000",41990,16.35
"17137","Porqueres",4782,"Girona","Pla de l'Estany",2020,98,638,"1.000-5.000",42824,17.88
"17137","Porqueres",4782,"Girona","Pla de l'Estany",2021,132,596,"1.000-5.000",44999,15.89
"17137","Porqueres",4782,"Girona","Pla de l'Estany",2022,79,622,"1.000-5.000",47499,15.71
"17137","Porqueres",4782,"Girona","Pla de l'Estany",2023,91,689,"1.000-5.000",NA,NA
"17137","Porqueres",4782,"Girona","Pla de l'Estany",2024,153,737,"1.000-5.000",NA,NA
"17138","Portbou",1082,"Girona","Alt Empordà",2008,9,298,"1.000-5.000",NA,NA
"17138","Portbou",1082,"Girona","Alt Empordà",2009,10,334,"1.000-5.000",NA,NA
"17138","Portbou",1082,"Girona","Alt Empordà",2010,17,404,"1.000-5.000",NA,NA
"17138","Portbou",1082,"Girona","Alt Empordà",2011,13,396,"1.000-5.000",NA,NA
"17138","Portbou",1082,"Girona","Alt Empordà",2012,6,358,"1.000-5.000",NA,NA
"17138","Portbou",1082,"Girona","Alt Empordà",2013,8,325,"1.000-5.000",NA,NA
"17138","Portbou",1082,"Girona","Alt Empordà",2016,9,381,"1.000-5.000",27827,16.43
"17138","Portbou",1082,"Girona","Alt Empordà",2017,8,284,"1.000-5.000",28670,11.89
"17138","Portbou",1082,"Girona","Alt Empordà",2018,10,344,"1.000-5.000",29134,14.17
"17138","Portbou",1082,"Girona","Alt Empordà",2019,15,323,"1.000-5.000",29682,13.06
"17138","Portbou",1082,"Girona","Alt Empordà",2020,19,387,"1.000-5.000",30087,15.44
"17138","Portbou",1082,"Girona","Alt Empordà",2021,54,333,"1.000-5.000",31142,12.83
"17138","Portbou",1082,"Girona","Alt Empordà",2022,7,402,"1.000-5.000",31715,15.21
"17138","Portbou",1082,"Girona","Alt Empordà",2024,16,449,"1.000-5.000",NA,NA
"17139","Preses, Les",1924,"Girona","Garrotxa",2010,12,460,"1.000-5.000",NA,NA
"17139","Preses, Les",1924,"Girona","Garrotxa",2011,27,239,"1.000-5.000",NA,NA
"17139","Preses, Les",1924,"Girona","Garrotxa",2012,41,302,"1.000-5.000",NA,NA
"17139","Preses, Les",1924,"Girona","Garrotxa",2013,23,319,"1.000-5.000",NA,NA
"17139","Preses, Les",1924,"Girona","Garrotxa",2014,21,361,"1.000-5.000",NA,NA
"17139","Preses, Les",1924,"Girona","Garrotxa",2015,15,338,"1.000-5.000",35478,11.43
"17139","Preses, Les",1924,"Girona","Garrotxa",2016,19,348,"1.000-5.000",36518,11.44
"17139","Preses, Les",1924,"Girona","Garrotxa",2017,12,389,"1.000-5.000",38395,12.16
"17139","Preses, Les",1924,"Girona","Garrotxa",2018,15,439,"1.000-5.000",39460,13.35
"17139","Preses, Les",1924,"Girona","Garrotxa",2019,37,456,"1.000-5.000",41644,13.14
"17139","Preses, Les",1924,"Girona","Garrotxa",2020,27,516,"1.000-5.000",43429,14.26
"17139","Preses, Les",1924,"Girona","Garrotxa",2021,50,388,"1.000-5.000",43213,10.77
"17139","Preses, Les",1924,"Girona","Garrotxa",2022,38,553,"1.000-5.000",45663,14.53
"17139","Preses, Les",1924,"Girona","Garrotxa",2023,30,489,"1.000-5.000",NA,NA
"17139","Preses, Les",1924,"Girona","Garrotxa",2024,28,568,"1.000-5.000",NA,NA
"17140","Port de la Selva, El",1058,"Girona","Alt Empordà",2007,9,452,"1.000-5.000",NA,NA
"17140","Port de la Selva, El",1058,"Girona","Alt Empordà",2008,8,508,"1.000-5.000",NA,NA
"17140","Port de la Selva, El",1058,"Girona","Alt Empordà",2009,18,463,"1.000-5.000",NA,NA
"17140","Port de la Selva, El",1058,"Girona","Alt Empordà",2010,22,582,"1.000-5.000",NA,NA
"17140","Port de la Selva, El",1058,"Girona","Alt Empordà",2011,18,496,"1.000-5.000",NA,NA
"17140","Port de la Selva, El",1058,"Girona","Alt Empordà",2012,25,447,"1.000-5.000",NA,NA
"17140","Port de la Selva, El",1058,"Girona","Alt Empordà",2013,17,481,"1.000-5.000",NA,NA
"17140","Port de la Selva, El",1058,"Girona","Alt Empordà",2014,25,402,"1.000-5.000",NA,NA
"17140","Port de la Selva, El",1058,"Girona","Alt Empordà",2015,27,425,"1.000-5.000",27744,18.38
"17140","Port de la Selva, El",1058,"Girona","Alt Empordà",2016,18,480,"1.000-5.000",29510,19.52
"17140","Port de la Selva, El",1058,"Girona","Alt Empordà",2017,21,485,"1.000-5.000",30308,19.2
"17140","Port de la Selva, El",1058,"Girona","Alt Empordà",2018,31,554,"1.000-5.000",30891,21.52
"17140","Port de la Selva, El",1058,"Girona","Alt Empordà",2019,63,504,"1.000-5.000",32891,18.39
"17140","Port de la Selva, El",1058,"Girona","Alt Empordà",2020,65,577,"1.000-5.000",35465,19.52
"17140","Port de la Selva, El",1058,"Girona","Alt Empordà",2021,38,569,"1.000-5.000",33247,20.54
"17140","Port de la Selva, El",1058,"Girona","Alt Empordà",2022,57,729,"1.000-5.000",36850,23.74
"17140","Port de la Selva, El",1058,"Girona","Alt Empordà",2023,52,918,"1.000-5.000",NA,NA
"17140","Port de la Selva, El",1058,"Girona","Alt Empordà",2024,49,569,"1.000-5.000",NA,NA
"17141","Puigcerdà",10041,"Girona","Cerdanya",2007,34,641,"10.000-50.000",NA,NA
"17141","Puigcerdà",10041,"Girona","Cerdanya",2008,41,552,"10.000-50.000",NA,NA
"17141","Puigcerdà",10041,"Girona","Cerdanya",2009,73,531,"10.000-50.000",NA,NA
"17141","Puigcerdà",10041,"Girona","Cerdanya",2010,139,482,"10.000-50.000",NA,NA
"17141","Puigcerdà",10041,"Girona","Cerdanya",2011,163,501,"10.000-50.000",NA,NA
"17141","Puigcerdà",10041,"Girona","Cerdanya",2012,195,466,"10.000-50.000",NA,NA
"17141","Puigcerdà",10041,"Girona","Cerdanya",2013,243,436,"10.000-50.000",NA,NA
"17141","Puigcerdà",10041,"Girona","Cerdanya",2014,242,443,"10.000-50.000",NA,NA
"17141","Puigcerdà",10041,"Girona","Cerdanya",2015,276,409,"10.000-50.000",28402,17.28
"17141","Puigcerdà",10041,"Girona","Cerdanya",2016,298,433,"10.000-50.000",29333,17.71
"17141","Puigcerdà",10041,"Girona","Cerdanya",2017,272,457,"10.000-50.000",30175,18.17
"17141","Puigcerdà",10041,"Girona","Cerdanya",2018,300,491,"10.000-50.000",31849,18.5
"17141","Puigcerdà",10041,"Girona","Cerdanya",2019,918,500,"10.000-50.000",32559,18.43
"17141","Puigcerdà",10041,"Girona","Cerdanya",2020,596,527,"10.000-50.000",33076,19.12
"17141","Puigcerdà",10041,"Girona","Cerdanya",2021,875,534,"10.000-50.000",34528,18.56
"17141","Puigcerdà",10041,"Girona","Cerdanya",2022,688,611,"10.000-50.000",36652,20
"17141","Puigcerdà",10041,"Girona","Cerdanya",2023,715,633,"10.000-50.000",NA,NA
"17141","Puigcerdà",10041,"Girona","Cerdanya",2024,704,647,"10.000-50.000",NA,NA
"17142","Quart",4099,"Girona","Gironès",2007,7,680,"1.000-5.000",NA,NA
"17142","Quart",4099,"Girona","Gironès",2008,11,684,"1.000-5.000",NA,NA
"17142","Quart",4099,"Girona","Gironès",2009,15,531,"1.000-5.000",NA,NA
"17142","Quart",4099,"Girona","Gironès",2010,20,530,"1.000-5.000",NA,NA
"17142","Quart",4099,"Girona","Gironès",2011,25,572,"1.000-5.000",NA,NA
"17142","Quart",4099,"Girona","Gironès",2012,38,564,"1.000-5.000",NA,NA
"17142","Quart",4099,"Girona","Gironès",2013,32,546,"1.000-5.000",NA,NA
"17142","Quart",4099,"Girona","Gironès",2014,37,577,"1.000-5.000",NA,NA
"17142","Quart",4099,"Girona","Gironès",2015,23,590,"1.000-5.000",39573,17.89
"17142","Quart",4099,"Girona","Gironès",2016,33,543,"1.000-5.000",40456,16.11
"17142","Quart",4099,"Girona","Gironès",2017,46,582,"1.000-5.000",41319,16.9
"17142","Quart",4099,"Girona","Gironès",2018,39,676,"1.000-5.000",44161,18.37
"17142","Quart",4099,"Girona","Gironès",2019,63,622,"1.000-5.000",45515,16.4
"17142","Quart",4099,"Girona","Gironès",2020,143,642,"1.000-5.000",46141,16.7
"17142","Quart",4099,"Girona","Gironès",2021,141,634,"1.000-5.000",47992,15.85
"17142","Quart",4099,"Girona","Gironès",2022,131,676,"1.000-5.000",50333,16.12
"17142","Quart",4099,"Girona","Gironès",2023,126,785,"1.000-5.000",NA,NA
"17142","Quart",4099,"Girona","Gironès",2024,131,908,"1.000-5.000",NA,NA
"17143","Rabós",239,"Girona","Alt Empordà",2015,6,658,"< 1.000",24823,31.81
"17143","Rabós",239,"Girona","Alt Empordà",2016,6,542,"< 1.000",24353,26.71
"17145","Ribes de Freser",1846,"Girona","Ripollès",2008,11,392,"1.000-5.000",NA,NA
"17145","Ribes de Freser",1846,"Girona","Ripollès",2009,9,410,"1.000-5.000",NA,NA
"17145","Ribes de Freser",1846,"Girona","Ripollès",2010,11,348,"1.000-5.000",NA,NA
"17145","Ribes de Freser",1846,"Girona","Ripollès",2011,11,447,"1.000-5.000",NA,NA
"17145","Ribes de Freser",1846,"Girona","Ripollès",2012,22,341,"1.000-5.000",NA,NA
"17145","Ribes de Freser",1846,"Girona","Ripollès",2013,25,283,"1.000-5.000",NA,NA
"17145","Ribes de Freser",1846,"Girona","Ripollès",2014,11,332,"1.000-5.000",NA,NA
"17145","Ribes de Freser",1846,"Girona","Ripollès",2015,18,359,"1.000-5.000",30131,14.3
"17145","Ribes de Freser",1846,"Girona","Ripollès",2016,16,327,"1.000-5.000",30270,12.96
"17145","Ribes de Freser",1846,"Girona","Ripollès",2017,26,445,"1.000-5.000",31148,17.14
"17145","Ribes de Freser",1846,"Girona","Ripollès",2018,31,413,"1.000-5.000",32287,15.35
"17145","Ribes de Freser",1846,"Girona","Ripollès",2019,99,404,"1.000-5.000",32744,14.81
"17145","Ribes de Freser",1846,"Girona","Ripollès",2020,53,442,"1.000-5.000",32921,16.11
"17145","Ribes de Freser",1846,"Girona","Ripollès",2021,103,478,"1.000-5.000",33963,16.89
"17145","Ribes de Freser",1846,"Girona","Ripollès",2022,83,426,"1.000-5.000",35397,14.44
"17145","Ribes de Freser",1846,"Girona","Ripollès",2023,68,520,"1.000-5.000",NA,NA
"17145","Ribes de Freser",1846,"Girona","Ripollès",2024,137,531,"1.000-5.000",NA,NA
"17146","Riells i Viabrea",4497,"Girona","Selva",2008,10,645,"1.000-5.000",NA,NA
"17146","Riells i Viabrea",4497,"Girona","Selva",2009,12,568,"1.000-5.000",NA,NA
"17146","Riells i Viabrea",4497,"Girona","Selva",2010,20,636,"1.000-5.000",NA,NA
"17146","Riells i Viabrea",4497,"Girona","Selva",2011,20,554,"1.000-5.000",NA,NA
"17146","Riells i Viabrea",4497,"Girona","Selva",2012,22,558,"1.000-5.000",NA,NA
"17146","Riells i Viabrea",4497,"Girona","Selva",2013,25,473,"1.000-5.000",NA,NA
"17146","Riells i Viabrea",4497,"Girona","Selva",2014,44,484,"1.000-5.000",NA,NA
"17146","Riells i Viabrea",4497,"Girona","Selva",2015,46,542,"1.000-5.000",29848,21.79
"17146","Riells i Viabrea",4497,"Girona","Selva",2016,57,523,"1.000-5.000",29796,21.06
"17146","Riells i Viabrea",4497,"Girona","Selva",2017,57,590,"1.000-5.000",31341,22.59
"17146","Riells i Viabrea",4497,"Girona","Selva",2018,56,652,"1.000-5.000",33350,23.46
"17146","Riells i Viabrea",4497,"Girona","Selva",2019,153,645,"1.000-5.000",34480,22.45
"17146","Riells i Viabrea",4497,"Girona","Selva",2020,98,631,"1.000-5.000",34144,22.18
"17146","Riells i Viabrea",4497,"Girona","Selva",2021,102,680,"1.000-5.000",36414,22.41
"17146","Riells i Viabrea",4497,"Girona","Selva",2022,130,748,"1.000-5.000",37744,23.78
"17146","Riells i Viabrea",4497,"Girona","Selva",2023,76,632,"1.000-5.000",NA,NA
"17146","Riells i Viabrea",4497,"Girona","Selva",2024,116,888,"1.000-5.000",NA,NA
"17147","Ripoll",10773,"Girona","Ripollès",2007,43,380,"10.000-50.000",NA,NA
"17147","Ripoll",10773,"Girona","Ripollès",2008,60,409,"10.000-50.000",NA,NA
"17147","Ripoll",10773,"Girona","Ripollès",2009,97,383,"10.000-50.000",NA,NA
"17147","Ripoll",10773,"Girona","Ripollès",2010,131,376,"10.000-50.000",NA,NA
"17147","Ripoll",10773,"Girona","Ripollès",2011,161,386,"10.000-50.000",NA,NA
"17147","Ripoll",10773,"Girona","Ripollès",2012,165,359,"10.000-50.000",NA,NA
"17147","Ripoll",10773,"Girona","Ripollès",2013,168,352,"10.000-50.000",NA,NA
"17147","Ripoll",10773,"Girona","Ripollès",2014,222,334,"10.000-50.000",NA,NA
"17147","Ripoll",10773,"Girona","Ripollès",2015,196,317,"10.000-50.000",30199,12.6
"17147","Ripoll",10773,"Girona","Ripollès",2016,230,333,"10.000-50.000",30879,12.94
"17147","Ripoll",10773,"Girona","Ripollès",2017,218,351,"10.000-50.000",31656,13.31
"17147","Ripoll",10773,"Girona","Ripollès",2018,279,369,"10.000-50.000",32555,13.6
"17147","Ripoll",10773,"Girona","Ripollès",2019,896,373,"10.000-50.000",33638,13.31
"17147","Ripoll",10773,"Girona","Ripollès",2020,785,384,"10.000-50.000",33970,13.56
"17147","Ripoll",10773,"Girona","Ripollès",2021,1065,391,"10.000-50.000",34650,13.54
"17147","Ripoll",10773,"Girona","Ripollès",2022,932,451,"10.000-50.000",35908,15.07
"17147","Ripoll",10773,"Girona","Ripollès",2023,905,444,"10.000-50.000",NA,NA
"17147","Ripoll",10773,"Girona","Ripollès",2024,702,449,"10.000-50.000",NA,NA
"17148","Riudarenes",2444,"Girona","Selva",2008,11,545,"1.000-5.000",NA,NA
"17148","Riudarenes",2444,"Girona","Selva",2009,16,468,"1.000-5.000",NA,NA
"17148","Riudarenes",2444,"Girona","Selva",2010,9,549,"1.000-5.000",NA,NA
"17148","Riudarenes",2444,"Girona","Selva",2011,15,495,"1.000-5.000",NA,NA
"17148","Riudarenes",2444,"Girona","Selva",2012,14,461,"1.000-5.000",NA,NA
"17148","Riudarenes",2444,"Girona","Selva",2013,16,493,"1.000-5.000",NA,NA
"17148","Riudarenes",2444,"Girona","Selva",2014,29,475,"1.000-5.000",NA,NA
"17148","Riudarenes",2444,"Girona","Selva",2015,19,532,"1.000-5.000",29067,21.96
"17148","Riudarenes",2444,"Girona","Selva",2016,28,494,"1.000-5.000",30759,19.27
"17148","Riudarenes",2444,"Girona","Selva",2017,30,510,"1.000-5.000",31700,19.31
"17148","Riudarenes",2444,"Girona","Selva",2018,30,569,"1.000-5.000",45239,15.09
"17148","Riudarenes",2444,"Girona","Selva",2019,109,584,"1.000-5.000",36439,19.23
"17148","Riudarenes",2444,"Girona","Selva",2020,111,542,"1.000-5.000",47203,13.78
"17148","Riudarenes",2444,"Girona","Selva",2021,106,677,"1.000-5.000",35351,22.98
"17148","Riudarenes",2444,"Girona","Selva",2022,56,601,"1.000-5.000",34996,20.61
"17148","Riudarenes",2444,"Girona","Selva",2023,78,602,"1.000-5.000",NA,NA
"17148","Riudarenes",2444,"Girona","Selva",2024,78,798,"1.000-5.000",NA,NA
"17149","Riudaura",528,"Girona","Garrotxa",2015,6,477,"< 1.000",37123,15.42
"17149","Riudaura",528,"Girona","Garrotxa",2018,16,452,"< 1.000",40875,13.27
"17149","Riudaura",528,"Girona","Garrotxa",2019,15,455,"< 1.000",40211,13.58
"17149","Riudaura",528,"Girona","Garrotxa",2020,13,481,"< 1.000",41883,13.78
"17149","Riudaura",528,"Girona","Garrotxa",2021,6,538,"< 1.000",43998,14.67
"17149","Riudaura",528,"Girona","Garrotxa",2024,6,812,"< 1.000",NA,NA
"17150","Riudellots de la Selva",2128,"Girona","Selva",2007,11,989,"1.000-5.000",NA,NA
"17150","Riudellots de la Selva",2128,"Girona","Selva",2008,14,642,"1.000-5.000",NA,NA
"17150","Riudellots de la Selva",2128,"Girona","Selva",2009,11,548,"1.000-5.000",NA,NA
"17150","Riudellots de la Selva",2128,"Girona","Selva",2010,20,562,"1.000-5.000",NA,NA
"17150","Riudellots de la Selva",2128,"Girona","Selva",2011,14,526,"1.000-5.000",NA,NA
"17150","Riudellots de la Selva",2128,"Girona","Selva",2012,18,499,"1.000-5.000",NA,NA
"17150","Riudellots de la Selva",2128,"Girona","Selva",2013,17,457,"1.000-5.000",NA,NA
"17150","Riudellots de la Selva",2128,"Girona","Selva",2014,19,520,"1.000-5.000",NA,NA
"17150","Riudellots de la Selva",2128,"Girona","Selva",2015,24,440,"1.000-5.000",38897,13.57
"17150","Riudellots de la Selva",2128,"Girona","Selva",2016,27,520,"1.000-5.000",39056,15.98
"17150","Riudellots de la Selva",2128,"Girona","Selva",2017,19,592,"1.000-5.000",40833,17.4
"17150","Riudellots de la Selva",2128,"Girona","Selva",2018,24,570,"1.000-5.000",41587,16.45
"17150","Riudellots de la Selva",2128,"Girona","Selva",2019,89,575,"1.000-5.000",42355,16.29
"17150","Riudellots de la Selva",2128,"Girona","Selva",2020,40,746,"1.000-5.000",43107,20.77
"17150","Riudellots de la Selva",2128,"Girona","Selva",2021,62,580,"1.000-5.000",43955,15.83
"17150","Riudellots de la Selva",2128,"Girona","Selva",2022,76,670,"1.000-5.000",46323,17.36
"17150","Riudellots de la Selva",2128,"Girona","Selva",2023,90,745,"1.000-5.000",NA,NA
"17150","Riudellots de la Selva",2128,"Girona","Selva",2024,77,771,"1.000-5.000",NA,NA
"17151","Riumors",264,"Girona","Alt Empordà",2016,7,511,"< 1.000",30528,20.09
"17151","Riumors",264,"Girona","Alt Empordà",2017,6,568,"< 1.000",31692,21.51
"17151","Riumors",264,"Girona","Alt Empordà",2019,15,550,"< 1.000",36907,17.88
"17152","Roses",20255,"Girona","Alt Empordà",2007,305,451,"10.000-50.000",NA,NA
"17152","Roses",20255,"Girona","Alt Empordà",2008,316,473,"10.000-50.000",NA,NA
"17152","Roses",20255,"Girona","Alt Empordà",2009,365,468,"10.000-50.000",NA,NA
"17152","Roses",20255,"Girona","Alt Empordà",2010,356,485,"10.000-50.000",NA,NA
"17152","Roses",20255,"Girona","Alt Empordà",2011,433,451,"10.000-50.000",NA,NA
"17152","Roses",20255,"Girona","Alt Empordà",2012,421,446,"10.000-50.000",NA,NA
"17152","Roses",20255,"Girona","Alt Empordà",2013,369,444,"10.000-50.000",NA,NA
"17152","Roses",20255,"Girona","Alt Empordà",2014,352,444,"10.000-50.000",NA,NA
"17152","Roses",20255,"Girona","Alt Empordà",2015,395,455,"10.000-50.000",23290,23.44
"17152","Roses",20255,"Girona","Alt Empordà",2016,429,440,"10.000-50.000",24447,21.6
"17152","Roses",20255,"Girona","Alt Empordà",2017,442,470,"10.000-50.000",25502,22.12
"17152","Roses",20255,"Girona","Alt Empordà",2018,437,481,"10.000-50.000",26661,21.65
"17152","Roses",20255,"Girona","Alt Empordà",2019,1461,491,"10.000-50.000",27983,21.06
"17152","Roses",20255,"Girona","Alt Empordà",2020,1163,522,"10.000-50.000",26906,23.28
"17152","Roses",20255,"Girona","Alt Empordà",2021,1312,502,"10.000-50.000",29337,20.53
"17152","Roses",20255,"Girona","Alt Empordà",2022,1197,530,"10.000-50.000",31051,20.48
"17152","Roses",20255,"Girona","Alt Empordà",2023,1146,577,"10.000-50.000",NA,NA
"17152","Roses",20255,"Girona","Alt Empordà",2024,1086,626,"10.000-50.000",NA,NA
"17153","Rupià",329,"Girona","Baix Empordà",2020,6,693,"< 1.000",39500,21.05
"17153","Rupià",329,"Girona","Baix Empordà",2022,6,812,"< 1.000",52178,18.67
"17153","Rupià",329,"Girona","Baix Empordà",2023,25,1054,"< 1.000",NA,NA
"17155","Salt",33946,"Girona","Gironès",2007,380,511,"10.000-50.000",NA,NA
"17155","Salt",33946,"Girona","Gironès",2008,543,573,"10.000-50.000",NA,NA
"17155","Salt",33946,"Girona","Gironès",2009,687,500,"10.000-50.000",NA,NA
"17155","Salt",33946,"Girona","Gironès",2010,608,492,"10.000-50.000",NA,NA
"17155","Salt",33946,"Girona","Gironès",2011,619,453,"10.000-50.000",NA,NA
"17155","Salt",33946,"Girona","Gironès",2012,620,432,"10.000-50.000",NA,NA
"17155","Salt",33946,"Girona","Gironès",2013,650,387,"10.000-50.000",NA,NA
"17155","Salt",33946,"Girona","Gironès",2014,625,376,"10.000-50.000",NA,NA
"17155","Salt",33946,"Girona","Gironès",2015,693,376,"10.000-50.000",24858,18.15
"17155","Salt",33946,"Girona","Gironès",2016,624,390,"10.000-50.000",26182,17.87
"17155","Salt",33946,"Girona","Gironès",2017,634,393,"10.000-50.000",27372,17.23
"17155","Salt",33946,"Girona","Gironès",2018,633,456,"10.000-50.000",28685,19.08
"17155","Salt",33946,"Girona","Gironès",2019,1948,495,"10.000-50.000",30231,19.65
"17155","Salt",33946,"Girona","Gironès",2020,1420,503,"10.000-50.000",30457,19.82
"17155","Salt",33946,"Girona","Gironès",2021,1548,470,"10.000-50.000",31535,17.88
"17155","Salt",33946,"Girona","Gironès",2022,1608,510,"10.000-50.000",33323,18.37
"17155","Salt",33946,"Girona","Gironès",2023,1431,548,"10.000-50.000",NA,NA
"17155","Salt",33946,"Girona","Gironès",2024,1286,556,"10.000-50.000",NA,NA
"17158","Sant Climent Sescebes",675,"Girona","Alt Empordà",2007,6,361,"< 1.000",NA,NA
"17158","Sant Climent Sescebes",675,"Girona","Alt Empordà",2008,8,425,"< 1.000",NA,NA
"17158","Sant Climent Sescebes",675,"Girona","Alt Empordà",2010,10,339,"< 1.000",NA,NA
"17158","Sant Climent Sescebes",675,"Girona","Alt Empordà",2011,12,372,"< 1.000",NA,NA
"17158","Sant Climent Sescebes",675,"Girona","Alt Empordà",2012,16,401,"< 1.000",NA,NA
"17158","Sant Climent Sescebes",675,"Girona","Alt Empordà",2013,10,394,"< 1.000",NA,NA
"17158","Sant Climent Sescebes",675,"Girona","Alt Empordà",2014,15,347,"< 1.000",NA,NA
"17158","Sant Climent Sescebes",675,"Girona","Alt Empordà",2015,6,388,"< 1.000",25698,18.12
"17158","Sant Climent Sescebes",675,"Girona","Alt Empordà",2016,19,447,"< 1.000",25868,20.74
"17158","Sant Climent Sescebes",675,"Girona","Alt Empordà",2017,16,470,"< 1.000",25896,21.78
"17158","Sant Climent Sescebes",675,"Girona","Alt Empordà",2018,18,431,"< 1.000",26533,19.49
"17158","Sant Climent Sescebes",675,"Girona","Alt Empordà",2019,38,511,"< 1.000",27121,22.61
"17158","Sant Climent Sescebes",675,"Girona","Alt Empordà",2020,28,551,"< 1.000",26931,24.55
"17158","Sant Climent Sescebes",675,"Girona","Alt Empordà",2021,35,582,"< 1.000",29729,23.49
"17158","Sant Climent Sescebes",675,"Girona","Alt Empordà",2022,24,455,"< 1.000",31106,17.55
"17158","Sant Climent Sescebes",675,"Girona","Alt Empordà",2023,29,556,"< 1.000",NA,NA
"17158","Sant Climent Sescebes",675,"Girona","Alt Empordà",2024,24,652,"< 1.000",NA,NA
"17159","Sant Feliu de Buixalleu",878,"Girona","Selva",2013,6,458,"< 1.000",NA,NA
"17159","Sant Feliu de Buixalleu",878,"Girona","Selva",2014,12,461,"< 1.000",NA,NA
"17159","Sant Feliu de Buixalleu",878,"Girona","Selva",2015,11,535,"< 1.000",34747,18.48
"17159","Sant Feliu de Buixalleu",878,"Girona","Selva",2016,7,933,"< 1.000",37980,29.48
"17159","Sant Feliu de Buixalleu",878,"Girona","Selva",2017,7,646,"< 1.000",36770,21.08
"17159","Sant Feliu de Buixalleu",878,"Girona","Selva",2018,11,525,"< 1.000",39199,16.07
"17159","Sant Feliu de Buixalleu",878,"Girona","Selva",2019,38,601,"< 1.000",25312,28.49
"17159","Sant Feliu de Buixalleu",878,"Girona","Selva",2022,15,689,"< 1.000",37728,21.91
"17159","Sant Feliu de Buixalleu",878,"Girona","Selva",2023,30,736,"< 1.000",NA,NA
"17159","Sant Feliu de Buixalleu",878,"Girona","Selva",2024,26,568,"< 1.000",NA,NA
"17160","Sant Feliu de Guíxols",22934,"Girona","Baix Empordà",2007,158,536,"10.000-50.000",NA,NA
"17160","Sant Feliu de Guíxols",22934,"Girona","Baix Empordà",2008,218,575,"10.000-50.000",NA,NA
"17160","Sant Feliu de Guíxols",22934,"Girona","Baix Empordà",2009,280,511,"10.000-50.000",NA,NA
"17160","Sant Feliu de Guíxols",22934,"Girona","Baix Empordà",2010,331,489,"10.000-50.000",NA,NA
"17160","Sant Feliu de Guíxols",22934,"Girona","Baix Empordà",2011,371,481,"10.000-50.000",NA,NA
"17160","Sant Feliu de Guíxols",22934,"Girona","Baix Empordà",2012,376,447,"10.000-50.000",NA,NA
"17160","Sant Feliu de Guíxols",22934,"Girona","Baix Empordà",2013,446,437,"10.000-50.000",NA,NA
"17160","Sant Feliu de Guíxols",22934,"Girona","Baix Empordà",2014,437,434,"10.000-50.000",NA,NA
"17160","Sant Feliu de Guíxols",22934,"Girona","Baix Empordà",2015,451,459,"10.000-50.000",25663,21.46
"17160","Sant Feliu de Guíxols",22934,"Girona","Baix Empordà",2016,485,464,"10.000-50.000",26571,20.96
"17160","Sant Feliu de Guíxols",22934,"Girona","Baix Empordà",2017,459,500,"10.000-50.000",27300,21.98
"17160","Sant Feliu de Guíxols",22934,"Girona","Baix Empordà",2018,460,535,"10.000-50.000",28722,22.35
"17160","Sant Feliu de Guíxols",22934,"Girona","Baix Empordà",2019,1659,573,"10.000-50.000",29875,23.02
"17160","Sant Feliu de Guíxols",22934,"Girona","Baix Empordà",2020,1197,588,"10.000-50.000",30066,23.47
"17160","Sant Feliu de Guíxols",22934,"Girona","Baix Empordà",2021,1384,551,"10.000-50.000",31026,21.31
"17160","Sant Feliu de Guíxols",22934,"Girona","Baix Empordà",2022,1402,608,"10.000-50.000",32732,22.29
"17160","Sant Feliu de Guíxols",22934,"Girona","Baix Empordà",2023,1422,663,"10.000-50.000",NA,NA
"17160","Sant Feliu de Guíxols",22934,"Girona","Baix Empordà",2024,1174,640,"10.000-50.000",NA,NA
"17161","Sant Feliu de Pallerols",1670,"Girona","Garrotxa",2007,11,378,"1.000-5.000",NA,NA
"17161","Sant Feliu de Pallerols",1670,"Girona","Garrotxa",2008,19,421,"1.000-5.000",NA,NA
"17161","Sant Feliu de Pallerols",1670,"Girona","Garrotxa",2009,13,476,"1.000-5.000",NA,NA
"17161","Sant Feliu de Pallerols",1670,"Girona","Garrotxa",2010,7,381,"1.000-5.000",NA,NA
"17161","Sant Feliu de Pallerols",1670,"Girona","Garrotxa",2011,18,397,"1.000-5.000",NA,NA
"17161","Sant Feliu de Pallerols",1670,"Girona","Garrotxa",2012,24,376,"1.000-5.000",NA,NA
"17161","Sant Feliu de Pallerols",1670,"Girona","Garrotxa",2013,16,368,"1.000-5.000",NA,NA
"17161","Sant Feliu de Pallerols",1670,"Girona","Garrotxa",2014,24,332,"1.000-5.000",NA,NA
"17161","Sant Feliu de Pallerols",1670,"Girona","Garrotxa",2015,20,306,"1.000-5.000",34302,10.7
"17161","Sant Feliu de Pallerols",1670,"Girona","Garrotxa",2016,24,316,"1.000-5.000",35275,10.75
"17161","Sant Feliu de Pallerols",1670,"Girona","Garrotxa",2017,37,391,"1.000-5.000",35577,13.19
"17161","Sant Feliu de Pallerols",1670,"Girona","Garrotxa",2018,42,370,"1.000-5.000",37186,11.94
"17161","Sant Feliu de Pallerols",1670,"Girona","Garrotxa",2019,88,510,"1.000-5.000",39680,15.42
"17161","Sant Feliu de Pallerols",1670,"Girona","Garrotxa",2020,111,470,"1.000-5.000",40883,13.8
"17161","Sant Feliu de Pallerols",1670,"Girona","Garrotxa",2021,109,371,"1.000-5.000",42182,10.55
"17161","Sant Feliu de Pallerols",1670,"Girona","Garrotxa",2022,98,447,"1.000-5.000",43310,12.39
"17161","Sant Feliu de Pallerols",1670,"Girona","Garrotxa",2023,102,475,"1.000-5.000",NA,NA
"17161","Sant Feliu de Pallerols",1670,"Girona","Garrotxa",2024,120,566,"1.000-5.000",NA,NA
"17163","Sant Gregori",4244,"Girona","Gironès",2007,17,502,"1.000-5.000",NA,NA
"17163","Sant Gregori",4244,"Girona","Gironès",2008,29,470,"1.000-5.000",NA,NA
"17163","Sant Gregori",4244,"Girona","Gironès",2009,20,666,"1.000-5.000",NA,NA
"17163","Sant Gregori",4244,"Girona","Gironès",2010,27,614,"1.000-5.000",NA,NA
"17163","Sant Gregori",4244,"Girona","Gironès",2011,23,590,"1.000-5.000",NA,NA
"17163","Sant Gregori",4244,"Girona","Gironès",2012,47,491,"1.000-5.000",NA,NA
"17163","Sant Gregori",4244,"Girona","Gironès",2013,51,578,"1.000-5.000",NA,NA
"17163","Sant Gregori",4244,"Girona","Gironès",2014,36,633,"1.000-5.000",NA,NA
"17163","Sant Gregori",4244,"Girona","Gironès",2015,38,502,"1.000-5.000",42981,14.02
"17163","Sant Gregori",4244,"Girona","Gironès",2016,47,647,"1.000-5.000",44824,17.32
"17163","Sant Gregori",4244,"Girona","Gironès",2017,49,669,"1.000-5.000",46346,17.32
"17163","Sant Gregori",4244,"Girona","Gironès",2018,63,712,"1.000-5.000",49244,17.35
"17163","Sant Gregori",4244,"Girona","Gironès",2019,144,657,"1.000-5.000",51336,15.36
"17163","Sant Gregori",4244,"Girona","Gironès",2020,97,750,"1.000-5.000",52168,17.25
"17163","Sant Gregori",4244,"Girona","Gironès",2021,129,726,"1.000-5.000",55748,15.63
"17163","Sant Gregori",4244,"Girona","Gironès",2022,144,848,"1.000-5.000",58451,17.41
"17163","Sant Gregori",4244,"Girona","Gironès",2023,73,770,"1.000-5.000",NA,NA
"17163","Sant Gregori",4244,"Girona","Gironès",2024,80,913,"1.000-5.000",NA,NA
"17164","Sant Hilari Sacalm",5969,"Girona","Selva",2007,29,311,"5.000-10.000",NA,NA
"17164","Sant Hilari Sacalm",5969,"Girona","Selva",2008,62,410,"5.000-10.000",NA,NA
"17164","Sant Hilari Sacalm",5969,"Girona","Selva",2009,46,390,"5.000-10.000",NA,NA
"17164","Sant Hilari Sacalm",5969,"Girona","Selva",2010,64,359,"5.000-10.000",NA,NA
"17164","Sant Hilari Sacalm",5969,"Girona","Selva",2011,101,347,"5.000-10.000",NA,NA
"17164","Sant Hilari Sacalm",5969,"Girona","Selva",2012,96,332,"5.000-10.000",NA,NA
"17164","Sant Hilari Sacalm",5969,"Girona","Selva",2013,125,316,"5.000-10.000",NA,NA
"17164","Sant Hilari Sacalm",5969,"Girona","Selva",2014,99,310,"5.000-10.000",NA,NA
"17164","Sant Hilari Sacalm",5969,"Girona","Selva",2015,97,316,"5.000-10.000",28296,13.4
"17164","Sant Hilari Sacalm",5969,"Girona","Selva",2016,118,329,"5.000-10.000",29094,13.57
"17164","Sant Hilari Sacalm",5969,"Girona","Selva",2017,108,336,"5.000-10.000",29548,13.65
"17164","Sant Hilari Sacalm",5969,"Girona","Selva",2018,116,348,"5.000-10.000",30747,13.58
"17164","Sant Hilari Sacalm",5969,"Girona","Selva",2019,341,369,"5.000-10.000",31793,13.93
"17164","Sant Hilari Sacalm",5969,"Girona","Selva",2020,324,382,"5.000-10.000",32073,14.29
"17164","Sant Hilari Sacalm",5969,"Girona","Selva",2021,317,388,"5.000-10.000",33584,13.86
"17164","Sant Hilari Sacalm",5969,"Girona","Selva",2022,401,407,"5.000-10.000",34804,14.03
"17164","Sant Hilari Sacalm",5969,"Girona","Selva",2023,358,454,"5.000-10.000",NA,NA
"17164","Sant Hilari Sacalm",5969,"Girona","Selva",2024,346,489,"5.000-10.000",NA,NA
"17165","Sant Jaume de Llierca",851,"Girona","Garrotxa",2012,13,363,"< 1.000",NA,NA
"17165","Sant Jaume de Llierca",851,"Girona","Garrotxa",2013,22,365,"< 1.000",NA,NA
"17165","Sant Jaume de Llierca",851,"Girona","Garrotxa",2014,16,344,"< 1.000",NA,NA
"17165","Sant Jaume de Llierca",851,"Girona","Garrotxa",2015,19,375,"< 1.000",32080,14.03
"17165","Sant Jaume de Llierca",851,"Girona","Garrotxa",2017,16,398,"< 1.000",32869,14.53
"17165","Sant Jaume de Llierca",851,"Girona","Garrotxa",2018,23,422,"< 1.000",34639,14.62
"17165","Sant Jaume de Llierca",851,"Girona","Garrotxa",2019,24,432,"< 1.000",33396,15.52
"17165","Sant Jaume de Llierca",851,"Girona","Garrotxa",2020,26,440,"< 1.000",35993,14.67
"17165","Sant Jaume de Llierca",851,"Girona","Garrotxa",2021,40,464,"< 1.000",36725,15.16
"17165","Sant Jaume de Llierca",851,"Girona","Garrotxa",2022,45,446,"< 1.000",38039,14.07
"17165","Sant Jaume de Llierca",851,"Girona","Garrotxa",2023,43,522,"< 1.000",NA,NA
"17165","Sant Jaume de Llierca",851,"Girona","Garrotxa",2024,18,526,"< 1.000",NA,NA
"17166","Sant Jordi Desvalls",867,"Girona","Gironès",2010,7,514,"< 1.000",NA,NA
"17166","Sant Jordi Desvalls",867,"Girona","Gironès",2011,7,479,"< 1.000",NA,NA
"17166","Sant Jordi Desvalls",867,"Girona","Gironès",2014,6,461,"< 1.000",NA,NA
"17166","Sant Jordi Desvalls",867,"Girona","Gironès",2015,11,435,"< 1.000",31310,16.67
"17166","Sant Jordi Desvalls",867,"Girona","Gironès",2016,10,505,"< 1.000",33598,18.04
"17166","Sant Jordi Desvalls",867,"Girona","Gironès",2017,7,522,"< 1.000",34635,18.09
"17166","Sant Jordi Desvalls",867,"Girona","Gironès",2018,23,456,"< 1.000",36708,14.91
"17166","Sant Jordi Desvalls",867,"Girona","Gironès",2019,52,533,"< 1.000",37560,17.03
"17166","Sant Jordi Desvalls",867,"Girona","Gironès",2020,41,539,"< 1.000",38431,16.83
"17166","Sant Jordi Desvalls",867,"Girona","Gironès",2021,34,512,"< 1.000",41084,14.95
"17166","Sant Jordi Desvalls",867,"Girona","Gironès",2022,18,519,"< 1.000",42904,14.52
"17166","Sant Jordi Desvalls",867,"Girona","Gironès",2023,24,782,"< 1.000",NA,NA
"17166","Sant Jordi Desvalls",867,"Girona","Gironès",2024,35,769,"< 1.000",NA,NA
"17167","Sant Joan de les Abadesses",3373,"Girona","Ripollès",2008,16,225,"1.000-5.000",NA,NA
"17167","Sant Joan de les Abadesses",3373,"Girona","Ripollès",2009,15,328,"1.000-5.000",NA,NA
"17167","Sant Joan de les Abadesses",3373,"Girona","Ripollès",2010,13,355,"1.000-5.000",NA,NA
"17167","Sant Joan de les Abadesses",3373,"Girona","Ripollès",2011,15,352,"1.000-5.000",NA,NA
"17167","Sant Joan de les Abadesses",3373,"Girona","Ripollès",2012,49,268,"1.000-5.000",NA,NA
"17167","Sant Joan de les Abadesses",3373,"Girona","Ripollès",2013,40,312,"1.000-5.000",NA,NA
"17167","Sant Joan de les Abadesses",3373,"Girona","Ripollès",2014,32,285,"1.000-5.000",NA,NA
"17167","Sant Joan de les Abadesses",3373,"Girona","Ripollès",2015,30,284,"1.000-5.000",31514,10.81
"17167","Sant Joan de les Abadesses",3373,"Girona","Ripollès",2016,30,314,"1.000-5.000",31746,11.87
"17167","Sant Joan de les Abadesses",3373,"Girona","Ripollès",2017,57,322,"1.000-5.000",32769,11.79
"17167","Sant Joan de les Abadesses",3373,"Girona","Ripollès",2018,34,340,"1.000-5.000",34051,11.98
"17167","Sant Joan de les Abadesses",3373,"Girona","Ripollès",2019,186,347,"1.000-5.000",35301,11.8
"17167","Sant Joan de les Abadesses",3373,"Girona","Ripollès",2020,159,375,"1.000-5.000",35299,12.75
"17167","Sant Joan de les Abadesses",3373,"Girona","Ripollès",2021,214,399,"1.000-5.000",35823,13.37
"17167","Sant Joan de les Abadesses",3373,"Girona","Ripollès",2022,197,394,"1.000-5.000",36659,12.9
"17167","Sant Joan de les Abadesses",3373,"Girona","Ripollès",2023,203,449,"1.000-5.000",NA,NA
"17167","Sant Joan de les Abadesses",3373,"Girona","Ripollès",2024,285,421,"1.000-5.000",NA,NA
"17168","Sant Joan de Mollet",526,"Girona","Gironès",2014,9,473,"< 1.000",NA,NA
"17168","Sant Joan de Mollet",526,"Girona","Gironès",2016,7,1069,"< 1.000",32111,39.95
"17168","Sant Joan de Mollet",526,"Girona","Gironès",2018,7,682,"< 1.000",39343,20.8
"17168","Sant Joan de Mollet",526,"Girona","Gironès",2019,24,560,"< 1.000",41853,16.06
"17168","Sant Joan de Mollet",526,"Girona","Gironès",2020,7,1000,"< 1.000",41755,28.74
"17168","Sant Joan de Mollet",526,"Girona","Gironès",2021,14,736,"< 1.000",42446,20.81
"17168","Sant Joan de Mollet",526,"Girona","Gironès",2022,6,843,"< 1.000",47129,21.46
"17168","Sant Joan de Mollet",526,"Girona","Gironès",2023,13,829,"< 1.000",NA,NA
"17168","Sant Joan de Mollet",526,"Girona","Gironès",2024,7,789,"< 1.000",NA,NA
"17169","Sant Julià de Ramis",3639,"Girona","Gironès",2007,33,449,"1.000-5.000",NA,NA
"17169","Sant Julià de Ramis",3639,"Girona","Gironès",2008,11,564,"1.000-5.000",NA,NA
"17169","Sant Julià de Ramis",3639,"Girona","Gironès",2009,29,660,"1.000-5.000",NA,NA
"17169","Sant Julià de Ramis",3639,"Girona","Gironès",2010,37,647,"1.000-5.000",NA,NA
"17169","Sant Julià de Ramis",3639,"Girona","Gironès",2011,41,563,"1.000-5.000",NA,NA
"17169","Sant Julià de Ramis",3639,"Girona","Gironès",2012,46,554,"1.000-5.000",NA,NA
"17169","Sant Julià de Ramis",3639,"Girona","Gironès",2013,35,496,"1.000-5.000",NA,NA
"17169","Sant Julià de Ramis",3639,"Girona","Gironès",2014,33,479,"1.000-5.000",NA,NA
"17169","Sant Julià de Ramis",3639,"Girona","Gironès",2015,41,536,"1.000-5.000",38839,16.56
"17169","Sant Julià de Ramis",3639,"Girona","Gironès",2016,34,583,"1.000-5.000",39276,17.81
"17169","Sant Julià de Ramis",3639,"Girona","Gironès",2017,47,640,"1.000-5.000",40402,19.01
"17169","Sant Julià de Ramis",3639,"Girona","Gironès",2018,50,593,"1.000-5.000",42933,16.57
"17169","Sant Julià de Ramis",3639,"Girona","Gironès",2019,149,650,"1.000-5.000",44926,17.36
"17169","Sant Julià de Ramis",3639,"Girona","Gironès",2020,118,645,"1.000-5.000",44682,17.32
"17169","Sant Julià de Ramis",3639,"Girona","Gironès",2021,98,758,"1.000-5.000",46464,19.58
"17169","Sant Julià de Ramis",3639,"Girona","Gironès",2022,106,766,"1.000-5.000",49116,18.71
"17169","Sant Julià de Ramis",3639,"Girona","Gironès",2023,72,890,"1.000-5.000",NA,NA
"17169","Sant Julià de Ramis",3639,"Girona","Gironès",2024,88,739,"1.000-5.000",NA,NA
"17170","Vallfogona de Ripollès",222,"Girona","Ripollès",2007,9,264,"< 1.000",NA,NA
"17170","Vallfogona de Ripollès",222,"Girona","Ripollès",2008,6,231,"< 1.000",NA,NA
"17171","Sant Llorenç de la Muga",258,"Girona","Alt Empordà",2008,6,350,"< 1.000",NA,NA
"17171","Sant Llorenç de la Muga",258,"Girona","Alt Empordà",2010,8,484,"< 1.000",NA,NA
"17171","Sant Llorenç de la Muga",258,"Girona","Alt Empordà",2011,6,488,"< 1.000",NA,NA
"17171","Sant Llorenç de la Muga",258,"Girona","Alt Empordà",2013,6,338,"< 1.000",NA,NA
"17171","Sant Llorenç de la Muga",258,"Girona","Alt Empordà",2015,7,384,"< 1.000",25581,18.01
"17171","Sant Llorenç de la Muga",258,"Girona","Alt Empordà",2017,6,475,"< 1.000",26584,21.44
"17171","Sant Llorenç de la Muga",258,"Girona","Alt Empordà",2018,7,407,"< 1.000",30323,16.11
"17171","Sant Llorenç de la Muga",258,"Girona","Alt Empordà",2020,6,492,"< 1.000",31670,18.64
"17171","Sant Llorenç de la Muga",258,"Girona","Alt Empordà",2022,23,677,"< 1.000",33578,24.19
"17172","Sant Martí de Llémena",705,"Girona","Gironès",2012,11,502,"< 1.000",NA,NA
"17172","Sant Martí de Llémena",705,"Girona","Gironès",2013,6,521,"< 1.000",NA,NA
"17172","Sant Martí de Llémena",705,"Girona","Gironès",2016,8,622,"< 1.000",35859,20.81
"17172","Sant Martí de Llémena",705,"Girona","Gironès",2017,8,720,"< 1.000",36373,23.75
"17172","Sant Martí de Llémena",705,"Girona","Gironès",2020,18,1061,"< 1.000",39279,32.41
"17175","Sant Miquel de Fluvià",840,"Girona","Alt Empordà",2011,9,483,"< 1.000",NA,NA
"17175","Sant Miquel de Fluvià",840,"Girona","Alt Empordà",2018,6,663,"< 1.000",29442,27.02
"17175","Sant Miquel de Fluvià",840,"Girona","Alt Empordà",2019,6,653,"< 1.000",31674,24.74
"17175","Sant Miquel de Fluvià",840,"Girona","Alt Empordà",2020,6,658,"< 1.000",30241,26.11
"17175","Sant Miquel de Fluvià",840,"Girona","Alt Empordà",2021,7,589,"< 1.000",32282,21.89
"17177","Sant Pau de Segúries",722,"Girona","Ripollès",2014,19,322,"< 1.000",NA,NA
"17177","Sant Pau de Segúries",722,"Girona","Ripollès",2015,8,268,"< 1.000",27492,11.7
"17177","Sant Pau de Segúries",722,"Girona","Ripollès",2016,9,325,"< 1.000",28343,13.76
"17177","Sant Pau de Segúries",722,"Girona","Ripollès",2017,12,384,"< 1.000",29487,15.63
"17177","Sant Pau de Segúries",722,"Girona","Ripollès",2018,13,489,"< 1.000",31070,18.89
"17177","Sant Pau de Segúries",722,"Girona","Ripollès",2019,22,408,"< 1.000",31148,15.72
"17177","Sant Pau de Segúries",722,"Girona","Ripollès",2020,23,581,"< 1.000",33392,20.88
"17177","Sant Pau de Segúries",722,"Girona","Ripollès",2021,39,453,"< 1.000",34427,15.79
"17177","Sant Pau de Segúries",722,"Girona","Ripollès",2022,6,505,"< 1.000",35731,16.96
"17178","Sant Pere Pescador",2207,"Girona","Alt Empordà",2007,9,441,"1.000-5.000",NA,NA
"17178","Sant Pere Pescador",2207,"Girona","Alt Empordà",2008,60,463,"1.000-5.000",NA,NA
"17178","Sant Pere Pescador",2207,"Girona","Alt Empordà",2009,57,467,"1.000-5.000",NA,NA
"17178","Sant Pere Pescador",2207,"Girona","Alt Empordà",2010,60,458,"1.000-5.000",NA,NA
"17178","Sant Pere Pescador",2207,"Girona","Alt Empordà",2011,66,450,"1.000-5.000",NA,NA
"17178","Sant Pere Pescador",2207,"Girona","Alt Empordà",2012,58,392,"1.000-5.000",NA,NA
"17178","Sant Pere Pescador",2207,"Girona","Alt Empordà",2013,64,418,"1.000-5.000",NA,NA
"17178","Sant Pere Pescador",2207,"Girona","Alt Empordà",2014,52,393,"1.000-5.000",NA,NA
"17178","Sant Pere Pescador",2207,"Girona","Alt Empordà",2015,56,380,"1.000-5.000",27260,16.73
"17178","Sant Pere Pescador",2207,"Girona","Alt Empordà",2016,53,412,"1.000-5.000",27343,18.08
"17178","Sant Pere Pescador",2207,"Girona","Alt Empordà",2017,47,402,"1.000-5.000",28655,16.83
"17178","Sant Pere Pescador",2207,"Girona","Alt Empordà",2018,50,449,"1.000-5.000",31503,17.1
"17178","Sant Pere Pescador",2207,"Girona","Alt Empordà",2019,175,438,"1.000-5.000",33637,15.63
"17178","Sant Pere Pescador",2207,"Girona","Alt Empordà",2020,121,451,"1.000-5.000",31909,16.96
"17178","Sant Pere Pescador",2207,"Girona","Alt Empordà",2021,153,432,"1.000-5.000",34442,15.05
"17178","Sant Pere Pescador",2207,"Girona","Alt Empordà",2022,76,545,"1.000-5.000",35660,18.34
"17178","Sant Pere Pescador",2207,"Girona","Alt Empordà",2023,90,495,"1.000-5.000",NA,NA
"17178","Sant Pere Pescador",2207,"Girona","Alt Empordà",2024,71,577,"1.000-5.000",NA,NA
"17180","Santa Coloma de Farners",13874,"Girona","Selva",2007,23,463,"10.000-50.000",NA,NA
"17180","Santa Coloma de Farners",13874,"Girona","Selva",2008,42,510,"10.000-50.000",NA,NA
"17180","Santa Coloma de Farners",13874,"Girona","Selva",2009,71,511,"10.000-50.000",NA,NA
"17180","Santa Coloma de Farners",13874,"Girona","Selva",2010,102,457,"10.000-50.000",NA,NA
"17180","Santa Coloma de Farners",13874,"Girona","Selva",2011,164,454,"10.000-50.000",NA,NA
"17180","Santa Coloma de Farners",13874,"Girona","Selva",2012,270,392,"10.000-50.000",NA,NA
"17180","Santa Coloma de Farners",13874,"Girona","Selva",2013,230,392,"10.000-50.000",NA,NA
"17180","Santa Coloma de Farners",13874,"Girona","Selva",2014,267,394,"10.000-50.000",NA,NA
"17180","Santa Coloma de Farners",13874,"Girona","Selva",2015,242,404,"10.000-50.000",30421,15.94
"17180","Santa Coloma de Farners",13874,"Girona","Selva",2016,228,417,"10.000-50.000",31243,16.02
"17180","Santa Coloma de Farners",13874,"Girona","Selva",2017,262,468,"10.000-50.000",32897,17.07
"17180","Santa Coloma de Farners",13874,"Girona","Selva",2018,251,481,"10.000-50.000",33643,17.16
"17180","Santa Coloma de Farners",13874,"Girona","Selva",2019,820,495,"10.000-50.000",34920,17.01
"17180","Santa Coloma de Farners",13874,"Girona","Selva",2020,860,510,"10.000-50.000",35249,17.36
"17180","Santa Coloma de Farners",13874,"Girona","Selva",2021,865,510,"10.000-50.000",35736,17.13
"17180","Santa Coloma de Farners",13874,"Girona","Selva",2022,723,543,"10.000-50.000",38016,17.14
"17180","Santa Coloma de Farners",13874,"Girona","Selva",2023,599,588,"10.000-50.000",NA,NA
"17180","Santa Coloma de Farners",13874,"Girona","Selva",2024,636,593,"10.000-50.000",NA,NA
"17181","Santa Cristina d'Aro",5833,"Girona","Baix Empordà",2007,35,555,"5.000-10.000",NA,NA
"17181","Santa Cristina d'Aro",5833,"Girona","Baix Empordà",2008,49,624,"5.000-10.000",NA,NA
"17181","Santa Cristina d'Aro",5833,"Girona","Baix Empordà",2009,42,567,"5.000-10.000",NA,NA
"17181","Santa Cristina d'Aro",5833,"Girona","Baix Empordà",2010,79,502,"5.000-10.000",NA,NA
"17181","Santa Cristina d'Aro",5833,"Girona","Baix Empordà",2011,57,575,"5.000-10.000",NA,NA
"17181","Santa Cristina d'Aro",5833,"Girona","Baix Empordà",2012,68,456,"5.000-10.000",NA,NA
"17181","Santa Cristina d'Aro",5833,"Girona","Baix Empordà",2013,58,487,"5.000-10.000",NA,NA
"17181","Santa Cristina d'Aro",5833,"Girona","Baix Empordà",2014,48,539,"5.000-10.000",NA,NA
"17181","Santa Cristina d'Aro",5833,"Girona","Baix Empordà",2015,64,505,"5.000-10.000",30781,19.69
"17181","Santa Cristina d'Aro",5833,"Girona","Baix Empordà",2016,56,505,"5.000-10.000",31638,19.15
"17181","Santa Cristina d'Aro",5833,"Girona","Baix Empordà",2017,50,585,"5.000-10.000",32923,21.32
"17181","Santa Cristina d'Aro",5833,"Girona","Baix Empordà",2018,59,581,"5.000-10.000",35736,19.51
"17181","Santa Cristina d'Aro",5833,"Girona","Baix Empordà",2019,220,678,"5.000-10.000",36321,22.4
"17181","Santa Cristina d'Aro",5833,"Girona","Baix Empordà",2020,173,773,"5.000-10.000",36284,25.56
"17181","Santa Cristina d'Aro",5833,"Girona","Baix Empordà",2021,172,908,"5.000-10.000",38972,27.96
"17181","Santa Cristina d'Aro",5833,"Girona","Baix Empordà",2022,214,787,"5.000-10.000",41026,23.02
"17181","Santa Cristina d'Aro",5833,"Girona","Baix Empordà",2023,181,808,"5.000-10.000",NA,NA
"17181","Santa Cristina d'Aro",5833,"Girona","Baix Empordà",2024,129,879,"5.000-10.000",NA,NA
"17182","Santa Llogaia d'Àlguema",400,"Girona","Alt Empordà",2012,9,490,"< 1.000",NA,NA
"17182","Santa Llogaia d'Àlguema",400,"Girona","Alt Empordà",2013,7,409,"< 1.000",NA,NA
"17182","Santa Llogaia d'Àlguema",400,"Girona","Alt Empordà",2015,6,508,"< 1.000",27157,22.45
"17182","Santa Llogaia d'Àlguema",400,"Girona","Alt Empordà",2016,7,416,"< 1.000",27659,18.05
"17183","Sant Aniol de Finestres",372,"Girona","Garrotxa",2013,6,725,"< 1.000",NA,NA
"17184","Santa Pau",1610,"Girona","Garrotxa",2010,6,450,"1.000-5.000",NA,NA
"17184","Santa Pau",1610,"Girona","Garrotxa",2011,7,558,"1.000-5.000",NA,NA
"17184","Santa Pau",1610,"Girona","Garrotxa",2012,10,462,"1.000-5.000",NA,NA
"17184","Santa Pau",1610,"Girona","Garrotxa",2014,10,396,"1.000-5.000",NA,NA
"17184","Santa Pau",1610,"Girona","Garrotxa",2015,11,505,"1.000-5.000",33099,18.31
"17184","Santa Pau",1610,"Girona","Garrotxa",2016,12,510,"1.000-5.000",33683,18.17
"17184","Santa Pau",1610,"Girona","Garrotxa",2017,12,521,"1.000-5.000",35820,17.45
"17184","Santa Pau",1610,"Girona","Garrotxa",2018,13,483,"1.000-5.000",35304,16.42
"17184","Santa Pau",1610,"Girona","Garrotxa",2019,29,649,"1.000-5.000",38268,20.35
"17184","Santa Pau",1610,"Girona","Garrotxa",2020,6,530,"1.000-5.000",39464,16.12
"17184","Santa Pau",1610,"Girona","Garrotxa",2021,43,502,"1.000-5.000",40774,14.77
"17184","Santa Pau",1610,"Girona","Garrotxa",2022,19,477,"1.000-5.000",41182,13.9
"17184","Santa Pau",1610,"Girona","Garrotxa",2024,27,549,"1.000-5.000",NA,NA
"17185","Sant Joan les Fonts",3103,"Girona","Garrotxa",2007,13,383,"1.000-5.000",NA,NA
"17185","Sant Joan les Fonts",3103,"Girona","Garrotxa",2008,15,426,"1.000-5.000",NA,NA
"17185","Sant Joan les Fonts",3103,"Girona","Garrotxa",2009,36,355,"1.000-5.000",NA,NA
"17185","Sant Joan les Fonts",3103,"Girona","Garrotxa",2010,27,395,"1.000-5.000",NA,NA
"17185","Sant Joan les Fonts",3103,"Girona","Garrotxa",2011,16,402,"1.000-5.000",NA,NA
"17185","Sant Joan les Fonts",3103,"Girona","Garrotxa",2012,47,320,"1.000-5.000",NA,NA
"17185","Sant Joan les Fonts",3103,"Girona","Garrotxa",2013,33,367,"1.000-5.000",NA,NA
"17185","Sant Joan les Fonts",3103,"Girona","Garrotxa",2014,35,312,"1.000-5.000",NA,NA
"17185","Sant Joan les Fonts",3103,"Girona","Garrotxa",2015,44,344,"1.000-5.000",34502,11.96
"17185","Sant Joan les Fonts",3103,"Girona","Garrotxa",2016,64,356,"1.000-5.000",35570,12.01
"17185","Sant Joan les Fonts",3103,"Girona","Garrotxa",2017,47,371,"1.000-5.000",35684,12.48
"17185","Sant Joan les Fonts",3103,"Girona","Garrotxa",2018,46,421,"1.000-5.000",37128,13.61
"17185","Sant Joan les Fonts",3103,"Girona","Garrotxa",2019,175,405,"1.000-5.000",38738,12.55
"17185","Sant Joan les Fonts",3103,"Girona","Garrotxa",2020,167,472,"1.000-5.000",39424,14.37
"17185","Sant Joan les Fonts",3103,"Girona","Garrotxa",2021,110,473,"1.000-5.000",40053,14.17
"17185","Sant Joan les Fonts",3103,"Girona","Garrotxa",2022,135,485,"1.000-5.000",42086,13.83
"17185","Sant Joan les Fonts",3103,"Girona","Garrotxa",2023,151,532,"1.000-5.000",NA,NA
"17185","Sant Joan les Fonts",3103,"Girona","Garrotxa",2024,86,556,"1.000-5.000",NA,NA
"17186","Sarrià de Ter",5378,"Girona","Gironès",2007,20,575,"5.000-10.000",NA,NA
"17186","Sarrià de Ter",5378,"Girona","Gironès",2008,28,661,"5.000-10.000",NA,NA
"17186","Sarrià de Ter",5378,"Girona","Gironès",2009,26,589,"5.000-10.000",NA,NA
"17186","Sarrià de Ter",5378,"Girona","Gironès",2010,30,566,"5.000-10.000",NA,NA
"17186","Sarrià de Ter",5378,"Girona","Gironès",2011,34,519,"5.000-10.000",NA,NA
"17186","Sarrià de Ter",5378,"Girona","Gironès",2012,72,552,"5.000-10.000",NA,NA
"17186","Sarrià de Ter",5378,"Girona","Gironès",2013,47,504,"5.000-10.000",NA,NA
"17186","Sarrià de Ter",5378,"Girona","Gironès",2014,36,471,"5.000-10.000",NA,NA
"17186","Sarrià de Ter",5378,"Girona","Gironès",2015,109,507,"5.000-10.000",32384,18.79
"17186","Sarrià de Ter",5378,"Girona","Gironès",2016,57,518,"5.000-10.000",33042,18.81
"17186","Sarrià de Ter",5378,"Girona","Gironès",2017,52,574,"5.000-10.000",34031,20.24
"17186","Sarrià de Ter",5378,"Girona","Gironès",2018,78,562,"5.000-10.000",35769,18.85
"17186","Sarrià de Ter",5378,"Girona","Gironès",2019,187,582,"5.000-10.000",36869,18.94
"17186","Sarrià de Ter",5378,"Girona","Gironès",2020,179,596,"5.000-10.000",37674,18.98
"17186","Sarrià de Ter",5378,"Girona","Gironès",2021,127,687,"5.000-10.000",39211,21.02
"17186","Sarrià de Ter",5378,"Girona","Gironès",2022,197,669,"5.000-10.000",40596,19.78
"17186","Sarrià de Ter",5378,"Girona","Gironès",2023,186,729,"5.000-10.000",NA,NA
"17186","Sarrià de Ter",5378,"Girona","Gironès",2024,176,707,"5.000-10.000",NA,NA
"17187","Saus, Camallera i Llampaies",908,"Girona","Alt Empordà",2010,8,506,"< 1.000",NA,NA
"17187","Saus, Camallera i Llampaies",908,"Girona","Alt Empordà",2012,8,488,"< 1.000",NA,NA
"17187","Saus, Camallera i Llampaies",908,"Girona","Alt Empordà",2014,6,453,"< 1.000",NA,NA
"17187","Saus, Camallera i Llampaies",908,"Girona","Alt Empordà",2015,7,587,"< 1.000",32126,21.93
"17187","Saus, Camallera i Llampaies",908,"Girona","Alt Empordà",2016,6,571,"< 1.000",34371,19.94
"17187","Saus, Camallera i Llampaies",908,"Girona","Alt Empordà",2017,8,464,"< 1.000",35447,15.71
"17187","Saus, Camallera i Llampaies",908,"Girona","Alt Empordà",2019,29,663,"< 1.000",40260,19.76
"17187","Saus, Camallera i Llampaies",908,"Girona","Alt Empordà",2020,17,686,"< 1.000",36475,22.57
"17187","Saus, Camallera i Llampaies",908,"Girona","Alt Empordà",2021,13,827,"< 1.000",37655,26.36
"17187","Saus, Camallera i Llampaies",908,"Girona","Alt Empordà",2022,16,524,"< 1.000",41906,15.01
"17187","Saus, Camallera i Llampaies",908,"Girona","Alt Empordà",2024,7,725,"< 1.000",NA,NA
"17188","Selva de Mar, La",220,"Girona","Alt Empordà",2018,7,511,"< 1.000",27824,22.04
"17189","Cellera de Ter, La",2013,"Girona","Selva",2007,8,340,"1.000-5.000",NA,NA
"17189","Cellera de Ter, La",2013,"Girona","Selva",2009,13,390,"1.000-5.000",NA,NA
"17189","Cellera de Ter, La",2013,"Girona","Selva",2010,15,373,"1.000-5.000",NA,NA
"17189","Cellera de Ter, La",2013,"Girona","Selva",2011,6,385,"1.000-5.000",NA,NA
"17189","Cellera de Ter, La",2013,"Girona","Selva",2012,10,374,"1.000-5.000",NA,NA
"17189","Cellera de Ter, La",2013,"Girona","Selva",2013,7,387,"1.000-5.000",NA,NA
"17189","Cellera de Ter, La",2013,"Girona","Selva",2014,9,337,"1.000-5.000",NA,NA
"17189","Cellera de Ter, La",2013,"Girona","Selva",2015,10,350,"1.000-5.000",31505,13.33
"17189","Cellera de Ter, La",2013,"Girona","Selva",2016,20,396,"1.000-5.000",31646,15.02
"17189","Cellera de Ter, La",2013,"Girona","Selva",2017,20,426,"1.000-5.000",32382,15.79
"17189","Cellera de Ter, La",2013,"Girona","Selva",2018,22,452,"1.000-5.000",33159,16.36
"17189","Cellera de Ter, La",2013,"Girona","Selva",2019,82,474,"1.000-5.000",34645,16.42
"17189","Cellera de Ter, La",2013,"Girona","Selva",2020,50,468,"1.000-5.000",34861,16.11
"17189","Cellera de Ter, La",2013,"Girona","Selva",2021,79,490,"1.000-5.000",33295,17.66
"17189","Cellera de Ter, La",2013,"Girona","Selva",2022,79,467,"1.000-5.000",38250,14.65
"17189","Cellera de Ter, La",2013,"Girona","Selva",2023,90,489,"1.000-5.000",NA,NA
"17189","Cellera de Ter, La",2013,"Girona","Selva",2024,70,584,"1.000-5.000",NA,NA
"17190","Serinyà",1196,"Girona","Pla de l'Estany",2010,14,452,"1.000-5.000",NA,NA
"17190","Serinyà",1196,"Girona","Pla de l'Estany",2011,12,452,"1.000-5.000",NA,NA
"17190","Serinyà",1196,"Girona","Pla de l'Estany",2012,9,478,"1.000-5.000",NA,NA
"17190","Serinyà",1196,"Girona","Pla de l'Estany",2013,18,411,"1.000-5.000",NA,NA
"17190","Serinyà",1196,"Girona","Pla de l'Estany",2014,14,469,"1.000-5.000",NA,NA
"17190","Serinyà",1196,"Girona","Pla de l'Estany",2015,17,437,"1.000-5.000",32498,16.14
"17190","Serinyà",1196,"Girona","Pla de l'Estany",2016,14,399,"1.000-5.000",34266,13.97
"17190","Serinyà",1196,"Girona","Pla de l'Estany",2017,9,510,"1.000-5.000",34448,17.77
"17190","Serinyà",1196,"Girona","Pla de l'Estany",2018,16,518,"1.000-5.000",36692,16.94
"17190","Serinyà",1196,"Girona","Pla de l'Estany",2019,70,548,"1.000-5.000",38134,17.24
"17190","Serinyà",1196,"Girona","Pla de l'Estany",2020,9,503,"1.000-5.000",37918,15.92
"17190","Serinyà",1196,"Girona","Pla de l'Estany",2021,34,573,"1.000-5.000",39631,17.35
"17190","Serinyà",1196,"Girona","Pla de l'Estany",2022,31,586,"1.000-5.000",39829,17.66
"17190","Serinyà",1196,"Girona","Pla de l'Estany",2023,17,629,"1.000-5.000",NA,NA
"17190","Serinyà",1196,"Girona","Pla de l'Estany",2024,53,575,"1.000-5.000",NA,NA
"17193","Sils",6706,"Girona","Selva",2007,13,609,"5.000-10.000",NA,NA
"17193","Sils",6706,"Girona","Selva",2008,16,617,"5.000-10.000",NA,NA
"17193","Sils",6706,"Girona","Selva",2009,12,642,"5.000-10.000",NA,NA
"17193","Sils",6706,"Girona","Selva",2010,44,588,"5.000-10.000",NA,NA
"17193","Sils",6706,"Girona","Selva",2011,76,518,"5.000-10.000",NA,NA
"17193","Sils",6706,"Girona","Selva",2012,70,522,"5.000-10.000",NA,NA
"17193","Sils",6706,"Girona","Selva",2013,91,471,"5.000-10.000",NA,NA
"17193","Sils",6706,"Girona","Selva",2014,89,446,"5.000-10.000",NA,NA
"17193","Sils",6706,"Girona","Selva",2015,79,491,"5.000-10.000",29837,19.75
"17193","Sils",6706,"Girona","Selva",2016,81,486,"5.000-10.000",30666,19.02
"17193","Sils",6706,"Girona","Selva",2017,102,505,"5.000-10.000",31589,19.18
"17193","Sils",6706,"Girona","Selva",2018,99,469,"5.000-10.000",33250,16.93
"17193","Sils",6706,"Girona","Selva",2019,302,572,"5.000-10.000",34426,19.94
"17193","Sils",6706,"Girona","Selva",2020,206,578,"5.000-10.000",34626,20.03
"17193","Sils",6706,"Girona","Selva",2021,318,616,"5.000-10.000",35120,21.05
"17193","Sils",6706,"Girona","Selva",2022,233,594,"5.000-10.000",38105,18.71
"17193","Sils",6706,"Girona","Selva",2023,172,617,"5.000-10.000",NA,NA
"17193","Sils",6706,"Girona","Selva",2024,286,622,"5.000-10.000",NA,NA
"17195","Tallada d'Empordà, La",476,"Girona","Baix Empordà",2009,7,629,"< 1.000",NA,NA
"17196","Terrades",342,"Girona","Alt Empordà",2011,6,725,"< 1.000",NA,NA
"17196","Terrades",342,"Girona","Alt Empordà",2016,6,583,"< 1.000",34716,20.15
"17196","Terrades",342,"Girona","Alt Empordà",2018,11,638,"< 1.000",37596,20.36
"17196","Terrades",342,"Girona","Alt Empordà",2020,8,546,"< 1.000",41178,15.91
"17198","Torroella de Fluvià",770,"Girona","Alt Empordà",2009,14,588,"< 1.000",NA,NA
"17198","Torroella de Fluvià",770,"Girona","Alt Empordà",2010,15,570,"< 1.000",NA,NA
"17198","Torroella de Fluvià",770,"Girona","Alt Empordà",2011,13,635,"< 1.000",NA,NA
"17198","Torroella de Fluvià",770,"Girona","Alt Empordà",2012,15,529,"< 1.000",NA,NA
"17198","Torroella de Fluvià",770,"Girona","Alt Empordà",2013,22,530,"< 1.000",NA,NA
"17198","Torroella de Fluvià",770,"Girona","Alt Empordà",2014,19,596,"< 1.000",NA,NA
"17198","Torroella de Fluvià",770,"Girona","Alt Empordà",2015,13,602,"< 1.000",27450,26.32
"17198","Torroella de Fluvià",770,"Girona","Alt Empordà",2016,15,442,"< 1.000",28016,18.93
"17198","Torroella de Fluvià",770,"Girona","Alt Empordà",2017,16,578,"< 1.000",29232,23.73
"17198","Torroella de Fluvià",770,"Girona","Alt Empordà",2018,16,660,"< 1.000",30780,25.73
"17198","Torroella de Fluvià",770,"Girona","Alt Empordà",2019,31,600,"< 1.000",33210,21.68
"17198","Torroella de Fluvià",770,"Girona","Alt Empordà",2020,18,658,"< 1.000",31985,24.69
"17198","Torroella de Fluvià",770,"Girona","Alt Empordà",2021,68,688,"< 1.000",35193,23.46
"17198","Torroella de Fluvià",770,"Girona","Alt Empordà",2022,24,578,"< 1.000",36197,19.16
"17198","Torroella de Fluvià",770,"Girona","Alt Empordà",2023,26,566,"< 1.000",NA,NA
"17199","Torroella de Montgrí",12421,"Girona","Baix Empordà",2007,91,502,"10.000-50.000",NA,NA
"17199","Torroella de Montgrí",12421,"Girona","Baix Empordà",2008,148,517,"10.000-50.000",NA,NA
"17199","Torroella de Montgrí",12421,"Girona","Baix Empordà",2009,101,513,"10.000-50.000",NA,NA
"17199","Torroella de Montgrí",12421,"Girona","Baix Empordà",2010,97,490,"10.000-50.000",NA,NA
"17199","Torroella de Montgrí",12421,"Girona","Baix Empordà",2011,156,482,"10.000-50.000",NA,NA
"17199","Torroella de Montgrí",12421,"Girona","Baix Empordà",2012,152,513,"10.000-50.000",NA,NA
"17199","Torroella de Montgrí",12421,"Girona","Baix Empordà",2013,153,454,"10.000-50.000",NA,NA
"17199","Torroella de Montgrí",12421,"Girona","Baix Empordà",2014,155,434,"10.000-50.000",NA,NA
"17199","Torroella de Montgrí",12421,"Girona","Baix Empordà",2015,140,418,"10.000-50.000",27431,18.29
"17199","Torroella de Montgrí",12421,"Girona","Baix Empordà",2016,196,450,"10.000-50.000",28611,18.87
"17199","Torroella de Montgrí",12421,"Girona","Baix Empordà",2017,180,472,"10.000-50.000",29360,19.29
"17199","Torroella de Montgrí",12421,"Girona","Baix Empordà",2018,212,500,"10.000-50.000",30310,19.8
"17199","Torroella de Montgrí",12421,"Girona","Baix Empordà",2019,671,543,"10.000-50.000",32199,20.24
"17199","Torroella de Montgrí",12421,"Girona","Baix Empordà",2020,632,506,"10.000-50.000",30883,19.66
"17199","Torroella de Montgrí",12421,"Girona","Baix Empordà",2021,621,537,"10.000-50.000",32636,19.75
"17199","Torroella de Montgrí",12421,"Girona","Baix Empordà",2022,624,610,"10.000-50.000",34947,20.95
"17199","Torroella de Montgrí",12421,"Girona","Baix Empordà",2023,600,628,"10.000-50.000",NA,NA
"17199","Torroella de Montgrí",12421,"Girona","Baix Empordà",2024,716,605,"10.000-50.000",NA,NA
"17200","Tortellà",828,"Girona","Garrotxa",2011,9,429,"< 1.000",NA,NA
"17200","Tortellà",828,"Girona","Garrotxa",2012,7,371,"< 1.000",NA,NA
"17200","Tortellà",828,"Girona","Garrotxa",2013,8,406,"< 1.000",NA,NA
"17200","Tortellà",828,"Girona","Garrotxa",2015,11,352,"< 1.000",31496,13.41
"17200","Tortellà",828,"Girona","Garrotxa",2016,14,432,"< 1.000",31259,16.58
"17200","Tortellà",828,"Girona","Garrotxa",2017,13,463,"< 1.000",31278,17.76
"17200","Tortellà",828,"Girona","Garrotxa",2018,10,426,"< 1.000",33232,15.38
"17200","Tortellà",828,"Girona","Garrotxa",2019,8,493,"< 1.000",34716,17.04
"17200","Tortellà",828,"Girona","Garrotxa",2020,33,520,"< 1.000",36039,17.31
"17200","Tortellà",828,"Girona","Garrotxa",2021,27,488,"< 1.000",37659,15.55
"17200","Tortellà",828,"Girona","Garrotxa",2022,12,538,"< 1.000",39440,16.37
"17200","Tortellà",828,"Girona","Garrotxa",2023,9,653,"< 1.000",NA,NA
"17200","Tortellà",828,"Girona","Garrotxa",2024,33,701,"< 1.000",NA,NA
"17202","Tossa de Mar",6241,"Girona","Selva",2007,32,613,"5.000-10.000",NA,NA
"17202","Tossa de Mar",6241,"Girona","Selva",2008,23,554,"5.000-10.000",NA,NA
"17202","Tossa de Mar",6241,"Girona","Selva",2009,42,588,"5.000-10.000",NA,NA
"17202","Tossa de Mar",6241,"Girona","Selva",2010,47,533,"5.000-10.000",NA,NA
"17202","Tossa de Mar",6241,"Girona","Selva",2011,57,543,"5.000-10.000",NA,NA
"17202","Tossa de Mar",6241,"Girona","Selva",2012,55,502,"5.000-10.000",NA,NA
"17202","Tossa de Mar",6241,"Girona","Selva",2013,72,449,"5.000-10.000",NA,NA
"17202","Tossa de Mar",6241,"Girona","Selva",2014,67,459,"5.000-10.000",NA,NA
"17202","Tossa de Mar",6241,"Girona","Selva",2015,74,437,"5.000-10.000",26050,20.13
"17202","Tossa de Mar",6241,"Girona","Selva",2016,74,482,"5.000-10.000",26637,21.71
"17202","Tossa de Mar",6241,"Girona","Selva",2017,88,488,"5.000-10.000",27380,21.39
"17202","Tossa de Mar",6241,"Girona","Selva",2018,95,512,"5.000-10.000",28350,21.67
"17202","Tossa de Mar",6241,"Girona","Selva",2019,297,553,"5.000-10.000",29511,22.49
"17202","Tossa de Mar",6241,"Girona","Selva",2020,285,553,"5.000-10.000",27719,23.94
"17202","Tossa de Mar",6241,"Girona","Selva",2021,336,523,"5.000-10.000",30095,20.85
"17202","Tossa de Mar",6241,"Girona","Selva",2022,291,576,"5.000-10.000",32482,21.28
"17202","Tossa de Mar",6241,"Girona","Selva",2023,249,560,"5.000-10.000",NA,NA
"17202","Tossa de Mar",6241,"Girona","Selva",2024,320,611,"5.000-10.000",NA,NA
"17204","Ullà",1221,"Girona","Baix Empordà",2008,7,361,"1.000-5.000",NA,NA
"17204","Ullà",1221,"Girona","Baix Empordà",2009,6,512,"1.000-5.000",NA,NA
"17204","Ullà",1221,"Girona","Baix Empordà",2010,6,518,"1.000-5.000",NA,NA
"17204","Ullà",1221,"Girona","Baix Empordà",2011,6,479,"1.000-5.000",NA,NA
"17204","Ullà",1221,"Girona","Baix Empordà",2012,11,491,"1.000-5.000",NA,NA
"17204","Ullà",1221,"Girona","Baix Empordà",2013,9,484,"1.000-5.000",NA,NA
"17204","Ullà",1221,"Girona","Baix Empordà",2014,10,416,"1.000-5.000",NA,NA
"17204","Ullà",1221,"Girona","Baix Empordà",2015,8,560,"1.000-5.000",25715,26.13
"17204","Ullà",1221,"Girona","Baix Empordà",2016,10,401,"1.000-5.000",26210,18.36
"17204","Ullà",1221,"Girona","Baix Empordà",2017,16,510,"1.000-5.000",28987,21.11
"17204","Ullà",1221,"Girona","Baix Empordà",2018,17,493,"1.000-5.000",31139,19
"17204","Ullà",1221,"Girona","Baix Empordà",2019,44,647,"1.000-5.000",32836,23.64
"17204","Ullà",1221,"Girona","Baix Empordà",2020,32,485,"1.000-5.000",33402,17.42
"17204","Ullà",1221,"Girona","Baix Empordà",2021,28,764,"1.000-5.000",34798,26.35
"17204","Ullà",1221,"Girona","Baix Empordà",2022,43,502,"1.000-5.000",37523,16.05
"17204","Ullà",1221,"Girona","Baix Empordà",2023,18,804,"1.000-5.000",NA,NA
"17204","Ullà",1221,"Girona","Baix Empordà",2024,29,478,"1.000-5.000",NA,NA
"17206","Urús",207,"Girona","Cerdanya",2007,8,733,"< 1.000",NA,NA
"17206","Urús",207,"Girona","Cerdanya",2008,10,709,"< 1.000",NA,NA
"17206","Urús",207,"Girona","Cerdanya",2009,10,652,"< 1.000",NA,NA
"17206","Urús",207,"Girona","Cerdanya",2010,6,829,"< 1.000",NA,NA
"17206","Urús",207,"Girona","Cerdanya",2013,9,637,"< 1.000",NA,NA
"17206","Urús",207,"Girona","Cerdanya",2017,6,599,"< 1.000",47698,15.07
"17206","Urús",207,"Girona","Cerdanya",2020,7,710,"< 1.000",45914,18.56
"17207","Vall d'en Bas, La",3221,"Girona","Garrotxa",2007,12,430,"1.000-5.000",NA,NA
"17207","Vall d'en Bas, La",3221,"Girona","Garrotxa",2008,11,538,"1.000-5.000",NA,NA
"17207","Vall d'en Bas, La",3221,"Girona","Garrotxa",2009,14,539,"1.000-5.000",NA,NA
"17207","Vall d'en Bas, La",3221,"Girona","Garrotxa",2010,17,442,"1.000-5.000",NA,NA
"17207","Vall d'en Bas, La",3221,"Girona","Garrotxa",2011,42,463,"1.000-5.000",NA,NA
"17207","Vall d'en Bas, La",3221,"Girona","Garrotxa",2012,34,469,"1.000-5.000",NA,NA
"17207","Vall d'en Bas, La",3221,"Girona","Garrotxa",2013,25,390,"1.000-5.000",NA,NA
"17207","Vall d'en Bas, La",3221,"Girona","Garrotxa",2014,48,459,"1.000-5.000",NA,NA
"17207","Vall d'en Bas, La",3221,"Girona","Garrotxa",2015,29,452,"1.000-5.000",36595,14.82
"17207","Vall d'en Bas, La",3221,"Girona","Garrotxa",2016,35,453,"1.000-5.000",38030,14.29
"17207","Vall d'en Bas, La",3221,"Girona","Garrotxa",2017,41,505,"1.000-5.000",38534,15.73
"17207","Vall d'en Bas, La",3221,"Girona","Garrotxa",2018,41,483,"1.000-5.000",40243,14.4
"17207","Vall d'en Bas, La",3221,"Girona","Garrotxa",2019,115,474,"1.000-5.000",42320,13.44
"17207","Vall d'en Bas, La",3221,"Girona","Garrotxa",2020,138,526,"1.000-5.000",43005,14.68
"17207","Vall d'en Bas, La",3221,"Girona","Garrotxa",2021,136,621,"1.000-5.000",45056,16.54
"17207","Vall d'en Bas, La",3221,"Girona","Garrotxa",2022,126,556,"1.000-5.000",48032,13.89
"17207","Vall d'en Bas, La",3221,"Girona","Garrotxa",2023,90,623,"1.000-5.000",NA,NA
"17207","Vall d'en Bas, La",3221,"Girona","Garrotxa",2024,118,617,"1.000-5.000",NA,NA
"17208","Vall de Bianya, La",1347,"Girona","Garrotxa",2008,9,447,"1.000-5.000",NA,NA
"17208","Vall de Bianya, La",1347,"Girona","Garrotxa",2010,8,419,"1.000-5.000",NA,NA
"17208","Vall de Bianya, La",1347,"Girona","Garrotxa",2011,10,378,"1.000-5.000",NA,NA
"17208","Vall de Bianya, La",1347,"Girona","Garrotxa",2012,13,466,"1.000-5.000",NA,NA
"17208","Vall de Bianya, La",1347,"Girona","Garrotxa",2013,13,454,"1.000-5.000",NA,NA
"17208","Vall de Bianya, La",1347,"Girona","Garrotxa",2014,15,440,"1.000-5.000",NA,NA
"17208","Vall de Bianya, La",1347,"Girona","Garrotxa",2015,14,509,"1.000-5.000",37846,16.14
"17208","Vall de Bianya, La",1347,"Girona","Garrotxa",2016,12,450,"1.000-5.000",37574,14.37
"17208","Vall de Bianya, La",1347,"Girona","Garrotxa",2017,10,475,"1.000-5.000",39279,14.51
"17208","Vall de Bianya, La",1347,"Girona","Garrotxa",2018,16,477,"1.000-5.000",40711,14.06
"17208","Vall de Bianya, La",1347,"Girona","Garrotxa",2019,8,552,"1.000-5.000",42193,15.7
"17208","Vall de Bianya, La",1347,"Girona","Garrotxa",2020,37,550,"1.000-5.000",43106,15.31
"17208","Vall de Bianya, La",1347,"Girona","Garrotxa",2021,57,498,"1.000-5.000",45268,13.2
"17208","Vall de Bianya, La",1347,"Girona","Garrotxa",2022,39,561,"1.000-5.000",47295,14.23
"17208","Vall de Bianya, La",1347,"Girona","Garrotxa",2023,16,516,"1.000-5.000",NA,NA
"17208","Vall de Bianya, La",1347,"Girona","Garrotxa",2024,34,598,"1.000-5.000",NA,NA
"17209","Vall-llobrega",912,"Girona","Baix Empordà",2019,6,585,"< 1.000",40937,17.15
"17210","Ventalló",891,"Girona","Alt Empordà",2007,6,667,"< 1.000",NA,NA
"17210","Ventalló",891,"Girona","Alt Empordà",2011,8,506,"< 1.000",NA,NA
"17210","Ventalló",891,"Girona","Alt Empordà",2012,10,494,"< 1.000",NA,NA
"17210","Ventalló",891,"Girona","Alt Empordà",2013,12,484,"< 1.000",NA,NA
"17210","Ventalló",891,"Girona","Alt Empordà",2014,9,487,"< 1.000",NA,NA
"17210","Ventalló",891,"Girona","Alt Empordà",2015,8,522,"< 1.000",30646,20.44
"17210","Ventalló",891,"Girona","Alt Empordà",2016,11,517,"< 1.000",32892,18.86
"17210","Ventalló",891,"Girona","Alt Empordà",2017,18,494,"< 1.000",33357,17.77
"17210","Ventalló",891,"Girona","Alt Empordà",2018,8,536,"< 1.000",38458,16.72
"17210","Ventalló",891,"Girona","Alt Empordà",2019,10,610,"< 1.000",36525,20.04
"17210","Ventalló",891,"Girona","Alt Empordà",2020,22,785,"< 1.000",37125,25.37
"17210","Ventalló",891,"Girona","Alt Empordà",2021,15,810,"< 1.000",40986,23.72
"17210","Ventalló",891,"Girona","Alt Empordà",2022,38,814,"< 1.000",42450,23.01
"17210","Ventalló",891,"Girona","Alt Empordà",2023,24,749,"< 1.000",NA,NA
"17210","Ventalló",891,"Girona","Alt Empordà",2024,34,709,"< 1.000",NA,NA
"17211","Verges",1180,"Girona","Baix Empordà",2008,6,367,"1.000-5.000",NA,NA
"17211","Verges",1180,"Girona","Baix Empordà",2009,9,466,"1.000-5.000",NA,NA
"17211","Verges",1180,"Girona","Baix Empordà",2010,18,514,"1.000-5.000",NA,NA
"17211","Verges",1180,"Girona","Baix Empordà",2011,8,479,"1.000-5.000",NA,NA
"17211","Verges",1180,"Girona","Baix Empordà",2012,10,536,"1.000-5.000",NA,NA
"17211","Verges",1180,"Girona","Baix Empordà",2013,13,622,"1.000-5.000",NA,NA
"17211","Verges",1180,"Girona","Baix Empordà",2014,18,433,"1.000-5.000",NA,NA
"17211","Verges",1180,"Girona","Baix Empordà",2015,16,453,"1.000-5.000",28975,18.76
"17211","Verges",1180,"Girona","Baix Empordà",2016,23,433,"1.000-5.000",29372,17.69
"17211","Verges",1180,"Girona","Baix Empordà",2017,19,449,"1.000-5.000",30789,17.5
"17211","Verges",1180,"Girona","Baix Empordà",2018,28,462,"1.000-5.000",33698,16.45
"17211","Verges",1180,"Girona","Baix Empordà",2019,46,486,"1.000-5.000",36042,16.18
"17211","Verges",1180,"Girona","Baix Empordà",2020,30,504,"1.000-5.000",34841,17.36
"17211","Verges",1180,"Girona","Baix Empordà",2021,36,484,"1.000-5.000",36479,15.92
"17211","Verges",1180,"Girona","Baix Empordà",2022,40,606,"1.000-5.000",37910,19.18
"17211","Verges",1180,"Girona","Baix Empordà",2023,60,626,"1.000-5.000",NA,NA
"17211","Verges",1180,"Girona","Baix Empordà",2024,63,681,"1.000-5.000",NA,NA
"17213","Vidreres",8655,"Girona","Selva",2007,19,515,"5.000-10.000",NA,NA
"17213","Vidreres",8655,"Girona","Selva",2008,30,559,"5.000-10.000",NA,NA
"17213","Vidreres",8655,"Girona","Selva",2009,36,570,"5.000-10.000",NA,NA
"17213","Vidreres",8655,"Girona","Selva",2010,44,579,"5.000-10.000",NA,NA
"17213","Vidreres",8655,"Girona","Selva",2011,49,515,"5.000-10.000",NA,NA
"17213","Vidreres",8655,"Girona","Selva",2012,62,522,"5.000-10.000",NA,NA
"17213","Vidreres",8655,"Girona","Selva",2013,67,489,"5.000-10.000",NA,NA
"17213","Vidreres",8655,"Girona","Selva",2014,73,519,"5.000-10.000",NA,NA
"17213","Vidreres",8655,"Girona","Selva",2015,57,483,"5.000-10.000",29051,19.95
"17213","Vidreres",8655,"Girona","Selva",2016,78,500,"5.000-10.000",29715,20.19
"17213","Vidreres",8655,"Girona","Selva",2017,83,491,"5.000-10.000",31158,18.91
"17213","Vidreres",8655,"Girona","Selva",2018,77,592,"5.000-10.000",33104,21.46
"17213","Vidreres",8655,"Girona","Selva",2019,289,580,"5.000-10.000",33827,20.58
"17213","Vidreres",8655,"Girona","Selva",2020,229,631,"5.000-10.000",33940,22.31
"17213","Vidreres",8655,"Girona","Selva",2021,247,627,"5.000-10.000",35808,21.01
"17213","Vidreres",8655,"Girona","Selva",2022,240,627,"5.000-10.000",36997,20.34
"17213","Vidreres",8655,"Girona","Selva",2023,186,668,"5.000-10.000",NA,NA
"17213","Vidreres",8655,"Girona","Selva",2024,196,738,"5.000-10.000",NA,NA
"17214","Vilabertran",987,"Girona","Alt Empordà",2007,7,498,"< 1.000",NA,NA
"17214","Vilabertran",987,"Girona","Alt Empordà",2009,15,555,"< 1.000",NA,NA
"17214","Vilabertran",987,"Girona","Alt Empordà",2010,16,518,"< 1.000",NA,NA
"17214","Vilabertran",987,"Girona","Alt Empordà",2011,14,472,"< 1.000",NA,NA
"17214","Vilabertran",987,"Girona","Alt Empordà",2012,14,494,"< 1.000",NA,NA
"17214","Vilabertran",987,"Girona","Alt Empordà",2013,11,424,"< 1.000",NA,NA
"17214","Vilabertran",987,"Girona","Alt Empordà",2014,15,419,"< 1.000",NA,NA
"17214","Vilabertran",987,"Girona","Alt Empordà",2015,18,482,"< 1.000",33551,17.24
"17214","Vilabertran",987,"Girona","Alt Empordà",2016,9,521,"< 1.000",34586,18.08
"17214","Vilabertran",987,"Girona","Alt Empordà",2017,16,495,"< 1.000",35234,16.86
"17214","Vilabertran",987,"Girona","Alt Empordà",2018,7,499,"< 1.000",37386,16.02
"17214","Vilabertran",987,"Girona","Alt Empordà",2019,26,548,"< 1.000",39275,16.74
"17214","Vilabertran",987,"Girona","Alt Empordà",2020,17,453,"< 1.000",38556,14.1
"17214","Vilabertran",987,"Girona","Alt Empordà",2021,6,546,"< 1.000",39526,16.58
"17214","Vilabertran",987,"Girona","Alt Empordà",2022,12,505,"< 1.000",42300,14.33
"17214","Vilabertran",987,"Girona","Alt Empordà",2023,18,593,"< 1.000",NA,NA
"17214","Vilabertran",987,"Girona","Alt Empordà",2024,6,697,"< 1.000",NA,NA
"17215","Vilablareix",3772,"Girona","Gironès",2009,7,855,"1.000-5.000",NA,NA
"17215","Vilablareix",3772,"Girona","Gironès",2010,8,806,"1.000-5.000",NA,NA
"17215","Vilablareix",3772,"Girona","Gironès",2011,8,641,"1.000-5.000",NA,NA
"17215","Vilablareix",3772,"Girona","Gironès",2012,12,580,"1.000-5.000",NA,NA
"17215","Vilablareix",3772,"Girona","Gironès",2013,14,592,"1.000-5.000",NA,NA
"17215","Vilablareix",3772,"Girona","Gironès",2014,15,616,"1.000-5.000",NA,NA
"17215","Vilablareix",3772,"Girona","Gironès",2015,11,610,"1.000-5.000",40780,17.95
"17215","Vilablareix",3772,"Girona","Gironès",2016,20,642,"1.000-5.000",42838,17.98
"17215","Vilablareix",3772,"Girona","Gironès",2017,20,633,"1.000-5.000",44227,17.18
"17215","Vilablareix",3772,"Girona","Gironès",2018,14,644,"1.000-5.000",46324,16.68
"17215","Vilablareix",3772,"Girona","Gironès",2019,34,700,"1.000-5.000",47384,17.73
"17215","Vilablareix",3772,"Girona","Gironès",2020,48,743,"1.000-5.000",48914,18.23
"17215","Vilablareix",3772,"Girona","Gironès",2021,73,836,"1.000-5.000",51833,19.35
"17215","Vilablareix",3772,"Girona","Gironès",2022,62,997,"1.000-5.000",54506,21.95
"17215","Vilablareix",3772,"Girona","Gironès",2023,60,970,"1.000-5.000",NA,NA
"17215","Vilablareix",3772,"Girona","Gironès",2024,105,1025,"1.000-5.000",NA,NA
"17217","Viladamat",492,"Girona","Alt Empordà",2022,6,633,"< 1.000",44389,17.11
"17217","Viladamat",492,"Girona","Alt Empordà",2024,16,596,"< 1.000",NA,NA
"17218","Vilademuls",865,"Girona","Pla de l'Estany",2012,10,575,"< 1.000",NA,NA
"17218","Vilademuls",865,"Girona","Pla de l'Estany",2013,8,581,"< 1.000",NA,NA
"17218","Vilademuls",865,"Girona","Pla de l'Estany",2014,8,566,"< 1.000",NA,NA
"17218","Vilademuls",865,"Girona","Pla de l'Estany",2015,7,607,"< 1.000",36819,19.78
"17218","Vilademuls",865,"Girona","Pla de l'Estany",2016,7,643,"< 1.000",38190,20.2
"17218","Vilademuls",865,"Girona","Pla de l'Estany",2017,13,625,"< 1.000",40316,18.6
"17218","Vilademuls",865,"Girona","Pla de l'Estany",2018,7,614,"< 1.000",41665,17.68
"17218","Vilademuls",865,"Girona","Pla de l'Estany",2019,38,676,"< 1.000",43023,18.86
"17218","Vilademuls",865,"Girona","Pla de l'Estany",2020,19,710,"< 1.000",43569,19.56
"17218","Vilademuls",865,"Girona","Pla de l'Estany",2021,14,663,"< 1.000",47607,16.71
"17218","Vilademuls",865,"Girona","Pla de l'Estany",2022,7,507,"< 1.000",47891,12.7
"17218","Vilademuls",865,"Girona","Pla de l'Estany",2023,28,584,"< 1.000",NA,NA
"17218","Vilademuls",865,"Girona","Pla de l'Estany",2024,13,778,"< 1.000",NA,NA
"17220","Viladrau",1175,"Girona","Osona",2008,9,625,"1.000-5.000",NA,NA
"17220","Viladrau",1175,"Girona","Osona",2009,6,348,"1.000-5.000",NA,NA
"17220","Viladrau",1175,"Girona","Osona",2010,8,581,"1.000-5.000",NA,NA
"17220","Viladrau",1175,"Girona","Osona",2011,15,501,"1.000-5.000",NA,NA
"17220","Viladrau",1175,"Girona","Osona",2012,13,600,"1.000-5.000",NA,NA
"17220","Viladrau",1175,"Girona","Osona",2013,17,395,"1.000-5.000",NA,NA
"17220","Viladrau",1175,"Girona","Osona",2014,10,500,"1.000-5.000",NA,NA
"17220","Viladrau",1175,"Girona","Osona",2015,10,443,"1.000-5.000",35433,15
"17220","Viladrau",1175,"Girona","Osona",2016,23,442,"1.000-5.000",35339,15.01
"17220","Viladrau",1175,"Girona","Osona",2017,15,503,"1.000-5.000",34657,17.42
"17220","Viladrau",1175,"Girona","Osona",2018,19,423,"1.000-5.000",35881,14.15
"17220","Viladrau",1175,"Girona","Osona",2019,55,442,"1.000-5.000",35867,14.79
"17220","Viladrau",1175,"Girona","Osona",2020,36,604,"1.000-5.000",35905,20.19
"17220","Viladrau",1175,"Girona","Osona",2021,36,510,"1.000-5.000",37343,16.39
"17220","Viladrau",1175,"Girona","Osona",2022,81,536,"1.000-5.000",39190,16.41
"17220","Viladrau",1175,"Girona","Osona",2023,62,563,"1.000-5.000",NA,NA
"17220","Viladrau",1175,"Girona","Osona",2024,54,680,"1.000-5.000",NA,NA
"17221","Vilafant",5696,"Girona","Alt Empordà",2007,22,576,"5.000-10.000",NA,NA
"17221","Vilafant",5696,"Girona","Alt Empordà",2008,33,602,"5.000-10.000",NA,NA
"17221","Vilafant",5696,"Girona","Alt Empordà",2009,62,551,"5.000-10.000",NA,NA
"17221","Vilafant",5696,"Girona","Alt Empordà",2010,40,519,"5.000-10.000",NA,NA
"17221","Vilafant",5696,"Girona","Alt Empordà",2011,53,557,"5.000-10.000",NA,NA
"17221","Vilafant",5696,"Girona","Alt Empordà",2012,56,550,"5.000-10.000",NA,NA
"17221","Vilafant",5696,"Girona","Alt Empordà",2013,52,511,"5.000-10.000",NA,NA
"17221","Vilafant",5696,"Girona","Alt Empordà",2014,38,510,"5.000-10.000",NA,NA
"17221","Vilafant",5696,"Girona","Alt Empordà",2015,33,532,"5.000-10.000",35010,18.23
"17221","Vilafant",5696,"Girona","Alt Empordà",2016,40,509,"5.000-10.000",36332,16.81
"17221","Vilafant",5696,"Girona","Alt Empordà",2017,45,529,"5.000-10.000",36849,17.23
"17221","Vilafant",5696,"Girona","Alt Empordà",2018,33,523,"5.000-10.000",38416,16.34
"17221","Vilafant",5696,"Girona","Alt Empordà",2019,191,582,"5.000-10.000",40146,17.4
"17221","Vilafant",5696,"Girona","Alt Empordà",2020,101,591,"5.000-10.000",39882,17.78
"17221","Vilafant",5696,"Girona","Alt Empordà",2021,150,586,"5.000-10.000",41530,16.93
"17221","Vilafant",5696,"Girona","Alt Empordà",2022,213,629,"5.000-10.000",43413,17.39
"17221","Vilafant",5696,"Girona","Alt Empordà",2023,128,640,"5.000-10.000",NA,NA
"17221","Vilafant",5696,"Girona","Alt Empordà",2024,107,729,"5.000-10.000",NA,NA
"17223","Vilajuïga",1183,"Girona","Alt Empordà",2007,7,421,"1.000-5.000",NA,NA
"17223","Vilajuïga",1183,"Girona","Alt Empordà",2008,9,476,"1.000-5.000",NA,NA
"17223","Vilajuïga",1183,"Girona","Alt Empordà",2009,10,418,"1.000-5.000",NA,NA
"17223","Vilajuïga",1183,"Girona","Alt Empordà",2010,13,458,"1.000-5.000",NA,NA
"17223","Vilajuïga",1183,"Girona","Alt Empordà",2011,10,445,"1.000-5.000",NA,NA
"17223","Vilajuïga",1183,"Girona","Alt Empordà",2012,20,375,"1.000-5.000",NA,NA
"17223","Vilajuïga",1183,"Girona","Alt Empordà",2013,17,392,"1.000-5.000",NA,NA
"17223","Vilajuïga",1183,"Girona","Alt Empordà",2014,20,443,"1.000-5.000",NA,NA
"17223","Vilajuïga",1183,"Girona","Alt Empordà",2015,24,414,"1.000-5.000",27348,18.17
"17223","Vilajuïga",1183,"Girona","Alt Empordà",2016,18,421,"1.000-5.000",28744,17.58
"17223","Vilajuïga",1183,"Girona","Alt Empordà",2017,13,423,"1.000-5.000",29901,16.98
"17223","Vilajuïga",1183,"Girona","Alt Empordà",2018,15,433,"1.000-5.000",32458,16.01
"17223","Vilajuïga",1183,"Girona","Alt Empordà",2019,32,431,"1.000-5.000",33981,15.22
"17223","Vilajuïga",1183,"Girona","Alt Empordà",2020,18,490,"1.000-5.000",34327,17.13
"17223","Vilajuïga",1183,"Girona","Alt Empordà",2021,23,578,"1.000-5.000",35663,19.45
"17223","Vilajuïga",1183,"Girona","Alt Empordà",2022,35,546,"1.000-5.000",36026,18.19
"17223","Vilajuïga",1183,"Girona","Alt Empordà",2023,23,546,"1.000-5.000",NA,NA
"17223","Vilajuïga",1183,"Girona","Alt Empordà",2024,30,572,"1.000-5.000",NA,NA
"17224","Vilallonga de Ter",395,"Girona","Ripollès",2013,8,316,"< 1.000",NA,NA
"17224","Vilallonga de Ter",395,"Girona","Ripollès",2014,6,386,"< 1.000",NA,NA
"17225","Vilamacolum",373,"Girona","Alt Empordà",2011,7,480,"< 1.000",NA,NA
"17225","Vilamacolum",373,"Girona","Alt Empordà",2017,8,381,"< 1.000",32090,14.25
"17226","Vilamalla",1220,"Girona","Alt Empordà",2008,7,551,"1.000-5.000",NA,NA
"17226","Vilamalla",1220,"Girona","Alt Empordà",2009,10,664,"1.000-5.000",NA,NA
"17226","Vilamalla",1220,"Girona","Alt Empordà",2010,10,742,"1.000-5.000",NA,NA
"17226","Vilamalla",1220,"Girona","Alt Empordà",2011,9,552,"1.000-5.000",NA,NA
"17226","Vilamalla",1220,"Girona","Alt Empordà",2012,7,504,"1.000-5.000",NA,NA
"17226","Vilamalla",1220,"Girona","Alt Empordà",2013,12,471,"1.000-5.000",NA,NA
"17226","Vilamalla",1220,"Girona","Alt Empordà",2014,9,517,"1.000-5.000",NA,NA
"17226","Vilamalla",1220,"Girona","Alt Empordà",2015,12,383,"1.000-5.000",32923,13.96
"17226","Vilamalla",1220,"Girona","Alt Empordà",2016,9,577,"1.000-5.000",33589,20.61
"17226","Vilamalla",1220,"Girona","Alt Empordà",2017,13,638,"1.000-5.000",35512,21.56
"17226","Vilamalla",1220,"Girona","Alt Empordà",2018,11,503,"1.000-5.000",37702,16.01
"17226","Vilamalla",1220,"Girona","Alt Empordà",2019,30,491,"1.000-5.000",37969,15.52
"17226","Vilamalla",1220,"Girona","Alt Empordà",2020,8,531,"1.000-5.000",39453,16.15
"17226","Vilamalla",1220,"Girona","Alt Empordà",2021,43,597,"1.000-5.000",39444,18.16
"17226","Vilamalla",1220,"Girona","Alt Empordà",2022,21,484,"1.000-5.000",41874,13.87
"17226","Vilamalla",1220,"Girona","Alt Empordà",2024,16,659,"1.000-5.000",NA,NA
"17228","Vilanant",402,"Girona","Alt Empordà",2014,9,528,"< 1.000",NA,NA
"17228","Vilanant",402,"Girona","Alt Empordà",2016,8,535,"< 1.000",35197,18.24
"17228","Vilanant",402,"Girona","Alt Empordà",2017,10,586,"< 1.000",37907,18.55
"17228","Vilanant",402,"Girona","Alt Empordà",2018,10,564,"< 1.000",40622,16.66
"17228","Vilanant",402,"Girona","Alt Empordà",2020,18,597,"< 1.000",43708,16.39
"17228","Vilanant",402,"Girona","Alt Empordà",2022,20,683,"< 1.000",47268,17.34
"17228","Vilanant",402,"Girona","Alt Empordà",2023,22,714,"< 1.000",NA,NA
"17230","Vila-sacra",815,"Girona","Alt Empordà",2007,9,259,"< 1.000",NA,NA
"17230","Vila-sacra",815,"Girona","Alt Empordà",2008,10,448,"< 1.000",NA,NA
"17230","Vila-sacra",815,"Girona","Alt Empordà",2009,8,418,"< 1.000",NA,NA
"17230","Vila-sacra",815,"Girona","Alt Empordà",2010,17,407,"< 1.000",NA,NA
"17230","Vila-sacra",815,"Girona","Alt Empordà",2011,11,390,"< 1.000",NA,NA
"17230","Vila-sacra",815,"Girona","Alt Empordà",2012,11,340,"< 1.000",NA,NA
"17230","Vila-sacra",815,"Girona","Alt Empordà",2013,10,532,"< 1.000",NA,NA
"17230","Vila-sacra",815,"Girona","Alt Empordà",2014,15,480,"< 1.000",NA,NA
"17230","Vila-sacra",815,"Girona","Alt Empordà",2015,9,448,"< 1.000",33335,16.13
"17230","Vila-sacra",815,"Girona","Alt Empordà",2016,10,450,"< 1.000",33354,16.19
"17230","Vila-sacra",815,"Girona","Alt Empordà",2017,15,510,"< 1.000",32646,18.75
"17230","Vila-sacra",815,"Girona","Alt Empordà",2018,11,498,"< 1.000",35358,16.9
"17230","Vila-sacra",815,"Girona","Alt Empordà",2019,40,462,"< 1.000",35466,15.63
"17230","Vila-sacra",815,"Girona","Alt Empordà",2020,38,591,"< 1.000",36413,19.48
"17230","Vila-sacra",815,"Girona","Alt Empordà",2021,38,434,"< 1.000",39320,13.25
"17230","Vila-sacra",815,"Girona","Alt Empordà",2022,30,798,"< 1.000",41538,23.05
"17230","Vila-sacra",815,"Girona","Alt Empordà",2023,23,633,"< 1.000",NA,NA
"17230","Vila-sacra",815,"Girona","Alt Empordà",2024,25,788,"< 1.000",NA,NA
"17233","Vilobí d'Onyar",3304,"Girona","Selva",2007,8,561,"1.000-5.000",NA,NA
"17233","Vilobí d'Onyar",3304,"Girona","Selva",2008,24,588,"1.000-5.000",NA,NA
"17233","Vilobí d'Onyar",3304,"Girona","Selva",2009,16,496,"1.000-5.000",NA,NA
"17233","Vilobí d'Onyar",3304,"Girona","Selva",2010,18,577,"1.000-5.000",NA,NA
"17233","Vilobí d'Onyar",3304,"Girona","Selva",2011,29,551,"1.000-5.000",NA,NA
"17233","Vilobí d'Onyar",3304,"Girona","Selva",2012,42,524,"1.000-5.000",NA,NA
"17233","Vilobí d'Onyar",3304,"Girona","Selva",2013,44,487,"1.000-5.000",NA,NA
"17233","Vilobí d'Onyar",3304,"Girona","Selva",2014,44,495,"1.000-5.000",NA,NA
"17233","Vilobí d'Onyar",3304,"Girona","Selva",2015,44,485,"1.000-5.000",35846,16.24
"17233","Vilobí d'Onyar",3304,"Girona","Selva",2016,55,462,"1.000-5.000",37092,14.95
"17233","Vilobí d'Onyar",3304,"Girona","Selva",2017,41,514,"1.000-5.000",37360,16.51
"17233","Vilobí d'Onyar",3304,"Girona","Selva",2018,43,548,"1.000-5.000",38751,16.97
"17233","Vilobí d'Onyar",3304,"Girona","Selva",2019,141,611,"1.000-5.000",40057,18.3
"17233","Vilobí d'Onyar",3304,"Girona","Selva",2020,87,537,"1.000-5.000",40813,15.79
"17233","Vilobí d'Onyar",3304,"Girona","Selva",2021,104,593,"1.000-5.000",43448,16.38
"17233","Vilobí d'Onyar",3304,"Girona","Selva",2022,110,577,"1.000-5.000",46341,14.94
"17233","Vilobí d'Onyar",3304,"Girona","Selva",2023,164,689,"1.000-5.000",NA,NA
"17233","Vilobí d'Onyar",3304,"Girona","Selva",2024,163,704,"1.000-5.000",NA,NA
"17234","Biure",225,"Girona","Alt Empordà",2017,6,581,"< 1.000",28711,24.28
"17234","Biure",225,"Girona","Alt Empordà",2018,6,635,"< 1.000",29273,26.03
"17901","Cruïlles, Monells i Sant Sadurní de l'Heura",1323,"Girona","Baix Empordà",2010,7,521,"1.000-5.000",NA,NA
"17901","Cruïlles, Monells i Sant Sadurní de l'Heura",1323,"Girona","Baix Empordà",2014,6,497,"1.000-5.000",NA,NA
"17901","Cruïlles, Monells i Sant Sadurní de l'Heura",1323,"Girona","Baix Empordà",2015,12,494,"1.000-5.000",31980,18.54
"17901","Cruïlles, Monells i Sant Sadurní de l'Heura",1323,"Girona","Baix Empordà",2016,10,624,"1.000-5.000",34627,21.62
"17901","Cruïlles, Monells i Sant Sadurní de l'Heura",1323,"Girona","Baix Empordà",2017,14,629,"1.000-5.000",36645,20.6
"17901","Cruïlles, Monells i Sant Sadurní de l'Heura",1323,"Girona","Baix Empordà",2018,13,692,"1.000-5.000",38361,21.65
"17901","Cruïlles, Monells i Sant Sadurní de l'Heura",1323,"Girona","Baix Empordà",2019,28,601,"1.000-5.000",41004,17.59
"17901","Cruïlles, Monells i Sant Sadurní de l'Heura",1323,"Girona","Baix Empordà",2020,15,754,"1.000-5.000",41657,21.72
"17901","Cruïlles, Monells i Sant Sadurní de l'Heura",1323,"Girona","Baix Empordà",2021,38,623,"1.000-5.000",42534,17.58
"17901","Cruïlles, Monells i Sant Sadurní de l'Heura",1323,"Girona","Baix Empordà",2022,34,1164,"1.000-5.000",46097,30.3
"17901","Cruïlles, Monells i Sant Sadurní de l'Heura",1323,"Girona","Baix Empordà",2023,21,837,"1.000-5.000",NA,NA
"17901","Cruïlles, Monells i Sant Sadurní de l'Heura",1323,"Girona","Baix Empordà",2024,21,700,"1.000-5.000",NA,NA
"17902","Forallac",1761,"Girona","Baix Empordà",2007,12,556,"1.000-5.000",NA,NA
"17902","Forallac",1761,"Girona","Baix Empordà",2008,22,437,"1.000-5.000",NA,NA
"17902","Forallac",1761,"Girona","Baix Empordà",2009,22,401,"1.000-5.000",NA,NA
"17902","Forallac",1761,"Girona","Baix Empordà",2010,9,438,"1.000-5.000",NA,NA
"17902","Forallac",1761,"Girona","Baix Empordà",2011,20,417,"1.000-5.000",NA,NA
"17902","Forallac",1761,"Girona","Baix Empordà",2012,17,653,"1.000-5.000",NA,NA
"17902","Forallac",1761,"Girona","Baix Empordà",2013,20,516,"1.000-5.000",NA,NA
"17902","Forallac",1761,"Girona","Baix Empordà",2014,25,506,"1.000-5.000",NA,NA
"17902","Forallac",1761,"Girona","Baix Empordà",2015,40,431,"1.000-5.000",37124,13.93
"17902","Forallac",1761,"Girona","Baix Empordà",2016,18,799,"1.000-5.000",38189,25.11
"17902","Forallac",1761,"Girona","Baix Empordà",2017,21,466,"1.000-5.000",37429,14.94
"17902","Forallac",1761,"Girona","Baix Empordà",2018,20,516,"1.000-5.000",36798,16.83
"17902","Forallac",1761,"Girona","Baix Empordà",2019,47,549,"1.000-5.000",41358,15.93
"17902","Forallac",1761,"Girona","Baix Empordà",2020,32,624,"1.000-5.000",43227,17.32
"17902","Forallac",1761,"Girona","Baix Empordà",2021,93,562,"1.000-5.000",43959,15.34
"17902","Forallac",1761,"Girona","Baix Empordà",2022,138,481,"1.000-5.000",45385,12.72
"17902","Forallac",1761,"Girona","Baix Empordà",2023,58,622,"1.000-5.000",NA,NA
"17902","Forallac",1761,"Girona","Baix Empordà",2024,46,748,"1.000-5.000",NA,NA
"17903","Sant Julià del Llor i Bonmatí",1387,"Girona","Selva",2011,6,422,"1.000-5.000",NA,NA
"17903","Sant Julià del Llor i Bonmatí",1387,"Girona","Selva",2013,11,552,"1.000-5.000",NA,NA
"17903","Sant Julià del Llor i Bonmatí",1387,"Girona","Selva",2014,6,517,"1.000-5.000",NA,NA
"17903","Sant Julià del Llor i Bonmatí",1387,"Girona","Selva",2015,13,326,"1.000-5.000",30131,12.98
"17903","Sant Julià del Llor i Bonmatí",1387,"Girona","Selva",2016,26,474,"1.000-5.000",31893,17.83
"17903","Sant Julià del Llor i Bonmatí",1387,"Girona","Selva",2017,12,383,"1.000-5.000",31637,14.53
"17903","Sant Julià del Llor i Bonmatí",1387,"Girona","Selva",2018,33,466,"1.000-5.000",33277,16.8
"17903","Sant Julià del Llor i Bonmatí",1387,"Girona","Selva",2019,80,429,"1.000-5.000",36270,14.19
"17903","Sant Julià del Llor i Bonmatí",1387,"Girona","Selva",2020,54,484,"1.000-5.000",36654,15.85
"17903","Sant Julià del Llor i Bonmatí",1387,"Girona","Selva",2021,70,486,"1.000-5.000",38367,15.2
"17903","Sant Julià del Llor i Bonmatí",1387,"Girona","Selva",2022,55,487,"1.000-5.000",40055,14.59
"17903","Sant Julià del Llor i Bonmatí",1387,"Girona","Selva",2023,49,532,"1.000-5.000",NA,NA
"17903","Sant Julià del Llor i Bonmatí",1387,"Girona","Selva",2024,68,614,"1.000-5.000",NA,NA
"25002","Àger",608,"Lleida","Noguera",2022,12,426,"< 1.000",33350,15.33
"25002","Àger",608,"Lleida","Noguera",2024,8,409,"< 1.000",NA,NA
"25003","Agramunt",5592,"Lleida","Urgell",2009,16,337,"5.000-10.000",NA,NA
"25003","Agramunt",5592,"Lleida","Urgell",2010,40,324,"5.000-10.000",NA,NA
"25003","Agramunt",5592,"Lleida","Urgell",2011,29,327,"5.000-10.000",NA,NA
"25003","Agramunt",5592,"Lleida","Urgell",2012,39,343,"5.000-10.000",NA,NA
"25003","Agramunt",5592,"Lleida","Urgell",2013,40,332,"5.000-10.000",NA,NA
"25003","Agramunt",5592,"Lleida","Urgell",2014,56,320,"5.000-10.000",NA,NA
"25003","Agramunt",5592,"Lleida","Urgell",2015,52,318,"5.000-10.000",27895,13.68
"25003","Agramunt",5592,"Lleida","Urgell",2016,67,312,"5.000-10.000",28847,12.98
"25003","Agramunt",5592,"Lleida","Urgell",2017,61,305,"5.000-10.000",29859,12.26
"25003","Agramunt",5592,"Lleida","Urgell",2018,80,328,"5.000-10.000",31748,12.4
"25003","Agramunt",5592,"Lleida","Urgell",2019,251,344,"5.000-10.000",33361,12.37
"25003","Agramunt",5592,"Lleida","Urgell",2020,256,335,"5.000-10.000",34420,11.68
"25003","Agramunt",5592,"Lleida","Urgell",2021,413,331,"5.000-10.000",34542,11.5
"25003","Agramunt",5592,"Lleida","Urgell",2022,320,365,"5.000-10.000",36279,12.07
"25003","Agramunt",5592,"Lleida","Urgell",2023,341,370,"5.000-10.000",NA,NA
"25003","Agramunt",5592,"Lleida","Urgell",2024,284,407,"5.000-10.000",NA,NA
"25004","Alamús, Els",799,"Lleida","Segrià",2012,6,388,"< 1.000",NA,NA
"25004","Alamús, Els",799,"Lleida","Segrià",2013,8,331,"< 1.000",NA,NA
"25004","Alamús, Els",799,"Lleida","Segrià",2015,10,334,"< 1.000",28329,14.15
"25004","Alamús, Els",799,"Lleida","Segrià",2016,11,352,"< 1.000",28005,15.08
"25004","Alamús, Els",799,"Lleida","Segrià",2017,9,373,"< 1.000",28922,15.48
"25004","Alamús, Els",799,"Lleida","Segrià",2019,22,476,"< 1.000",34635,16.49
"25004","Alamús, Els",799,"Lleida","Segrià",2022,10,455,"< 1.000",36589,14.92
"25004","Alamús, Els",799,"Lleida","Segrià",2024,40,523,"< 1.000",NA,NA
"25005","Alàs i Cerc",325,"Lleida","Alt Urgell",2024,6,608,"< 1.000",NA,NA
"25007","Albatàrrec",2247,"Lleida","Segrià",2007,7,301,"1.000-5.000",NA,NA
"25007","Albatàrrec",2247,"Lleida","Segrià",2008,10,344,"1.000-5.000",NA,NA
"25007","Albatàrrec",2247,"Lleida","Segrià",2009,8,339,"1.000-5.000",NA,NA
"25007","Albatàrrec",2247,"Lleida","Segrià",2010,11,379,"1.000-5.000",NA,NA
"25007","Albatàrrec",2247,"Lleida","Segrià",2011,7,369,"1.000-5.000",NA,NA
"25007","Albatàrrec",2247,"Lleida","Segrià",2012,15,406,"1.000-5.000",NA,NA
"25007","Albatàrrec",2247,"Lleida","Segrià",2013,17,342,"1.000-5.000",NA,NA
"25007","Albatàrrec",2247,"Lleida","Segrià",2014,13,299,"1.000-5.000",NA,NA
"25007","Albatàrrec",2247,"Lleida","Segrià",2015,32,332,"1.000-5.000",29778,13.38
"25007","Albatàrrec",2247,"Lleida","Segrià",2016,33,309,"1.000-5.000",30849,12.02
"25007","Albatàrrec",2247,"Lleida","Segrià",2017,32,344,"1.000-5.000",31333,13.17
"25007","Albatàrrec",2247,"Lleida","Segrià",2018,28,363,"1.000-5.000",32626,13.35
"25007","Albatàrrec",2247,"Lleida","Segrià",2019,84,359,"1.000-5.000",34987,12.31
"25007","Albatàrrec",2247,"Lleida","Segrià",2020,50,382,"1.000-5.000",35272,13
"25007","Albatàrrec",2247,"Lleida","Segrià",2021,56,376,"1.000-5.000",36881,12.23
"25007","Albatàrrec",2247,"Lleida","Segrià",2022,39,394,"1.000-5.000",37440,12.63
"25007","Albatàrrec",2247,"Lleida","Segrià",2023,53,405,"1.000-5.000",NA,NA
"25007","Albatàrrec",2247,"Lleida","Segrià",2024,44,487,"1.000-5.000",NA,NA
"25008","Albesa",1571,"Lleida","Noguera",2010,7,308,"1.000-5.000",NA,NA
"25008","Albesa",1571,"Lleida","Noguera",2012,6,322,"1.000-5.000",NA,NA
"25008","Albesa",1571,"Lleida","Noguera",2017,10,328,"1.000-5.000",30451,12.93
"25008","Albesa",1571,"Lleida","Noguera",2019,22,367,"1.000-5.000",32785,13.43
"25008","Albesa",1571,"Lleida","Noguera",2020,21,413,"1.000-5.000",33339,14.87
"25008","Albesa",1571,"Lleida","Noguera",2021,13,350,"1.000-5.000",35944,11.68
"25008","Albesa",1571,"Lleida","Noguera",2022,53,385,"1.000-5.000",35747,12.92
"25008","Albesa",1571,"Lleida","Noguera",2023,26,425,"1.000-5.000",NA,NA
"25008","Albesa",1571,"Lleida","Noguera",2024,15,450,"1.000-5.000",NA,NA
"25009","Albi, L'",764,"Lleida","Garrigues",2024,15,329,"< 1.000",NA,NA
"25011","Alcarràs",10217,"Lleida","Segrià",2007,18,429,"10.000-50.000",NA,NA
"25011","Alcarràs",10217,"Lleida","Segrià",2008,22,435,"10.000-50.000",NA,NA
"25011","Alcarràs",10217,"Lleida","Segrià",2009,33,446,"10.000-50.000",NA,NA
"25011","Alcarràs",10217,"Lleida","Segrià",2010,49,388,"10.000-50.000",NA,NA
"25011","Alcarràs",10217,"Lleida","Segrià",2011,85,377,"10.000-50.000",NA,NA
"25011","Alcarràs",10217,"Lleida","Segrià",2012,131,355,"10.000-50.000",NA,NA
"25011","Alcarràs",10217,"Lleida","Segrià",2013,112,347,"10.000-50.000",NA,NA
"25011","Alcarràs",10217,"Lleida","Segrià",2014,142,341,"10.000-50.000",NA,NA
"25011","Alcarràs",10217,"Lleida","Segrià",2015,111,334,"10.000-50.000",26008,15.41
"25011","Alcarràs",10217,"Lleida","Segrià",2016,145,340,"10.000-50.000",26693,15.28
"25011","Alcarràs",10217,"Lleida","Segrià",2017,145,351,"10.000-50.000",27031,15.58
"25011","Alcarràs",10217,"Lleida","Segrià",2018,130,372,"10.000-50.000",28427,15.7
"25011","Alcarràs",10217,"Lleida","Segrià",2019,407,391,"10.000-50.000",30033,15.62
"25011","Alcarràs",10217,"Lleida","Segrià",2020,418,389,"10.000-50.000",29921,15.6
"25011","Alcarràs",10217,"Lleida","Segrià",2021,494,404,"10.000-50.000",31993,15.15
"25011","Alcarràs",10217,"Lleida","Segrià",2022,542,409,"10.000-50.000",32879,14.93
"25011","Alcarràs",10217,"Lleida","Segrià",2023,390,440,"10.000-50.000",NA,NA
"25011","Alcarràs",10217,"Lleida","Segrià",2024,408,491,"10.000-50.000",NA,NA
"25012","Alcoletge",3621,"Lleida","Segrià",2007,8,412,"1.000-5.000",NA,NA
"25012","Alcoletge",3621,"Lleida","Segrià",2008,15,414,"1.000-5.000",NA,NA
"25012","Alcoletge",3621,"Lleida","Segrià",2009,23,416,"1.000-5.000",NA,NA
"25012","Alcoletge",3621,"Lleida","Segrià",2010,29,408,"1.000-5.000",NA,NA
"25012","Alcoletge",3621,"Lleida","Segrià",2011,47,379,"1.000-5.000",NA,NA
"25012","Alcoletge",3621,"Lleida","Segrià",2012,40,363,"1.000-5.000",NA,NA
"25012","Alcoletge",3621,"Lleida","Segrià",2013,69,372,"1.000-5.000",NA,NA
"25012","Alcoletge",3621,"Lleida","Segrià",2014,78,348,"1.000-5.000",NA,NA
"25012","Alcoletge",3621,"Lleida","Segrià",2015,62,342,"1.000-5.000",28820,14.24
"25012","Alcoletge",3621,"Lleida","Segrià",2016,70,340,"1.000-5.000",29827,13.68
"25012","Alcoletge",3621,"Lleida","Segrià",2017,41,375,"1.000-5.000",30761,14.63
"25012","Alcoletge",3621,"Lleida","Segrià",2018,38,376,"1.000-5.000",32005,14.1
"25012","Alcoletge",3621,"Lleida","Segrià",2019,142,391,"1.000-5.000",33678,13.93
"25012","Alcoletge",3621,"Lleida","Segrià",2020,111,441,"1.000-5.000",34698,15.25
"25012","Alcoletge",3621,"Lleida","Segrià",2021,119,462,"1.000-5.000",36284,15.28
"25012","Alcoletge",3621,"Lleida","Segrià",2022,111,478,"1.000-5.000",37693,15.22
"25012","Alcoletge",3621,"Lleida","Segrià",2023,164,465,"1.000-5.000",NA,NA
"25012","Alcoletge",3621,"Lleida","Segrià",2024,112,526,"1.000-5.000",NA,NA
"25013","Alfarràs",2759,"Lleida","Segrià",2007,10,306,"1.000-5.000",NA,NA
"25013","Alfarràs",2759,"Lleida","Segrià",2008,9,382,"1.000-5.000",NA,NA
"25013","Alfarràs",2759,"Lleida","Segrià",2009,17,326,"1.000-5.000",NA,NA
"25013","Alfarràs",2759,"Lleida","Segrià",2010,13,303,"1.000-5.000",NA,NA
"25013","Alfarràs",2759,"Lleida","Segrià",2011,13,290,"1.000-5.000",NA,NA
"25013","Alfarràs",2759,"Lleida","Segrià",2012,15,267,"1.000-5.000",NA,NA
"25013","Alfarràs",2759,"Lleida","Segrià",2013,11,471,"1.000-5.000",NA,NA
"25013","Alfarràs",2759,"Lleida","Segrià",2014,7,246,"1.000-5.000",NA,NA
"25013","Alfarràs",2759,"Lleida","Segrià",2015,18,289,"1.000-5.000",24542,14.13
"25013","Alfarràs",2759,"Lleida","Segrià",2016,15,282,"1.000-5.000",25381,13.33
"25013","Alfarràs",2759,"Lleida","Segrià",2017,11,259,"1.000-5.000",25454,12.21
"25013","Alfarràs",2759,"Lleida","Segrià",2018,16,328,"1.000-5.000",27085,14.53
"25013","Alfarràs",2759,"Lleida","Segrià",2019,41,341,"1.000-5.000",28035,14.6
"25013","Alfarràs",2759,"Lleida","Segrià",2020,29,351,"1.000-5.000",29550,14.25
"25013","Alfarràs",2759,"Lleida","Segrià",2021,57,342,"1.000-5.000",30173,13.6
"25013","Alfarràs",2759,"Lleida","Segrià",2022,50,353,"1.000-5.000",31342,13.52
"25013","Alfarràs",2759,"Lleida","Segrià",2023,77,384,"1.000-5.000",NA,NA
"25013","Alfarràs",2759,"Lleida","Segrià",2024,31,410,"1.000-5.000",NA,NA
"25016","Alguaire",2992,"Lleida","Segrià",2007,8,371,"1.000-5.000",NA,NA
"25016","Alguaire",2992,"Lleida","Segrià",2008,14,440,"1.000-5.000",NA,NA
"25016","Alguaire",2992,"Lleida","Segrià",2009,19,305,"1.000-5.000",NA,NA
"25016","Alguaire",2992,"Lleida","Segrià",2010,10,385,"1.000-5.000",NA,NA
"25016","Alguaire",2992,"Lleida","Segrià",2011,16,365,"1.000-5.000",NA,NA
"25016","Alguaire",2992,"Lleida","Segrià",2012,18,351,"1.000-5.000",NA,NA
"25016","Alguaire",2992,"Lleida","Segrià",2013,13,300,"1.000-5.000",NA,NA
"25016","Alguaire",2992,"Lleida","Segrià",2014,12,246,"1.000-5.000",NA,NA
"25016","Alguaire",2992,"Lleida","Segrià",2015,16,314,"1.000-5.000",29441,12.8
"25016","Alguaire",2992,"Lleida","Segrià",2016,20,319,"1.000-5.000",29814,12.84
"25016","Alguaire",2992,"Lleida","Segrià",2017,14,306,"1.000-5.000",30093,12.2
"25016","Alguaire",2992,"Lleida","Segrià",2018,18,309,"1.000-5.000",32340,11.47
"25016","Alguaire",2992,"Lleida","Segrià",2019,34,332,"1.000-5.000",33443,11.91
"25016","Alguaire",2992,"Lleida","Segrià",2020,100,359,"1.000-5.000",34014,12.67
"25016","Alguaire",2992,"Lleida","Segrià",2021,31,327,"1.000-5.000",35524,11.05
"25016","Alguaire",2992,"Lleida","Segrià",2022,75,358,"1.000-5.000",36402,11.8
"25016","Alguaire",2992,"Lleida","Segrià",2023,41,400,"1.000-5.000",NA,NA
"25016","Alguaire",2992,"Lleida","Segrià",2024,50,421,"1.000-5.000",NA,NA
"25019","Almacelles",7031,"Lleida","Segrià",2007,19,387,"5.000-10.000",NA,NA
"25019","Almacelles",7031,"Lleida","Segrià",2008,26,421,"5.000-10.000",NA,NA
"25019","Almacelles",7031,"Lleida","Segrià",2009,35,374,"5.000-10.000",NA,NA
"25019","Almacelles",7031,"Lleida","Segrià",2010,30,364,"5.000-10.000",NA,NA
"25019","Almacelles",7031,"Lleida","Segrià",2011,52,320,"5.000-10.000",NA,NA
"25019","Almacelles",7031,"Lleida","Segrià",2012,52,318,"5.000-10.000",NA,NA
"25019","Almacelles",7031,"Lleida","Segrià",2013,36,316,"5.000-10.000",NA,NA
"25019","Almacelles",7031,"Lleida","Segrià",2014,58,292,"5.000-10.000",NA,NA
"25019","Almacelles",7031,"Lleida","Segrià",2015,62,303,"5.000-10.000",27307,13.32
"25019","Almacelles",7031,"Lleida","Segrià",2016,78,304,"5.000-10.000",27295,13.37
"25019","Almacelles",7031,"Lleida","Segrià",2017,60,317,"5.000-10.000",28444,13.37
"25019","Almacelles",7031,"Lleida","Segrià",2018,65,327,"5.000-10.000",29764,13.18
"25019","Almacelles",7031,"Lleida","Segrià",2019,230,347,"5.000-10.000",31016,13.43
"25019","Almacelles",7031,"Lleida","Segrià",2020,273,350,"5.000-10.000",32467,12.94
"25019","Almacelles",7031,"Lleida","Segrià",2021,234,376,"5.000-10.000",25335,17.81
"25019","Almacelles",7031,"Lleida","Segrià",2022,285,390,"5.000-10.000",32906,14.22
"25019","Almacelles",7031,"Lleida","Segrià",2023,301,398,"5.000-10.000",NA,NA
"25019","Almacelles",7031,"Lleida","Segrià",2024,386,411,"5.000-10.000",NA,NA
"25021","Almenar",3321,"Lleida","Segrià",2008,14,357,"1.000-5.000",NA,NA
"25021","Almenar",3321,"Lleida","Segrià",2009,7,380,"1.000-5.000",NA,NA
"25021","Almenar",3321,"Lleida","Segrià",2010,6,400,"1.000-5.000",NA,NA
"25021","Almenar",3321,"Lleida","Segrià",2011,12,361,"1.000-5.000",NA,NA
"25021","Almenar",3321,"Lleida","Segrià",2012,9,383,"1.000-5.000",NA,NA
"25021","Almenar",3321,"Lleida","Segrià",2013,10,322,"1.000-5.000",NA,NA
"25021","Almenar",3321,"Lleida","Segrià",2014,12,304,"1.000-5.000",NA,NA
"25021","Almenar",3321,"Lleida","Segrià",2015,10,368,"1.000-5.000",28302,15.6
"25021","Almenar",3321,"Lleida","Segrià",2016,16,336,"1.000-5.000",28503,14.15
"25021","Almenar",3321,"Lleida","Segrià",2017,15,310,"1.000-5.000",28742,12.94
"25021","Almenar",3321,"Lleida","Segrià",2018,25,348,"1.000-5.000",30789,13.56
"25021","Almenar",3321,"Lleida","Segrià",2019,58,356,"1.000-5.000",32065,13.32
"25021","Almenar",3321,"Lleida","Segrià",2020,52,377,"1.000-5.000",33233,13.61
"25021","Almenar",3321,"Lleida","Segrià",2021,40,342,"1.000-5.000",33684,12.18
"25021","Almenar",3321,"Lleida","Segrià",2022,28,405,"1.000-5.000",35266,13.78
"25021","Almenar",3321,"Lleida","Segrià",2023,27,436,"1.000-5.000",NA,NA
"25021","Almenar",3321,"Lleida","Segrià",2024,21,412,"1.000-5.000",NA,NA
"25023","Alpicat",6466,"Lleida","Segrià",2008,14,593,"5.000-10.000",NA,NA
"25023","Alpicat",6466,"Lleida","Segrià",2009,6,525,"5.000-10.000",NA,NA
"25023","Alpicat",6466,"Lleida","Segrià",2010,12,526,"5.000-10.000",NA,NA
"25023","Alpicat",6466,"Lleida","Segrià",2011,15,588,"5.000-10.000",NA,NA
"25023","Alpicat",6466,"Lleida","Segrià",2012,43,506,"5.000-10.000",NA,NA
"25023","Alpicat",6466,"Lleida","Segrià",2013,24,452,"5.000-10.000",NA,NA
"25023","Alpicat",6466,"Lleida","Segrià",2014,22,506,"5.000-10.000",NA,NA
"25023","Alpicat",6466,"Lleida","Segrià",2015,27,430,"5.000-10.000",40047,12.88
"25023","Alpicat",6466,"Lleida","Segrià",2016,29,469,"5.000-10.000",40951,13.74
"25023","Alpicat",6466,"Lleida","Segrià",2017,30,500,"5.000-10.000",41621,14.42
"25023","Alpicat",6466,"Lleida","Segrià",2018,44,515,"5.000-10.000",44316,13.95
"25023","Alpicat",6466,"Lleida","Segrià",2019,75,524,"5.000-10.000",46817,13.43
"25023","Alpicat",6466,"Lleida","Segrià",2020,80,568,"5.000-10.000",48005,14.2
"25023","Alpicat",6466,"Lleida","Segrià",2021,36,510,"5.000-10.000",49363,12.4
"25023","Alpicat",6466,"Lleida","Segrià",2022,79,541,"5.000-10.000",51836,12.52
"25023","Alpicat",6466,"Lleida","Segrià",2023,125,645,"5.000-10.000",NA,NA
"25023","Alpicat",6466,"Lleida","Segrià",2024,53,689,"5.000-10.000",NA,NA
"25025","Naut Aran",1896,"Lleida","Aran",2008,20,584,"1.000-5.000",NA,NA
"25025","Naut Aran",1896,"Lleida","Aran",2009,14,716,"1.000-5.000",NA,NA
"25025","Naut Aran",1896,"Lleida","Aran",2010,9,655,"1.000-5.000",NA,NA
"25025","Naut Aran",1896,"Lleida","Aran",2011,14,684,"1.000-5.000",NA,NA
"25025","Naut Aran",1896,"Lleida","Aran",2012,14,557,"1.000-5.000",NA,NA
"25025","Naut Aran",1896,"Lleida","Aran",2013,9,661,"1.000-5.000",NA,NA
"25025","Naut Aran",1896,"Lleida","Aran",2014,15,552,"1.000-5.000",NA,NA
"25025","Naut Aran",1896,"Lleida","Aran",2015,15,835,"1.000-5.000",32980,30.38
"25025","Naut Aran",1896,"Lleida","Aran",2016,15,687,"1.000-5.000",34368,23.99
"25025","Naut Aran",1896,"Lleida","Aran",2018,12,541,"1.000-5.000",34898,18.6
"25025","Naut Aran",1896,"Lleida","Aran",2019,26,670,"1.000-5.000",38336,20.97
"25025","Naut Aran",1896,"Lleida","Aran",2020,27,758,"1.000-5.000",41364,21.99
"25025","Naut Aran",1896,"Lleida","Aran",2021,25,598,"1.000-5.000",39035,18.38
"25025","Naut Aran",1896,"Lleida","Aran",2022,31,733,"1.000-5.000",44015,19.98
"25025","Naut Aran",1896,"Lleida","Aran",2023,30,906,"1.000-5.000",NA,NA
"25025","Naut Aran",1896,"Lleida","Aran",2024,31,1156,"1.000-5.000",NA,NA
"25027","Anglesola",1370,"Lleida","Urgell",2011,7,419,"1.000-5.000",NA,NA
"25027","Anglesola",1370,"Lleida","Urgell",2012,11,355,"1.000-5.000",NA,NA
"25027","Anglesola",1370,"Lleida","Urgell",2013,7,280,"1.000-5.000",NA,NA
"25027","Anglesola",1370,"Lleida","Urgell",2014,9,292,"1.000-5.000",NA,NA
"25027","Anglesola",1370,"Lleida","Urgell",2015,10,260,"1.000-5.000",27344,11.41
"25027","Anglesola",1370,"Lleida","Urgell",2016,9,331,"1.000-5.000",27962,14.2
"25027","Anglesola",1370,"Lleida","Urgell",2017,10,290,"1.000-5.000",29010,12
"25027","Anglesola",1370,"Lleida","Urgell",2018,13,378,"1.000-5.000",31184,14.55
"25027","Anglesola",1370,"Lleida","Urgell",2019,32,356,"1.000-5.000",33123,12.9
"25027","Anglesola",1370,"Lleida","Urgell",2020,8,402,"1.000-5.000",32706,14.75
"25027","Anglesola",1370,"Lleida","Urgell",2021,35,430,"1.000-5.000",32946,15.66
"25027","Anglesola",1370,"Lleida","Urgell",2022,43,429,"1.000-5.000",34194,15.06
"25027","Anglesola",1370,"Lleida","Urgell",2023,19,461,"1.000-5.000",NA,NA
"25027","Anglesola",1370,"Lleida","Urgell",2024,19,413,"1.000-5.000",NA,NA
"25029","Arbeca",2085,"Lleida","Garrigues",2012,6,332,"1.000-5.000",NA,NA
"25029","Arbeca",2085,"Lleida","Garrigues",2013,11,275,"1.000-5.000",NA,NA
"25029","Arbeca",2085,"Lleida","Garrigues",2015,8,288,"1.000-5.000",26461,13.06
"25029","Arbeca",2085,"Lleida","Garrigues",2017,10,260,"1.000-5.000",27068,11.53
"25029","Arbeca",2085,"Lleida","Garrigues",2018,12,266,"1.000-5.000",28836,11.07
"25029","Arbeca",2085,"Lleida","Garrigues",2019,14,289,"1.000-5.000",30253,11.46
"25029","Arbeca",2085,"Lleida","Garrigues",2020,30,354,"1.000-5.000",30552,13.9
"25029","Arbeca",2085,"Lleida","Garrigues",2021,9,404,"1.000-5.000",31494,15.39
"25029","Arbeca",2085,"Lleida","Garrigues",2022,32,329,"1.000-5.000",33193,11.89
"25029","Arbeca",2085,"Lleida","Garrigues",2024,29,377,"1.000-5.000",NA,NA
"25033","Artesa de Lleida",1536,"Lleida","Segrià",2020,6,422,"1.000-5.000",35363,14.32
"25033","Artesa de Lleida",1536,"Lleida","Segrià",2021,10,464,"1.000-5.000",37206,14.97
"25034","Artesa de Segre",3519,"Lleida","Noguera",2007,8,348,"1.000-5.000",NA,NA
"25034","Artesa de Segre",3519,"Lleida","Noguera",2008,9,359,"1.000-5.000",NA,NA
"25034","Artesa de Segre",3519,"Lleida","Noguera",2009,7,266,"1.000-5.000",NA,NA
"25034","Artesa de Segre",3519,"Lleida","Noguera",2010,43,323,"1.000-5.000",NA,NA
"25034","Artesa de Segre",3519,"Lleida","Noguera",2011,47,285,"1.000-5.000",NA,NA
"25034","Artesa de Segre",3519,"Lleida","Noguera",2012,37,286,"1.000-5.000",NA,NA
"25034","Artesa de Segre",3519,"Lleida","Noguera",2013,33,272,"1.000-5.000",NA,NA
"25034","Artesa de Segre",3519,"Lleida","Noguera",2014,32,266,"1.000-5.000",NA,NA
"25034","Artesa de Segre",3519,"Lleida","Noguera",2015,43,275,"1.000-5.000",24930,13.24
"25034","Artesa de Segre",3519,"Lleida","Noguera",2016,29,273,"1.000-5.000",26287,12.46
"25034","Artesa de Segre",3519,"Lleida","Noguera",2017,39,284,"1.000-5.000",27464,12.41
"25034","Artesa de Segre",3519,"Lleida","Noguera",2018,43,319,"1.000-5.000",28492,13.44
"25034","Artesa de Segre",3519,"Lleida","Noguera",2019,154,307,"1.000-5.000",29997,12.28
"25034","Artesa de Segre",3519,"Lleida","Noguera",2020,177,312,"1.000-5.000",30808,12.15
"25034","Artesa de Segre",3519,"Lleida","Noguera",2021,134,311,"1.000-5.000",31134,11.99
"25034","Artesa de Segre",3519,"Lleida","Noguera",2022,143,418,"1.000-5.000",32250,15.55
"25034","Artesa de Segre",3519,"Lleida","Noguera",2023,242,366,"1.000-5.000",NA,NA
"25034","Artesa de Segre",3519,"Lleida","Noguera",2024,193,385,"1.000-5.000",NA,NA
"25038","Aitona",2575,"Lleida","Segrià",2011,7,378,"1.000-5.000",NA,NA
"25038","Aitona",2575,"Lleida","Segrià",2012,6,354,"1.000-5.000",NA,NA
"25038","Aitona",2575,"Lleida","Segrià",2013,12,336,"1.000-5.000",NA,NA
"25038","Aitona",2575,"Lleida","Segrià",2015,18,356,"1.000-5.000",27564,15.5
"25038","Aitona",2575,"Lleida","Segrià",2016,11,326,"1.000-5.000",27613,14.17
"25038","Aitona",2575,"Lleida","Segrià",2017,13,352,"1.000-5.000",26896,15.7
"25038","Aitona",2575,"Lleida","Segrià",2018,7,324,"1.000-5.000",29562,13.15
"25038","Aitona",2575,"Lleida","Segrià",2020,16,321,"1.000-5.000",30732,12.53
"25038","Aitona",2575,"Lleida","Segrià",2021,123,370,"1.000-5.000",31359,14.16
"25038","Aitona",2575,"Lleida","Segrià",2022,93,339,"1.000-5.000",31349,12.98
"25038","Aitona",2575,"Lleida","Segrià",2023,36,308,"1.000-5.000",NA,NA
"25038","Aitona",2575,"Lleida","Segrià",2024,32,422,"1.000-5.000",NA,NA
"25039","Baix Pallars",344,"Lleida","Pallars Sobirà",2014,7,364,"< 1.000",NA,NA
"25039","Baix Pallars",344,"Lleida","Pallars Sobirà",2017,6,280,"< 1.000",27721,12.12
"25039","Baix Pallars",344,"Lleida","Pallars Sobirà",2018,6,355,"< 1.000",31524,13.51
"25039","Baix Pallars",344,"Lleida","Pallars Sobirà",2021,16,364,"< 1.000",32301,13.52
"25039","Baix Pallars",344,"Lleida","Pallars Sobirà",2022,6,398,"< 1.000",33932,14.08
"25039","Baix Pallars",344,"Lleida","Pallars Sobirà",2023,22,344,"< 1.000",NA,NA
"25039","Baix Pallars",344,"Lleida","Pallars Sobirà",2024,24,502,"< 1.000",NA,NA
"25040","Balaguer",17597,"Lleida","Noguera",2007,25,318,"10.000-50.000",NA,NA
"25040","Balaguer",17597,"Lleida","Noguera",2008,53,404,"10.000-50.000",NA,NA
"25040","Balaguer",17597,"Lleida","Noguera",2009,75,340,"10.000-50.000",NA,NA
"25040","Balaguer",17597,"Lleida","Noguera",2010,136,363,"10.000-50.000",NA,NA
"25040","Balaguer",17597,"Lleida","Noguera",2011,172,340,"10.000-50.000",NA,NA
"25040","Balaguer",17597,"Lleida","Noguera",2012,238,320,"10.000-50.000",NA,NA
"25040","Balaguer",17597,"Lleida","Noguera",2013,272,289,"10.000-50.000",NA,NA
"25040","Balaguer",17597,"Lleida","Noguera",2014,231,294,"10.000-50.000",NA,NA
"25040","Balaguer",17597,"Lleida","Noguera",2015,290,289,"10.000-50.000",25960,13.36
"25040","Balaguer",17597,"Lleida","Noguera",2016,329,291,"10.000-50.000",26785,13.04
"25040","Balaguer",17597,"Lleida","Noguera",2017,334,320,"10.000-50.000",29459,13.04
"25040","Balaguer",17597,"Lleida","Noguera",2018,354,332,"10.000-50.000",28663,13.9
"25040","Balaguer",17597,"Lleida","Noguera",2019,1301,335,"10.000-50.000",30122,13.35
"25040","Balaguer",17597,"Lleida","Noguera",2020,878,360,"10.000-50.000",30565,14.13
"25040","Balaguer",17597,"Lleida","Noguera",2021,1014,377,"10.000-50.000",31432,14.39
"25040","Balaguer",17597,"Lleida","Noguera",2022,1092,377,"10.000-50.000",32901,13.75
"25040","Balaguer",17597,"Lleida","Noguera",2023,1109,396,"10.000-50.000",NA,NA
"25040","Balaguer",17597,"Lleida","Noguera",2024,844,416,"10.000-50.000",NA,NA
"25041","Barbens",908,"Lleida","Pla d'Urgell",2017,6,317,"< 1.000",28465,13.36
"25041","Barbens",908,"Lleida","Pla d'Urgell",2019,8,321,"< 1.000",31624,12.18
"25041","Barbens",908,"Lleida","Pla d'Urgell",2020,7,370,"< 1.000",32695,13.58
"25041","Barbens",908,"Lleida","Pla d'Urgell",2022,20,450,"< 1.000",34921,15.46
"25041","Barbens",908,"Lleida","Pla d'Urgell",2024,13,352,"< 1.000",NA,NA
"25043","Vall de Boí, La",1119,"Lleida","Alta Ribagorça",2016,9,384,"1.000-5.000",25774,17.88
"25043","Vall de Boí, La",1119,"Lleida","Alta Ribagorça",2018,12,423,"1.000-5.000",30896,16.43
"25043","Vall de Boí, La",1119,"Lleida","Alta Ribagorça",2023,25,417,"1.000-5.000",NA,NA
"25043","Vall de Boí, La",1119,"Lleida","Alta Ribagorça",2024,67,433,"1.000-5.000",NA,NA
"25047","Bellcaire d'Urgell",1226,"Lleida","Noguera",2012,7,354,"1.000-5.000",NA,NA
"25047","Bellcaire d'Urgell",1226,"Lleida","Noguera",2013,11,331,"1.000-5.000",NA,NA
"25047","Bellcaire d'Urgell",1226,"Lleida","Noguera",2015,6,282,"1.000-5.000",27612,12.26
"25047","Bellcaire d'Urgell",1226,"Lleida","Noguera",2016,7,297,"1.000-5.000",26856,13.27
"25047","Bellcaire d'Urgell",1226,"Lleida","Noguera",2017,8,310,"1.000-5.000",28140,13.22
"25047","Bellcaire d'Urgell",1226,"Lleida","Noguera",2018,8,305,"1.000-5.000",32280,11.34
"25047","Bellcaire d'Urgell",1226,"Lleida","Noguera",2019,26,325,"1.000-5.000",32295,12.08
"25047","Bellcaire d'Urgell",1226,"Lleida","Noguera",2020,16,394,"1.000-5.000",34033,13.89
"25047","Bellcaire d'Urgell",1226,"Lleida","Noguera",2022,31,335,"1.000-5.000",36387,11.05
"25047","Bellcaire d'Urgell",1226,"Lleida","Noguera",2023,8,411,"1.000-5.000",NA,NA
"25047","Bellcaire d'Urgell",1226,"Lleida","Noguera",2024,17,407,"1.000-5.000",NA,NA
"25048","Bell-lloc d'Urgell",2347,"Lleida","Pla d'Urgell",2007,18,352,"1.000-5.000",NA,NA
"25048","Bell-lloc d'Urgell",2347,"Lleida","Pla d'Urgell",2008,9,353,"1.000-5.000",NA,NA
"25048","Bell-lloc d'Urgell",2347,"Lleida","Pla d'Urgell",2009,8,348,"1.000-5.000",NA,NA
"25048","Bell-lloc d'Urgell",2347,"Lleida","Pla d'Urgell",2010,8,346,"1.000-5.000",NA,NA
"25048","Bell-lloc d'Urgell",2347,"Lleida","Pla d'Urgell",2011,10,332,"1.000-5.000",NA,NA
"25048","Bell-lloc d'Urgell",2347,"Lleida","Pla d'Urgell",2012,24,367,"1.000-5.000",NA,NA
"25048","Bell-lloc d'Urgell",2347,"Lleida","Pla d'Urgell",2013,16,323,"1.000-5.000",NA,NA
"25048","Bell-lloc d'Urgell",2347,"Lleida","Pla d'Urgell",2014,18,289,"1.000-5.000",NA,NA
"25048","Bell-lloc d'Urgell",2347,"Lleida","Pla d'Urgell",2015,14,366,"1.000-5.000",31043,14.15
"25048","Bell-lloc d'Urgell",2347,"Lleida","Pla d'Urgell",2016,16,291,"1.000-5.000",32032,10.9
"25048","Bell-lloc d'Urgell",2347,"Lleida","Pla d'Urgell",2017,23,374,"1.000-5.000",35287,12.72
"25048","Bell-lloc d'Urgell",2347,"Lleida","Pla d'Urgell",2018,29,356,"1.000-5.000",35139,12.16
"25048","Bell-lloc d'Urgell",2347,"Lleida","Pla d'Urgell",2019,69,331,"1.000-5.000",35791,11.1
"25048","Bell-lloc d'Urgell",2347,"Lleida","Pla d'Urgell",2020,42,394,"1.000-5.000",35660,13.26
"25048","Bell-lloc d'Urgell",2347,"Lleida","Pla d'Urgell",2021,73,414,"1.000-5.000",38079,13.05
"25048","Bell-lloc d'Urgell",2347,"Lleida","Pla d'Urgell",2022,53,415,"1.000-5.000",39116,12.73
"25048","Bell-lloc d'Urgell",2347,"Lleida","Pla d'Urgell",2023,38,465,"1.000-5.000",NA,NA
"25048","Bell-lloc d'Urgell",2347,"Lleida","Pla d'Urgell",2024,46,463,"1.000-5.000",NA,NA
"25050","Bellpuig",5246,"Lleida","Urgell",2007,22,353,"5.000-10.000",NA,NA
"25050","Bellpuig",5246,"Lleida","Urgell",2008,29,353,"5.000-10.000",NA,NA
"25050","Bellpuig",5246,"Lleida","Urgell",2009,30,387,"5.000-10.000",NA,NA
"25050","Bellpuig",5246,"Lleida","Urgell",2010,58,374,"5.000-10.000",NA,NA
"25050","Bellpuig",5246,"Lleida","Urgell",2011,44,365,"5.000-10.000",NA,NA
"25050","Bellpuig",5246,"Lleida","Urgell",2012,81,369,"5.000-10.000",NA,NA
"25050","Bellpuig",5246,"Lleida","Urgell",2013,82,319,"5.000-10.000",NA,NA
"25050","Bellpuig",5246,"Lleida","Urgell",2014,91,327,"5.000-10.000",NA,NA
"25050","Bellpuig",5246,"Lleida","Urgell",2015,100,315,"5.000-10.000",26905,14.05
"25050","Bellpuig",5246,"Lleida","Urgell",2016,76,323,"5.000-10.000",27905,13.89
"25050","Bellpuig",5246,"Lleida","Urgell",2017,90,349,"5.000-10.000",28679,14.6
"25050","Bellpuig",5246,"Lleida","Urgell",2018,94,343,"5.000-10.000",29890,13.77
"25050","Bellpuig",5246,"Lleida","Urgell",2019,312,362,"5.000-10.000",31455,13.81
"25050","Bellpuig",5246,"Lleida","Urgell",2020,231,383,"5.000-10.000",32060,14.34
"25050","Bellpuig",5246,"Lleida","Urgell",2021,242,381,"5.000-10.000",33022,13.85
"25050","Bellpuig",5246,"Lleida","Urgell",2022,225,379,"5.000-10.000",34596,13.15
"25050","Bellpuig",5246,"Lleida","Urgell",2023,224,428,"5.000-10.000",NA,NA
"25050","Bellpuig",5246,"Lleida","Urgell",2024,251,425,"5.000-10.000",NA,NA
"25051","Bellver de Cerdanya",2266,"Lleida","Cerdanya",2007,42,511,"1.000-5.000",NA,NA
"25051","Bellver de Cerdanya",2266,"Lleida","Cerdanya",2008,43,550,"1.000-5.000",NA,NA
"25051","Bellver de Cerdanya",2266,"Lleida","Cerdanya",2009,86,559,"1.000-5.000",NA,NA
"25051","Bellver de Cerdanya",2266,"Lleida","Cerdanya",2010,72,554,"1.000-5.000",NA,NA
"25051","Bellver de Cerdanya",2266,"Lleida","Cerdanya",2011,92,561,"1.000-5.000",NA,NA
"25051","Bellver de Cerdanya",2266,"Lleida","Cerdanya",2012,98,559,"1.000-5.000",NA,NA
"25051","Bellver de Cerdanya",2266,"Lleida","Cerdanya",2013,82,464,"1.000-5.000",NA,NA
"25051","Bellver de Cerdanya",2266,"Lleida","Cerdanya",2014,74,466,"1.000-5.000",NA,NA
"25051","Bellver de Cerdanya",2266,"Lleida","Cerdanya",2015,79,460,"1.000-5.000",28392,19.44
"25051","Bellver de Cerdanya",2266,"Lleida","Cerdanya",2016,55,479,"1.000-5.000",28967,19.84
"25051","Bellver de Cerdanya",2266,"Lleida","Cerdanya",2017,49,446,"1.000-5.000",29076,18.41
"25051","Bellver de Cerdanya",2266,"Lleida","Cerdanya",2018,46,455,"1.000-5.000",31017,17.6
"25051","Bellver de Cerdanya",2266,"Lleida","Cerdanya",2019,191,480,"1.000-5.000",32606,17.67
"25051","Bellver de Cerdanya",2266,"Lleida","Cerdanya",2020,194,560,"1.000-5.000",33510,20.05
"25051","Bellver de Cerdanya",2266,"Lleida","Cerdanya",2021,209,578,"1.000-5.000",35561,19.5
"25051","Bellver de Cerdanya",2266,"Lleida","Cerdanya",2022,165,580,"1.000-5.000",37106,18.76
"25051","Bellver de Cerdanya",2266,"Lleida","Cerdanya",2023,125,728,"1.000-5.000",NA,NA
"25051","Bellver de Cerdanya",2266,"Lleida","Cerdanya",2024,146,641,"1.000-5.000",NA,NA
"25052","Bellvís",2251,"Lleida","Pla d'Urgell",2009,6,368,"1.000-5.000",NA,NA
"25052","Bellvís",2251,"Lleida","Pla d'Urgell",2011,13,415,"1.000-5.000",NA,NA
"25052","Bellvís",2251,"Lleida","Pla d'Urgell",2012,11,347,"1.000-5.000",NA,NA
"25052","Bellvís",2251,"Lleida","Pla d'Urgell",2013,8,278,"1.000-5.000",NA,NA
"25052","Bellvís",2251,"Lleida","Pla d'Urgell",2014,6,317,"1.000-5.000",NA,NA
"25052","Bellvís",2251,"Lleida","Pla d'Urgell",2015,8,307,"1.000-5.000",27327,13.48
"25052","Bellvís",2251,"Lleida","Pla d'Urgell",2016,8,326,"1.000-5.000",27727,14.11
"25052","Bellvís",2251,"Lleida","Pla d'Urgell",2017,7,381,"1.000-5.000",28665,15.95
"25052","Bellvís",2251,"Lleida","Pla d'Urgell",2018,14,300,"1.000-5.000",29998,12
"25052","Bellvís",2251,"Lleida","Pla d'Urgell",2019,30,333,"1.000-5.000",31934,12.51
"25052","Bellvís",2251,"Lleida","Pla d'Urgell",2020,35,352,"1.000-5.000",32701,12.92
"25052","Bellvís",2251,"Lleida","Pla d'Urgell",2021,33,353,"1.000-5.000",33599,12.61
"25052","Bellvís",2251,"Lleida","Pla d'Urgell",2022,42,400,"1.000-5.000",34808,13.79
"25052","Bellvís",2251,"Lleida","Pla d'Urgell",2023,39,428,"1.000-5.000",NA,NA
"25052","Bellvís",2251,"Lleida","Pla d'Urgell",2024,28,471,"1.000-5.000",NA,NA
"25053","Benavent de Segrià",1571,"Lleida","Segrià",2016,9,419,"1.000-5.000",35436,14.19
"25053","Benavent de Segrià",1571,"Lleida","Segrià",2017,6,455,"1.000-5.000",36527,14.95
"25053","Benavent de Segrià",1571,"Lleida","Segrià",2018,9,439,"1.000-5.000",38453,13.7
"25053","Benavent de Segrià",1571,"Lleida","Segrià",2019,6,450,"1.000-5.000",40735,13.26
"25053","Benavent de Segrià",1571,"Lleida","Segrià",2020,16,507,"1.000-5.000",38691,15.72
"25053","Benavent de Segrià",1571,"Lleida","Segrià",2024,6,483,"1.000-5.000",NA,NA
"25058","Borges Blanques, Les",6340,"Lleida","Garrigues",2007,36,369,"5.000-10.000",NA,NA
"25058","Borges Blanques, Les",6340,"Lleida","Garrigues",2008,44,369,"5.000-10.000",NA,NA
"25058","Borges Blanques, Les",6340,"Lleida","Garrigues",2009,37,360,"5.000-10.000",NA,NA
"25058","Borges Blanques, Les",6340,"Lleida","Garrigues",2010,45,386,"5.000-10.000",NA,NA
"25058","Borges Blanques, Les",6340,"Lleida","Garrigues",2011,48,356,"5.000-10.000",NA,NA
"25058","Borges Blanques, Les",6340,"Lleida","Garrigues",2012,71,338,"5.000-10.000",NA,NA
"25058","Borges Blanques, Les",6340,"Lleida","Garrigues",2013,135,274,"5.000-10.000",NA,NA
"25058","Borges Blanques, Les",6340,"Lleida","Garrigues",2014,91,291,"5.000-10.000",NA,NA
"25058","Borges Blanques, Les",6340,"Lleida","Garrigues",2015,88,286,"5.000-10.000",26026,13.19
"25058","Borges Blanques, Les",6340,"Lleida","Garrigues",2016,91,286,"5.000-10.000",27037,12.69
"25058","Borges Blanques, Les",6340,"Lleida","Garrigues",2017,99,318,"5.000-10.000",28109,13.58
"25058","Borges Blanques, Les",6340,"Lleida","Garrigues",2018,123,315,"5.000-10.000",29326,12.89
"25058","Borges Blanques, Les",6340,"Lleida","Garrigues",2019,368,306,"5.000-10.000",30894,11.89
"25058","Borges Blanques, Les",6340,"Lleida","Garrigues",2020,226,347,"5.000-10.000",31549,13.2
"25058","Borges Blanques, Les",6340,"Lleida","Garrigues",2021,258,362,"5.000-10.000",31270,13.89
"25058","Borges Blanques, Les",6340,"Lleida","Garrigues",2022,358,388,"5.000-10.000",33039,14.09
"25058","Borges Blanques, Les",6340,"Lleida","Garrigues",2023,339,407,"5.000-10.000",NA,NA
"25058","Borges Blanques, Les",6340,"Lleida","Garrigues",2024,360,432,"5.000-10.000",NA,NA
"25059","Bossòst",1144,"Lleida","Aran",2007,8,546,"1.000-5.000",NA,NA
"25059","Bossòst",1144,"Lleida","Aran",2008,7,541,"1.000-5.000",NA,NA
"25059","Bossòst",1144,"Lleida","Aran",2009,9,573,"1.000-5.000",NA,NA
"25059","Bossòst",1144,"Lleida","Aran",2010,11,490,"1.000-5.000",NA,NA
"25059","Bossòst",1144,"Lleida","Aran",2011,13,469,"1.000-5.000",NA,NA
"25059","Bossòst",1144,"Lleida","Aran",2012,13,420,"1.000-5.000",NA,NA
"25059","Bossòst",1144,"Lleida","Aran",2013,19,394,"1.000-5.000",NA,NA
"25059","Bossòst",1144,"Lleida","Aran",2014,12,424,"1.000-5.000",NA,NA
"25059","Bossòst",1144,"Lleida","Aran",2015,7,336,"1.000-5.000",32064,12.57
"25059","Bossòst",1144,"Lleida","Aran",2016,15,393,"1.000-5.000",33711,13.99
"25059","Bossòst",1144,"Lleida","Aran",2017,9,353,"1.000-5.000",33999,12.46
"25059","Bossòst",1144,"Lleida","Aran",2018,17,444,"1.000-5.000",35551,14.99
"25059","Bossòst",1144,"Lleida","Aran",2019,58,490,"1.000-5.000",36276,16.21
"25059","Bossòst",1144,"Lleida","Aran",2020,41,507,"1.000-5.000",34180,17.8
"25059","Bossòst",1144,"Lleida","Aran",2021,17,406,"1.000-5.000",35535,13.71
"25059","Bossòst",1144,"Lleida","Aran",2022,51,530,"1.000-5.000",38050,16.71
"25059","Bossòst",1144,"Lleida","Aran",2023,31,567,"1.000-5.000",NA,NA
"25059","Bossòst",1144,"Lleida","Aran",2024,42,618,"1.000-5.000",NA,NA
"25062","Camarasa",818,"Lleida","Noguera",2016,9,419,"< 1.000",28856,17.42
"25062","Camarasa",818,"Lleida","Noguera",2019,36,320,"< 1.000",34103,11.26
"25062","Camarasa",818,"Lleida","Noguera",2022,20,549,"< 1.000",37276,17.67
"25062","Camarasa",818,"Lleida","Noguera",2023,31,383,"< 1.000",NA,NA
"25067","Castelldans",891,"Lleida","Garrigues",2011,7,290,"< 1.000",NA,NA
"25067","Castelldans",891,"Lleida","Garrigues",2020,6,365,"< 1.000",28531,15.35
"25067","Castelldans",891,"Lleida","Garrigues",2021,14,418,"< 1.000",28531,17.58
"25068","Castellnou de Seana",728,"Lleida","Pla d'Urgell",2023,6,353,"< 1.000",NA,NA
"25069","Castelló de Farfanya",543,"Lleida","Noguera",2018,7,230,"< 1.000",29321,9.41
"25069","Castelló de Farfanya",543,"Lleida","Noguera",2022,17,346,"< 1.000",31697,13.1
"25069","Castelló de Farfanya",543,"Lleida","Noguera",2024,14,392,"< 1.000",NA,NA
"25070","Castellserà",992,"Lleida","Urgell",2012,8,303,"< 1.000",NA,NA
"25070","Castellserà",992,"Lleida","Urgell",2013,7,341,"< 1.000",NA,NA
"25070","Castellserà",992,"Lleida","Urgell",2016,7,304,"< 1.000",28886,12.63
"25070","Castellserà",992,"Lleida","Urgell",2018,8,322,"< 1.000",30527,12.66
"25070","Castellserà",992,"Lleida","Urgell",2019,8,303,"< 1.000",30269,12.01
"25070","Castellserà",992,"Lleida","Urgell",2020,6,343,"< 1.000",31101,13.23
"25070","Castellserà",992,"Lleida","Urgell",2021,16,338,"< 1.000",32046,12.66
"25070","Castellserà",992,"Lleida","Urgell",2023,21,365,"< 1.000",NA,NA
"25070","Castellserà",992,"Lleida","Urgell",2024,44,382,"< 1.000",NA,NA
"25072","Cervera",9553,"Lleida","Segarra",2007,8,470,"5.000-10.000",NA,NA
"25072","Cervera",9553,"Lleida","Segarra",2008,15,468,"5.000-10.000",NA,NA
"25072","Cervera",9553,"Lleida","Segarra",2009,20,370,"5.000-10.000",NA,NA
"25072","Cervera",9553,"Lleida","Segarra",2010,101,310,"5.000-10.000",NA,NA
"25072","Cervera",9553,"Lleida","Segarra",2011,106,326,"5.000-10.000",NA,NA
"25072","Cervera",9553,"Lleida","Segarra",2012,96,323,"5.000-10.000",NA,NA
"25072","Cervera",9553,"Lleida","Segarra",2013,107,285,"5.000-10.000",NA,NA
"25072","Cervera",9553,"Lleida","Segarra",2014,130,274,"5.000-10.000",NA,NA
"25072","Cervera",9553,"Lleida","Segarra",2015,146,272,"5.000-10.000",28470,11.46
"25072","Cervera",9553,"Lleida","Segarra",2016,139,287,"5.000-10.000",29789,11.56
"25072","Cervera",9553,"Lleida","Segarra",2017,179,277,"5.000-10.000",32526,10.22
"25072","Cervera",9553,"Lleida","Segarra",2018,192,295,"5.000-10.000",32064,11.04
"25072","Cervera",9553,"Lleida","Segarra",2019,538,317,"5.000-10.000",32020,11.88
"25072","Cervera",9553,"Lleida","Segarra",2020,453,331,"5.000-10.000",32781,12.12
"25072","Cervera",9553,"Lleida","Segarra",2021,557,347,"5.000-10.000",34384,12.11
"25072","Cervera",9553,"Lleida","Segarra",2022,581,366,"5.000-10.000",35411,12.4
"25072","Cervera",9553,"Lleida","Segarra",2023,500,383,"5.000-10.000",NA,NA
"25072","Cervera",9553,"Lleida","Segarra",2024,509,401,"5.000-10.000",NA,NA
"25077","Coll de Nargó",583,"Lleida","Alt Urgell",2016,6,283,"< 1.000",25547,13.29
"25077","Coll de Nargó",583,"Lleida","Alt Urgell",2018,8,241,"< 1.000",29267,9.88
"25077","Coll de Nargó",583,"Lleida","Alt Urgell",2019,12,376,"< 1.000",30049,15.02
"25077","Coll de Nargó",583,"Lleida","Alt Urgell",2023,14,516,"< 1.000",NA,NA
"25077","Coll de Nargó",583,"Lleida","Alt Urgell",2024,9,525,"< 1.000",NA,NA
"25078","Corbins",1483,"Lleida","Segrià",2019,20,341,"1.000-5.000",36435,11.23
"25078","Corbins",1483,"Lleida","Segrià",2021,14,440,"1.000-5.000",37276,14.16
"25078","Corbins",1483,"Lleida","Segrià",2024,6,505,"1.000-5.000",NA,NA
"25079","Cubells",342,"Lleida","Noguera",2018,10,437,"< 1.000",29736,17.64
"25079","Cubells",342,"Lleida","Noguera",2019,6,478,"< 1.000",31641,18.13
"25079","Cubells",342,"Lleida","Noguera",2020,17,448,"< 1.000",31509,17.06
"25079","Cubells",342,"Lleida","Noguera",2021,15,449,"< 1.000",35147,15.33
"25079","Cubells",342,"Lleida","Noguera",2022,19,691,"< 1.000",35435,23.4
"25086","Esterri d'Àneu",920,"Lleida","Pallars Sobirà",2009,8,466,"< 1.000",NA,NA
"25086","Esterri d'Àneu",920,"Lleida","Pallars Sobirà",2010,8,512,"< 1.000",NA,NA
"25086","Esterri d'Àneu",920,"Lleida","Pallars Sobirà",2011,6,352,"< 1.000",NA,NA
"25086","Esterri d'Àneu",920,"Lleida","Pallars Sobirà",2012,7,350,"< 1.000",NA,NA
"25086","Esterri d'Àneu",920,"Lleida","Pallars Sobirà",2013,12,460,"< 1.000",NA,NA
"25086","Esterri d'Àneu",920,"Lleida","Pallars Sobirà",2014,10,296,"< 1.000",NA,NA
"25086","Esterri d'Àneu",920,"Lleida","Pallars Sobirà",2015,6,290,"< 1.000",29505,11.79
"25086","Esterri d'Àneu",920,"Lleida","Pallars Sobirà",2016,6,392,"< 1.000",31215,15.07
"25086","Esterri d'Àneu",920,"Lleida","Pallars Sobirà",2017,12,328,"< 1.000",30084,13.08
"25086","Esterri d'Àneu",920,"Lleida","Pallars Sobirà",2018,11,286,"< 1.000",32424,10.58
"25086","Esterri d'Àneu",920,"Lleida","Pallars Sobirà",2019,32,355,"< 1.000",32603,13.07
"25086","Esterri d'Àneu",920,"Lleida","Pallars Sobirà",2020,34,361,"< 1.000",33167,13.06
"25086","Esterri d'Àneu",920,"Lleida","Pallars Sobirà",2021,58,402,"< 1.000",32340,14.92
"25086","Esterri d'Àneu",920,"Lleida","Pallars Sobirà",2022,81,423,"< 1.000",32617,15.56
"25086","Esterri d'Àneu",920,"Lleida","Pallars Sobirà",2023,62,474,"< 1.000",NA,NA
"25086","Esterri d'Àneu",920,"Lleida","Pallars Sobirà",2024,71,543,"< 1.000",NA,NA
"25092","Floresta, La",164,"Lleida","Garrigues",2010,6,738,"< 1.000",NA,NA
"25092","Floresta, La",164,"Lleida","Garrigues",2014,11,497,"< 1.000",NA,NA
"25092","Floresta, La",164,"Lleida","Garrigues",2015,8,622,"< 1.000",31216,23.91
"25092","Floresta, La",164,"Lleida","Garrigues",2018,7,956,"< 1.000",36338,31.57
"25092","Floresta, La",164,"Lleida","Garrigues",2021,6,1437,"< 1.000",41763,41.29
"25096","Fuliola, La",1249,"Lleida","Urgell",2010,12,372,"1.000-5.000",NA,NA
"25096","Fuliola, La",1249,"Lleida","Urgell",2011,18,380,"1.000-5.000",NA,NA
"25096","Fuliola, La",1249,"Lleida","Urgell",2012,6,376,"1.000-5.000",NA,NA
"25096","Fuliola, La",1249,"Lleida","Urgell",2013,18,319,"1.000-5.000",NA,NA
"25096","Fuliola, La",1249,"Lleida","Urgell",2014,6,260,"1.000-5.000",NA,NA
"25096","Fuliola, La",1249,"Lleida","Urgell",2016,12,305,"1.000-5.000",27328,13.39
"25096","Fuliola, La",1249,"Lleida","Urgell",2018,11,325,"1.000-5.000",30451,12.81
"25096","Fuliola, La",1249,"Lleida","Urgell",2019,23,308,"1.000-5.000",31419,11.76
"25096","Fuliola, La",1249,"Lleida","Urgell",2020,25,301,"1.000-5.000",32888,10.98
"25096","Fuliola, La",1249,"Lleida","Urgell",2021,17,325,"1.000-5.000",33985,11.48
"25096","Fuliola, La",1249,"Lleida","Urgell",2022,21,363,"1.000-5.000",34634,12.58
"25096","Fuliola, La",1249,"Lleida","Urgell",2023,28,366,"1.000-5.000",NA,NA
"25096","Fuliola, La",1249,"Lleida","Urgell",2024,41,416,"1.000-5.000",NA,NA
"25099","Golmés",1913,"Lleida","Pla d'Urgell",2010,14,364,"1.000-5.000",NA,NA
"25099","Golmés",1913,"Lleida","Pla d'Urgell",2012,15,437,"1.000-5.000",NA,NA
"25099","Golmés",1913,"Lleida","Pla d'Urgell",2013,6,375,"1.000-5.000",NA,NA
"25099","Golmés",1913,"Lleida","Pla d'Urgell",2014,7,347,"1.000-5.000",NA,NA
"25099","Golmés",1913,"Lleida","Pla d'Urgell",2016,7,410,"1.000-5.000",30218,16.28
"25099","Golmés",1913,"Lleida","Pla d'Urgell",2017,8,400,"1.000-5.000",31346,15.31
"25099","Golmés",1913,"Lleida","Pla d'Urgell",2019,25,334,"1.000-5.000",35861,11.18
"25099","Golmés",1913,"Lleida","Pla d'Urgell",2020,7,454,"1.000-5.000",37827,14.4
"25099","Golmés",1913,"Lleida","Pla d'Urgell",2021,37,461,"1.000-5.000",38560,14.35
"25099","Golmés",1913,"Lleida","Pla d'Urgell",2022,24,376,"1.000-5.000",39754,11.35
"25099","Golmés",1913,"Lleida","Pla d'Urgell",2023,18,565,"1.000-5.000",NA,NA
"25099","Golmés",1913,"Lleida","Pla d'Urgell",2024,32,566,"1.000-5.000",NA,NA
"25100","Gósol",214,"Lleida","Berguedà",2015,9,368,"< 1.000",30366,14.54
"25100","Gósol",214,"Lleida","Berguedà",2018,7,423,"< 1.000",31918,15.9
"25100","Gósol",214,"Lleida","Berguedà",2020,15,401,"< 1.000",32625,14.75
"25100","Gósol",214,"Lleida","Berguedà",2023,6,396,"< 1.000",NA,NA
"25101","Granadella, La",762,"Lleida","Garrigues",2022,32,294,"< 1.000",31832,11.08
"25101","Granadella, La",762,"Lleida","Garrigues",2023,6,325,"< 1.000",NA,NA
"25110","Guissona",7586,"Lleida","Segarra",2008,7,434,"5.000-10.000",NA,NA
"25110","Guissona",7586,"Lleida","Segarra",2009,24,432,"5.000-10.000",NA,NA
"25110","Guissona",7586,"Lleida","Segarra",2010,299,328,"5.000-10.000",NA,NA
"25110","Guissona",7586,"Lleida","Segarra",2011,181,339,"5.000-10.000",NA,NA
"25110","Guissona",7586,"Lleida","Segarra",2012,145,354,"5.000-10.000",NA,NA
"25110","Guissona",7586,"Lleida","Segarra",2013,135,340,"5.000-10.000",NA,NA
"25110","Guissona",7586,"Lleida","Segarra",2014,129,334,"5.000-10.000",NA,NA
"25110","Guissona",7586,"Lleida","Segarra",2015,116,349,"5.000-10.000",35110,11.93
"25110","Guissona",7586,"Lleida","Segarra",2016,141,350,"5.000-10.000",35666,11.78
"25110","Guissona",7586,"Lleida","Segarra",2017,130,357,"5.000-10.000",36171,11.84
"25110","Guissona",7586,"Lleida","Segarra",2018,90,383,"5.000-10.000",37199,12.36
"25110","Guissona",7586,"Lleida","Segarra",2019,392,371,"5.000-10.000",38691,11.51
"25110","Guissona",7586,"Lleida","Segarra",2020,298,374,"5.000-10.000",39554,11.35
"25110","Guissona",7586,"Lleida","Segarra",2021,711,395,"5.000-10.000",39156,12.11
"25110","Guissona",7586,"Lleida","Segarra",2022,518,405,"5.000-10.000",40981,11.86
"25110","Guissona",7586,"Lleida","Segarra",2023,366,427,"5.000-10.000",NA,NA
"25110","Guissona",7586,"Lleida","Segarra",2024,421,437,"5.000-10.000",NA,NA
"25113","Ivars d'Urgell",1591,"Lleida","Pla d'Urgell",2012,6,332,"1.000-5.000",NA,NA
"25113","Ivars d'Urgell",1591,"Lleida","Pla d'Urgell",2013,12,326,"1.000-5.000",NA,NA
"25113","Ivars d'Urgell",1591,"Lleida","Pla d'Urgell",2014,15,310,"1.000-5.000",NA,NA
"25113","Ivars d'Urgell",1591,"Lleida","Pla d'Urgell",2015,12,306,"1.000-5.000",29235,12.56
"25113","Ivars d'Urgell",1591,"Lleida","Pla d'Urgell",2016,7,284,"1.000-5.000",30326,11.24
"25113","Ivars d'Urgell",1591,"Lleida","Pla d'Urgell",2017,12,288,"1.000-5.000",31440,10.99
"25113","Ivars d'Urgell",1591,"Lleida","Pla d'Urgell",2018,8,298,"1.000-5.000",32898,10.87
"25113","Ivars d'Urgell",1591,"Lleida","Pla d'Urgell",2019,40,336,"1.000-5.000",34471,11.7
"25113","Ivars d'Urgell",1591,"Lleida","Pla d'Urgell",2020,14,404,"1.000-5.000",35273,13.74
"25113","Ivars d'Urgell",1591,"Lleida","Pla d'Urgell",2021,13,355,"1.000-5.000",36860,11.56
"25113","Ivars d'Urgell",1591,"Lleida","Pla d'Urgell",2022,20,343,"1.000-5.000",36897,11.16
"25113","Ivars d'Urgell",1591,"Lleida","Pla d'Urgell",2023,14,371,"1.000-5.000",NA,NA
"25113","Ivars d'Urgell",1591,"Lleida","Pla d'Urgell",2024,14,491,"1.000-5.000",NA,NA
"25115","Isona i Conca Dellà",1042,"Lleida","Pallars Jussà",2018,8,388,"1.000-5.000",30527,15.25
"25115","Isona i Conca Dellà",1042,"Lleida","Pallars Jussà",2019,7,271,"1.000-5.000",32186,10.1
"25115","Isona i Conca Dellà",1042,"Lleida","Pallars Jussà",2020,6,320,"1.000-5.000",32519,11.81
"25115","Isona i Conca Dellà",1042,"Lleida","Pallars Jussà",2021,7,300,"1.000-5.000",34453,10.45
"25115","Isona i Conca Dellà",1042,"Lleida","Pallars Jussà",2022,13,318,"1.000-5.000",34590,11.03
"25119","Juneda",3523,"Lleida","Garrigues",2007,12,390,"1.000-5.000",NA,NA
"25119","Juneda",3523,"Lleida","Garrigues",2008,6,413,"1.000-5.000",NA,NA
"25119","Juneda",3523,"Lleida","Garrigues",2009,16,377,"1.000-5.000",NA,NA
"25119","Juneda",3523,"Lleida","Garrigues",2010,10,392,"1.000-5.000",NA,NA
"25119","Juneda",3523,"Lleida","Garrigues",2011,16,364,"1.000-5.000",NA,NA
"25119","Juneda",3523,"Lleida","Garrigues",2012,16,341,"1.000-5.000",NA,NA
"25119","Juneda",3523,"Lleida","Garrigues",2013,17,320,"1.000-5.000",NA,NA
"25119","Juneda",3523,"Lleida","Garrigues",2014,16,286,"1.000-5.000",NA,NA
"25119","Juneda",3523,"Lleida","Garrigues",2015,17,299,"1.000-5.000",28198,12.72
"25119","Juneda",3523,"Lleida","Garrigues",2016,24,295,"1.000-5.000",29435,12.03
"25119","Juneda",3523,"Lleida","Garrigues",2017,20,304,"1.000-5.000",30497,11.96
"25119","Juneda",3523,"Lleida","Garrigues",2018,16,312,"1.000-5.000",31957,11.72
"25119","Juneda",3523,"Lleida","Garrigues",2019,59,329,"1.000-5.000",33505,11.78
"25119","Juneda",3523,"Lleida","Garrigues",2020,134,363,"1.000-5.000",34639,12.58
"25119","Juneda",3523,"Lleida","Garrigues",2021,79,350,"1.000-5.000",36457,11.52
"25119","Juneda",3523,"Lleida","Garrigues",2022,78,357,"1.000-5.000",37123,11.54
"25119","Juneda",3523,"Lleida","Garrigues",2023,77,429,"1.000-5.000",NA,NA
"25119","Juneda",3523,"Lleida","Garrigues",2024,100,420,"1.000-5.000",NA,NA
"25120","Lleida",144878,"Lleida","Segrià",2007,860,429,"> 100.000",NA,NA
"25120","Lleida",144878,"Lleida","Segrià",2008,933,458,"> 100.000",NA,NA
"25120","Lleida",144878,"Lleida","Segrià",2009,1332,432,"> 100.000",NA,NA
"25120","Lleida",144878,"Lleida","Segrià",2010,2138,407,"> 100.000",NA,NA
"25120","Lleida",144878,"Lleida","Segrià",2011,2142,408,"> 100.000",NA,NA
"25120","Lleida",144878,"Lleida","Segrià",2012,2527,396,"> 100.000",NA,NA
"25120","Lleida",144878,"Lleida","Segrià",2013,2634,377,"> 100.000",NA,NA
"25120","Lleida",144878,"Lleida","Segrià",2014,2404,375,"> 100.000",NA,NA
"25120","Lleida",144878,"Lleida","Segrià",2015,2543,386,"> 100.000",29454,15.73
"25120","Lleida",144878,"Lleida","Segrià",2016,2586,394,"> 100.000",30348,15.58
"25120","Lleida",144878,"Lleida","Segrià",2017,2716,407,"> 100.000",31206,15.65
"25120","Lleida",144878,"Lleida","Segrià",2018,2581,432,"> 100.000",32575,15.91
"25120","Lleida",144878,"Lleida","Segrià",2019,8427,455,"> 100.000",33784,16.16
"25120","Lleida",144878,"Lleida","Segrià",2020,6183,484,"> 100.000",34151,17.01
"25120","Lleida",144878,"Lleida","Segrià",2021,9260,464,"> 100.000",35342,15.75
"25120","Lleida",144878,"Lleida","Segrià",2022,8378,498,"> 100.000",36521,16.36
"25120","Lleida",144878,"Lleida","Segrià",2023,7723,542,"> 100.000",NA,NA
"25120","Lleida",144878,"Lleida","Segrià",2024,7416,562,"> 100.000",NA,NA
"25121","Les",1031,"Lleida","Aran",2008,7,587,"1.000-5.000",NA,NA
"25121","Les",1031,"Lleida","Aran",2009,17,515,"1.000-5.000",NA,NA
"25121","Les",1031,"Lleida","Aran",2010,7,494,"1.000-5.000",NA,NA
"25121","Les",1031,"Lleida","Aran",2017,6,428,"1.000-5.000",34073,15.07
"25121","Les",1031,"Lleida","Aran",2018,6,455,"1.000-5.000",33280,16.41
"25121","Les",1031,"Lleida","Aran",2020,7,905,"1.000-5.000",33764,32.16
"25121","Les",1031,"Lleida","Aran",2022,28,462,"1.000-5.000",39979,13.87
"25121","Les",1031,"Lleida","Aran",2024,59,475,"1.000-5.000",NA,NA
"25122","Linyola",2737,"Lleida","Pla d'Urgell",2010,17,357,"1.000-5.000",NA,NA
"25122","Linyola",2737,"Lleida","Pla d'Urgell",2011,11,352,"1.000-5.000",NA,NA
"25122","Linyola",2737,"Lleida","Pla d'Urgell",2012,20,296,"1.000-5.000",NA,NA
"25122","Linyola",2737,"Lleida","Pla d'Urgell",2013,35,254,"1.000-5.000",NA,NA
"25122","Linyola",2737,"Lleida","Pla d'Urgell",2014,21,250,"1.000-5.000",NA,NA
"25122","Linyola",2737,"Lleida","Pla d'Urgell",2015,23,251,"1.000-5.000",26591,11.33
"25122","Linyola",2737,"Lleida","Pla d'Urgell",2016,21,280,"1.000-5.000",27284,12.31
"25122","Linyola",2737,"Lleida","Pla d'Urgell",2017,18,286,"1.000-5.000",28033,12.24
"25122","Linyola",2737,"Lleida","Pla d'Urgell",2018,40,280,"1.000-5.000",29186,11.51
"25122","Linyola",2737,"Lleida","Pla d'Urgell",2019,129,313,"1.000-5.000",30357,12.37
"25122","Linyola",2737,"Lleida","Pla d'Urgell",2020,111,343,"1.000-5.000",31272,13.16
"25122","Linyola",2737,"Lleida","Pla d'Urgell",2021,116,364,"1.000-5.000",33343,13.1
"25122","Linyola",2737,"Lleida","Pla d'Urgell",2022,122,371,"1.000-5.000",33796,13.17
"25122","Linyola",2737,"Lleida","Pla d'Urgell",2023,100,424,"1.000-5.000",NA,NA
"25122","Linyola",2737,"Lleida","Pla d'Urgell",2024,108,416,"1.000-5.000",NA,NA
"25126","Llavorsí",336,"Lleida","Pallars Sobirà",2010,7,454,"< 1.000",NA,NA
"25126","Llavorsí",336,"Lleida","Pallars Sobirà",2014,9,311,"< 1.000",NA,NA
"25126","Llavorsí",336,"Lleida","Pallars Sobirà",2015,6,268,"< 1.000",24130,13.33
"25126","Llavorsí",336,"Lleida","Pallars Sobirà",2018,7,322,"< 1.000",28960,13.34
"25126","Llavorsí",336,"Lleida","Pallars Sobirà",2021,6,418,"< 1.000",31290,16.03
"25126","Llavorsí",336,"Lleida","Pallars Sobirà",2024,20,357,"< 1.000",NA,NA
"25127","Lles de Cerdanya",288,"Lleida","Cerdanya",2019,13,282,"< 1.000",28817,11.74
"25134","Menàrguens",793,"Lleida","Noguera",2011,6,425,"< 1.000",NA,NA
"25134","Menàrguens",793,"Lleida","Noguera",2012,8,335,"< 1.000",NA,NA
"25134","Menàrguens",793,"Lleida","Noguera",2013,11,314,"< 1.000",NA,NA
"25134","Menàrguens",793,"Lleida","Noguera",2015,6,293,"< 1.000",26902,13.07
"25134","Menàrguens",793,"Lleida","Noguera",2017,8,379,"< 1.000",27955,16.27
"25134","Menàrguens",793,"Lleida","Noguera",2019,40,331,"< 1.000",31085,12.78
"25134","Menàrguens",793,"Lleida","Noguera",2021,15,352,"< 1.000",32623,12.95
"25134","Menàrguens",793,"Lleida","Noguera",2023,27,451,"< 1.000",NA,NA
"25134","Menàrguens",793,"Lleida","Noguera",2024,14,387,"< 1.000",NA,NA
"25135","Miralcamp",1389,"Lleida","Pla d'Urgell",2011,6,376,"1.000-5.000",NA,NA
"25135","Miralcamp",1389,"Lleida","Pla d'Urgell",2015,6,308,"1.000-5.000",28027,13.19
"25135","Miralcamp",1389,"Lleida","Pla d'Urgell",2019,7,411,"1.000-5.000",33134,14.89
"25135","Miralcamp",1389,"Lleida","Pla d'Urgell",2022,6,427,"1.000-5.000",34904,14.68
"25135","Miralcamp",1389,"Lleida","Pla d'Urgell",2023,14,445,"1.000-5.000",NA,NA
"25135","Miralcamp",1389,"Lleida","Pla d'Urgell",2024,20,496,"1.000-5.000",NA,NA
"25137","Mollerussa",15680,"Lleida","Pla d'Urgell",2007,75,414,"10.000-50.000",NA,NA
"25137","Mollerussa",15680,"Lleida","Pla d'Urgell",2008,97,425,"10.000-50.000",NA,NA
"25137","Mollerussa",15680,"Lleida","Pla d'Urgell",2009,166,391,"10.000-50.000",NA,NA
"25137","Mollerussa",15680,"Lleida","Pla d'Urgell",2010,196,376,"10.000-50.000",NA,NA
"25137","Mollerussa",15680,"Lleida","Pla d'Urgell",2011,281,376,"10.000-50.000",NA,NA
"25137","Mollerussa",15680,"Lleida","Pla d'Urgell",2012,336,351,"10.000-50.000",NA,NA
"25137","Mollerussa",15680,"Lleida","Pla d'Urgell",2013,351,312,"10.000-50.000",NA,NA
"25137","Mollerussa",15680,"Lleida","Pla d'Urgell",2014,341,319,"10.000-50.000",NA,NA
"25137","Mollerussa",15680,"Lleida","Pla d'Urgell",2015,307,328,"10.000-50.000",28171,13.97
"25137","Mollerussa",15680,"Lleida","Pla d'Urgell",2016,405,331,"10.000-50.000",29111,13.64
"25137","Mollerussa",15680,"Lleida","Pla d'Urgell",2017,392,355,"10.000-50.000",29411,14.48
"25137","Mollerussa",15680,"Lleida","Pla d'Urgell",2018,383,357,"10.000-50.000",31461,13.62
"25137","Mollerussa",15680,"Lleida","Pla d'Urgell",2019,1182,369,"10.000-50.000",32900,13.46
"25137","Mollerussa",15680,"Lleida","Pla d'Urgell",2020,966,396,"10.000-50.000",33851,14.04
"25137","Mollerussa",15680,"Lleida","Pla d'Urgell",2021,1457,390,"10.000-50.000",35026,13.36
"25137","Mollerussa",15680,"Lleida","Pla d'Urgell",2022,1168,417,"10.000-50.000",37234,13.44
"25137","Mollerussa",15680,"Lleida","Pla d'Urgell",2023,1298,468,"10.000-50.000",NA,NA
"25137","Mollerussa",15680,"Lleida","Pla d'Urgell",2024,963,479,"10.000-50.000",NA,NA
"25138","Montgai",640,"Lleida","Noguera",2021,8,452,"< 1.000",37975,14.28
"25138","Montgai",640,"Lleida","Noguera",2022,12,365,"< 1.000",35662,12.28
"25139","Montellà i Martinet",619,"Lleida","Cerdanya",2010,7,353,"< 1.000",NA,NA
"25139","Montellà i Martinet",619,"Lleida","Cerdanya",2011,11,481,"< 1.000",NA,NA
"25139","Montellà i Martinet",619,"Lleida","Cerdanya",2012,8,445,"< 1.000",NA,NA
"25139","Montellà i Martinet",619,"Lleida","Cerdanya",2013,6,438,"< 1.000",NA,NA
"25139","Montellà i Martinet",619,"Lleida","Cerdanya",2015,10,367,"< 1.000",24922,17.67
"25139","Montellà i Martinet",619,"Lleida","Cerdanya",2016,11,549,"< 1.000",25933,25.4
"25139","Montellà i Martinet",619,"Lleida","Cerdanya",2018,17,412,"< 1.000",25849,19.13
"25139","Montellà i Martinet",619,"Lleida","Cerdanya",2019,26,443,"< 1.000",28108,18.91
"25139","Montellà i Martinet",619,"Lleida","Cerdanya",2020,32,448,"< 1.000",27266,19.72
"25139","Montellà i Martinet",619,"Lleida","Cerdanya",2021,22,506,"< 1.000",27749,21.88
"25139","Montellà i Martinet",619,"Lleida","Cerdanya",2022,43,442,"< 1.000",29203,18.16
"25139","Montellà i Martinet",619,"Lleida","Cerdanya",2023,15,463,"< 1.000",NA,NA
"25139","Montellà i Martinet",619,"Lleida","Cerdanya",2024,24,593,"< 1.000",NA,NA
"25140","Montferrer i Castellbò",1163,"Lleida","Alt Urgell",2012,12,569,"1.000-5.000",NA,NA
"25140","Montferrer i Castellbò",1163,"Lleida","Alt Urgell",2013,10,497,"1.000-5.000",NA,NA
"25140","Montferrer i Castellbò",1163,"Lleida","Alt Urgell",2014,9,506,"1.000-5.000",NA,NA
"25140","Montferrer i Castellbò",1163,"Lleida","Alt Urgell",2015,9,495,"1.000-5.000",26021,22.83
"25140","Montferrer i Castellbò",1163,"Lleida","Alt Urgell",2016,11,535,"1.000-5.000",26799,23.96
"25140","Montferrer i Castellbò",1163,"Lleida","Alt Urgell",2017,11,463,"1.000-5.000",27154,20.46
"25140","Montferrer i Castellbò",1163,"Lleida","Alt Urgell",2018,10,450,"1.000-5.000",29019,18.61
"25140","Montferrer i Castellbò",1163,"Lleida","Alt Urgell",2019,22,572,"1.000-5.000",29891,22.96
"25140","Montferrer i Castellbò",1163,"Lleida","Alt Urgell",2020,19,478,"1.000-5.000",30486,18.82
"25140","Montferrer i Castellbò",1163,"Lleida","Alt Urgell",2021,21,549,"1.000-5.000",31614,20.84
"25140","Montferrer i Castellbò",1163,"Lleida","Alt Urgell",2022,24,576,"1.000-5.000",32897,21.01
"25140","Montferrer i Castellbò",1163,"Lleida","Alt Urgell",2023,49,698,"1.000-5.000",NA,NA
"25140","Montferrer i Castellbò",1163,"Lleida","Alt Urgell",2024,27,667,"1.000-5.000",NA,NA
"25148","Odèn",231,"Lleida","Solsonès",2017,6,322,"< 1.000",26126,14.79
"25149","Oliana",1828,"Lleida","Alt Urgell",2007,7,243,"1.000-5.000",NA,NA
"25149","Oliana",1828,"Lleida","Alt Urgell",2011,6,290,"1.000-5.000",NA,NA
"25149","Oliana",1828,"Lleida","Alt Urgell",2013,9,288,"1.000-5.000",NA,NA
"25149","Oliana",1828,"Lleida","Alt Urgell",2014,11,280,"1.000-5.000",NA,NA
"25149","Oliana",1828,"Lleida","Alt Urgell",2015,17,244,"1.000-5.000",29243,10.01
"25149","Oliana",1828,"Lleida","Alt Urgell",2016,9,272,"1.000-5.000",29627,11.02
"25149","Oliana",1828,"Lleida","Alt Urgell",2018,18,250,"1.000-5.000",32521,9.22
"25149","Oliana",1828,"Lleida","Alt Urgell",2019,48,301,"1.000-5.000",34233,10.55
"25149","Oliana",1828,"Lleida","Alt Urgell",2020,81,326,"1.000-5.000",34684,11.28
"25149","Oliana",1828,"Lleida","Alt Urgell",2021,30,356,"1.000-5.000",34692,12.31
"25149","Oliana",1828,"Lleida","Alt Urgell",2022,47,386,"1.000-5.000",36714,12.62
"25149","Oliana",1828,"Lleida","Alt Urgell",2023,43,397,"1.000-5.000",NA,NA
"25149","Oliana",1828,"Lleida","Alt Urgell",2024,35,392,"1.000-5.000",NA,NA
"25151","Olius",1003,"Lleida","Solsonès",2015,6,398,"1.000-5.000",32993,14.48
"25151","Olius",1003,"Lleida","Solsonès",2017,10,400,"1.000-5.000",35764,13.42
"25151","Olius",1003,"Lleida","Solsonès",2018,11,545,"1.000-5.000",42600,15.35
"25151","Olius",1003,"Lleida","Solsonès",2019,39,542,"1.000-5.000",43906,14.81
"25151","Olius",1003,"Lleida","Solsonès",2020,16,635,"1.000-5.000",43623,17.47
"25151","Olius",1003,"Lleida","Solsonès",2022,7,621,"1.000-5.000",45744,16.29
"25151","Olius",1003,"Lleida","Solsonès",2023,21,615,"1.000-5.000",NA,NA
"25151","Olius",1003,"Lleida","Solsonès",2024,7,632,"1.000-5.000",NA,NA
"25155","Organyà",809,"Lleida","Alt Urgell",2016,7,264,"< 1.000",24458,12.95
"25155","Organyà",809,"Lleida","Alt Urgell",2017,6,346,"< 1.000",25877,16.05
"25155","Organyà",809,"Lleida","Alt Urgell",2018,6,315,"< 1.000",26667,14.17
"25155","Organyà",809,"Lleida","Alt Urgell",2019,36,419,"< 1.000",29179,17.23
"25155","Organyà",809,"Lleida","Alt Urgell",2020,16,384,"< 1.000",26605,17.32
"25155","Organyà",809,"Lleida","Alt Urgell",2021,27,393,"< 1.000",28870,16.34
"25155","Organyà",809,"Lleida","Alt Urgell",2022,30,406,"< 1.000",29203,16.68
"25155","Organyà",809,"Lleida","Alt Urgell",2023,17,462,"< 1.000",NA,NA
"25155","Organyà",809,"Lleida","Alt Urgell",2024,65,459,"< 1.000",NA,NA
"25156","Os de Balaguer",1072,"Lleida","Noguera",2010,7,408,"1.000-5.000",NA,NA
"25156","Os de Balaguer",1072,"Lleida","Noguera",2013,6,450,"1.000-5.000",NA,NA
"25156","Os de Balaguer",1072,"Lleida","Noguera",2014,13,353,"1.000-5.000",NA,NA
"25156","Os de Balaguer",1072,"Lleida","Noguera",2017,8,366,"1.000-5.000",30217,14.53
"25156","Os de Balaguer",1072,"Lleida","Noguera",2019,16,373,"1.000-5.000",34342,13.03
"25156","Os de Balaguer",1072,"Lleida","Noguera",2021,10,429,"1.000-5.000",35717,14.41
"25156","Os de Balaguer",1072,"Lleida","Noguera",2023,20,423,"1.000-5.000",NA,NA
"25156","Os de Balaguer",1072,"Lleida","Noguera",2024,23,465,"1.000-5.000",NA,NA
"25158","Palau d'Anglesola, El",2200,"Lleida","Pla d'Urgell",2008,7,476,"1.000-5.000",NA,NA
"25158","Palau d'Anglesola, El",2200,"Lleida","Pla d'Urgell",2009,6,340,"1.000-5.000",NA,NA
"25158","Palau d'Anglesola, El",2200,"Lleida","Pla d'Urgell",2010,8,404,"1.000-5.000",NA,NA
"25158","Palau d'Anglesola, El",2200,"Lleida","Pla d'Urgell",2011,14,379,"1.000-5.000",NA,NA
"25158","Palau d'Anglesola, El",2200,"Lleida","Pla d'Urgell",2012,14,394,"1.000-5.000",NA,NA
"25158","Palau d'Anglesola, El",2200,"Lleida","Pla d'Urgell",2013,18,397,"1.000-5.000",NA,NA
"25158","Palau d'Anglesola, El",2200,"Lleida","Pla d'Urgell",2014,19,313,"1.000-5.000",NA,NA
"25158","Palau d'Anglesola, El",2200,"Lleida","Pla d'Urgell",2015,15,352,"1.000-5.000",30484,13.86
"25158","Palau d'Anglesola, El",2200,"Lleida","Pla d'Urgell",2016,15,400,"1.000-5.000",30350,15.82
"25158","Palau d'Anglesola, El",2200,"Lleida","Pla d'Urgell",2017,14,396,"1.000-5.000",31265,15.2
"25158","Palau d'Anglesola, El",2200,"Lleida","Pla d'Urgell",2018,29,373,"1.000-5.000",33222,13.47
"25158","Palau d'Anglesola, El",2200,"Lleida","Pla d'Urgell",2019,35,392,"1.000-5.000",36445,12.91
"25158","Palau d'Anglesola, El",2200,"Lleida","Pla d'Urgell",2020,24,339,"1.000-5.000",37167,10.95
"25158","Palau d'Anglesola, El",2200,"Lleida","Pla d'Urgell",2021,47,429,"1.000-5.000",38380,13.41
"25158","Palau d'Anglesola, El",2200,"Lleida","Pla d'Urgell",2022,35,380,"1.000-5.000",39276,11.61
"25158","Palau d'Anglesola, El",2200,"Lleida","Pla d'Urgell",2023,43,455,"1.000-5.000",NA,NA
"25158","Palau d'Anglesola, El",2200,"Lleida","Pla d'Urgell",2024,30,563,"1.000-5.000",NA,NA
"25161","Conca de Dalt",435,"Lleida","Pallars Jussà",2024,6,421,"< 1.000",NA,NA
"25163","Coma i la Pedra, La",283,"Lleida","Solsonès",2016,15,201,"< 1.000",26955,8.95
"25164","Penelles",435,"Lleida","Noguera",2011,6,250,"< 1.000",NA,NA
"25168","Poal, El",652,"Lleida","Pla d'Urgell",2014,6,404,"< 1.000",NA,NA
"25168","Poal, El",652,"Lleida","Pla d'Urgell",2018,6,367,"< 1.000",33374,13.2
"25171","Pobla de Segur, La",3043,"Lleida","Pallars Jussà",2008,7,349,"1.000-5.000",NA,NA
"25171","Pobla de Segur, La",3043,"Lleida","Pallars Jussà",2009,30,319,"1.000-5.000",NA,NA
"25171","Pobla de Segur, La",3043,"Lleida","Pallars Jussà",2010,43,260,"1.000-5.000",NA,NA
"25171","Pobla de Segur, La",3043,"Lleida","Pallars Jussà",2011,39,284,"1.000-5.000",NA,NA
"25171","Pobla de Segur, La",3043,"Lleida","Pallars Jussà",2012,18,332,"1.000-5.000",NA,NA
"25171","Pobla de Segur, La",3043,"Lleida","Pallars Jussà",2013,31,303,"1.000-5.000",NA,NA
"25171","Pobla de Segur, La",3043,"Lleida","Pallars Jussà",2014,30,254,"1.000-5.000",NA,NA
"25171","Pobla de Segur, La",3043,"Lleida","Pallars Jussà",2015,38,246,"1.000-5.000",27433,10.76
"25171","Pobla de Segur, La",3043,"Lleida","Pallars Jussà",2016,33,261,"1.000-5.000",28144,11.13
"25171","Pobla de Segur, La",3043,"Lleida","Pallars Jussà",2017,28,290,"1.000-5.000",28132,12.37
"25171","Pobla de Segur, La",3043,"Lleida","Pallars Jussà",2018,67,302,"1.000-5.000",29502,12.28
"25171","Pobla de Segur, La",3043,"Lleida","Pallars Jussà",2019,195,304,"1.000-5.000",30631,11.91
"25171","Pobla de Segur, La",3043,"Lleida","Pallars Jussà",2020,117,319,"1.000-5.000",31369,12.2
"25171","Pobla de Segur, La",3043,"Lleida","Pallars Jussà",2021,203,312,"1.000-5.000",31547,11.87
"25171","Pobla de Segur, La",3043,"Lleida","Pallars Jussà",2022,192,328,"1.000-5.000",33387,11.79
"25171","Pobla de Segur, La",3043,"Lleida","Pallars Jussà",2023,177,361,"1.000-5.000",NA,NA
"25171","Pobla de Segur, La",3043,"Lleida","Pallars Jussà",2024,266,381,"1.000-5.000",NA,NA
"25172","Ponts",2670,"Lleida","Noguera",2009,12,304,"1.000-5.000",NA,NA
"25172","Ponts",2670,"Lleida","Noguera",2010,14,330,"1.000-5.000",NA,NA
"25172","Ponts",2670,"Lleida","Noguera",2011,12,283,"1.000-5.000",NA,NA
"25172","Ponts",2670,"Lleida","Noguera",2012,22,294,"1.000-5.000",NA,NA
"25172","Ponts",2670,"Lleida","Noguera",2013,19,287,"1.000-5.000",NA,NA
"25172","Ponts",2670,"Lleida","Noguera",2014,23,322,"1.000-5.000",NA,NA
"25172","Ponts",2670,"Lleida","Noguera",2015,30,313,"1.000-5.000",26369,14.24
"25172","Ponts",2670,"Lleida","Noguera",2016,28,256,"1.000-5.000",27956,10.99
"25172","Ponts",2670,"Lleida","Noguera",2017,29,277,"1.000-5.000",28259,11.76
"25172","Ponts",2670,"Lleida","Noguera",2018,23,296,"1.000-5.000",29824,11.91
"25172","Ponts",2670,"Lleida","Noguera",2019,34,293,"1.000-5.000",30759,11.43
"25172","Ponts",2670,"Lleida","Noguera",2020,70,339,"1.000-5.000",31166,13.05
"25172","Ponts",2670,"Lleida","Noguera",2021,73,319,"1.000-5.000",32685,11.71
"25172","Ponts",2670,"Lleida","Noguera",2022,126,335,"1.000-5.000",33845,11.88
"25172","Ponts",2670,"Lleida","Noguera",2023,104,362,"1.000-5.000",NA,NA
"25172","Ponts",2670,"Lleida","Noguera",2024,108,387,"1.000-5.000",NA,NA
"25173","Pont de Suert, El",2415,"Lleida","Alta Ribagorça",2010,11,381,"1.000-5.000",NA,NA
"25173","Pont de Suert, El",2415,"Lleida","Alta Ribagorça",2011,19,357,"1.000-5.000",NA,NA
"25173","Pont de Suert, El",2415,"Lleida","Alta Ribagorça",2012,21,347,"1.000-5.000",NA,NA
"25173","Pont de Suert, El",2415,"Lleida","Alta Ribagorça",2013,19,337,"1.000-5.000",NA,NA
"25173","Pont de Suert, El",2415,"Lleida","Alta Ribagorça",2014,16,322,"1.000-5.000",NA,NA
"25173","Pont de Suert, El",2415,"Lleida","Alta Ribagorça",2015,19,345,"1.000-5.000",27921,14.83
"25173","Pont de Suert, El",2415,"Lleida","Alta Ribagorça",2016,33,360,"1.000-5.000",28602,15.1
"25173","Pont de Suert, El",2415,"Lleida","Alta Ribagorça",2017,40,352,"1.000-5.000",29053,14.54
"25173","Pont de Suert, El",2415,"Lleida","Alta Ribagorça",2018,33,345,"1.000-5.000",29429,14.07
"25173","Pont de Suert, El",2415,"Lleida","Alta Ribagorça",2019,106,356,"1.000-5.000",31489,13.57
"25173","Pont de Suert, El",2415,"Lleida","Alta Ribagorça",2020,68,353,"1.000-5.000",31965,13.25
"25173","Pont de Suert, El",2415,"Lleida","Alta Ribagorça",2021,88,358,"1.000-5.000",32067,13.4
"25173","Pont de Suert, El",2415,"Lleida","Alta Ribagorça",2022,108,382,"1.000-5.000",32985,13.9
"25173","Pont de Suert, El",2415,"Lleida","Alta Ribagorça",2023,94,379,"1.000-5.000",NA,NA
"25173","Pont de Suert, El",2415,"Lleida","Alta Ribagorça",2024,94,404,"1.000-5.000",NA,NA
"25174","Portella, La",723,"Lleida","Segrià",2008,10,422,"< 1.000",NA,NA
"25174","Portella, La",723,"Lleida","Segrià",2009,7,432,"< 1.000",NA,NA
"25174","Portella, La",723,"Lleida","Segrià",2010,6,427,"< 1.000",NA,NA
"25174","Portella, La",723,"Lleida","Segrià",2011,9,406,"< 1.000",NA,NA
"25174","Portella, La",723,"Lleida","Segrià",2013,8,452,"< 1.000",NA,NA
"25174","Portella, La",723,"Lleida","Segrià",2014,6,391,"< 1.000",NA,NA
"25174","Portella, La",723,"Lleida","Segrià",2015,6,412,"< 1.000",33758,14.65
"25174","Portella, La",723,"Lleida","Segrià",2016,11,326,"< 1.000",33121,11.81
"25174","Portella, La",723,"Lleida","Segrià",2017,9,396,"< 1.000",33100,14.36
"25174","Portella, La",723,"Lleida","Segrià",2018,6,397,"< 1.000",36400,13.09
"25174","Portella, La",723,"Lleida","Segrià",2022,7,406,"< 1.000",40855,11.93
"25175","Prats i Sansor",254,"Lleida","Cerdanya",2017,8,777,"< 1.000",30991,30.09
"25175","Prats i Sansor",254,"Lleida","Cerdanya",2018,10,658,"< 1.000",32570,24.24
"25175","Prats i Sansor",254,"Lleida","Cerdanya",2019,8,702,"< 1.000",34928,24.12
"25175","Prats i Sansor",254,"Lleida","Cerdanya",2020,7,809,"< 1.000",37723,25.73
"25175","Prats i Sansor",254,"Lleida","Cerdanya",2023,7,1557,"< 1.000",NA,NA
"25176","Preixana",404,"Lleida","Urgell",2021,6,423,"< 1.000",34249,14.82
"25182","Puigverd de Lleida",1417,"Lleida","Segrià",2015,6,418,"1.000-5.000",27919,17.97
"25182","Puigverd de Lleida",1417,"Lleida","Segrià",2022,6,475,"1.000-5.000",36152,15.77
"25183","Rialp",663,"Lleida","Pallars Sobirà",2010,7,404,"< 1.000",NA,NA
"25183","Rialp",663,"Lleida","Pallars Sobirà",2011,6,355,"< 1.000",NA,NA
"25183","Rialp",663,"Lleida","Pallars Sobirà",2012,11,348,"< 1.000",NA,NA
"25183","Rialp",663,"Lleida","Pallars Sobirà",2013,12,316,"< 1.000",NA,NA
"25183","Rialp",663,"Lleida","Pallars Sobirà",2014,14,278,"< 1.000",NA,NA
"25183","Rialp",663,"Lleida","Pallars Sobirà",2015,16,295,"< 1.000",27050,13.09
"25183","Rialp",663,"Lleida","Pallars Sobirà",2016,12,281,"< 1.000",27863,12.1
"25183","Rialp",663,"Lleida","Pallars Sobirà",2017,13,324,"< 1.000",28128,13.82
"25183","Rialp",663,"Lleida","Pallars Sobirà",2018,17,329,"< 1.000",31232,12.64
"25183","Rialp",663,"Lleida","Pallars Sobirà",2019,50,309,"< 1.000",31426,11.8
"25183","Rialp",663,"Lleida","Pallars Sobirà",2020,29,403,"< 1.000",32017,15.1
"25183","Rialp",663,"Lleida","Pallars Sobirà",2021,22,350,"< 1.000",33615,12.49
"25183","Rialp",663,"Lleida","Pallars Sobirà",2022,112,382,"< 1.000",36278,12.64
"25183","Rialp",663,"Lleida","Pallars Sobirà",2023,28,402,"< 1.000",NA,NA
"25183","Rialp",663,"Lleida","Pallars Sobirà",2024,54,414,"< 1.000",NA,NA
"25185","Ribera d'Urgellet",960,"Lleida","Alt Urgell",2007,8,501,"< 1.000",NA,NA
"25185","Ribera d'Urgellet",960,"Lleida","Alt Urgell",2008,8,482,"< 1.000",NA,NA
"25185","Ribera d'Urgellet",960,"Lleida","Alt Urgell",2009,9,469,"< 1.000",NA,NA
"25185","Ribera d'Urgellet",960,"Lleida","Alt Urgell",2010,8,340,"< 1.000",NA,NA
"25185","Ribera d'Urgellet",960,"Lleida","Alt Urgell",2012,13,350,"< 1.000",NA,NA
"25185","Ribera d'Urgellet",960,"Lleida","Alt Urgell",2013,12,415,"< 1.000",NA,NA
"25185","Ribera d'Urgellet",960,"Lleida","Alt Urgell",2014,6,342,"< 1.000",NA,NA
"25185","Ribera d'Urgellet",960,"Lleida","Alt Urgell",2015,12,410,"< 1.000",23785,20.69
"25185","Ribera d'Urgellet",960,"Lleida","Alt Urgell",2016,6,467,"< 1.000",24924,22.48
"25185","Ribera d'Urgellet",960,"Lleida","Alt Urgell",2017,19,388,"< 1.000",25480,18.27
"25185","Ribera d'Urgellet",960,"Lleida","Alt Urgell",2018,11,451,"< 1.000",28254,19.15
"25185","Ribera d'Urgellet",960,"Lleida","Alt Urgell",2019,15,408,"< 1.000",28910,16.94
"25185","Ribera d'Urgellet",960,"Lleida","Alt Urgell",2020,17,469,"< 1.000",29609,19.01
"25185","Ribera d'Urgellet",960,"Lleida","Alt Urgell",2021,62,493,"< 1.000",30434,19.44
"25185","Ribera d'Urgellet",960,"Lleida","Alt Urgell",2022,26,473,"< 1.000",32619,17.4
"25185","Ribera d'Urgellet",960,"Lleida","Alt Urgell",2023,19,657,"< 1.000",NA,NA
"25185","Ribera d'Urgellet",960,"Lleida","Alt Urgell",2024,37,633,"< 1.000",NA,NA
"25189","Rosselló",3353,"Lleida","Segrià",2008,15,455,"1.000-5.000",NA,NA
"25189","Rosselló",3353,"Lleida","Segrià",2010,6,433,"1.000-5.000",NA,NA
"25189","Rosselló",3353,"Lleida","Segrià",2012,10,408,"1.000-5.000",NA,NA
"25189","Rosselló",3353,"Lleida","Segrià",2013,22,390,"1.000-5.000",NA,NA
"25189","Rosselló",3353,"Lleida","Segrià",2014,22,321,"1.000-5.000",NA,NA
"25189","Rosselló",3353,"Lleida","Segrià",2015,14,388,"1.000-5.000",29394,15.84
"25189","Rosselló",3353,"Lleida","Segrià",2016,36,346,"1.000-5.000",30050,13.82
"25189","Rosselló",3353,"Lleida","Segrià",2017,30,412,"1.000-5.000",31560,15.67
"25189","Rosselló",3353,"Lleida","Segrià",2018,37,393,"1.000-5.000",33231,14.19
"25189","Rosselló",3353,"Lleida","Segrià",2019,59,373,"1.000-5.000",34131,13.11
"25189","Rosselló",3353,"Lleida","Segrià",2020,63,417,"1.000-5.000",34899,14.34
"25189","Rosselló",3353,"Lleida","Segrià",2021,60,364,"1.000-5.000",36357,12.01
"25189","Rosselló",3353,"Lleida","Segrià",2022,55,447,"1.000-5.000",38267,14.02
"25189","Rosselló",3353,"Lleida","Segrià",2023,109,473,"1.000-5.000",NA,NA
"25189","Rosselló",3353,"Lleida","Segrià",2024,141,525,"1.000-5.000",NA,NA
"25190","Salàs de Pallars",354,"Lleida","Pallars Jussà",2018,7,287,"< 1.000",31674,10.87
"25190","Salàs de Pallars",354,"Lleida","Pallars Jussà",2021,6,382,"< 1.000",34290,13.37
"25190","Salàs de Pallars",354,"Lleida","Pallars Jussà",2024,6,408,"< 1.000",NA,NA
"25191","Sanaüja",387,"Lleida","Segarra",2017,7,334,"< 1.000",26855,14.92
"25191","Sanaüja",387,"Lleida","Segarra",2020,7,345,"< 1.000",30402,13.62
"25192","Sant Guim de Freixenet",1214,"Lleida","Segarra",2009,7,361,"1.000-5.000",NA,NA
"25192","Sant Guim de Freixenet",1214,"Lleida","Segarra",2010,6,335,"1.000-5.000",NA,NA
"25192","Sant Guim de Freixenet",1214,"Lleida","Segarra",2011,9,305,"1.000-5.000",NA,NA
"25192","Sant Guim de Freixenet",1214,"Lleida","Segarra",2012,10,256,"1.000-5.000",NA,NA
"25192","Sant Guim de Freixenet",1214,"Lleida","Segarra",2013,8,248,"1.000-5.000",NA,NA
"25192","Sant Guim de Freixenet",1214,"Lleida","Segarra",2014,8,265,"1.000-5.000",NA,NA
"25192","Sant Guim de Freixenet",1214,"Lleida","Segarra",2015,17,281,"1.000-5.000",25484,13.23
"25192","Sant Guim de Freixenet",1214,"Lleida","Segarra",2016,11,225,"1.000-5.000",26206,10.3
"25192","Sant Guim de Freixenet",1214,"Lleida","Segarra",2017,12,209,"1.000-5.000",26405,9.5
"25192","Sant Guim de Freixenet",1214,"Lleida","Segarra",2018,15,259,"1.000-5.000",32551,9.55
"25192","Sant Guim de Freixenet",1214,"Lleida","Segarra",2019,64,294,"1.000-5.000",31801,11.09
"25192","Sant Guim de Freixenet",1214,"Lleida","Segarra",2020,47,292,"1.000-5.000",30841,11.36
"25192","Sant Guim de Freixenet",1214,"Lleida","Segarra",2021,80,319,"1.000-5.000",32086,11.93
"25192","Sant Guim de Freixenet",1214,"Lleida","Segarra",2022,65,338,"1.000-5.000",34246,11.84
"25192","Sant Guim de Freixenet",1214,"Lleida","Segarra",2023,42,367,"1.000-5.000",NA,NA
"25192","Sant Guim de Freixenet",1214,"Lleida","Segarra",2024,88,430,"1.000-5.000",NA,NA
"25193","Sant Llorenç de Morunys",1000,"Lleida","Solsonès",2009,6,409,"1.000-5.000",NA,NA
"25193","Sant Llorenç de Morunys",1000,"Lleida","Solsonès",2010,15,333,"1.000-5.000",NA,NA
"25193","Sant Llorenç de Morunys",1000,"Lleida","Solsonès",2012,7,242,"1.000-5.000",NA,NA
"25193","Sant Llorenç de Morunys",1000,"Lleida","Solsonès",2013,7,319,"1.000-5.000",NA,NA
"25193","Sant Llorenç de Morunys",1000,"Lleida","Solsonès",2014,18,292,"1.000-5.000",NA,NA
"25193","Sant Llorenç de Morunys",1000,"Lleida","Solsonès",2015,14,275,"1.000-5.000",30354,10.87
"25193","Sant Llorenç de Morunys",1000,"Lleida","Solsonès",2016,10,273,"1.000-5.000",30585,10.71
"25193","Sant Llorenç de Morunys",1000,"Lleida","Solsonès",2017,10,258,"1.000-5.000",29249,10.58
"25193","Sant Llorenç de Morunys",1000,"Lleida","Solsonès",2018,15,327,"1.000-5.000",31402,12.5
"25193","Sant Llorenç de Morunys",1000,"Lleida","Solsonès",2019,19,272,"1.000-5.000",33025,9.88
"25193","Sant Llorenç de Morunys",1000,"Lleida","Solsonès",2020,49,341,"1.000-5.000",33769,12.12
"25193","Sant Llorenç de Morunys",1000,"Lleida","Solsonès",2021,36,343,"1.000-5.000",35153,11.71
"25193","Sant Llorenç de Morunys",1000,"Lleida","Solsonès",2022,29,513,"1.000-5.000",36685,16.78
"25193","Sant Llorenç de Morunys",1000,"Lleida","Solsonès",2023,53,437,"1.000-5.000",NA,NA
"25193","Sant Llorenç de Morunys",1000,"Lleida","Solsonès",2024,21,444,"1.000-5.000",NA,NA
"25194","Sant Ramon",495,"Lleida","Segarra",2020,6,388,"< 1.000",38442,12.11
"25194","Sant Ramon",495,"Lleida","Segarra",2023,15,442,"< 1.000",NA,NA
"25194","Sant Ramon",495,"Lleida","Segarra",2024,15,413,"< 1.000",NA,NA
"25202","Senterada",157,"Lleida","Pallars Jussà",2013,10,252,"< 1.000",NA,NA
"25202","Senterada",157,"Lleida","Pallars Jussà",2015,7,293,"< 1.000",27608,12.74
"25202","Senterada",157,"Lleida","Pallars Jussà",2018,6,274,"< 1.000",35519,9.26
"25202","Senterada",157,"Lleida","Pallars Jussà",2019,13,289,"< 1.000",36611,9.47
"25203","Seu d'Urgell, La",12759,"Lleida","Alt Urgell",2007,71,439,"10.000-50.000",NA,NA
"25203","Seu d'Urgell, La",12759,"Lleida","Alt Urgell",2008,106,466,"10.000-50.000",NA,NA
"25203","Seu d'Urgell, La",12759,"Lleida","Alt Urgell",2009,167,440,"10.000-50.000",NA,NA
"25203","Seu d'Urgell, La",12759,"Lleida","Alt Urgell",2010,284,403,"10.000-50.000",NA,NA
"25203","Seu d'Urgell, La",12759,"Lleida","Alt Urgell",2011,302,395,"10.000-50.000",NA,NA
"25203","Seu d'Urgell, La",12759,"Lleida","Alt Urgell",2012,325,379,"10.000-50.000",NA,NA
"25203","Seu d'Urgell, La",12759,"Lleida","Alt Urgell",2013,295,356,"10.000-50.000",NA,NA
"25203","Seu d'Urgell, La",12759,"Lleida","Alt Urgell",2014,321,350,"10.000-50.000",NA,NA
"25203","Seu d'Urgell, La",12759,"Lleida","Alt Urgell",2015,358,362,"10.000-50.000",24635,17.63
"25203","Seu d'Urgell, La",12759,"Lleida","Alt Urgell",2016,383,362,"10.000-50.000",25254,17.2
"25203","Seu d'Urgell, La",12759,"Lleida","Alt Urgell",2017,516,369,"10.000-50.000",25635,17.27
"25203","Seu d'Urgell, La",12759,"Lleida","Alt Urgell",2018,457,384,"10.000-50.000",26292,17.53
"25203","Seu d'Urgell, La",12759,"Lleida","Alt Urgell",2019,1364,392,"10.000-50.000",27770,16.94
"25203","Seu d'Urgell, La",12759,"Lleida","Alt Urgell",2020,1078,414,"10.000-50.000",27504,18.06
"25203","Seu d'Urgell, La",12759,"Lleida","Alt Urgell",2021,1545,435,"10.000-50.000",28437,18.36
"25203","Seu d'Urgell, La",12759,"Lleida","Alt Urgell",2022,1595,468,"10.000-50.000",29421,19.09
"25203","Seu d'Urgell, La",12759,"Lleida","Alt Urgell",2023,1262,528,"10.000-50.000",NA,NA
"25203","Seu d'Urgell, La",12759,"Lleida","Alt Urgell",2024,1463,572,"10.000-50.000",NA,NA
"25204","Seròs",1890,"Lleida","Segrià",2009,6,306,"1.000-5.000",NA,NA
"25204","Seròs",1890,"Lleida","Segrià",2011,12,388,"1.000-5.000",NA,NA
"25204","Seròs",1890,"Lleida","Segrià",2012,7,363,"1.000-5.000",NA,NA
"25204","Seròs",1890,"Lleida","Segrià",2013,13,374,"1.000-5.000",NA,NA
"25204","Seròs",1890,"Lleida","Segrià",2014,7,362,"1.000-5.000",NA,NA
"25204","Seròs",1890,"Lleida","Segrià",2015,7,369,"1.000-5.000",25686,17.24
"25204","Seròs",1890,"Lleida","Segrià",2016,7,339,"1.000-5.000",25738,15.81
"25204","Seròs",1890,"Lleida","Segrià",2017,8,360,"1.000-5.000",25629,16.86
"25204","Seròs",1890,"Lleida","Segrià",2018,8,354,"1.000-5.000",28225,15.05
"25204","Seròs",1890,"Lleida","Segrià",2019,37,313,"1.000-5.000",29877,12.57
"25204","Seròs",1890,"Lleida","Segrià",2020,6,310,"1.000-5.000",29824,12.47
"25204","Seròs",1890,"Lleida","Segrià",2021,45,319,"1.000-5.000",31645,12.1
"25204","Seròs",1890,"Lleida","Segrià",2022,23,355,"1.000-5.000",31089,13.7
"25204","Seròs",1890,"Lleida","Segrià",2023,85,385,"1.000-5.000",NA,NA
"25204","Seròs",1890,"Lleida","Segrià",2024,64,331,"1.000-5.000",NA,NA
"25205","Sidamon",769,"Lleida","Pla d'Urgell",2019,6,379,"< 1.000",34701,13.11
"25207","Solsona",9393,"Lleida","Solsonès",2007,52,330,"5.000-10.000",NA,NA
"25207","Solsona",9393,"Lleida","Solsonès",2008,44,314,"5.000-10.000",NA,NA
"25207","Solsona",9393,"Lleida","Solsonès",2009,75,356,"5.000-10.000",NA,NA
"25207","Solsona",9393,"Lleida","Solsonès",2010,172,347,"5.000-10.000",NA,NA
"25207","Solsona",9393,"Lleida","Solsonès",2011,145,323,"5.000-10.000",NA,NA
"25207","Solsona",9393,"Lleida","Solsonès",2012,143,321,"5.000-10.000",NA,NA
"25207","Solsona",9393,"Lleida","Solsonès",2013,162,288,"5.000-10.000",NA,NA
"25207","Solsona",9393,"Lleida","Solsonès",2014,218,289,"5.000-10.000",NA,NA
"25207","Solsona",9393,"Lleida","Solsonès",2015,255,280,"5.000-10.000",26512,12.67
"25207","Solsona",9393,"Lleida","Solsonès",2016,270,274,"5.000-10.000",27226,12.08
"25207","Solsona",9393,"Lleida","Solsonès",2017,185,324,"5.000-10.000",27604,14.08
"25207","Solsona",9393,"Lleida","Solsonès",2018,274,310,"5.000-10.000",29178,12.75
"25207","Solsona",9393,"Lleida","Solsonès",2019,1002,331,"5.000-10.000",30535,13.01
"25207","Solsona",9393,"Lleida","Solsonès",2020,648,358,"5.000-10.000",30807,13.94
"25207","Solsona",9393,"Lleida","Solsonès",2021,835,358,"5.000-10.000",31583,13.6
"25207","Solsona",9393,"Lleida","Solsonès",2022,748,372,"5.000-10.000",33047,13.51
"25207","Solsona",9393,"Lleida","Solsonès",2023,690,398,"5.000-10.000",NA,NA
"25207","Solsona",9393,"Lleida","Solsonès",2024,695,419,"5.000-10.000",NA,NA
"25208","Soriguera",447,"Lleida","Pallars Sobirà",2012,6,434,"< 1.000",NA,NA
"25208","Soriguera",447,"Lleida","Pallars Sobirà",2013,8,314,"< 1.000",NA,NA
"25208","Soriguera",447,"Lleida","Pallars Sobirà",2015,6,390,"< 1.000",18863,24.81
"25208","Soriguera",447,"Lleida","Pallars Sobirà",2019,14,371,"< 1.000",28815,15.45
"25208","Soriguera",447,"Lleida","Pallars Sobirà",2020,18,311,"< 1.000",28633,13.03
"25208","Soriguera",447,"Lleida","Pallars Sobirà",2021,17,352,"< 1.000",29457,14.34
"25208","Soriguera",447,"Lleida","Pallars Sobirà",2023,14,455,"< 1.000",NA,NA
"25208","Soriguera",447,"Lleida","Pallars Sobirà",2024,6,423,"< 1.000",NA,NA
"25209","Sort",2258,"Lleida","Pallars Sobirà",2008,12,433,"1.000-5.000",NA,NA
"25209","Sort",2258,"Lleida","Pallars Sobirà",2009,16,446,"1.000-5.000",NA,NA
"25209","Sort",2258,"Lleida","Pallars Sobirà",2010,52,413,"1.000-5.000",NA,NA
"25209","Sort",2258,"Lleida","Pallars Sobirà",2011,63,387,"1.000-5.000",NA,NA
"25209","Sort",2258,"Lleida","Pallars Sobirà",2012,74,363,"1.000-5.000",NA,NA
"25209","Sort",2258,"Lleida","Pallars Sobirà",2013,73,317,"1.000-5.000",NA,NA
"25209","Sort",2258,"Lleida","Pallars Sobirà",2014,79,320,"1.000-5.000",NA,NA
"25209","Sort",2258,"Lleida","Pallars Sobirà",2015,75,302,"1.000-5.000",25479,14.22
"25209","Sort",2258,"Lleida","Pallars Sobirà",2016,79,316,"1.000-5.000",25947,14.61
"25209","Sort",2258,"Lleida","Pallars Sobirà",2017,71,320,"1.000-5.000",26180,14.67
"25209","Sort",2258,"Lleida","Pallars Sobirà",2018,84,341,"1.000-5.000",28273,14.47
"25209","Sort",2258,"Lleida","Pallars Sobirà",2019,188,351,"1.000-5.000",29870,14.1
"25209","Sort",2258,"Lleida","Pallars Sobirà",2020,270,381,"1.000-5.000",30579,14.95
"25209","Sort",2258,"Lleida","Pallars Sobirà",2021,379,372,"1.000-5.000",31307,14.26
"25209","Sort",2258,"Lleida","Pallars Sobirà",2022,322,411,"1.000-5.000",32310,15.26
"25209","Sort",2258,"Lleida","Pallars Sobirà",2023,286,448,"1.000-5.000",NA,NA
"25209","Sort",2258,"Lleida","Pallars Sobirà",2024,293,426,"1.000-5.000",NA,NA
"25210","Soses",1870,"Lleida","Segrià",2012,9,293,"1.000-5.000",NA,NA
"25210","Soses",1870,"Lleida","Segrià",2017,7,357,"1.000-5.000",31130,13.76
"25210","Soses",1870,"Lleida","Segrià",2019,6,317,"1.000-5.000",33953,11.2
"25210","Soses",1870,"Lleida","Segrià",2020,17,339,"1.000-5.000",34651,11.74
"25210","Soses",1870,"Lleida","Segrià",2021,23,308,"1.000-5.000",37824,9.77
"25210","Soses",1870,"Lleida","Segrià",2022,12,377,"1.000-5.000",37702,12
"25210","Soses",1870,"Lleida","Segrià",2023,6,343,"1.000-5.000",NA,NA
"25211","Sudanell",897,"Lleida","Segrià",2021,12,400,"< 1.000",35153,13.65
"25211","Sudanell",897,"Lleida","Segrià",2023,12,424,"< 1.000",NA,NA
"25211","Sudanell",897,"Lleida","Segrià",2024,12,456,"< 1.000",NA,NA
"25212","Sunyer",306,"Lleida","Segrià",2014,6,304,"< 1.000",NA,NA
"25215","Talarn",541,"Lleida","Pallars Jussà",2020,6,289,"< 1.000",35017,9.9
"25215","Talarn",541,"Lleida","Pallars Jussà",2021,15,349,"< 1.000",35770,11.71
"25215","Talarn",541,"Lleida","Pallars Jussà",2022,6,369,"< 1.000",38385,11.54
"25215","Talarn",541,"Lleida","Pallars Jussà",2023,13,383,"< 1.000",NA,NA
"25215","Talarn",541,"Lleida","Pallars Jussà",2024,26,457,"< 1.000",NA,NA
"25217","Tàrrega",18570,"Lleida","Urgell",2007,58,368,"10.000-50.000",NA,NA
"25217","Tàrrega",18570,"Lleida","Urgell",2008,41,412,"10.000-50.000",NA,NA
"25217","Tàrrega",18570,"Lleida","Urgell",2009,46,390,"10.000-50.000",NA,NA
"25217","Tàrrega",18570,"Lleida","Urgell",2010,156,364,"10.000-50.000",NA,NA
"25217","Tàrrega",18570,"Lleida","Urgell",2011,206,353,"10.000-50.000",NA,NA
"25217","Tàrrega",18570,"Lleida","Urgell",2012,251,333,"10.000-50.000",NA,NA
"25217","Tàrrega",18570,"Lleida","Urgell",2013,268,307,"10.000-50.000",NA,NA
"25217","Tàrrega",18570,"Lleida","Urgell",2014,262,296,"10.000-50.000",NA,NA
"25217","Tàrrega",18570,"Lleida","Urgell",2015,263,288,"10.000-50.000",24932,13.86
"25217","Tàrrega",18570,"Lleida","Urgell",2016,246,292,"10.000-50.000",25733,13.62
"25217","Tàrrega",18570,"Lleida","Urgell",2017,268,307,"10.000-50.000",28778,12.8
"25217","Tàrrega",18570,"Lleida","Urgell",2018,299,332,"10.000-50.000",29863,13.34
"25217","Tàrrega",18570,"Lleida","Urgell",2019,871,369,"10.000-50.000",31368,14.12
"25217","Tàrrega",18570,"Lleida","Urgell",2020,788,370,"10.000-50.000",31903,13.92
"25217","Tàrrega",18570,"Lleida","Urgell",2021,1455,373,"10.000-50.000",33091,13.53
"25217","Tàrrega",18570,"Lleida","Urgell",2022,1228,429,"10.000-50.000",34076,15.11
"25217","Tàrrega",18570,"Lleida","Urgell",2023,1166,434,"10.000-50.000",NA,NA
"25217","Tàrrega",18570,"Lleida","Urgell",2024,1264,464,"10.000-50.000",NA,NA
"25220","Térmens",1344,"Lleida","Noguera",2017,11,315,"1.000-5.000",29707,12.72
"25220","Térmens",1344,"Lleida","Noguera",2019,6,381,"1.000-5.000",33936,13.47
"25220","Térmens",1344,"Lleida","Noguera",2020,6,379,"1.000-5.000",35076,12.97
"25220","Térmens",1344,"Lleida","Noguera",2022,40,417,"1.000-5.000",37257,13.43
"25220","Térmens",1344,"Lleida","Noguera",2023,14,414,"1.000-5.000",NA,NA
"25220","Térmens",1344,"Lleida","Noguera",2024,26,584,"1.000-5.000",NA,NA
"25223","Torà",1253,"Lleida","Solsonès",2010,22,287,"1.000-5.000",NA,NA
"25223","Torà",1253,"Lleida","Solsonès",2011,9,338,"1.000-5.000",NA,NA
"25223","Torà",1253,"Lleida","Solsonès",2012,15,355,"1.000-5.000",NA,NA
"25223","Torà",1253,"Lleida","Solsonès",2013,15,286,"1.000-5.000",NA,NA
"25223","Torà",1253,"Lleida","Solsonès",2014,10,252,"1.000-5.000",NA,NA
"25223","Torà",1253,"Lleida","Solsonès",2015,16,292,"1.000-5.000",29042,12.07
"25223","Torà",1253,"Lleida","Solsonès",2016,19,274,"1.000-5.000",29583,11.11
"25223","Torà",1253,"Lleida","Solsonès",2017,25,294,"1.000-5.000",30815,11.45
"25223","Torà",1253,"Lleida","Solsonès",2018,27,296,"1.000-5.000",33427,10.63
"25223","Torà",1253,"Lleida","Solsonès",2019,93,390,"1.000-5.000",33306,14.05
"25223","Torà",1253,"Lleida","Solsonès",2020,94,301,"1.000-5.000",33790,10.69
"25223","Torà",1253,"Lleida","Solsonès",2021,84,319,"1.000-5.000",34938,10.96
"25223","Torà",1253,"Lleida","Solsonès",2022,81,360,"1.000-5.000",37079,11.65
"25223","Torà",1253,"Lleida","Solsonès",2023,71,377,"1.000-5.000",NA,NA
"25223","Torà",1253,"Lleida","Solsonès",2024,73,433,"1.000-5.000",NA,NA
"25225","Tornabous",842,"Lleida","Urgell",2010,10,316,"< 1.000",NA,NA
"25225","Tornabous",842,"Lleida","Urgell",2011,13,296,"< 1.000",NA,NA
"25225","Tornabous",842,"Lleida","Urgell",2018,6,414,"< 1.000",30608,16.23
"25225","Tornabous",842,"Lleida","Urgell",2019,12,325,"< 1.000",32685,11.93
"25225","Tornabous",842,"Lleida","Urgell",2020,24,318,"< 1.000",33666,11.33
"25225","Tornabous",842,"Lleida","Urgell",2021,24,360,"< 1.000",35231,12.26
"25225","Tornabous",842,"Lleida","Urgell",2022,6,481,"< 1.000",33656,17.15
"25225","Tornabous",842,"Lleida","Urgell",2024,8,388,"< 1.000",NA,NA
"25227","Torre de Cabdella, La",787,"Lleida","Pallars Jussà",2015,11,91,"< 1.000",31968,3.42
"25227","Torre de Cabdella, La",787,"Lleida","Pallars Jussà",2018,6,322,"< 1.000",33950,11.38
"25228","Torrefarrera",4904,"Lleida","Segrià",2007,13,443,"1.000-5.000",NA,NA
"25228","Torrefarrera",4904,"Lleida","Segrià",2008,25,448,"1.000-5.000",NA,NA
"25228","Torrefarrera",4904,"Lleida","Segrià",2009,36,516,"1.000-5.000",NA,NA
"25228","Torrefarrera",4904,"Lleida","Segrià",2010,43,465,"1.000-5.000",NA,NA
"25228","Torrefarrera",4904,"Lleida","Segrià",2011,46,444,"1.000-5.000",NA,NA
"25228","Torrefarrera",4904,"Lleida","Segrià",2012,56,460,"1.000-5.000",NA,NA
"25228","Torrefarrera",4904,"Lleida","Segrià",2013,64,403,"1.000-5.000",NA,NA
"25228","Torrefarrera",4904,"Lleida","Segrià",2014,86,378,"1.000-5.000",NA,NA
"25228","Torrefarrera",4904,"Lleida","Segrià",2015,70,392,"1.000-5.000",33975,13.85
"25228","Torrefarrera",4904,"Lleida","Segrià",2016,58,423,"1.000-5.000",35959,14.12
"25228","Torrefarrera",4904,"Lleida","Segrià",2017,88,441,"1.000-5.000",35673,14.83
"25228","Torrefarrera",4904,"Lleida","Segrià",2018,61,407,"1.000-5.000",36598,13.34
"25228","Torrefarrera",4904,"Lleida","Segrià",2019,254,474,"1.000-5.000",38976,14.59
"25228","Torrefarrera",4904,"Lleida","Segrià",2020,175,480,"1.000-5.000",39871,14.45
"25228","Torrefarrera",4904,"Lleida","Segrià",2021,168,503,"1.000-5.000",41393,14.58
"25228","Torrefarrera",4904,"Lleida","Segrià",2022,168,525,"1.000-5.000",43234,14.57
"25228","Torrefarrera",4904,"Lleida","Segrià",2023,143,545,"1.000-5.000",NA,NA
"25228","Torrefarrera",4904,"Lleida","Segrià",2024,168,597,"1.000-5.000",NA,NA
"25230","Torregrossa",2227,"Lleida","Pla d'Urgell",2011,8,305,"1.000-5.000",NA,NA
"25230","Torregrossa",2227,"Lleida","Pla d'Urgell",2012,20,281,"1.000-5.000",NA,NA
"25230","Torregrossa",2227,"Lleida","Pla d'Urgell",2013,13,318,"1.000-5.000",NA,NA
"25230","Torregrossa",2227,"Lleida","Pla d'Urgell",2014,6,290,"1.000-5.000",NA,NA
"25230","Torregrossa",2227,"Lleida","Pla d'Urgell",2015,19,285,"1.000-5.000",26018,13.14
"25230","Torregrossa",2227,"Lleida","Pla d'Urgell",2016,14,291,"1.000-5.000",27336,12.77
"25230","Torregrossa",2227,"Lleida","Pla d'Urgell",2017,11,295,"1.000-5.000",28518,12.41
"25230","Torregrossa",2227,"Lleida","Pla d'Urgell",2018,17,301,"1.000-5.000",31071,11.62
"25230","Torregrossa",2227,"Lleida","Pla d'Urgell",2020,27,287,"1.000-5.000",33001,10.44
"25230","Torregrossa",2227,"Lleida","Pla d'Urgell",2021,14,371,"1.000-5.000",33584,13.26
"25230","Torregrossa",2227,"Lleida","Pla d'Urgell",2022,16,323,"1.000-5.000",33911,11.43
"25230","Torregrossa",2227,"Lleida","Pla d'Urgell",2023,25,403,"1.000-5.000",NA,NA
"25230","Torregrossa",2227,"Lleida","Pla d'Urgell",2024,68,400,"1.000-5.000",NA,NA
"25232","Torres de Segre",2268,"Lleida","Segrià",2007,6,319,"1.000-5.000",NA,NA
"25232","Torres de Segre",2268,"Lleida","Segrià",2008,8,193,"1.000-5.000",NA,NA
"25232","Torres de Segre",2268,"Lleida","Segrià",2013,7,200,"1.000-5.000",NA,NA
"25232","Torres de Segre",2268,"Lleida","Segrià",2016,8,331,"1.000-5.000",25803,15.39
"25232","Torres de Segre",2268,"Lleida","Segrià",2019,6,388,"1.000-5.000",29907,15.57
"25232","Torres de Segre",2268,"Lleida","Segrià",2020,21,338,"1.000-5.000",30243,13.41
"25232","Torres de Segre",2268,"Lleida","Segrià",2021,24,348,"1.000-5.000",33109,12.61
"25232","Torres de Segre",2268,"Lleida","Segrià",2023,25,453,"1.000-5.000",NA,NA
"25232","Torres de Segre",2268,"Lleida","Segrià",2024,40,380,"1.000-5.000",NA,NA
"25234","Tremp",6056,"Lleida","Pallars Jussà",2007,24,341,"5.000-10.000",NA,NA
"25234","Tremp",6056,"Lleida","Pallars Jussà",2008,14,347,"5.000-10.000",NA,NA
"25234","Tremp",6056,"Lleida","Pallars Jussà",2009,21,365,"5.000-10.000",NA,NA
"25234","Tremp",6056,"Lleida","Pallars Jussà",2010,55,367,"5.000-10.000",NA,NA
"25234","Tremp",6056,"Lleida","Pallars Jussà",2011,59,337,"5.000-10.000",NA,NA
"25234","Tremp",6056,"Lleida","Pallars Jussà",2012,87,307,"5.000-10.000",NA,NA
"25234","Tremp",6056,"Lleida","Pallars Jussà",2013,65,319,"5.000-10.000",NA,NA
"25234","Tremp",6056,"Lleida","Pallars Jussà",2014,70,281,"5.000-10.000",NA,NA
"25234","Tremp",6056,"Lleida","Pallars Jussà",2015,85,265,"5.000-10.000",26854,11.84
"25234","Tremp",6056,"Lleida","Pallars Jussà",2016,77,303,"5.000-10.000",27088,13.42
"25234","Tremp",6056,"Lleida","Pallars Jussà",2017,88,302,"5.000-10.000",27434,13.21
"25234","Tremp",6056,"Lleida","Pallars Jussà",2018,92,316,"5.000-10.000",28617,13.25
"25234","Tremp",6056,"Lleida","Pallars Jussà",2019,264,334,"5.000-10.000",29732,13.48
"25234","Tremp",6056,"Lleida","Pallars Jussà",2020,324,330,"5.000-10.000",30580,12.95
"25234","Tremp",6056,"Lleida","Pallars Jussà",2021,329,350,"5.000-10.000",31555,13.31
"25234","Tremp",6056,"Lleida","Pallars Jussà",2022,344,377,"5.000-10.000",33460,13.52
"25234","Tremp",6056,"Lleida","Pallars Jussà",2023,460,383,"5.000-10.000",NA,NA
"25234","Tremp",6056,"Lleida","Pallars Jussà",2024,477,414,"5.000-10.000",NA,NA
"25239","Valls de Valira, Les",810,"Lleida","Alt Urgell",2013,7,474,"< 1.000",NA,NA
"25239","Valls de Valira, Les",810,"Lleida","Alt Urgell",2014,6,413,"< 1.000",NA,NA
"25239","Valls de Valira, Les",810,"Lleida","Alt Urgell",2016,7,454,"< 1.000",22417,24.3
"25239","Valls de Valira, Les",810,"Lleida","Alt Urgell",2017,11,451,"< 1.000",22958,23.57
"25239","Valls de Valira, Les",810,"Lleida","Alt Urgell",2018,11,504,"< 1.000",24649,24.54
"25239","Valls de Valira, Les",810,"Lleida","Alt Urgell",2019,7,518,"< 1.000",24734,25.13
"25239","Valls de Valira, Les",810,"Lleida","Alt Urgell",2021,17,414,"< 1.000",26816,18.53
"25239","Valls de Valira, Les",810,"Lleida","Alt Urgell",2022,8,456,"< 1.000",26831,20.39
"25239","Valls de Valira, Les",810,"Lleida","Alt Urgell",2023,22,502,"< 1.000",NA,NA
"25239","Valls de Valira, Les",810,"Lleida","Alt Urgell",2024,16,676,"< 1.000",NA,NA
"25240","Vallfogona de Balaguer",2016,"Lleida","Noguera",2009,6,650,"1.000-5.000",NA,NA
"25240","Vallfogona de Balaguer",2016,"Lleida","Noguera",2010,12,379,"1.000-5.000",NA,NA
"25240","Vallfogona de Balaguer",2016,"Lleida","Noguera",2011,10,367,"1.000-5.000",NA,NA
"25240","Vallfogona de Balaguer",2016,"Lleida","Noguera",2012,15,368,"1.000-5.000",NA,NA
"25240","Vallfogona de Balaguer",2016,"Lleida","Noguera",2013,9,332,"1.000-5.000",NA,NA
"25240","Vallfogona de Balaguer",2016,"Lleida","Noguera",2014,10,292,"1.000-5.000",NA,NA
"25240","Vallfogona de Balaguer",2016,"Lleida","Noguera",2015,8,325,"1.000-5.000",29532,13.21
"25240","Vallfogona de Balaguer",2016,"Lleida","Noguera",2016,14,302,"1.000-5.000",31004,11.69
"25240","Vallfogona de Balaguer",2016,"Lleida","Noguera",2017,16,349,"1.000-5.000",32253,12.98
"25240","Vallfogona de Balaguer",2016,"Lleida","Noguera",2018,22,364,"1.000-5.000",34153,12.79
"25240","Vallfogona de Balaguer",2016,"Lleida","Noguera",2019,70,344,"1.000-5.000",35222,11.72
"25240","Vallfogona de Balaguer",2016,"Lleida","Noguera",2020,40,381,"1.000-5.000",36566,12.5
"25240","Vallfogona de Balaguer",2016,"Lleida","Noguera",2021,68,393,"1.000-5.000",38265,12.32
"25240","Vallfogona de Balaguer",2016,"Lleida","Noguera",2022,63,404,"1.000-5.000",38940,12.45
"25240","Vallfogona de Balaguer",2016,"Lleida","Noguera",2023,33,430,"1.000-5.000",NA,NA
"25240","Vallfogona de Balaguer",2016,"Lleida","Noguera",2024,28,416,"1.000-5.000",NA,NA
"25242","Verdú",885,"Lleida","Urgell",2018,7,383,"< 1.000",29885,15.38
"25242","Verdú",885,"Lleida","Urgell",2022,12,364,"< 1.000",32758,13.33
"25242","Verdú",885,"Lleida","Urgell",2023,18,412,"< 1.000",NA,NA
"25242","Verdú",885,"Lleida","Urgell",2024,6,455,"< 1.000",NA,NA
"25243","Vielha e Mijaran",5793,"Lleida","Aran",2007,11,575,"5.000-10.000",NA,NA
"25243","Vielha e Mijaran",5793,"Lleida","Aran",2008,28,599,"5.000-10.000",NA,NA
"25243","Vielha e Mijaran",5793,"Lleida","Aran",2009,25,591,"5.000-10.000",NA,NA
"25243","Vielha e Mijaran",5793,"Lleida","Aran",2010,48,458,"5.000-10.000",NA,NA
"25243","Vielha e Mijaran",5793,"Lleida","Aran",2011,57,535,"5.000-10.000",NA,NA
"25243","Vielha e Mijaran",5793,"Lleida","Aran",2012,66,489,"5.000-10.000",NA,NA
"25243","Vielha e Mijaran",5793,"Lleida","Aran",2013,52,472,"5.000-10.000",NA,NA
"25243","Vielha e Mijaran",5793,"Lleida","Aran",2014,60,528,"5.000-10.000",NA,NA
"25243","Vielha e Mijaran",5793,"Lleida","Aran",2015,60,489,"5.000-10.000",29548,19.86
"25243","Vielha e Mijaran",5793,"Lleida","Aran",2016,54,541,"5.000-10.000",30393,21.36
"25243","Vielha e Mijaran",5793,"Lleida","Aran",2017,49,576,"5.000-10.000",30617,22.58
"25243","Vielha e Mijaran",5793,"Lleida","Aran",2018,68,550,"5.000-10.000",32483,20.32
"25243","Vielha e Mijaran",5793,"Lleida","Aran",2019,210,547,"5.000-10.000",33598,19.54
"25243","Vielha e Mijaran",5793,"Lleida","Aran",2020,142,560,"5.000-10.000",32825,20.47
"25243","Vielha e Mijaran",5793,"Lleida","Aran",2021,204,603,"5.000-10.000",33411,21.66
"25243","Vielha e Mijaran",5793,"Lleida","Aran",2022,237,634,"5.000-10.000",36640,20.76
"25243","Vielha e Mijaran",5793,"Lleida","Aran",2023,231,578,"5.000-10.000",NA,NA
"25243","Vielha e Mijaran",5793,"Lleida","Aran",2024,347,623,"5.000-10.000",NA,NA
"25244","Vilagrassa",633,"Lleida","Urgell",2011,7,330,"< 1.000",NA,NA
"25244","Vilagrassa",633,"Lleida","Urgell",2012,6,356,"< 1.000",NA,NA
"25244","Vilagrassa",633,"Lleida","Urgell",2015,10,317,"< 1.000",30550,12.45
"25244","Vilagrassa",633,"Lleida","Urgell",2016,9,211,"< 1.000",32389,7.82
"25244","Vilagrassa",633,"Lleida","Urgell",2017,10,307,"< 1.000",32357,11.39
"25244","Vilagrassa",633,"Lleida","Urgell",2018,7,430,"< 1.000",34497,14.96
"25244","Vilagrassa",633,"Lleida","Urgell",2019,34,270,"< 1.000",36242,8.94
"25244","Vilagrassa",633,"Lleida","Urgell",2022,8,404,"< 1.000",42274,11.47
"25244","Vilagrassa",633,"Lleida","Urgell",2023,7,442,"< 1.000",NA,NA
"25244","Vilagrassa",633,"Lleida","Urgell",2024,14,463,"< 1.000",NA,NA
"25245","Vilaller",506,"Lleida","Alta Ribagorça",2018,7,331,"< 1.000",28016,14.18
"25245","Vilaller",506,"Lleida","Alta Ribagorça",2020,12,368,"< 1.000",30526,14.47
"25248","Vilanova de Bellpuig",1168,"Lleida","Pla d'Urgell",2017,7,305,"1.000-5.000",31514,11.61
"25248","Vilanova de Bellpuig",1168,"Lleida","Pla d'Urgell",2021,7,407,"1.000-5.000",37767,12.93
"25248","Vilanova de Bellpuig",1168,"Lleida","Pla d'Urgell",2023,13,376,"1.000-5.000",NA,NA
"25248","Vilanova de Bellpuig",1168,"Lleida","Pla d'Urgell",2024,12,397,"1.000-5.000",NA,NA
"25251","Vilanova de Segrià",1057,"Lleida","Segrià",2010,7,461,"1.000-5.000",NA,NA
"25251","Vilanova de Segrià",1057,"Lleida","Segrià",2012,17,351,"1.000-5.000",NA,NA
"25251","Vilanova de Segrià",1057,"Lleida","Segrià",2013,7,374,"1.000-5.000",NA,NA
"25251","Vilanova de Segrià",1057,"Lleida","Segrià",2014,11,345,"1.000-5.000",NA,NA
"25251","Vilanova de Segrià",1057,"Lleida","Segrià",2016,10,376,"1.000-5.000",27777,16.24
"25251","Vilanova de Segrià",1057,"Lleida","Segrià",2024,13,435,"1.000-5.000",NA,NA
"25252","Vila-sana",744,"Lleida","Pla d'Urgell",2014,8,384,"< 1.000",NA,NA
"25254","Vilanova de la Barca",1100,"Lleida","Segrià",2009,6,453,"1.000-5.000",NA,NA
"25254","Vilanova de la Barca",1100,"Lleida","Segrià",2012,6,409,"1.000-5.000",NA,NA
"25254","Vilanova de la Barca",1100,"Lleida","Segrià",2019,13,364,"1.000-5.000",36479,11.97
"25254","Vilanova de la Barca",1100,"Lleida","Segrià",2023,12,438,"1.000-5.000",NA,NA
"25901","Vall de Cardós",381,"Lleida","Pallars Sobirà",2023,23,440,"< 1.000",NA,NA
"25901","Vall de Cardós",381,"Lleida","Pallars Sobirà",2024,24,409,"< 1.000",NA,NA
"25902","Sant Martí de Riucorb",675,"Lleida","Urgell",2017,6,332,"< 1.000",28041,14.21
"25902","Sant Martí de Riucorb",675,"Lleida","Urgell",2023,6,337,"< 1.000",NA,NA
"25907","Torrefeta i Florejacs",608,"Lleida","Segarra",2013,7,289,"< 1.000",NA,NA
"25907","Torrefeta i Florejacs",608,"Lleida","Segarra",2016,7,259,"< 1.000",29082,10.69
"25907","Torrefeta i Florejacs",608,"Lleida","Segarra",2022,8,412,"< 1.000",35638,13.87
"25909","Vansa i Fórnols, La",189,"Lleida","Alt Urgell",2023,7,320,"< 1.000",NA,NA
"25909","Vansa i Fórnols, La",189,"Lleida","Alt Urgell",2024,8,274,"< 1.000",NA,NA
"43001","Aiguamúrcia",965,"Tarragona","Alt Camp",2011,6,338,"< 1.000",NA,NA
"43001","Aiguamúrcia",965,"Tarragona","Alt Camp",2015,8,445,"< 1.000",26123,20.44
"43001","Aiguamúrcia",965,"Tarragona","Alt Camp",2016,8,386,"< 1.000",25557,18.12
"43001","Aiguamúrcia",965,"Tarragona","Alt Camp",2017,9,400,"< 1.000",26063,18.42
"43001","Aiguamúrcia",965,"Tarragona","Alt Camp",2018,11,384,"< 1.000",28256,16.31
"43001","Aiguamúrcia",965,"Tarragona","Alt Camp",2019,31,444,"< 1.000",27724,19.22
"43001","Aiguamúrcia",965,"Tarragona","Alt Camp",2020,19,436,"< 1.000",27926,18.74
"43001","Aiguamúrcia",965,"Tarragona","Alt Camp",2021,18,474,"< 1.000",30178,18.85
"43001","Aiguamúrcia",965,"Tarragona","Alt Camp",2022,28,495,"< 1.000",30562,19.44
"43001","Aiguamúrcia",965,"Tarragona","Alt Camp",2023,9,421,"< 1.000",NA,NA
"43001","Aiguamúrcia",965,"Tarragona","Alt Camp",2024,28,544,"< 1.000",NA,NA
"43002","Albinyana",2678,"Tarragona","Baix Penedès",2011,9,482,"1.000-5.000",NA,NA
"43002","Albinyana",2678,"Tarragona","Baix Penedès",2012,6,542,"1.000-5.000",NA,NA
"43002","Albinyana",2678,"Tarragona","Baix Penedès",2013,17,470,"1.000-5.000",NA,NA
"43002","Albinyana",2678,"Tarragona","Baix Penedès",2014,20,450,"1.000-5.000",NA,NA
"43002","Albinyana",2678,"Tarragona","Baix Penedès",2015,19,419,"1.000-5.000",26371,19.07
"43002","Albinyana",2678,"Tarragona","Baix Penedès",2016,17,477,"1.000-5.000",26785,21.37
"43002","Albinyana",2678,"Tarragona","Baix Penedès",2017,18,514,"1.000-5.000",27778,22.2
"43002","Albinyana",2678,"Tarragona","Baix Penedès",2018,21,532,"1.000-5.000",29466,21.67
"43002","Albinyana",2678,"Tarragona","Baix Penedès",2019,51,550,"1.000-5.000",30008,21.99
"43002","Albinyana",2678,"Tarragona","Baix Penedès",2020,34,626,"1.000-5.000",30481,24.64
"43002","Albinyana",2678,"Tarragona","Baix Penedès",2021,65,548,"1.000-5.000",31701,20.74
"43002","Albinyana",2678,"Tarragona","Baix Penedès",2022,36,568,"1.000-5.000",33154,20.56
"43002","Albinyana",2678,"Tarragona","Baix Penedès",2023,14,559,"1.000-5.000",NA,NA
"43002","Albinyana",2678,"Tarragona","Baix Penedès",2024,28,738,"1.000-5.000",NA,NA
"43004","Alcanar",9871,"Tarragona","Montsià",2007,7,381,"5.000-10.000",NA,NA
"43004","Alcanar",9871,"Tarragona","Montsià",2008,13,408,"5.000-10.000",NA,NA
"43004","Alcanar",9871,"Tarragona","Montsià",2009,19,430,"5.000-10.000",NA,NA
"43004","Alcanar",9871,"Tarragona","Montsià",2010,33,363,"5.000-10.000",NA,NA
"43004","Alcanar",9871,"Tarragona","Montsià",2011,41,368,"5.000-10.000",NA,NA
"43004","Alcanar",9871,"Tarragona","Montsià",2012,23,347,"5.000-10.000",NA,NA
"43004","Alcanar",9871,"Tarragona","Montsià",2013,46,330,"5.000-10.000",NA,NA
"43004","Alcanar",9871,"Tarragona","Montsià",2014,47,302,"5.000-10.000",NA,NA
"43004","Alcanar",9871,"Tarragona","Montsià",2015,58,304,"5.000-10.000",22457,16.24
"43004","Alcanar",9871,"Tarragona","Montsià",2016,61,302,"5.000-10.000",23258,15.58
"43004","Alcanar",9871,"Tarragona","Montsià",2017,96,349,"5.000-10.000",24074,17.4
"43004","Alcanar",9871,"Tarragona","Montsià",2018,96,352,"5.000-10.000",25039,16.87
"43004","Alcanar",9871,"Tarragona","Montsià",2019,290,372,"5.000-10.000",25905,17.23
"43004","Alcanar",9871,"Tarragona","Montsià",2020,334,365,"5.000-10.000",27030,16.2
"43004","Alcanar",9871,"Tarragona","Montsià",2021,359,399,"5.000-10.000",27425,17.46
"43004","Alcanar",9871,"Tarragona","Montsià",2022,408,397,"5.000-10.000",28542,16.69
"43004","Alcanar",9871,"Tarragona","Montsià",2023,330,419,"5.000-10.000",NA,NA
"43004","Alcanar",9871,"Tarragona","Montsià",2024,375,462,"5.000-10.000",NA,NA
"43005","Alcover",5334,"Tarragona","Alt Camp",2007,8,287,"5.000-10.000",NA,NA
"43005","Alcover",5334,"Tarragona","Alt Camp",2008,14,361,"5.000-10.000",NA,NA
"43005","Alcover",5334,"Tarragona","Alt Camp",2009,39,469,"5.000-10.000",NA,NA
"43005","Alcover",5334,"Tarragona","Alt Camp",2010,35,446,"5.000-10.000",NA,NA
"43005","Alcover",5334,"Tarragona","Alt Camp",2011,55,392,"5.000-10.000",NA,NA
"43005","Alcover",5334,"Tarragona","Alt Camp",2012,44,389,"5.000-10.000",NA,NA
"43005","Alcover",5334,"Tarragona","Alt Camp",2013,61,341,"5.000-10.000",NA,NA
"43005","Alcover",5334,"Tarragona","Alt Camp",2014,52,397,"5.000-10.000",NA,NA
"43005","Alcover",5334,"Tarragona","Alt Camp",2015,37,377,"5.000-10.000",30256,14.95
"43005","Alcover",5334,"Tarragona","Alt Camp",2016,29,440,"5.000-10.000",31482,16.77
"43005","Alcover",5334,"Tarragona","Alt Camp",2017,51,420,"5.000-10.000",30996,16.26
"43005","Alcover",5334,"Tarragona","Alt Camp",2018,36,395,"5.000-10.000",32727,14.48
"43005","Alcover",5334,"Tarragona","Alt Camp",2019,154,424,"5.000-10.000",33731,15.08
"43005","Alcover",5334,"Tarragona","Alt Camp",2020,104,406,"5.000-10.000",33910,14.37
"43005","Alcover",5334,"Tarragona","Alt Camp",2021,106,485,"5.000-10.000",35634,16.33
"43005","Alcover",5334,"Tarragona","Alt Camp",2022,86,482,"5.000-10.000",36371,15.9
"43005","Alcover",5334,"Tarragona","Alt Camp",2023,110,465,"5.000-10.000",NA,NA
"43005","Alcover",5334,"Tarragona","Alt Camp",2024,119,545,"5.000-10.000",NA,NA
"43006","Aldover",897,"Tarragona","Baix Ebre",2018,10,302,"< 1.000",28866,12.55
"43006","Aldover",897,"Tarragona","Baix Ebre",2019,12,268,"< 1.000",29058,11.07
"43007","Aleixar, L'",980,"Tarragona","Baix Camp",2009,6,370,"< 1.000",NA,NA
"43007","Aleixar, L'",980,"Tarragona","Baix Camp",2010,6,331,"< 1.000",NA,NA
"43007","Aleixar, L'",980,"Tarragona","Baix Camp",2013,9,404,"< 1.000",NA,NA
"43007","Aleixar, L'",980,"Tarragona","Baix Camp",2016,10,376,"< 1.000",28421,15.88
"43007","Aleixar, L'",980,"Tarragona","Baix Camp",2017,13,340,"< 1.000",29967,13.61
"43007","Aleixar, L'",980,"Tarragona","Baix Camp",2019,15,413,"< 1.000",32186,15.4
"43007","Aleixar, L'",980,"Tarragona","Baix Camp",2020,13,395,"< 1.000",33367,14.21
"43007","Aleixar, L'",980,"Tarragona","Baix Camp",2021,28,387,"< 1.000",34232,13.57
"43007","Aleixar, L'",980,"Tarragona","Baix Camp",2022,16,466,"< 1.000",36264,15.42
"43007","Aleixar, L'",980,"Tarragona","Baix Camp",2024,32,524,"< 1.000",NA,NA
"43009","Alforja",2027,"Tarragona","Baix Camp",2008,7,440,"1.000-5.000",NA,NA
"43009","Alforja",2027,"Tarragona","Baix Camp",2009,11,398,"1.000-5.000",NA,NA
"43009","Alforja",2027,"Tarragona","Baix Camp",2010,19,364,"1.000-5.000",NA,NA
"43009","Alforja",2027,"Tarragona","Baix Camp",2011,13,389,"1.000-5.000",NA,NA
"43009","Alforja",2027,"Tarragona","Baix Camp",2012,18,359,"1.000-5.000",NA,NA
"43009","Alforja",2027,"Tarragona","Baix Camp",2013,16,352,"1.000-5.000",NA,NA
"43009","Alforja",2027,"Tarragona","Baix Camp",2014,16,290,"1.000-5.000",NA,NA
"43009","Alforja",2027,"Tarragona","Baix Camp",2015,20,314,"1.000-5.000",27497,13.7
"43009","Alforja",2027,"Tarragona","Baix Camp",2016,10,383,"1.000-5.000",27532,16.69
"43009","Alforja",2027,"Tarragona","Baix Camp",2017,8,352,"1.000-5.000",25579,16.51
"43009","Alforja",2027,"Tarragona","Baix Camp",2018,20,387,"1.000-5.000",29318,15.84
"43009","Alforja",2027,"Tarragona","Baix Camp",2019,25,371,"1.000-5.000",30620,14.54
"43009","Alforja",2027,"Tarragona","Baix Camp",2020,47,443,"1.000-5.000",30620,17.36
"43009","Alforja",2027,"Tarragona","Baix Camp",2021,55,390,"1.000-5.000",32546,14.38
"43009","Alforja",2027,"Tarragona","Baix Camp",2022,57,465,"1.000-5.000",33504,16.65
"43009","Alforja",2027,"Tarragona","Baix Camp",2023,31,468,"1.000-5.000",NA,NA
"43009","Alforja",2027,"Tarragona","Baix Camp",2024,33,447,"1.000-5.000",NA,NA
"43010","Alió",506,"Tarragona","Alt Camp",2017,8,414,"< 1.000",30102,16.5
"43010","Alió",506,"Tarragona","Alt Camp",2021,25,432,"< 1.000",33643,15.41
"43011","Almoster",1338,"Tarragona","Baix Camp",2012,10,460,"1.000-5.000",NA,NA
"43011","Almoster",1338,"Tarragona","Baix Camp",2013,10,455,"1.000-5.000",NA,NA
"43011","Almoster",1338,"Tarragona","Baix Camp",2014,8,584,"1.000-5.000",NA,NA
"43011","Almoster",1338,"Tarragona","Baix Camp",2016,6,512,"1.000-5.000",44760,13.73
"43011","Almoster",1338,"Tarragona","Baix Camp",2020,8,584,"1.000-5.000",52507,13.35
"43011","Almoster",1338,"Tarragona","Baix Camp",2023,23,542,"1.000-5.000",NA,NA
"43011","Almoster",1338,"Tarragona","Baix Camp",2024,7,660,"1.000-5.000",NA,NA
"43012","Altafulla",5809,"Tarragona","Tarragonès",2007,16,415,"5.000-10.000",NA,NA
"43012","Altafulla",5809,"Tarragona","Tarragonès",2008,25,527,"5.000-10.000",NA,NA
"43012","Altafulla",5809,"Tarragona","Tarragonès",2009,35,616,"5.000-10.000",NA,NA
"43012","Altafulla",5809,"Tarragona","Tarragonès",2010,36,590,"5.000-10.000",NA,NA
"43012","Altafulla",5809,"Tarragona","Tarragonès",2011,91,540,"5.000-10.000",NA,NA
"43012","Altafulla",5809,"Tarragona","Tarragonès",2012,84,529,"5.000-10.000",NA,NA
"43012","Altafulla",5809,"Tarragona","Tarragonès",2013,82,509,"5.000-10.000",NA,NA
"43012","Altafulla",5809,"Tarragona","Tarragonès",2014,87,509,"5.000-10.000",NA,NA
"43012","Altafulla",5809,"Tarragona","Tarragonès",2015,100,534,"5.000-10.000",36101,17.75
"43012","Altafulla",5809,"Tarragona","Tarragonès",2016,99,563,"5.000-10.000",37113,18.2
"43012","Altafulla",5809,"Tarragona","Tarragonès",2017,117,600,"5.000-10.000",37944,18.98
"43012","Altafulla",5809,"Tarragona","Tarragonès",2018,127,593,"5.000-10.000",39274,18.12
"43012","Altafulla",5809,"Tarragona","Tarragonès",2019,393,615,"5.000-10.000",41678,17.71
"43012","Altafulla",5809,"Tarragona","Tarragonès",2020,431,679,"5.000-10.000",41297,19.73
"43012","Altafulla",5809,"Tarragona","Tarragonès",2021,400,701,"5.000-10.000",43183,19.48
"43012","Altafulla",5809,"Tarragona","Tarragonès",2022,379,743,"5.000-10.000",45391,19.64
"43012","Altafulla",5809,"Tarragona","Tarragonès",2023,379,733,"5.000-10.000",NA,NA
"43012","Altafulla",5809,"Tarragona","Tarragonès",2024,386,812,"5.000-10.000",NA,NA
"43013","Ametlla de Mar, L'",7347,"Tarragona","Baix Ebre",2007,13,464,"5.000-10.000",NA,NA
"43013","Ametlla de Mar, L'",7347,"Tarragona","Baix Ebre",2008,22,558,"5.000-10.000",NA,NA
"43013","Ametlla de Mar, L'",7347,"Tarragona","Baix Ebre",2009,30,398,"5.000-10.000",NA,NA
"43013","Ametlla de Mar, L'",7347,"Tarragona","Baix Ebre",2010,48,367,"5.000-10.000",NA,NA
"43013","Ametlla de Mar, L'",7347,"Tarragona","Baix Ebre",2011,63,432,"5.000-10.000",NA,NA
"43013","Ametlla de Mar, L'",7347,"Tarragona","Baix Ebre",2012,47,385,"5.000-10.000",NA,NA
"43013","Ametlla de Mar, L'",7347,"Tarragona","Baix Ebre",2013,58,368,"5.000-10.000",NA,NA
"43013","Ametlla de Mar, L'",7347,"Tarragona","Baix Ebre",2014,81,341,"5.000-10.000",NA,NA
"43013","Ametlla de Mar, L'",7347,"Tarragona","Baix Ebre",2015,70,358,"5.000-10.000",23540,18.25
"43013","Ametlla de Mar, L'",7347,"Tarragona","Baix Ebre",2016,69,397,"5.000-10.000",23606,20.18
"43013","Ametlla de Mar, L'",7347,"Tarragona","Baix Ebre",2017,80,367,"5.000-10.000",24637,17.88
"43013","Ametlla de Mar, L'",7347,"Tarragona","Baix Ebre",2018,64,357,"5.000-10.000",26350,16.26
"43013","Ametlla de Mar, L'",7347,"Tarragona","Baix Ebre",2019,254,382,"5.000-10.000",27841,16.46
"43013","Ametlla de Mar, L'",7347,"Tarragona","Baix Ebre",2020,211,380,"5.000-10.000",27432,16.62
"43013","Ametlla de Mar, L'",7347,"Tarragona","Baix Ebre",2021,282,407,"5.000-10.000",29095,16.79
"43013","Ametlla de Mar, L'",7347,"Tarragona","Baix Ebre",2022,246,466,"5.000-10.000",30300,18.46
"43013","Ametlla de Mar, L'",7347,"Tarragona","Baix Ebre",2023,240,455,"5.000-10.000",NA,NA
"43013","Ametlla de Mar, L'",7347,"Tarragona","Baix Ebre",2024,264,530,"5.000-10.000",NA,NA
"43014","Amposta",22623,"Tarragona","Montsià",2007,116,363,"10.000-50.000",NA,NA
"43014","Amposta",22623,"Tarragona","Montsià",2008,133,394,"10.000-50.000",NA,NA
"43014","Amposta",22623,"Tarragona","Montsià",2009,121,371,"10.000-50.000",NA,NA
"43014","Amposta",22623,"Tarragona","Montsià",2010,196,349,"10.000-50.000",NA,NA
"43014","Amposta",22623,"Tarragona","Montsià",2011,212,358,"10.000-50.000",NA,NA
"43014","Amposta",22623,"Tarragona","Montsià",2012,245,325,"10.000-50.000",NA,NA
"43014","Amposta",22623,"Tarragona","Montsià",2013,276,288,"10.000-50.000",NA,NA
"43014","Amposta",22623,"Tarragona","Montsià",2014,218,276,"10.000-50.000",NA,NA
"43014","Amposta",22623,"Tarragona","Montsià",2015,258,273,"10.000-50.000",24248,13.51
"43014","Amposta",22623,"Tarragona","Montsià",2016,224,304,"10.000-50.000",25056,14.56
"43014","Amposta",22623,"Tarragona","Montsià",2017,287,293,"10.000-50.000",25631,13.72
"43014","Amposta",22623,"Tarragona","Montsià",2018,274,312,"10.000-50.000",26817,13.96
"43014","Amposta",22623,"Tarragona","Montsià",2019,969,321,"10.000-50.000",27809,13.85
"43014","Amposta",22623,"Tarragona","Montsià",2020,740,335,"10.000-50.000",28310,14.2
"43014","Amposta",22623,"Tarragona","Montsià",2021,990,342,"10.000-50.000",29119,14.09
"43014","Amposta",22623,"Tarragona","Montsià",2022,817,375,"10.000-50.000",30437,14.78
"43014","Amposta",22623,"Tarragona","Montsià",2023,877,401,"10.000-50.000",NA,NA
"43014","Amposta",22623,"Tarragona","Montsià",2024,1041,401,"10.000-50.000",NA,NA
"43016","Arboç, L'",5745,"Tarragona","Baix Penedès",2007,8,512,"5.000-10.000",NA,NA
"43016","Arboç, L'",5745,"Tarragona","Baix Penedès",2008,11,508,"5.000-10.000",NA,NA
"43016","Arboç, L'",5745,"Tarragona","Baix Penedès",2009,25,482,"5.000-10.000",NA,NA
"43016","Arboç, L'",5745,"Tarragona","Baix Penedès",2010,57,380,"5.000-10.000",NA,NA
"43016","Arboç, L'",5745,"Tarragona","Baix Penedès",2011,54,424,"5.000-10.000",NA,NA
"43016","Arboç, L'",5745,"Tarragona","Baix Penedès",2012,62,363,"5.000-10.000",NA,NA
"43016","Arboç, L'",5745,"Tarragona","Baix Penedès",2013,49,366,"5.000-10.000",NA,NA
"43016","Arboç, L'",5745,"Tarragona","Baix Penedès",2014,76,350,"5.000-10.000",NA,NA
"43016","Arboç, L'",5745,"Tarragona","Baix Penedès",2015,81,336,"5.000-10.000",27099,14.88
"43016","Arboç, L'",5745,"Tarragona","Baix Penedès",2016,97,345,"5.000-10.000",28091,14.74
"43016","Arboç, L'",5745,"Tarragona","Baix Penedès",2017,104,377,"5.000-10.000",29117,15.54
"43016","Arboç, L'",5745,"Tarragona","Baix Penedès",2018,82,401,"5.000-10.000",30591,15.73
"43016","Arboç, L'",5745,"Tarragona","Baix Penedès",2019,315,432,"5.000-10.000",31180,16.63
"43016","Arboç, L'",5745,"Tarragona","Baix Penedès",2020,332,483,"5.000-10.000",31316,18.51
"43016","Arboç, L'",5745,"Tarragona","Baix Penedès",2021,328,465,"5.000-10.000",32964,16.93
"43016","Arboç, L'",5745,"Tarragona","Baix Penedès",2022,312,462,"5.000-10.000",33451,16.57
"43016","Arboç, L'",5745,"Tarragona","Baix Penedès",2023,227,513,"5.000-10.000",NA,NA
"43016","Arboç, L'",5745,"Tarragona","Baix Penedès",2024,294,521,"5.000-10.000",NA,NA
"43019","Ascó",1609,"Tarragona","Ribera d'Ebre",2012,6,431,"1.000-5.000",NA,NA
"43019","Ascó",1609,"Tarragona","Ribera d'Ebre",2014,15,298,"1.000-5.000",NA,NA
"43019","Ascó",1609,"Tarragona","Ribera d'Ebre",2015,11,230,"1.000-5.000",37648,7.33
"43019","Ascó",1609,"Tarragona","Ribera d'Ebre",2018,8,284,"1.000-5.000",38363,8.88
"43019","Ascó",1609,"Tarragona","Ribera d'Ebre",2019,6,347,"1.000-5.000",37256,11.18
"43019","Ascó",1609,"Tarragona","Ribera d'Ebre",2020,7,323,"1.000-5.000",37485,10.34
"43019","Ascó",1609,"Tarragona","Ribera d'Ebre",2024,6,338,"1.000-5.000",NA,NA
"43020","Banyeres del Penedès",3340,"Tarragona","Baix Penedès",2007,6,554,"1.000-5.000",NA,NA
"43020","Banyeres del Penedès",3340,"Tarragona","Baix Penedès",2008,6,543,"1.000-5.000",NA,NA
"43020","Banyeres del Penedès",3340,"Tarragona","Baix Penedès",2009,7,554,"1.000-5.000",NA,NA
"43020","Banyeres del Penedès",3340,"Tarragona","Baix Penedès",2010,10,449,"1.000-5.000",NA,NA
"43020","Banyeres del Penedès",3340,"Tarragona","Baix Penedès",2011,16,435,"1.000-5.000",NA,NA
"43020","Banyeres del Penedès",3340,"Tarragona","Baix Penedès",2012,49,314,"1.000-5.000",NA,NA
"43020","Banyeres del Penedès",3340,"Tarragona","Baix Penedès",2013,26,386,"1.000-5.000",NA,NA
"43020","Banyeres del Penedès",3340,"Tarragona","Baix Penedès",2014,33,457,"1.000-5.000",NA,NA
"43020","Banyeres del Penedès",3340,"Tarragona","Baix Penedès",2015,41,452,"1.000-5.000",29876,18.16
"43020","Banyeres del Penedès",3340,"Tarragona","Baix Penedès",2016,42,454,"1.000-5.000",31064,17.54
"43020","Banyeres del Penedès",3340,"Tarragona","Baix Penedès",2017,30,446,"1.000-5.000",32395,16.52
"43020","Banyeres del Penedès",3340,"Tarragona","Baix Penedès",2018,37,446,"1.000-5.000",33616,15.92
"43020","Banyeres del Penedès",3340,"Tarragona","Baix Penedès",2019,160,499,"1.000-5.000",34835,17.19
"43020","Banyeres del Penedès",3340,"Tarragona","Baix Penedès",2020,63,497,"1.000-5.000",35345,16.87
"43020","Banyeres del Penedès",3340,"Tarragona","Baix Penedès",2021,95,519,"1.000-5.000",36662,16.99
"43020","Banyeres del Penedès",3340,"Tarragona","Baix Penedès",2022,99,587,"1.000-5.000",38187,18.45
"43020","Banyeres del Penedès",3340,"Tarragona","Baix Penedès",2023,68,581,"1.000-5.000",NA,NA
"43020","Banyeres del Penedès",3340,"Tarragona","Baix Penedès",2024,114,616,"1.000-5.000",NA,NA
"43021","Barberà de la Conca",480,"Tarragona","Conca de Barberà",2014,6,329,"< 1.000",NA,NA
"43021","Barberà de la Conca",480,"Tarragona","Conca de Barberà",2022,22,362,"< 1.000",30509,14.24
"43021","Barberà de la Conca",480,"Tarragona","Conca de Barberà",2023,17,427,"< 1.000",NA,NA
"43022","Batea",1881,"Tarragona","Terra Alta",2015,6,300,"1.000-5.000",23824,15.11
"43022","Batea",1881,"Tarragona","Terra Alta",2019,30,288,"1.000-5.000",26603,12.99
"43022","Batea",1881,"Tarragona","Terra Alta",2020,14,264,"1.000-5.000",27088,11.7
"43022","Batea",1881,"Tarragona","Terra Alta",2021,15,311,"1.000-5.000",27116,13.76
"43022","Batea",1881,"Tarragona","Terra Alta",2022,40,311,"1.000-5.000",29043,12.85
"43022","Batea",1881,"Tarragona","Terra Alta",2023,48,317,"1.000-5.000",NA,NA
"43022","Batea",1881,"Tarragona","Terra Alta",2024,55,334,"1.000-5.000",NA,NA
"43024","Bellvei",2409,"Tarragona","Baix Penedès",2009,14,431,"1.000-5.000",NA,NA
"43024","Bellvei",2409,"Tarragona","Baix Penedès",2011,7,454,"1.000-5.000",NA,NA
"43024","Bellvei",2409,"Tarragona","Baix Penedès",2012,28,412,"1.000-5.000",NA,NA
"43024","Bellvei",2409,"Tarragona","Baix Penedès",2013,17,377,"1.000-5.000",NA,NA
"43024","Bellvei",2409,"Tarragona","Baix Penedès",2014,13,359,"1.000-5.000",NA,NA
"43024","Bellvei",2409,"Tarragona","Baix Penedès",2015,21,396,"1.000-5.000",25680,18.5
"43024","Bellvei",2409,"Tarragona","Baix Penedès",2016,19,426,"1.000-5.000",26486,19.3
"43024","Bellvei",2409,"Tarragona","Baix Penedès",2017,13,413,"1.000-5.000",27771,17.85
"43024","Bellvei",2409,"Tarragona","Baix Penedès",2018,13,409,"1.000-5.000",28074,17.48
"43024","Bellvei",2409,"Tarragona","Baix Penedès",2019,58,416,"1.000-5.000",30511,16.36
"43024","Bellvei",2409,"Tarragona","Baix Penedès",2020,21,581,"1.000-5.000",30700,22.71
"43024","Bellvei",2409,"Tarragona","Baix Penedès",2021,58,440,"1.000-5.000",32035,16.48
"43024","Bellvei",2409,"Tarragona","Baix Penedès",2022,104,539,"1.000-5.000",33249,19.45
"43024","Bellvei",2409,"Tarragona","Baix Penedès",2023,64,671,"1.000-5.000",NA,NA
"43024","Bellvei",2409,"Tarragona","Baix Penedès",2024,30,713,"1.000-5.000",NA,NA
"43025","Benifallet",724,"Tarragona","Baix Ebre",2019,6,288,"< 1.000",27705,12.47
"43026","Benissanet",1192,"Tarragona","Ribera d'Ebre",2011,6,300,"1.000-5.000",NA,NA
"43026","Benissanet",1192,"Tarragona","Ribera d'Ebre",2018,7,316,"1.000-5.000",27003,14.04
"43026","Benissanet",1192,"Tarragona","Ribera d'Ebre",2019,6,290,"1.000-5.000",27816,12.51
"43026","Benissanet",1192,"Tarragona","Ribera d'Ebre",2024,26,427,"1.000-5.000",NA,NA
"43028","Bisbal del Penedès, La",4183,"Tarragona","Baix Penedès",2008,16,543,"1.000-5.000",NA,NA
"43028","Bisbal del Penedès, La",4183,"Tarragona","Baix Penedès",2009,15,613,"1.000-5.000",NA,NA
"43028","Bisbal del Penedès, La",4183,"Tarragona","Baix Penedès",2010,9,506,"1.000-5.000",NA,NA
"43028","Bisbal del Penedès, La",4183,"Tarragona","Baix Penedès",2011,9,456,"1.000-5.000",NA,NA
"43028","Bisbal del Penedès, La",4183,"Tarragona","Baix Penedès",2012,17,451,"1.000-5.000",NA,NA
"43028","Bisbal del Penedès, La",4183,"Tarragona","Baix Penedès",2013,24,416,"1.000-5.000",NA,NA
"43028","Bisbal del Penedès, La",4183,"Tarragona","Baix Penedès",2014,22,420,"1.000-5.000",NA,NA
"43028","Bisbal del Penedès, La",4183,"Tarragona","Baix Penedès",2015,26,474,"1.000-5.000",24324,23.38
"43028","Bisbal del Penedès, La",4183,"Tarragona","Baix Penedès",2016,47,443,"1.000-5.000",24906,21.34
"43028","Bisbal del Penedès, La",4183,"Tarragona","Baix Penedès",2017,38,475,"1.000-5.000",25796,22.1
"43028","Bisbal del Penedès, La",4183,"Tarragona","Baix Penedès",2018,32,526,"1.000-5.000",27753,22.74
"43028","Bisbal del Penedès, La",4183,"Tarragona","Baix Penedès",2019,136,548,"1.000-5.000",28935,22.73
"43028","Bisbal del Penedès, La",4183,"Tarragona","Baix Penedès",2020,116,581,"1.000-5.000",29141,23.93
"43028","Bisbal del Penedès, La",4183,"Tarragona","Baix Penedès",2021,92,609,"1.000-5.000",30176,24.22
"43028","Bisbal del Penedès, La",4183,"Tarragona","Baix Penedès",2022,92,586,"1.000-5.000",31765,22.14
"43028","Bisbal del Penedès, La",4183,"Tarragona","Baix Penedès",2023,94,640,"1.000-5.000",NA,NA
"43028","Bisbal del Penedès, La",4183,"Tarragona","Baix Penedès",2024,67,656,"1.000-5.000",NA,NA
"43029","Blancafort",393,"Tarragona","Conca de Barberà",2019,7,375,"< 1.000",32595,13.81
"43029","Blancafort",393,"Tarragona","Conca de Barberà",2022,7,343,"< 1.000",33501,12.29
"43029","Blancafort",393,"Tarragona","Conca de Barberà",2024,6,487,"< 1.000",NA,NA
"43030","Bonastre",762,"Tarragona","Baix Penedès",2011,10,500,"< 1.000",NA,NA
"43030","Bonastre",762,"Tarragona","Baix Penedès",2012,9,428,"< 1.000",NA,NA
"43030","Bonastre",762,"Tarragona","Baix Penedès",2013,14,395,"< 1.000",NA,NA
"43030","Bonastre",762,"Tarragona","Baix Penedès",2015,11,459,"< 1.000",21650,25.44
"43030","Bonastre",762,"Tarragona","Baix Penedès",2016,10,366,"< 1.000",22621,19.42
"43030","Bonastre",762,"Tarragona","Baix Penedès",2017,12,413,"< 1.000",23803,20.82
"43030","Bonastre",762,"Tarragona","Baix Penedès",2018,16,384,"< 1.000",24218,19.03
"43030","Bonastre",762,"Tarragona","Baix Penedès",2019,14,441,"< 1.000",25874,20.45
"43030","Bonastre",762,"Tarragona","Baix Penedès",2020,14,448,"< 1.000",25581,21.02
"43030","Bonastre",762,"Tarragona","Baix Penedès",2021,25,415,"< 1.000",26546,18.76
"43030","Bonastre",762,"Tarragona","Baix Penedès",2022,16,428,"< 1.000",28830,17.81
"43030","Bonastre",762,"Tarragona","Baix Penedès",2024,7,498,"< 1.000",NA,NA
"43031","Borges del Camp, Les",2256,"Tarragona","Baix Camp",2008,6,467,"1.000-5.000",NA,NA
"43031","Borges del Camp, Les",2256,"Tarragona","Baix Camp",2009,10,413,"1.000-5.000",NA,NA
"43031","Borges del Camp, Les",2256,"Tarragona","Baix Camp",2010,13,389,"1.000-5.000",NA,NA
"43031","Borges del Camp, Les",2256,"Tarragona","Baix Camp",2011,17,382,"1.000-5.000",NA,NA
"43031","Borges del Camp, Les",2256,"Tarragona","Baix Camp",2012,21,364,"1.000-5.000",NA,NA
"43031","Borges del Camp, Les",2256,"Tarragona","Baix Camp",2013,20,393,"1.000-5.000",NA,NA
"43031","Borges del Camp, Les",2256,"Tarragona","Baix Camp",2014,27,303,"1.000-5.000",NA,NA
"43031","Borges del Camp, Les",2256,"Tarragona","Baix Camp",2015,33,326,"1.000-5.000",28758,13.6
"43031","Borges del Camp, Les",2256,"Tarragona","Baix Camp",2016,24,348,"1.000-5.000",30603,13.65
"43031","Borges del Camp, Les",2256,"Tarragona","Baix Camp",2017,25,348,"1.000-5.000",30803,13.56
"43031","Borges del Camp, Les",2256,"Tarragona","Baix Camp",2018,26,358,"1.000-5.000",31790,13.51
"43031","Borges del Camp, Les",2256,"Tarragona","Baix Camp",2019,82,400,"1.000-5.000",33906,14.16
"43031","Borges del Camp, Les",2256,"Tarragona","Baix Camp",2020,118,415,"1.000-5.000",32666,15.25
"43031","Borges del Camp, Les",2256,"Tarragona","Baix Camp",2021,100,423,"1.000-5.000",34219,14.83
"43031","Borges del Camp, Les",2256,"Tarragona","Baix Camp",2022,104,415,"1.000-5.000",36025,13.82
"43031","Borges del Camp, Les",2256,"Tarragona","Baix Camp",2023,66,503,"1.000-5.000",NA,NA
"43031","Borges del Camp, Les",2256,"Tarragona","Baix Camp",2024,85,527,"1.000-5.000",NA,NA
"43033","Botarell",1170,"Tarragona","Baix Camp",2011,7,468,"1.000-5.000",NA,NA
"43033","Botarell",1170,"Tarragona","Baix Camp",2012,9,406,"1.000-5.000",NA,NA
"43033","Botarell",1170,"Tarragona","Baix Camp",2013,7,421,"1.000-5.000",NA,NA
"43033","Botarell",1170,"Tarragona","Baix Camp",2014,12,398,"1.000-5.000",NA,NA
"43033","Botarell",1170,"Tarragona","Baix Camp",2015,8,344,"1.000-5.000",33004,12.51
"43033","Botarell",1170,"Tarragona","Baix Camp",2016,14,353,"1.000-5.000",32289,13.12
"43033","Botarell",1170,"Tarragona","Baix Camp",2017,10,424,"1.000-5.000",33323,15.27
"43033","Botarell",1170,"Tarragona","Baix Camp",2018,8,442,"1.000-5.000",36272,14.62
"43033","Botarell",1170,"Tarragona","Baix Camp",2019,34,438,"1.000-5.000",37099,14.17
"43033","Botarell",1170,"Tarragona","Baix Camp",2020,7,419,"1.000-5.000",36141,13.91
"43033","Botarell",1170,"Tarragona","Baix Camp",2021,14,514,"1.000-5.000",37148,16.6
"43033","Botarell",1170,"Tarragona","Baix Camp",2022,7,475,"1.000-5.000",39164,14.55
"43033","Botarell",1170,"Tarragona","Baix Camp",2023,6,496,"1.000-5.000",NA,NA
"43034","Bràfim",697,"Tarragona","Alt Camp",2018,8,401,"< 1.000",31225,15.41
"43035","Cabacés",301,"Tarragona","Priorat",2017,6,638,"< 1.000",22095,34.65
"43035","Cabacés",301,"Tarragona","Priorat",2018,7,576,"< 1.000",22032,31.37
"43035","Cabacés",301,"Tarragona","Priorat",2019,13,544,"< 1.000",24630,26.5
"43035","Cabacés",301,"Tarragona","Priorat",2020,7,447,"< 1.000",24472,21.92
"43035","Cabacés",301,"Tarragona","Priorat",2021,8,539,"< 1.000",25351,25.51
"43035","Cabacés",301,"Tarragona","Priorat",2022,14,619,"< 1.000",26996,27.52
"43036","Cabra del Camp",1325,"Tarragona","Alt Camp",2011,9,402,"1.000-5.000",NA,NA
"43036","Cabra del Camp",1325,"Tarragona","Alt Camp",2012,7,486,"1.000-5.000",NA,NA
"43036","Cabra del Camp",1325,"Tarragona","Alt Camp",2013,12,403,"1.000-5.000",NA,NA
"43036","Cabra del Camp",1325,"Tarragona","Alt Camp",2014,10,317,"1.000-5.000",NA,NA
"43036","Cabra del Camp",1325,"Tarragona","Alt Camp",2015,9,281,"1.000-5.000",25590,13.18
"43036","Cabra del Camp",1325,"Tarragona","Alt Camp",2016,13,366,"1.000-5.000",25901,16.96
"43036","Cabra del Camp",1325,"Tarragona","Alt Camp",2017,10,530,"1.000-5.000",26792,23.74
"43036","Cabra del Camp",1325,"Tarragona","Alt Camp",2018,10,442,"1.000-5.000",29613,17.91
"43036","Cabra del Camp",1325,"Tarragona","Alt Camp",2019,22,515,"1.000-5.000",30591,20.2
"43036","Cabra del Camp",1325,"Tarragona","Alt Camp",2020,46,372,"1.000-5.000",31296,14.26
"43036","Cabra del Camp",1325,"Tarragona","Alt Camp",2021,31,438,"1.000-5.000",30925,17
"43036","Cabra del Camp",1325,"Tarragona","Alt Camp",2022,43,558,"1.000-5.000",32608,20.53
"43036","Cabra del Camp",1325,"Tarragona","Alt Camp",2023,16,476,"1.000-5.000",NA,NA
"43036","Cabra del Camp",1325,"Tarragona","Alt Camp",2024,12,525,"1.000-5.000",NA,NA
"43037","Calafell",31567,"Tarragona","Baix Penedès",2007,80,592,"10.000-50.000",NA,NA
"43037","Calafell",31567,"Tarragona","Baix Penedès",2008,169,614,"10.000-50.000",NA,NA
"43037","Calafell",31567,"Tarragona","Baix Penedès",2009,192,571,"10.000-50.000",NA,NA
"43037","Calafell",31567,"Tarragona","Baix Penedès",2010,279,517,"10.000-50.000",NA,NA
"43037","Calafell",31567,"Tarragona","Baix Penedès",2011,339,498,"10.000-50.000",NA,NA
"43037","Calafell",31567,"Tarragona","Baix Penedès",2012,368,492,"10.000-50.000",NA,NA
"43037","Calafell",31567,"Tarragona","Baix Penedès",2013,396,448,"10.000-50.000",NA,NA
"43037","Calafell",31567,"Tarragona","Baix Penedès",2014,454,436,"10.000-50.000",NA,NA
"43037","Calafell",31567,"Tarragona","Baix Penedès",2015,538,449,"10.000-50.000",25719,20.95
"43037","Calafell",31567,"Tarragona","Baix Penedès",2016,563,465,"10.000-50.000",26410,21.13
"43037","Calafell",31567,"Tarragona","Baix Penedès",2017,560,492,"10.000-50.000",27026,21.85
"43037","Calafell",31567,"Tarragona","Baix Penedès",2018,671,541,"10.000-50.000",28136,23.07
"43037","Calafell",31567,"Tarragona","Baix Penedès",2019,2315,584,"10.000-50.000",29391,23.84
"43037","Calafell",31567,"Tarragona","Baix Penedès",2020,1853,585,"10.000-50.000",29398,23.88
"43037","Calafell",31567,"Tarragona","Baix Penedès",2021,2347,578,"10.000-50.000",30855,22.48
"43037","Calafell",31567,"Tarragona","Baix Penedès",2022,1934,636,"10.000-50.000",32347,23.59
"43037","Calafell",31567,"Tarragona","Baix Penedès",2023,1768,673,"10.000-50.000",NA,NA
"43037","Calafell",31567,"Tarragona","Baix Penedès",2024,1822,759,"10.000-50.000",NA,NA
"43038","Cambrils",36686,"Tarragona","Baix Camp",2007,134,526,"10.000-50.000",NA,NA
"43038","Cambrils",36686,"Tarragona","Baix Camp",2008,203,590,"10.000-50.000",NA,NA
"43038","Cambrils",36686,"Tarragona","Baix Camp",2009,224,579,"10.000-50.000",NA,NA
"43038","Cambrils",36686,"Tarragona","Baix Camp",2010,384,512,"10.000-50.000",NA,NA
"43038","Cambrils",36686,"Tarragona","Baix Camp",2011,415,522,"10.000-50.000",NA,NA
"43038","Cambrils",36686,"Tarragona","Baix Camp",2012,449,488,"10.000-50.000",NA,NA
"43038","Cambrils",36686,"Tarragona","Baix Camp",2013,520,473,"10.000-50.000",NA,NA
"43038","Cambrils",36686,"Tarragona","Baix Camp",2014,496,461,"10.000-50.000",NA,NA
"43038","Cambrils",36686,"Tarragona","Baix Camp",2015,590,470,"10.000-50.000",28876,19.53
"43038","Cambrils",36686,"Tarragona","Baix Camp",2016,580,492,"10.000-50.000",29625,19.93
"43038","Cambrils",36686,"Tarragona","Baix Camp",2017,584,500,"10.000-50.000",30610,19.6
"43038","Cambrils",36686,"Tarragona","Baix Camp",2018,635,528,"10.000-50.000",31598,20.05
"43038","Cambrils",36686,"Tarragona","Baix Camp",2019,2025,545,"10.000-50.000",32495,20.13
"43038","Cambrils",36686,"Tarragona","Baix Camp",2020,1766,578,"10.000-50.000",32074,21.62
"43038","Cambrils",36686,"Tarragona","Baix Camp",2021,2318,569,"10.000-50.000",34278,19.92
"43038","Cambrils",36686,"Tarragona","Baix Camp",2022,1967,644,"10.000-50.000",37892,20.39
"43038","Cambrils",36686,"Tarragona","Baix Camp",2023,1759,687,"10.000-50.000",NA,NA
"43038","Cambrils",36686,"Tarragona","Baix Camp",2024,1792,717,"10.000-50.000",NA,NA
"43042","Castellvell del Camp",2991,"Tarragona","Baix Camp",2009,7,636,"1.000-5.000",NA,NA
"43042","Castellvell del Camp",2991,"Tarragona","Baix Camp",2012,9,598,"1.000-5.000",NA,NA
"43042","Castellvell del Camp",2991,"Tarragona","Baix Camp",2013,12,663,"1.000-5.000",NA,NA
"43042","Castellvell del Camp",2991,"Tarragona","Baix Camp",2014,12,536,"1.000-5.000",NA,NA
"43042","Castellvell del Camp",2991,"Tarragona","Baix Camp",2015,17,719,"1.000-5.000",43920,19.64
"43042","Castellvell del Camp",2991,"Tarragona","Baix Camp",2016,8,494,"1.000-5.000",46398,12.78
"43042","Castellvell del Camp",2991,"Tarragona","Baix Camp",2017,12,680,"1.000-5.000",45620,17.89
"43042","Castellvell del Camp",2991,"Tarragona","Baix Camp",2018,13,754,"1.000-5.000",47826,18.92
"43042","Castellvell del Camp",2991,"Tarragona","Baix Camp",2019,35,791,"1.000-5.000",49701,19.1
"43042","Castellvell del Camp",2991,"Tarragona","Baix Camp",2020,7,754,"1.000-5.000",49903,18.13
"43042","Castellvell del Camp",2991,"Tarragona","Baix Camp",2021,15,476,"1.000-5.000",52769,10.82
"43042","Castellvell del Camp",2991,"Tarragona","Baix Camp",2022,19,1027,"1.000-5.000",56387,21.86
"43042","Castellvell del Camp",2991,"Tarragona","Baix Camp",2023,24,770,"1.000-5.000",NA,NA
"43043","Catllar, El",5215,"Tarragona","Tarragonès",2010,14,553,"5.000-10.000",NA,NA
"43043","Catllar, El",5215,"Tarragona","Tarragonès",2011,18,572,"5.000-10.000",NA,NA
"43043","Catllar, El",5215,"Tarragona","Tarragonès",2012,24,523,"5.000-10.000",NA,NA
"43043","Catllar, El",5215,"Tarragona","Tarragonès",2013,31,561,"5.000-10.000",NA,NA
"43043","Catllar, El",5215,"Tarragona","Tarragonès",2014,26,488,"5.000-10.000",NA,NA
"43043","Catllar, El",5215,"Tarragona","Tarragonès",2015,29,740,"5.000-10.000",35329,25.14
"43043","Catllar, El",5215,"Tarragona","Tarragonès",2016,24,510,"5.000-10.000",36368,16.83
"43043","Catllar, El",5215,"Tarragona","Tarragonès",2017,27,576,"5.000-10.000",37568,18.4
"43043","Catllar, El",5215,"Tarragona","Tarragonès",2018,48,586,"5.000-10.000",39313,17.89
"43043","Catllar, El",5215,"Tarragona","Tarragonès",2019,122,626,"5.000-10.000",40934,18.35
"43043","Catllar, El",5215,"Tarragona","Tarragonès",2020,90,686,"5.000-10.000",40514,20.32
"43043","Catllar, El",5215,"Tarragona","Tarragonès",2021,115,577,"5.000-10.000",43786,15.81
"43043","Catllar, El",5215,"Tarragona","Tarragonès",2022,103,729,"5.000-10.000",45806,19.1
"43043","Catllar, El",5215,"Tarragona","Tarragonès",2023,47,764,"5.000-10.000",NA,NA
"43043","Catllar, El",5215,"Tarragona","Tarragonès",2024,94,874,"5.000-10.000",NA,NA
"43044","Sénia, La",5618,"Tarragona","Montsià",2008,8,378,"5.000-10.000",NA,NA
"43044","Sénia, La",5618,"Tarragona","Montsià",2009,14,280,"5.000-10.000",NA,NA
"43044","Sénia, La",5618,"Tarragona","Montsià",2010,16,289,"5.000-10.000",NA,NA
"43044","Sénia, La",5618,"Tarragona","Montsià",2011,20,322,"5.000-10.000",NA,NA
"43044","Sénia, La",5618,"Tarragona","Montsià",2012,18,302,"5.000-10.000",NA,NA
"43044","Sénia, La",5618,"Tarragona","Montsià",2013,13,262,"5.000-10.000",NA,NA
"43044","Sénia, La",5618,"Tarragona","Montsià",2014,28,229,"5.000-10.000",NA,NA
"43044","Sénia, La",5618,"Tarragona","Montsià",2015,21,239,"5.000-10.000",22771,12.59
"43044","Sénia, La",5618,"Tarragona","Montsià",2016,21,236,"5.000-10.000",23421,12.09
"43044","Sénia, La",5618,"Tarragona","Montsià",2017,40,257,"5.000-10.000",23961,12.87
"43044","Sénia, La",5618,"Tarragona","Montsià",2018,34,252,"5.000-10.000",24935,12.13
"43044","Sénia, La",5618,"Tarragona","Montsià",2019,135,278,"5.000-10.000",26210,12.73
"43044","Sénia, La",5618,"Tarragona","Montsià",2020,74,245,"5.000-10.000",27396,10.73
"43044","Sénia, La",5618,"Tarragona","Montsià",2021,123,255,"5.000-10.000",28633,10.69
"43044","Sénia, La",5618,"Tarragona","Montsià",2022,161,281,"5.000-10.000",29391,11.47
"43044","Sénia, La",5618,"Tarragona","Montsià",2023,121,326,"5.000-10.000",NA,NA
"43044","Sénia, La",5618,"Tarragona","Montsià",2024,117,351,"5.000-10.000",NA,NA
"43047","Constantí",6921,"Tarragona","Tarragonès",2007,8,338,"5.000-10.000",NA,NA
"43047","Constantí",6921,"Tarragona","Tarragonès",2008,22,469,"5.000-10.000",NA,NA
"43047","Constantí",6921,"Tarragona","Tarragonès",2009,32,470,"5.000-10.000",NA,NA
"43047","Constantí",6921,"Tarragona","Tarragonès",2010,52,403,"5.000-10.000",NA,NA
"43047","Constantí",6921,"Tarragona","Tarragonès",2011,52,410,"5.000-10.000",NA,NA
"43047","Constantí",6921,"Tarragona","Tarragonès",2012,94,351,"5.000-10.000",NA,NA
"43047","Constantí",6921,"Tarragona","Tarragonès",2013,60,324,"5.000-10.000",NA,NA
"43047","Constantí",6921,"Tarragona","Tarragonès",2014,80,295,"5.000-10.000",NA,NA
"43047","Constantí",6921,"Tarragona","Tarragonès",2015,79,308,"5.000-10.000",25362,14.57
"43047","Constantí",6921,"Tarragona","Tarragonès",2016,119,318,"5.000-10.000",26103,14.62
"43047","Constantí",6921,"Tarragona","Tarragonès",2017,91,326,"5.000-10.000",26812,14.59
"43047","Constantí",6921,"Tarragona","Tarragonès",2018,130,357,"5.000-10.000",28221,15.18
"43047","Constantí",6921,"Tarragona","Tarragonès",2019,260,398,"5.000-10.000",29128,16.4
"43047","Constantí",6921,"Tarragona","Tarragonès",2020,251,386,"5.000-10.000",29087,15.92
"43047","Constantí",6921,"Tarragona","Tarragonès",2021,259,391,"5.000-10.000",30350,15.46
"43047","Constantí",6921,"Tarragona","Tarragonès",2022,267,413,"5.000-10.000",31710,15.63
"43047","Constantí",6921,"Tarragona","Tarragonès",2023,240,422,"5.000-10.000",NA,NA
"43047","Constantí",6921,"Tarragona","Tarragonès",2024,303,461,"5.000-10.000",NA,NA
"43048","Corbera d'Ebre",1016,"Tarragona","Terra Alta",2018,9,231,"1.000-5.000",28792,9.63
"43049","Cornudella de Montsant",1033,"Tarragona","Priorat",2012,6,435,"1.000-5.000",NA,NA
"43049","Cornudella de Montsant",1033,"Tarragona","Priorat",2015,6,347,"1.000-5.000",22800,18.26
"43049","Cornudella de Montsant",1033,"Tarragona","Priorat",2016,9,316,"1.000-5.000",23230,16.32
"43049","Cornudella de Montsant",1033,"Tarragona","Priorat",2017,12,422,"1.000-5.000",24022,21.08
"43049","Cornudella de Montsant",1033,"Tarragona","Priorat",2018,11,413,"1.000-5.000",24802,19.98
"43049","Cornudella de Montsant",1033,"Tarragona","Priorat",2019,46,376,"1.000-5.000",26682,16.91
"43049","Cornudella de Montsant",1033,"Tarragona","Priorat",2020,16,427,"1.000-5.000",27724,18.48
"43049","Cornudella de Montsant",1033,"Tarragona","Priorat",2021,13,424,"1.000-5.000",29846,17.05
"43049","Cornudella de Montsant",1033,"Tarragona","Priorat",2022,60,360,"1.000-5.000",30549,14.14
"43049","Cornudella de Montsant",1033,"Tarragona","Priorat",2023,24,352,"1.000-5.000",NA,NA
"43049","Cornudella de Montsant",1033,"Tarragona","Priorat",2024,10,466,"1.000-5.000",NA,NA
"43050","Creixell",4169,"Tarragona","Tarragonès",2007,10,521,"1.000-5.000",NA,NA
"43050","Creixell",4169,"Tarragona","Tarragonès",2008,16,514,"1.000-5.000",NA,NA
"43050","Creixell",4169,"Tarragona","Tarragonès",2009,18,482,"1.000-5.000",NA,NA
"43050","Creixell",4169,"Tarragona","Tarragonès",2010,28,523,"1.000-5.000",NA,NA
"43050","Creixell",4169,"Tarragona","Tarragonès",2011,38,472,"1.000-5.000",NA,NA
"43050","Creixell",4169,"Tarragona","Tarragonès",2012,48,485,"1.000-5.000",NA,NA
"43050","Creixell",4169,"Tarragona","Tarragonès",2013,68,435,"1.000-5.000",NA,NA
"43050","Creixell",4169,"Tarragona","Tarragonès",2014,59,458,"1.000-5.000",NA,NA
"43050","Creixell",4169,"Tarragona","Tarragonès",2015,81,416,"1.000-5.000",26322,18.97
"43050","Creixell",4169,"Tarragona","Tarragonès",2016,91,466,"1.000-5.000",26737,20.91
"43050","Creixell",4169,"Tarragona","Tarragonès",2017,105,484,"1.000-5.000",27175,21.37
"43050","Creixell",4169,"Tarragona","Tarragonès",2018,102,555,"1.000-5.000",27600,24.13
"43050","Creixell",4169,"Tarragona","Tarragonès",2019,319,526,"1.000-5.000",29495,21.4
"43050","Creixell",4169,"Tarragona","Tarragonès",2020,269,549,"1.000-5.000",29715,22.17
"43050","Creixell",4169,"Tarragona","Tarragonès",2021,295,540,"1.000-5.000",31311,20.7
"43050","Creixell",4169,"Tarragona","Tarragonès",2022,264,567,"1.000-5.000",32530,20.92
"43050","Creixell",4169,"Tarragona","Tarragonès",2023,206,619,"1.000-5.000",NA,NA
"43050","Creixell",4169,"Tarragona","Tarragonès",2024,273,678,"1.000-5.000",NA,NA
"43051","Cunit",15750,"Tarragona","Baix Penedès",2007,32,528,"10.000-50.000",NA,NA
"43051","Cunit",15750,"Tarragona","Baix Penedès",2008,65,605,"10.000-50.000",NA,NA
"43051","Cunit",15750,"Tarragona","Baix Penedès",2009,118,491,"10.000-50.000",NA,NA
"43051","Cunit",15750,"Tarragona","Baix Penedès",2010,110,558,"10.000-50.000",NA,NA
"43051","Cunit",15750,"Tarragona","Baix Penedès",2011,154,504,"10.000-50.000",NA,NA
"43051","Cunit",15750,"Tarragona","Baix Penedès",2012,169,506,"10.000-50.000",NA,NA
"43051","Cunit",15750,"Tarragona","Baix Penedès",2013,134,474,"10.000-50.000",NA,NA
"43051","Cunit",15750,"Tarragona","Baix Penedès",2014,210,443,"10.000-50.000",NA,NA
"43051","Cunit",15750,"Tarragona","Baix Penedès",2015,234,471,"10.000-50.000",25575,22.1
"43051","Cunit",15750,"Tarragona","Baix Penedès",2016,241,480,"10.000-50.000",25888,22.25
"43051","Cunit",15750,"Tarragona","Baix Penedès",2017,259,534,"10.000-50.000",26506,24.18
"43051","Cunit",15750,"Tarragona","Baix Penedès",2018,292,552,"10.000-50.000",27951,23.7
"43051","Cunit",15750,"Tarragona","Baix Penedès",2019,970,597,"10.000-50.000",28457,25.17
"43051","Cunit",15750,"Tarragona","Baix Penedès",2020,678,605,"10.000-50.000",29196,24.87
"43051","Cunit",15750,"Tarragona","Baix Penedès",2021,939,578,"10.000-50.000",30181,22.98
"43051","Cunit",15750,"Tarragona","Baix Penedès",2022,764,656,"10.000-50.000",31640,24.88
"43051","Cunit",15750,"Tarragona","Baix Penedès",2023,799,679,"10.000-50.000",NA,NA
"43051","Cunit",15750,"Tarragona","Baix Penedès",2024,724,711,"10.000-50.000",NA,NA
"43052","Xerta",1153,"Tarragona","Baix Ebre",2007,7,269,"1.000-5.000",NA,NA
"43052","Xerta",1153,"Tarragona","Baix Ebre",2008,8,398,"1.000-5.000",NA,NA
"43052","Xerta",1153,"Tarragona","Baix Ebre",2012,9,235,"1.000-5.000",NA,NA
"43052","Xerta",1153,"Tarragona","Baix Ebre",2017,7,344,"1.000-5.000",27408,15.06
"43052","Xerta",1153,"Tarragona","Baix Ebre",2018,8,335,"1.000-5.000",26740,15.03
"43052","Xerta",1153,"Tarragona","Baix Ebre",2019,16,328,"1.000-5.000",27482,14.32
"43052","Xerta",1153,"Tarragona","Baix Ebre",2020,7,286,"1.000-5.000",28129,12.2
"43052","Xerta",1153,"Tarragona","Baix Ebre",2021,18,385,"1.000-5.000",28512,16.2
"43052","Xerta",1153,"Tarragona","Baix Ebre",2022,19,342,"1.000-5.000",29211,14.05
"43052","Xerta",1153,"Tarragona","Baix Ebre",2023,6,292,"1.000-5.000",NA,NA
"43052","Xerta",1153,"Tarragona","Baix Ebre",2024,23,365,"1.000-5.000",NA,NA
"43053","Duesaigües",223,"Tarragona","Baix Camp",2009,6,353,"< 1.000",NA,NA
"43053","Duesaigües",223,"Tarragona","Baix Camp",2017,7,349,"< 1.000",25423,16.47
"43053","Duesaigües",223,"Tarragona","Baix Camp",2021,13,316,"< 1.000",28045,13.52
"43054","Espluga de Francolí, L'",3850,"Tarragona","Conca de Barberà",2007,10,377,"1.000-5.000",NA,NA
"43054","Espluga de Francolí, L'",3850,"Tarragona","Conca de Barberà",2008,8,438,"1.000-5.000",NA,NA
"43054","Espluga de Francolí, L'",3850,"Tarragona","Conca de Barberà",2009,15,401,"1.000-5.000",NA,NA
"43054","Espluga de Francolí, L'",3850,"Tarragona","Conca de Barberà",2010,37,402,"1.000-5.000",NA,NA
"43054","Espluga de Francolí, L'",3850,"Tarragona","Conca de Barberà",2011,29,342,"1.000-5.000",NA,NA
"43054","Espluga de Francolí, L'",3850,"Tarragona","Conca de Barberà",2012,24,355,"1.000-5.000",NA,NA
"43054","Espluga de Francolí, L'",3850,"Tarragona","Conca de Barberà",2013,24,347,"1.000-5.000",NA,NA
"43054","Espluga de Francolí, L'",3850,"Tarragona","Conca de Barberà",2014,17,339,"1.000-5.000",NA,NA
"43054","Espluga de Francolí, L'",3850,"Tarragona","Conca de Barberà",2015,25,340,"1.000-5.000",28842,14.15
"43054","Espluga de Francolí, L'",3850,"Tarragona","Conca de Barberà",2016,22,357,"1.000-5.000",29886,14.33
"43054","Espluga de Francolí, L'",3850,"Tarragona","Conca de Barberà",2017,31,338,"1.000-5.000",30756,13.19
"43054","Espluga de Francolí, L'",3850,"Tarragona","Conca de Barberà",2018,36,416,"1.000-5.000",31284,15.96
"43054","Espluga de Francolí, L'",3850,"Tarragona","Conca de Barberà",2019,137,386,"1.000-5.000",32656,14.18
"43054","Espluga de Francolí, L'",3850,"Tarragona","Conca de Barberà",2020,129,402,"1.000-5.000",32524,14.83
"43054","Espluga de Francolí, L'",3850,"Tarragona","Conca de Barberà",2021,90,415,"1.000-5.000",33444,14.89
"43054","Espluga de Francolí, L'",3850,"Tarragona","Conca de Barberà",2022,164,421,"1.000-5.000",34870,14.49
"43054","Espluga de Francolí, L'",3850,"Tarragona","Conca de Barberà",2023,215,438,"1.000-5.000",NA,NA
"43054","Espluga de Francolí, L'",3850,"Tarragona","Conca de Barberà",2024,184,482,"1.000-5.000",NA,NA
"43055","Falset",2875,"Tarragona","Priorat",2007,20,406,"1.000-5.000",NA,NA
"43055","Falset",2875,"Tarragona","Priorat",2008,19,447,"1.000-5.000",NA,NA
"43055","Falset",2875,"Tarragona","Priorat",2009,35,396,"1.000-5.000",NA,NA
"43055","Falset",2875,"Tarragona","Priorat",2010,39,377,"1.000-5.000",NA,NA
"43055","Falset",2875,"Tarragona","Priorat",2011,38,355,"1.000-5.000",NA,NA
"43055","Falset",2875,"Tarragona","Priorat",2012,52,379,"1.000-5.000",NA,NA
"43055","Falset",2875,"Tarragona","Priorat",2013,33,369,"1.000-5.000",NA,NA
"43055","Falset",2875,"Tarragona","Priorat",2014,38,337,"1.000-5.000",NA,NA
"43055","Falset",2875,"Tarragona","Priorat",2015,45,353,"1.000-5.000",29172,14.52
"43055","Falset",2875,"Tarragona","Priorat",2016,47,367,"1.000-5.000",30452,14.46
"43055","Falset",2875,"Tarragona","Priorat",2017,65,355,"1.000-5.000",30524,13.96
"43055","Falset",2875,"Tarragona","Priorat",2018,56,370,"1.000-5.000",32390,13.71
"43055","Falset",2875,"Tarragona","Priorat",2019,150,422,"1.000-5.000",33246,15.23
"43055","Falset",2875,"Tarragona","Priorat",2020,137,382,"1.000-5.000",33331,13.75
"43055","Falset",2875,"Tarragona","Priorat",2021,192,411,"1.000-5.000",33852,14.57
"43055","Falset",2875,"Tarragona","Priorat",2022,186,438,"1.000-5.000",36169,14.53
"43055","Falset",2875,"Tarragona","Priorat",2023,148,446,"1.000-5.000",NA,NA
"43055","Falset",2875,"Tarragona","Priorat",2024,81,447,"1.000-5.000",NA,NA
"43060","Flix",3323,"Tarragona","Ribera d'Ebre",2008,11,392,"1.000-5.000",NA,NA
"43060","Flix",3323,"Tarragona","Ribera d'Ebre",2009,7,332,"1.000-5.000",NA,NA
"43060","Flix",3323,"Tarragona","Ribera d'Ebre",2010,13,634,"1.000-5.000",NA,NA
"43060","Flix",3323,"Tarragona","Ribera d'Ebre",2011,9,332,"1.000-5.000",NA,NA
"43060","Flix",3323,"Tarragona","Ribera d'Ebre",2012,28,261,"1.000-5.000",NA,NA
"43060","Flix",3323,"Tarragona","Ribera d'Ebre",2013,6,342,"1.000-5.000",NA,NA
"43060","Flix",3323,"Tarragona","Ribera d'Ebre",2014,11,296,"1.000-5.000",NA,NA
"43060","Flix",3323,"Tarragona","Ribera d'Ebre",2015,13,320,"1.000-5.000",31598,12.15
"43060","Flix",3323,"Tarragona","Ribera d'Ebre",2016,13,288,"1.000-5.000",31591,10.94
"43060","Flix",3323,"Tarragona","Ribera d'Ebre",2017,13,333,"1.000-5.000",34019,11.75
"43060","Flix",3323,"Tarragona","Ribera d'Ebre",2018,14,291,"1.000-5.000",34568,10.1
"43060","Flix",3323,"Tarragona","Ribera d'Ebre",2019,53,298,"1.000-5.000",34814,10.27
"43060","Flix",3323,"Tarragona","Ribera d'Ebre",2020,51,307,"1.000-5.000",34865,10.57
"43060","Flix",3323,"Tarragona","Ribera d'Ebre",2021,17,425,"1.000-5.000",36152,14.11
"43060","Flix",3323,"Tarragona","Ribera d'Ebre",2022,21,332,"1.000-5.000",35550,11.21
"43060","Flix",3323,"Tarragona","Ribera d'Ebre",2023,36,345,"1.000-5.000",NA,NA
"43060","Flix",3323,"Tarragona","Ribera d'Ebre",2024,100,352,"1.000-5.000",NA,NA
"43063","Galera, La",717,"Tarragona","Montsià",2020,12,250,"< 1.000",25708,11.67
"43063","Galera, La",717,"Tarragona","Montsià",2021,7,250,"< 1.000",25129,11.94
"43063","Galera, La",717,"Tarragona","Montsià",2023,30,277,"< 1.000",NA,NA
"43064","Gandesa",3160,"Tarragona","Terra Alta",2010,9,353,"1.000-5.000",NA,NA
"43064","Gandesa",3160,"Tarragona","Terra Alta",2011,24,317,"1.000-5.000",NA,NA
"43064","Gandesa",3160,"Tarragona","Terra Alta",2012,23,321,"1.000-5.000",NA,NA
"43064","Gandesa",3160,"Tarragona","Terra Alta",2013,25,239,"1.000-5.000",NA,NA
"43064","Gandesa",3160,"Tarragona","Terra Alta",2014,11,222,"1.000-5.000",NA,NA
"43064","Gandesa",3160,"Tarragona","Terra Alta",2015,26,220,"1.000-5.000",27661,9.54
"43064","Gandesa",3160,"Tarragona","Terra Alta",2016,7,255,"1.000-5.000",28041,10.91
"43064","Gandesa",3160,"Tarragona","Terra Alta",2017,11,298,"1.000-5.000",28675,12.47
"43064","Gandesa",3160,"Tarragona","Terra Alta",2018,17,268,"1.000-5.000",29840,10.78
"43064","Gandesa",3160,"Tarragona","Terra Alta",2019,56,301,"1.000-5.000",32277,11.19
"43064","Gandesa",3160,"Tarragona","Terra Alta",2020,31,267,"1.000-5.000",31703,10.11
"43064","Gandesa",3160,"Tarragona","Terra Alta",2021,51,302,"1.000-5.000",32500,11.15
"43064","Gandesa",3160,"Tarragona","Terra Alta",2022,118,310,"1.000-5.000",33723,11.03
"43064","Gandesa",3160,"Tarragona","Terra Alta",2023,112,326,"1.000-5.000",NA,NA
"43064","Gandesa",3160,"Tarragona","Terra Alta",2024,99,367,"1.000-5.000",NA,NA
"43065","Garcia",540,"Tarragona","Ribera d'Ebre",2024,6,395,"< 1.000",NA,NA
"43066","Garidells, Els",204,"Tarragona","Alt Camp",2024,6,516,"< 1.000",NA,NA
"43067","Ginestar",800,"Tarragona","Ribera d'Ebre",2019,6,269,"< 1.000",27571,11.71
"43070","Guiamets, Els",256,"Tarragona","Priorat",2017,6,365,"< 1.000",33624,13.03
"43071","Horta de Sant Joan",1157,"Tarragona","Terra Alta",2008,6,338,"1.000-5.000",NA,NA
"43071","Horta de Sant Joan",1157,"Tarragona","Terra Alta",2009,7,349,"1.000-5.000",NA,NA
"43071","Horta de Sant Joan",1157,"Tarragona","Terra Alta",2011,8,307,"1.000-5.000",NA,NA
"43071","Horta de Sant Joan",1157,"Tarragona","Terra Alta",2012,7,286,"1.000-5.000",NA,NA
"43071","Horta de Sant Joan",1157,"Tarragona","Terra Alta",2013,7,183,"1.000-5.000",NA,NA
"43071","Horta de Sant Joan",1157,"Tarragona","Terra Alta",2014,18,186,"1.000-5.000",NA,NA
"43071","Horta de Sant Joan",1157,"Tarragona","Terra Alta",2018,10,410,"1.000-5.000",25869,19.02
"43071","Horta de Sant Joan",1157,"Tarragona","Terra Alta",2019,39,394,"1.000-5.000",26506,17.84
"43071","Horta de Sant Joan",1157,"Tarragona","Terra Alta",2021,24,461,"1.000-5.000",26884,20.58
"43071","Horta de Sant Joan",1157,"Tarragona","Terra Alta",2022,22,349,"1.000-5.000",27770,15.08
"43071","Horta de Sant Joan",1157,"Tarragona","Terra Alta",2023,14,301,"1.000-5.000",NA,NA
"43071","Horta de Sant Joan",1157,"Tarragona","Terra Alta",2024,26,307,"1.000-5.000",NA,NA
"43074","Llorenç del Penedès",2422,"Tarragona","Baix Penedès",2009,9,553,"1.000-5.000",NA,NA
"43074","Llorenç del Penedès",2422,"Tarragona","Baix Penedès",2010,18,509,"1.000-5.000",NA,NA
"43074","Llorenç del Penedès",2422,"Tarragona","Baix Penedès",2011,27,452,"1.000-5.000",NA,NA
"43074","Llorenç del Penedès",2422,"Tarragona","Baix Penedès",2012,26,459,"1.000-5.000",NA,NA
"43074","Llorenç del Penedès",2422,"Tarragona","Baix Penedès",2013,17,444,"1.000-5.000",NA,NA
"43074","Llorenç del Penedès",2422,"Tarragona","Baix Penedès",2014,21,429,"1.000-5.000",NA,NA
"43074","Llorenç del Penedès",2422,"Tarragona","Baix Penedès",2015,20,449,"1.000-5.000",30542,17.64
"43074","Llorenç del Penedès",2422,"Tarragona","Baix Penedès",2016,16,513,"1.000-5.000",31047,19.83
"43074","Llorenç del Penedès",2422,"Tarragona","Baix Penedès",2017,20,416,"1.000-5.000",32210,15.5
"43074","Llorenç del Penedès",2422,"Tarragona","Baix Penedès",2018,37,503,"1.000-5.000",33525,18
"43074","Llorenç del Penedès",2422,"Tarragona","Baix Penedès",2019,97,455,"1.000-5.000",36049,15.15
"43074","Llorenç del Penedès",2422,"Tarragona","Baix Penedès",2020,45,563,"1.000-5.000",35087,19.25
"43074","Llorenç del Penedès",2422,"Tarragona","Baix Penedès",2021,111,626,"1.000-5.000",36630,20.51
"43074","Llorenç del Penedès",2422,"Tarragona","Baix Penedès",2022,60,562,"1.000-5.000",38778,17.39
"43074","Llorenç del Penedès",2422,"Tarragona","Baix Penedès",2023,50,480,"1.000-5.000",NA,NA
"43074","Llorenç del Penedès",2422,"Tarragona","Baix Penedès",2024,47,687,"1.000-5.000",NA,NA
"43076","Marçà",599,"Tarragona","Priorat",2008,6,291,"< 1.000",NA,NA
"43076","Marçà",599,"Tarragona","Priorat",2009,9,346,"< 1.000",NA,NA
"43076","Marçà",599,"Tarragona","Priorat",2013,11,319,"< 1.000",NA,NA
"43076","Marçà",599,"Tarragona","Priorat",2014,8,289,"< 1.000",NA,NA
"43076","Marçà",599,"Tarragona","Priorat",2015,8,283,"< 1.000",24544,13.84
"43076","Marçà",599,"Tarragona","Priorat",2016,7,288,"< 1.000",26516,13.03
"43076","Marçà",599,"Tarragona","Priorat",2018,12,293,"< 1.000",27446,12.81
"43076","Marçà",599,"Tarragona","Priorat",2019,17,319,"< 1.000",28788,13.3
"43076","Marçà",599,"Tarragona","Priorat",2020,16,302,"< 1.000",30272,11.97
"43076","Marçà",599,"Tarragona","Priorat",2021,7,301,"< 1.000",31476,11.48
"43076","Marçà",599,"Tarragona","Priorat",2022,14,344,"< 1.000",30799,13.4
"43076","Marçà",599,"Tarragona","Priorat",2024,16,353,"< 1.000",NA,NA
"43078","Masdenverge",1149,"Tarragona","Montsià",2016,8,262,"1.000-5.000",25572,12.29
"43078","Masdenverge",1149,"Tarragona","Montsià",2019,14,259,"1.000-5.000",27614,11.26
"43078","Masdenverge",1149,"Tarragona","Montsià",2020,14,401,"1.000-5.000",27878,17.26
"43078","Masdenverge",1149,"Tarragona","Montsià",2021,28,283,"1.000-5.000",29087,11.68
"43078","Masdenverge",1149,"Tarragona","Montsià",2023,15,359,"1.000-5.000",NA,NA
"43078","Masdenverge",1149,"Tarragona","Montsià",2024,6,347,"1.000-5.000",NA,NA
"43079","Masllorenç",567,"Tarragona","Baix Penedès",2010,7,271,"< 1.000",NA,NA
"43079","Masllorenç",567,"Tarragona","Baix Penedès",2011,7,291,"< 1.000",NA,NA
"43079","Masllorenç",567,"Tarragona","Baix Penedès",2012,6,320,"< 1.000",NA,NA
"43079","Masllorenç",567,"Tarragona","Baix Penedès",2014,6,296,"< 1.000",NA,NA
"43079","Masllorenç",567,"Tarragona","Baix Penedès",2015,8,388,"< 1.000",23221,20.05
"43079","Masllorenç",567,"Tarragona","Baix Penedès",2016,7,319,"< 1.000",24642,15.53
"43079","Masllorenç",567,"Tarragona","Baix Penedès",2017,7,350,"< 1.000",24955,16.83
"43079","Masllorenç",567,"Tarragona","Baix Penedès",2019,15,333,"< 1.000",28114,14.21
"43079","Masllorenç",567,"Tarragona","Baix Penedès",2022,23,507,"< 1.000",29255,20.8
"43079","Masllorenç",567,"Tarragona","Baix Penedès",2023,14,507,"< 1.000",NA,NA
"43081","Maspujols",893,"Tarragona","Baix Camp",2013,9,499,"< 1.000",NA,NA
"43081","Maspujols",893,"Tarragona","Baix Camp",2014,8,466,"< 1.000",NA,NA
"43081","Maspujols",893,"Tarragona","Baix Camp",2018,9,528,"< 1.000",36129,17.54
"43081","Maspujols",893,"Tarragona","Baix Camp",2019,6,473,"< 1.000",36724,15.46
"43081","Maspujols",893,"Tarragona","Baix Camp",2020,13,530,"< 1.000",38271,16.62
"43081","Maspujols",893,"Tarragona","Baix Camp",2023,14,468,"< 1.000",NA,NA
"43081","Maspujols",893,"Tarragona","Baix Camp",2024,6,497,"< 1.000",NA,NA
"43082","Masroig, El",480,"Tarragona","Priorat",2021,15,269,"< 1.000",27151,11.89
"43084","Miravet",683,"Tarragona","Ribera d'Ebre",2011,6,232,"< 1.000",NA,NA
"43084","Miravet",683,"Tarragona","Ribera d'Ebre",2016,6,217,"< 1.000",25439,10.24
"43085","Molar, El",308,"Tarragona","Priorat",2018,6,272,"< 1.000",28943,11.28
"43086","Montblanc",7539,"Tarragona","Conca de Barberà",2007,17,436,"5.000-10.000",NA,NA
"43086","Montblanc",7539,"Tarragona","Conca de Barberà",2008,47,489,"5.000-10.000",NA,NA
"43086","Montblanc",7539,"Tarragona","Conca de Barberà",2009,78,437,"5.000-10.000",NA,NA
"43086","Montblanc",7539,"Tarragona","Conca de Barberà",2010,141,382,"5.000-10.000",NA,NA
"43086","Montblanc",7539,"Tarragona","Conca de Barberà",2011,93,389,"5.000-10.000",NA,NA
"43086","Montblanc",7539,"Tarragona","Conca de Barberà",2012,108,340,"5.000-10.000",NA,NA
"43086","Montblanc",7539,"Tarragona","Conca de Barberà",2013,116,336,"5.000-10.000",NA,NA
"43086","Montblanc",7539,"Tarragona","Conca de Barberà",2014,104,346,"5.000-10.000",NA,NA
"43086","Montblanc",7539,"Tarragona","Conca de Barberà",2015,75,318,"5.000-10.000",30966,12.32
"43086","Montblanc",7539,"Tarragona","Conca de Barberà",2016,80,343,"5.000-10.000",31592,13.03
"43086","Montblanc",7539,"Tarragona","Conca de Barberà",2017,70,362,"5.000-10.000",33080,13.13
"43086","Montblanc",7539,"Tarragona","Conca de Barberà",2018,109,378,"5.000-10.000",34642,13.09
"43086","Montblanc",7539,"Tarragona","Conca de Barberà",2019,272,404,"5.000-10.000",35457,13.67
"43086","Montblanc",7539,"Tarragona","Conca de Barberà",2020,235,411,"5.000-10.000",35501,13.89
"43086","Montblanc",7539,"Tarragona","Conca de Barberà",2021,298,405,"5.000-10.000",36442,13.34
"43086","Montblanc",7539,"Tarragona","Conca de Barberà",2022,380,397,"5.000-10.000",38094,12.51
"43086","Montblanc",7539,"Tarragona","Conca de Barberà",2023,271,492,"5.000-10.000",NA,NA
"43086","Montblanc",7539,"Tarragona","Conca de Barberà",2024,251,462,"5.000-10.000",NA,NA
"43088","Montbrió del Camp",3137,"Tarragona","Baix Camp",2007,14,423,"1.000-5.000",NA,NA
"43088","Montbrió del Camp",3137,"Tarragona","Baix Camp",2008,17,469,"1.000-5.000",NA,NA
"43088","Montbrió del Camp",3137,"Tarragona","Baix Camp",2009,25,503,"1.000-5.000",NA,NA
"43088","Montbrió del Camp",3137,"Tarragona","Baix Camp",2010,22,437,"1.000-5.000",NA,NA
"43088","Montbrió del Camp",3137,"Tarragona","Baix Camp",2011,48,422,"1.000-5.000",NA,NA
"43088","Montbrió del Camp",3137,"Tarragona","Baix Camp",2012,82,352,"1.000-5.000",NA,NA
"43088","Montbrió del Camp",3137,"Tarragona","Baix Camp",2013,64,340,"1.000-5.000",NA,NA
"43088","Montbrió del Camp",3137,"Tarragona","Baix Camp",2014,54,371,"1.000-5.000",NA,NA
"43088","Montbrió del Camp",3137,"Tarragona","Baix Camp",2015,47,354,"1.000-5.000",26798,15.85
"43088","Montbrió del Camp",3137,"Tarragona","Baix Camp",2016,44,348,"1.000-5.000",28050,14.89
"43088","Montbrió del Camp",3137,"Tarragona","Baix Camp",2017,62,380,"1.000-5.000",28644,15.92
"43088","Montbrió del Camp",3137,"Tarragona","Baix Camp",2018,71,395,"1.000-5.000",29976,15.81
"43088","Montbrió del Camp",3137,"Tarragona","Baix Camp",2019,209,462,"1.000-5.000",31914,17.37
"43088","Montbrió del Camp",3137,"Tarragona","Baix Camp",2020,208,468,"1.000-5.000",31910,17.6
"43088","Montbrió del Camp",3137,"Tarragona","Baix Camp",2021,191,445,"1.000-5.000",33386,15.99
"43088","Montbrió del Camp",3137,"Tarragona","Baix Camp",2022,243,461,"1.000-5.000",34353,16.1
"43088","Montbrió del Camp",3137,"Tarragona","Baix Camp",2023,172,526,"1.000-5.000",NA,NA
"43088","Montbrió del Camp",3137,"Tarragona","Baix Camp",2024,147,564,"1.000-5.000",NA,NA
"43090","Montmell, El",1916,"Tarragona","Baix Penedès",2013,8,455,"1.000-5.000",NA,NA
"43090","Montmell, El",1916,"Tarragona","Baix Penedès",2014,11,390,"1.000-5.000",NA,NA
"43090","Montmell, El",1916,"Tarragona","Baix Penedès",2016,10,425,"1.000-5.000",21603,23.61
"43090","Montmell, El",1916,"Tarragona","Baix Penedès",2018,11,507,"1.000-5.000",23825,25.54
"43090","Montmell, El",1916,"Tarragona","Baix Penedès",2019,17,523,"1.000-5.000",25174,24.93
"43090","Montmell, El",1916,"Tarragona","Baix Penedès",2020,30,568,"1.000-5.000",24963,27.3
"43090","Montmell, El",1916,"Tarragona","Baix Penedès",2021,7,575,"1.000-5.000",26281,26.25
"43090","Montmell, El",1916,"Tarragona","Baix Penedès",2022,7,546,"1.000-5.000",27368,23.94
"43090","Montmell, El",1916,"Tarragona","Baix Penedès",2023,13,577,"1.000-5.000",NA,NA
"43090","Montmell, El",1916,"Tarragona","Baix Penedès",2024,47,678,"1.000-5.000",NA,NA
"43092","Mont-roig del Camp",14185,"Tarragona","Baix Camp",2007,24,512,"10.000-50.000",NA,NA
"43092","Mont-roig del Camp",14185,"Tarragona","Baix Camp",2008,57,535,"10.000-50.000",NA,NA
"43092","Mont-roig del Camp",14185,"Tarragona","Baix Camp",2009,95,493,"10.000-50.000",NA,NA
"43092","Mont-roig del Camp",14185,"Tarragona","Baix Camp",2010,107,469,"10.000-50.000",NA,NA
"43092","Mont-roig del Camp",14185,"Tarragona","Baix Camp",2011,140,470,"10.000-50.000",NA,NA
"43092","Mont-roig del Camp",14185,"Tarragona","Baix Camp",2012,133,434,"10.000-50.000",NA,NA
"43092","Mont-roig del Camp",14185,"Tarragona","Baix Camp",2013,125,414,"10.000-50.000",NA,NA
"43092","Mont-roig del Camp",14185,"Tarragona","Baix Camp",2014,127,400,"10.000-50.000",NA,NA
"43092","Mont-roig del Camp",14185,"Tarragona","Baix Camp",2015,150,427,"10.000-50.000",23096,22.19
"43092","Mont-roig del Camp",14185,"Tarragona","Baix Camp",2016,163,446,"10.000-50.000",23768,22.52
"43092","Mont-roig del Camp",14185,"Tarragona","Baix Camp",2017,159,480,"10.000-50.000",25028,23.01
"43092","Mont-roig del Camp",14185,"Tarragona","Baix Camp",2018,169,456,"10.000-50.000",25499,21.46
"43092","Mont-roig del Camp",14185,"Tarragona","Baix Camp",2019,626,479,"10.000-50.000",27329,21.03
"43092","Mont-roig del Camp",14185,"Tarragona","Baix Camp",2020,502,501,"10.000-50.000",27037,22.24
"43092","Mont-roig del Camp",14185,"Tarragona","Baix Camp",2021,719,510,"10.000-50.000",28945,21.14
"43092","Mont-roig del Camp",14185,"Tarragona","Baix Camp",2022,544,571,"10.000-50.000",29930,22.89
"43092","Mont-roig del Camp",14185,"Tarragona","Baix Camp",2023,507,601,"10.000-50.000",NA,NA
"43092","Mont-roig del Camp",14185,"Tarragona","Baix Camp",2024,574,641,"10.000-50.000",NA,NA
"43093","Móra d'Ebre",5739,"Tarragona","Ribera d'Ebre",2007,19,421,"5.000-10.000",NA,NA
"43093","Móra d'Ebre",5739,"Tarragona","Ribera d'Ebre",2008,46,410,"5.000-10.000",NA,NA
"43093","Móra d'Ebre",5739,"Tarragona","Ribera d'Ebre",2009,49,400,"5.000-10.000",NA,NA
"43093","Móra d'Ebre",5739,"Tarragona","Ribera d'Ebre",2010,64,370,"5.000-10.000",NA,NA
"43093","Móra d'Ebre",5739,"Tarragona","Ribera d'Ebre",2011,67,356,"5.000-10.000",NA,NA
"43093","Móra d'Ebre",5739,"Tarragona","Ribera d'Ebre",2012,68,329,"5.000-10.000",NA,NA
"43093","Móra d'Ebre",5739,"Tarragona","Ribera d'Ebre",2013,70,308,"5.000-10.000",NA,NA
"43093","Móra d'Ebre",5739,"Tarragona","Ribera d'Ebre",2014,59,302,"5.000-10.000",NA,NA
"43093","Móra d'Ebre",5739,"Tarragona","Ribera d'Ebre",2015,74,308,"5.000-10.000",30406,12.16
"43093","Móra d'Ebre",5739,"Tarragona","Ribera d'Ebre",2016,70,309,"5.000-10.000",31248,11.87
"43093","Móra d'Ebre",5739,"Tarragona","Ribera d'Ebre",2017,64,302,"5.000-10.000",31544,11.49
"43093","Móra d'Ebre",5739,"Tarragona","Ribera d'Ebre",2018,111,322,"5.000-10.000",32322,11.95
"43093","Móra d'Ebre",5739,"Tarragona","Ribera d'Ebre",2019,233,337,"5.000-10.000",32606,12.4
"43093","Móra d'Ebre",5739,"Tarragona","Ribera d'Ebre",2020,267,327,"5.000-10.000",33791,11.61
"43093","Móra d'Ebre",5739,"Tarragona","Ribera d'Ebre",2021,260,373,"5.000-10.000",34577,12.95
"43093","Móra d'Ebre",5739,"Tarragona","Ribera d'Ebre",2022,275,360,"5.000-10.000",35397,12.2
"43093","Móra d'Ebre",5739,"Tarragona","Ribera d'Ebre",2023,231,403,"5.000-10.000",NA,NA
"43093","Móra d'Ebre",5739,"Tarragona","Ribera d'Ebre",2024,246,418,"5.000-10.000",NA,NA
"43094","Móra la Nova",3309,"Tarragona","Ribera d'Ebre",2008,11,401,"1.000-5.000",NA,NA
"43094","Móra la Nova",3309,"Tarragona","Ribera d'Ebre",2009,9,377,"1.000-5.000",NA,NA
"43094","Móra la Nova",3309,"Tarragona","Ribera d'Ebre",2010,16,326,"1.000-5.000",NA,NA
"43094","Móra la Nova",3309,"Tarragona","Ribera d'Ebre",2011,17,311,"1.000-5.000",NA,NA
"43094","Móra la Nova",3309,"Tarragona","Ribera d'Ebre",2012,7,285,"1.000-5.000",NA,NA
"43094","Móra la Nova",3309,"Tarragona","Ribera d'Ebre",2013,15,309,"1.000-5.000",NA,NA
"43094","Móra la Nova",3309,"Tarragona","Ribera d'Ebre",2014,19,273,"1.000-5.000",NA,NA
"43094","Móra la Nova",3309,"Tarragona","Ribera d'Ebre",2015,21,277,"1.000-5.000",27854,11.93
"43094","Móra la Nova",3309,"Tarragona","Ribera d'Ebre",2016,23,312,"1.000-5.000",29131,12.85
"43094","Móra la Nova",3309,"Tarragona","Ribera d'Ebre",2017,20,267,"1.000-5.000",29771,10.76
"43094","Móra la Nova",3309,"Tarragona","Ribera d'Ebre",2018,24,273,"1.000-5.000",30686,10.68
"43094","Móra la Nova",3309,"Tarragona","Ribera d'Ebre",2019,46,325,"1.000-5.000",31764,12.28
"43094","Móra la Nova",3309,"Tarragona","Ribera d'Ebre",2020,95,339,"1.000-5.000",32361,12.57
"43094","Móra la Nova",3309,"Tarragona","Ribera d'Ebre",2021,102,324,"1.000-5.000",33391,11.64
"43094","Móra la Nova",3309,"Tarragona","Ribera d'Ebre",2022,96,380,"1.000-5.000",34152,13.35
"43094","Móra la Nova",3309,"Tarragona","Ribera d'Ebre",2023,41,376,"1.000-5.000",NA,NA
"43094","Móra la Nova",3309,"Tarragona","Ribera d'Ebre",2024,88,402,"1.000-5.000",NA,NA
"43095","Morell, El",3851,"Tarragona","Tarragonès",2007,10,463,"1.000-5.000",NA,NA
"43095","Morell, El",3851,"Tarragona","Tarragonès",2008,20,494,"1.000-5.000",NA,NA
"43095","Morell, El",3851,"Tarragona","Tarragonès",2009,41,483,"1.000-5.000",NA,NA
"43095","Morell, El",3851,"Tarragona","Tarragonès",2010,67,500,"1.000-5.000",NA,NA
"43095","Morell, El",3851,"Tarragona","Tarragonès",2011,112,446,"1.000-5.000",NA,NA
"43095","Morell, El",3851,"Tarragona","Tarragonès",2012,102,414,"1.000-5.000",NA,NA
"43095","Morell, El",3851,"Tarragona","Tarragonès",2013,83,378,"1.000-5.000",NA,NA
"43095","Morell, El",3851,"Tarragona","Tarragonès",2014,76,378,"1.000-5.000",NA,NA
"43095","Morell, El",3851,"Tarragona","Tarragonès",2015,82,383,"1.000-5.000",31263,14.7
"43095","Morell, El",3851,"Tarragona","Tarragonès",2016,89,398,"1.000-5.000",32019,14.92
"43095","Morell, El",3851,"Tarragona","Tarragonès",2017,87,394,"1.000-5.000",32851,14.39
"43095","Morell, El",3851,"Tarragona","Tarragonès",2018,92,409,"1.000-5.000",35745,13.73
"43095","Morell, El",3851,"Tarragona","Tarragonès",2019,230,452,"1.000-5.000",35800,15.15
"43095","Morell, El",3851,"Tarragona","Tarragonès",2020,196,483,"1.000-5.000",35202,16.46
"43095","Morell, El",3851,"Tarragona","Tarragonès",2021,226,468,"1.000-5.000",36541,15.37
"43095","Morell, El",3851,"Tarragona","Tarragonès",2022,186,494,"1.000-5.000",38691,15.32
"43095","Morell, El",3851,"Tarragona","Tarragonès",2023,201,571,"1.000-5.000",NA,NA
"43095","Morell, El",3851,"Tarragona","Tarragonès",2024,157,597,"1.000-5.000",NA,NA
"43097","Nou de Gaià, La",611,"Tarragona","Tarragonès",2012,6,373,"< 1.000",NA,NA
"43097","Nou de Gaià, La",611,"Tarragona","Tarragonès",2013,9,439,"< 1.000",NA,NA
"43097","Nou de Gaià, La",611,"Tarragona","Tarragonès",2014,6,389,"< 1.000",NA,NA
"43097","Nou de Gaià, La",611,"Tarragona","Tarragonès",2016,7,418,"< 1.000",29520,16.99
"43097","Nou de Gaià, La",611,"Tarragona","Tarragonès",2017,8,338,"< 1.000",30590,13.26
"43097","Nou de Gaià, La",611,"Tarragona","Tarragonès",2018,7,401,"< 1.000",32085,15
"43097","Nou de Gaià, La",611,"Tarragona","Tarragonès",2021,16,432,"< 1.000",37228,13.93
"43097","Nou de Gaià, La",611,"Tarragona","Tarragonès",2022,21,429,"< 1.000",40088,12.84
"43097","Nou de Gaià, La",611,"Tarragona","Tarragonès",2023,16,469,"< 1.000",NA,NA
"43098","Nulles",557,"Tarragona","Alt Camp",2010,6,433,"< 1.000",NA,NA
"43098","Nulles",557,"Tarragona","Alt Camp",2011,13,298,"< 1.000",NA,NA
"43098","Nulles",557,"Tarragona","Alt Camp",2013,10,392,"< 1.000",NA,NA
"43098","Nulles",557,"Tarragona","Alt Camp",2014,7,439,"< 1.000",NA,NA
"43098","Nulles",557,"Tarragona","Alt Camp",2017,7,471,"< 1.000",30920,18.28
"43098","Nulles",557,"Tarragona","Alt Camp",2019,16,393,"< 1.000",32133,14.68
"43098","Nulles",557,"Tarragona","Alt Camp",2020,6,602,"< 1.000",32579,22.17
"43098","Nulles",557,"Tarragona","Alt Camp",2022,24,529,"< 1.000",35049,18.11
"43100","Pallaresos, Els",5018,"Tarragona","Tarragonès",2009,15,752,"5.000-10.000",NA,NA
"43100","Pallaresos, Els",5018,"Tarragona","Tarragonès",2010,30,621,"5.000-10.000",NA,NA
"43100","Pallaresos, Els",5018,"Tarragona","Tarragonès",2011,13,512,"5.000-10.000",NA,NA
"43100","Pallaresos, Els",5018,"Tarragona","Tarragonès",2012,24,481,"5.000-10.000",NA,NA
"43100","Pallaresos, Els",5018,"Tarragona","Tarragonès",2013,22,548,"5.000-10.000",NA,NA
"43100","Pallaresos, Els",5018,"Tarragona","Tarragonès",2014,25,470,"5.000-10.000",NA,NA
"43100","Pallaresos, Els",5018,"Tarragona","Tarragonès",2015,26,520,"5.000-10.000",37906,16.46
"43100","Pallaresos, Els",5018,"Tarragona","Tarragonès",2016,13,590,"5.000-10.000",40050,17.68
"43100","Pallaresos, Els",5018,"Tarragona","Tarragonès",2017,22,598,"5.000-10.000",41405,17.33
"43100","Pallaresos, Els",5018,"Tarragona","Tarragonès",2018,16,693,"5.000-10.000",43126,19.28
"43100","Pallaresos, Els",5018,"Tarragona","Tarragonès",2019,40,550,"5.000-10.000",44852,14.72
"43100","Pallaresos, Els",5018,"Tarragona","Tarragonès",2020,77,545,"5.000-10.000",44993,14.54
"43100","Pallaresos, Els",5018,"Tarragona","Tarragonès",2021,57,583,"5.000-10.000",48230,14.51
"43100","Pallaresos, Els",5018,"Tarragona","Tarragonès",2022,46,639,"5.000-10.000",50778,15.1
"43100","Pallaresos, Els",5018,"Tarragona","Tarragonès",2023,18,697,"5.000-10.000",NA,NA
"43100","Pallaresos, Els",5018,"Tarragona","Tarragonès",2024,69,676,"5.000-10.000",NA,NA
"43103","Perafort",1319,"Tarragona","Tarragonès",2007,8,388,"1.000-5.000",NA,NA
"43103","Perafort",1319,"Tarragona","Tarragonès",2008,9,637,"1.000-5.000",NA,NA
"43103","Perafort",1319,"Tarragona","Tarragonès",2009,9,496,"1.000-5.000",NA,NA
"43103","Perafort",1319,"Tarragona","Tarragonès",2010,11,520,"1.000-5.000",NA,NA
"43103","Perafort",1319,"Tarragona","Tarragonès",2011,11,460,"1.000-5.000",NA,NA
"43103","Perafort",1319,"Tarragona","Tarragonès",2012,11,435,"1.000-5.000",NA,NA
"43103","Perafort",1319,"Tarragona","Tarragonès",2013,13,393,"1.000-5.000",NA,NA
"43103","Perafort",1319,"Tarragona","Tarragonès",2014,25,416,"1.000-5.000",NA,NA
"43103","Perafort",1319,"Tarragona","Tarragonès",2015,13,452,"1.000-5.000",35358,15.34
"43103","Perafort",1319,"Tarragona","Tarragonès",2016,12,448,"1.000-5.000",36821,14.6
"43103","Perafort",1319,"Tarragona","Tarragonès",2017,17,452,"1.000-5.000",37540,14.45
"43103","Perafort",1319,"Tarragona","Tarragonès",2018,17,435,"1.000-5.000",38336,13.62
"43103","Perafort",1319,"Tarragona","Tarragonès",2019,33,479,"1.000-5.000",39887,14.41
"43103","Perafort",1319,"Tarragona","Tarragonès",2020,38,513,"1.000-5.000",39957,15.41
"43103","Perafort",1319,"Tarragona","Tarragonès",2021,26,495,"1.000-5.000",42479,13.98
"43103","Perafort",1319,"Tarragona","Tarragonès",2022,38,539,"1.000-5.000",44011,14.7
"43103","Perafort",1319,"Tarragona","Tarragonès",2023,43,551,"1.000-5.000",NA,NA
"43103","Perafort",1319,"Tarragona","Tarragonès",2024,46,678,"1.000-5.000",NA,NA
"43104","Perelló, El",2933,"Tarragona","Baix Ebre",2010,14,309,"1.000-5.000",NA,NA
"43104","Perelló, El",2933,"Tarragona","Baix Ebre",2011,6,308,"1.000-5.000",NA,NA
"43104","Perelló, El",2933,"Tarragona","Baix Ebre",2012,7,261,"1.000-5.000",NA,NA
"43104","Perelló, El",2933,"Tarragona","Baix Ebre",2013,9,336,"1.000-5.000",NA,NA
"43104","Perelló, El",2933,"Tarragona","Baix Ebre",2014,6,279,"1.000-5.000",NA,NA
"43104","Perelló, El",2933,"Tarragona","Baix Ebre",2015,8,268,"1.000-5.000",21380,15.04
"43104","Perelló, El",2933,"Tarragona","Baix Ebre",2016,8,278,"1.000-5.000",22098,15.1
"43104","Perelló, El",2933,"Tarragona","Baix Ebre",2017,14,324,"1.000-5.000",22697,17.13
"43104","Perelló, El",2933,"Tarragona","Baix Ebre",2018,22,291,"1.000-5.000",24406,14.31
"43104","Perelló, El",2933,"Tarragona","Baix Ebre",2019,38,268,"1.000-5.000",26079,12.33
"43104","Perelló, El",2933,"Tarragona","Baix Ebre",2020,63,339,"1.000-5.000",26405,15.41
"43104","Perelló, El",2933,"Tarragona","Baix Ebre",2021,48,336,"1.000-5.000",27037,14.91
"43104","Perelló, El",2933,"Tarragona","Baix Ebre",2022,82,350,"1.000-5.000",28287,14.85
"43104","Perelló, El",2933,"Tarragona","Baix Ebre",2023,32,342,"1.000-5.000",NA,NA
"43104","Perelló, El",2933,"Tarragona","Baix Ebre",2024,86,402,"1.000-5.000",NA,NA
"43108","Pla de Santa Maria, El",2391,"Tarragona","Alt Camp",2007,9,422,"1.000-5.000",NA,NA
"43108","Pla de Santa Maria, El",2391,"Tarragona","Alt Camp",2008,20,423,"1.000-5.000",NA,NA
"43108","Pla de Santa Maria, El",2391,"Tarragona","Alt Camp",2009,13,469,"1.000-5.000",NA,NA
"43108","Pla de Santa Maria, El",2391,"Tarragona","Alt Camp",2010,15,420,"1.000-5.000",NA,NA
"43108","Pla de Santa Maria, El",2391,"Tarragona","Alt Camp",2011,21,391,"1.000-5.000",NA,NA
"43108","Pla de Santa Maria, El",2391,"Tarragona","Alt Camp",2012,26,412,"1.000-5.000",NA,NA
"43108","Pla de Santa Maria, El",2391,"Tarragona","Alt Camp",2013,23,375,"1.000-5.000",NA,NA
"43108","Pla de Santa Maria, El",2391,"Tarragona","Alt Camp",2014,38,356,"1.000-5.000",NA,NA
"43108","Pla de Santa Maria, El",2391,"Tarragona","Alt Camp",2015,35,367,"1.000-5.000",28522,15.44
"43108","Pla de Santa Maria, El",2391,"Tarragona","Alt Camp",2016,31,356,"1.000-5.000",29409,14.53
"43108","Pla de Santa Maria, El",2391,"Tarragona","Alt Camp",2017,49,384,"1.000-5.000",29399,15.67
"43108","Pla de Santa Maria, El",2391,"Tarragona","Alt Camp",2018,40,410,"1.000-5.000",31087,15.83
"43108","Pla de Santa Maria, El",2391,"Tarragona","Alt Camp",2019,127,452,"1.000-5.000",31554,17.19
"43108","Pla de Santa Maria, El",2391,"Tarragona","Alt Camp",2020,88,431,"1.000-5.000",31516,16.41
"43108","Pla de Santa Maria, El",2391,"Tarragona","Alt Camp",2021,98,402,"1.000-5.000",32560,14.82
"43108","Pla de Santa Maria, El",2391,"Tarragona","Alt Camp",2022,110,464,"1.000-5.000",33411,16.67
"43108","Pla de Santa Maria, El",2391,"Tarragona","Alt Camp",2023,55,462,"1.000-5.000",NA,NA
"43108","Pla de Santa Maria, El",2391,"Tarragona","Alt Camp",2024,116,524,"1.000-5.000",NA,NA
"43109","Pobla de Mafumet, La",4127,"Tarragona","Tarragonès",2007,14,569,"1.000-5.000",NA,NA
"43109","Pobla de Mafumet, La",4127,"Tarragona","Tarragonès",2008,26,520,"1.000-5.000",NA,NA
"43109","Pobla de Mafumet, La",4127,"Tarragona","Tarragonès",2009,47,504,"1.000-5.000",NA,NA
"43109","Pobla de Mafumet, La",4127,"Tarragona","Tarragonès",2010,72,492,"1.000-5.000",NA,NA
"43109","Pobla de Mafumet, La",4127,"Tarragona","Tarragonès",2011,59,487,"1.000-5.000",NA,NA
"43109","Pobla de Mafumet, La",4127,"Tarragona","Tarragonès",2012,97,403,"1.000-5.000",NA,NA
"43109","Pobla de Mafumet, La",4127,"Tarragona","Tarragonès",2013,83,425,"1.000-5.000",NA,NA
"43109","Pobla de Mafumet, La",4127,"Tarragona","Tarragonès",2014,75,393,"1.000-5.000",NA,NA
"43109","Pobla de Mafumet, La",4127,"Tarragona","Tarragonès",2015,74,382,"1.000-5.000",30998,14.79
"43109","Pobla de Mafumet, La",4127,"Tarragona","Tarragonès",2016,75,384,"1.000-5.000",31971,14.41
"43109","Pobla de Mafumet, La",4127,"Tarragona","Tarragonès",2017,96,395,"1.000-5.000",32498,14.59
"43109","Pobla de Mafumet, La",4127,"Tarragona","Tarragonès",2018,102,440,"1.000-5.000",34174,15.45
"43109","Pobla de Mafumet, La",4127,"Tarragona","Tarragonès",2019,305,460,"1.000-5.000",35374,15.6
"43109","Pobla de Mafumet, La",4127,"Tarragona","Tarragonès",2020,203,464,"1.000-5.000",35378,15.74
"43109","Pobla de Mafumet, La",4127,"Tarragona","Tarragonès",2021,225,482,"1.000-5.000",37860,15.28
"43109","Pobla de Mafumet, La",4127,"Tarragona","Tarragonès",2022,238,496,"1.000-5.000",39433,15.09
"43109","Pobla de Mafumet, La",4127,"Tarragona","Tarragonès",2023,192,541,"1.000-5.000",NA,NA
"43109","Pobla de Mafumet, La",4127,"Tarragona","Tarragonès",2024,286,541,"1.000-5.000",NA,NA
"43111","Pobla de Montornès, La",3357,"Tarragona","Tarragonès",2007,11,460,"1.000-5.000",NA,NA
"43111","Pobla de Montornès, La",3357,"Tarragona","Tarragonès",2008,13,489,"1.000-5.000",NA,NA
"43111","Pobla de Montornès, La",3357,"Tarragona","Tarragonès",2009,18,470,"1.000-5.000",NA,NA
"43111","Pobla de Montornès, La",3357,"Tarragona","Tarragonès",2010,17,432,"1.000-5.000",NA,NA
"43111","Pobla de Montornès, La",3357,"Tarragona","Tarragonès",2011,18,400,"1.000-5.000",NA,NA
"43111","Pobla de Montornès, La",3357,"Tarragona","Tarragonès",2012,28,490,"1.000-5.000",NA,NA
"43111","Pobla de Montornès, La",3357,"Tarragona","Tarragonès",2013,43,434,"1.000-5.000",NA,NA
"43111","Pobla de Montornès, La",3357,"Tarragona","Tarragonès",2014,39,423,"1.000-5.000",NA,NA
"43111","Pobla de Montornès, La",3357,"Tarragona","Tarragonès",2015,40,408,"1.000-5.000",25455,19.23
"43111","Pobla de Montornès, La",3357,"Tarragona","Tarragonès",2016,51,471,"1.000-5.000",26273,21.51
"43111","Pobla de Montornès, La",3357,"Tarragona","Tarragonès",2017,59,470,"1.000-5.000",26777,21.06
"43111","Pobla de Montornès, La",3357,"Tarragona","Tarragonès",2018,54,494,"1.000-5.000",28222,21
"43111","Pobla de Montornès, La",3357,"Tarragona","Tarragonès",2019,212,567,"1.000-5.000",28641,23.76
"43111","Pobla de Montornès, La",3357,"Tarragona","Tarragonès",2020,120,531,"1.000-5.000",29779,21.4
"43111","Pobla de Montornès, La",3357,"Tarragona","Tarragonès",2021,144,539,"1.000-5.000",30811,20.99
"43111","Pobla de Montornès, La",3357,"Tarragona","Tarragonès",2022,149,505,"1.000-5.000",31378,19.31
"43111","Pobla de Montornès, La",3357,"Tarragona","Tarragonès",2023,112,554,"1.000-5.000",NA,NA
"43111","Pobla de Montornès, La",3357,"Tarragona","Tarragonès",2024,81,566,"1.000-5.000",NA,NA
"43113","Pont d'Armentera, El",498,"Tarragona","Alt Camp",2015,6,370,"< 1.000",22792,19.48
"43113","Pont d'Armentera, El",498,"Tarragona","Alt Camp",2016,7,344,"< 1.000",24594,16.78
"43113","Pont d'Armentera, El",498,"Tarragona","Alt Camp",2017,6,385,"< 1.000",25629,18.03
"43113","Pont d'Armentera, El",498,"Tarragona","Alt Camp",2018,7,454,"< 1.000",25965,20.98
"43113","Pont d'Armentera, El",498,"Tarragona","Alt Camp",2019,13,394,"< 1.000",26193,18.05
"43113","Pont d'Armentera, El",498,"Tarragona","Alt Camp",2021,12,413,"< 1.000",26481,18.72
"43113","Pont d'Armentera, El",498,"Tarragona","Alt Camp",2023,6,418,"< 1.000",NA,NA
"43113","Pont d'Armentera, El",498,"Tarragona","Alt Camp",2024,8,439,"< 1.000",NA,NA
"43114","Porrera",417,"Tarragona","Priorat",2021,6,285,"< 1.000",31144,10.98
"43115","Pradell de la Teixeta",178,"Tarragona","Priorat",2021,6,405,"< 1.000",30077,16.16
"43116","Prades",671,"Tarragona","Baix Camp",2015,8,298,"< 1.000",23254,15.38
"43116","Prades",671,"Tarragona","Baix Camp",2019,7,361,"< 1.000",28523,15.19
"43116","Prades",671,"Tarragona","Baix Camp",2020,6,479,"< 1.000",28523,20.15
"43116","Prades",671,"Tarragona","Baix Camp",2022,21,377,"< 1.000",30425,14.87
"43116","Prades",671,"Tarragona","Baix Camp",2023,30,476,"< 1.000",NA,NA
"43116","Prades",671,"Tarragona","Baix Camp",2024,7,494,"< 1.000",NA,NA
"43118","Pratdip",763,"Tarragona","Baix Camp",2008,8,534,"< 1.000",NA,NA
"43118","Pratdip",763,"Tarragona","Baix Camp",2021,6,417,"< 1.000",28283,17.69
"43119","Puigpelat",1208,"Tarragona","Alt Camp",2007,12,335,"1.000-5.000",NA,NA
"43119","Puigpelat",1208,"Tarragona","Alt Camp",2008,6,378,"1.000-5.000",NA,NA
"43119","Puigpelat",1208,"Tarragona","Alt Camp",2009,14,427,"1.000-5.000",NA,NA
"43119","Puigpelat",1208,"Tarragona","Alt Camp",2010,8,380,"1.000-5.000",NA,NA
"43119","Puigpelat",1208,"Tarragona","Alt Camp",2011,11,425,"1.000-5.000",NA,NA
"43119","Puigpelat",1208,"Tarragona","Alt Camp",2012,11,425,"1.000-5.000",NA,NA
"43119","Puigpelat",1208,"Tarragona","Alt Camp",2013,8,392,"1.000-5.000",NA,NA
"43119","Puigpelat",1208,"Tarragona","Alt Camp",2014,17,427,"1.000-5.000",NA,NA
"43119","Puigpelat",1208,"Tarragona","Alt Camp",2015,16,424,"1.000-5.000",33212,15.32
"43119","Puigpelat",1208,"Tarragona","Alt Camp",2016,17,389,"1.000-5.000",36992,12.62
"43119","Puigpelat",1208,"Tarragona","Alt Camp",2017,17,391,"1.000-5.000",34895,13.45
"43119","Puigpelat",1208,"Tarragona","Alt Camp",2018,14,403,"1.000-5.000",35913,13.47
"43119","Puigpelat",1208,"Tarragona","Alt Camp",2019,33,494,"1.000-5.000",38266,15.49
"43119","Puigpelat",1208,"Tarragona","Alt Camp",2020,18,485,"1.000-5.000",37902,15.36
"43119","Puigpelat",1208,"Tarragona","Alt Camp",2021,21,513,"1.000-5.000",38775,15.88
"43119","Puigpelat",1208,"Tarragona","Alt Camp",2022,22,509,"1.000-5.000",39797,15.35
"43119","Puigpelat",1208,"Tarragona","Alt Camp",2023,6,478,"1.000-5.000",NA,NA
"43119","Puigpelat",1208,"Tarragona","Alt Camp",2024,36,531,"1.000-5.000",NA,NA
"43120","Querol",595,"Tarragona","Alt Camp",2018,6,483,"< 1.000",23322,24.85
"43121","Rasquera",796,"Tarragona","Ribera d'Ebre",2009,6,357,"< 1.000",NA,NA
"43123","Reus",109961,"Tarragona","Baix Camp",2007,595,440,"> 100.000",NA,NA
"43123","Reus",109961,"Tarragona","Baix Camp",2008,2158,493,"> 100.000",NA,NA
"43123","Reus",109961,"Tarragona","Baix Camp",2009,2876,463,"> 100.000",NA,NA
"43123","Reus",109961,"Tarragona","Baix Camp",2010,2574,452,"> 100.000",NA,NA
"43123","Reus",109961,"Tarragona","Baix Camp",2011,2615,435,"> 100.000",NA,NA
"43123","Reus",109961,"Tarragona","Baix Camp",2012,2657,404,"> 100.000",NA,NA
"43123","Reus",109961,"Tarragona","Baix Camp",2013,2519,381,"> 100.000",NA,NA
"43123","Reus",109961,"Tarragona","Baix Camp",2014,2602,374,"> 100.000",NA,NA
"43123","Reus",109961,"Tarragona","Baix Camp",2015,2563,381,"> 100.000",28584,15.99
"43123","Reus",109961,"Tarragona","Baix Camp",2016,2397,395,"> 100.000",29413,16.12
"43123","Reus",109961,"Tarragona","Baix Camp",2017,2382,411,"> 100.000",30179,16.34
"43123","Reus",109961,"Tarragona","Baix Camp",2018,2503,442,"> 100.000",31743,16.71
"43123","Reus",109961,"Tarragona","Baix Camp",2019,7872,467,"> 100.000",32654,17.16
"43123","Reus",109961,"Tarragona","Baix Camp",2020,6455,481,"> 100.000",32330,17.85
"43123","Reus",109961,"Tarragona","Baix Camp",2021,8159,473,"> 100.000",33544,16.92
"43123","Reus",109961,"Tarragona","Baix Camp",2022,7455,522,"> 100.000",35267,17.76
"43123","Reus",109961,"Tarragona","Baix Camp",2023,6400,573,"> 100.000",NA,NA
"43123","Reus",109961,"Tarragona","Baix Camp",2024,5828,587,"> 100.000",NA,NA
"43124","Riba, La",568,"Tarragona","Alt Camp",2011,6,242,"< 1.000",NA,NA
"43124","Riba, La",568,"Tarragona","Alt Camp",2015,8,224,"< 1.000",33489,8.03
"43124","Riba, La",568,"Tarragona","Alt Camp",2018,9,331,"< 1.000",34200,11.61
"43124","Riba, La",568,"Tarragona","Alt Camp",2019,17,354,"< 1.000",35725,11.89
"43124","Riba, La",568,"Tarragona","Alt Camp",2020,20,295,"< 1.000",34452,10.28
"43124","Riba, La",568,"Tarragona","Alt Camp",2021,16,335,"< 1.000",35725,11.25
"43124","Riba, La",568,"Tarragona","Alt Camp",2022,33,309,"< 1.000",37159,9.98
"43124","Riba, La",568,"Tarragona","Alt Camp",2023,7,390,"< 1.000",NA,NA
"43125","Riba-roja d'Ebre",1126,"Tarragona","Ribera d'Ebre",2007,6,280,"1.000-5.000",NA,NA
"43125","Riba-roja d'Ebre",1126,"Tarragona","Ribera d'Ebre",2010,7,350,"1.000-5.000",NA,NA
"43125","Riba-roja d'Ebre",1126,"Tarragona","Ribera d'Ebre",2011,7,347,"1.000-5.000",NA,NA
"43125","Riba-roja d'Ebre",1126,"Tarragona","Ribera d'Ebre",2012,6,350,"1.000-5.000",NA,NA
"43125","Riba-roja d'Ebre",1126,"Tarragona","Ribera d'Ebre",2013,9,338,"1.000-5.000",NA,NA
"43125","Riba-roja d'Ebre",1126,"Tarragona","Ribera d'Ebre",2017,7,341,"1.000-5.000",30745,13.31
"43125","Riba-roja d'Ebre",1126,"Tarragona","Ribera d'Ebre",2018,6,324,"1.000-5.000",30951,12.56
"43125","Riba-roja d'Ebre",1126,"Tarragona","Ribera d'Ebre",2019,12,317,"1.000-5.000",31980,11.89
"43125","Riba-roja d'Ebre",1126,"Tarragona","Ribera d'Ebre",2020,30,344,"1.000-5.000",31846,12.96
"43125","Riba-roja d'Ebre",1126,"Tarragona","Ribera d'Ebre",2021,51,363,"1.000-5.000",32087,13.58
"43125","Riba-roja d'Ebre",1126,"Tarragona","Ribera d'Ebre",2022,19,352,"1.000-5.000",32976,12.81
"43125","Riba-roja d'Ebre",1126,"Tarragona","Ribera d'Ebre",2023,16,331,"1.000-5.000",NA,NA
"43125","Riba-roja d'Ebre",1126,"Tarragona","Ribera d'Ebre",2024,45,346,"1.000-5.000",NA,NA
"43126","Riera de Gaià, La",1806,"Tarragona","Tarragonès",2008,9,469,"1.000-5.000",NA,NA
"43126","Riera de Gaià, La",1806,"Tarragona","Tarragonès",2009,14,494,"1.000-5.000",NA,NA
"43126","Riera de Gaià, La",1806,"Tarragona","Tarragonès",2010,12,452,"1.000-5.000",NA,NA
"43126","Riera de Gaià, La",1806,"Tarragona","Tarragonès",2011,12,473,"1.000-5.000",NA,NA
"43126","Riera de Gaià, La",1806,"Tarragona","Tarragonès",2012,24,451,"1.000-5.000",NA,NA
"43126","Riera de Gaià, La",1806,"Tarragona","Tarragonès",2013,25,435,"1.000-5.000",NA,NA
"43126","Riera de Gaià, La",1806,"Tarragona","Tarragonès",2014,16,428,"1.000-5.000",NA,NA
"43126","Riera de Gaià, La",1806,"Tarragona","Tarragonès",2015,18,418,"1.000-5.000",31272,16.04
"43126","Riera de Gaià, La",1806,"Tarragona","Tarragonès",2016,17,442,"1.000-5.000",32133,16.51
"43126","Riera de Gaià, La",1806,"Tarragona","Tarragonès",2017,29,472,"1.000-5.000",33051,17.14
"43126","Riera de Gaià, La",1806,"Tarragona","Tarragonès",2018,21,506,"1.000-5.000",34955,17.37
"43126","Riera de Gaià, La",1806,"Tarragona","Tarragonès",2019,49,490,"1.000-5.000",37887,15.52
"43126","Riera de Gaià, La",1806,"Tarragona","Tarragonès",2020,45,584,"1.000-5.000",37110,18.88
"43126","Riera de Gaià, La",1806,"Tarragona","Tarragonès",2021,40,533,"1.000-5.000",37605,17.01
"43126","Riera de Gaià, La",1806,"Tarragona","Tarragonès",2022,67,491,"1.000-5.000",40862,14.42
"43126","Riera de Gaià, La",1806,"Tarragona","Tarragonès",2023,48,763,"1.000-5.000",NA,NA
"43126","Riera de Gaià, La",1806,"Tarragona","Tarragonès",2024,48,555,"1.000-5.000",NA,NA
"43127","Riudecanyes",1359,"Tarragona","Baix Camp",2011,6,570,"1.000-5.000",NA,NA
"43127","Riudecanyes",1359,"Tarragona","Baix Camp",2012,12,540,"1.000-5.000",NA,NA
"43127","Riudecanyes",1359,"Tarragona","Baix Camp",2015,11,472,"1.000-5.000",25424,22.28
"43127","Riudecanyes",1359,"Tarragona","Baix Camp",2016,11,424,"1.000-5.000",26695,19.06
"43127","Riudecanyes",1359,"Tarragona","Baix Camp",2017,8,379,"1.000-5.000",27163,16.74
"43127","Riudecanyes",1359,"Tarragona","Baix Camp",2018,8,530,"1.000-5.000",28801,22.08
"43127","Riudecanyes",1359,"Tarragona","Baix Camp",2019,21,516,"1.000-5.000",31439,19.7
"43127","Riudecanyes",1359,"Tarragona","Baix Camp",2020,21,562,"1.000-5.000",32627,20.67
"43127","Riudecanyes",1359,"Tarragona","Baix Camp",2021,6,412,"1.000-5.000",33428,14.79
"43127","Riudecanyes",1359,"Tarragona","Baix Camp",2022,19,500,"1.000-5.000",35375,16.96
"43127","Riudecanyes",1359,"Tarragona","Baix Camp",2023,21,386,"1.000-5.000",NA,NA
"43128","Riudecols",1248,"Tarragona","Baix Camp",2007,8,218,"1.000-5.000",NA,NA
"43128","Riudecols",1248,"Tarragona","Baix Camp",2008,11,265,"1.000-5.000",NA,NA
"43128","Riudecols",1248,"Tarragona","Baix Camp",2009,11,264,"1.000-5.000",NA,NA
"43128","Riudecols",1248,"Tarragona","Baix Camp",2010,14,355,"1.000-5.000",NA,NA
"43128","Riudecols",1248,"Tarragona","Baix Camp",2011,19,331,"1.000-5.000",NA,NA
"43128","Riudecols",1248,"Tarragona","Baix Camp",2012,18,341,"1.000-5.000",NA,NA
"43128","Riudecols",1248,"Tarragona","Baix Camp",2013,17,359,"1.000-5.000",NA,NA
"43128","Riudecols",1248,"Tarragona","Baix Camp",2014,18,351,"1.000-5.000",NA,NA
"43128","Riudecols",1248,"Tarragona","Baix Camp",2015,29,372,"1.000-5.000",27678,16.13
"43128","Riudecols",1248,"Tarragona","Baix Camp",2016,22,393,"1.000-5.000",29280,16.11
"43128","Riudecols",1248,"Tarragona","Baix Camp",2017,23,392,"1.000-5.000",29599,15.89
"43128","Riudecols",1248,"Tarragona","Baix Camp",2018,17,485,"1.000-5.000",31684,18.37
"43128","Riudecols",1248,"Tarragona","Baix Camp",2019,88,402,"1.000-5.000",32620,14.79
"43128","Riudecols",1248,"Tarragona","Baix Camp",2020,32,529,"1.000-5.000",31890,19.91
"43128","Riudecols",1248,"Tarragona","Baix Camp",2021,47,424,"1.000-5.000",33235,15.31
"43128","Riudecols",1248,"Tarragona","Baix Camp",2022,101,472,"1.000-5.000",34929,16.22
"43128","Riudecols",1248,"Tarragona","Baix Camp",2023,53,515,"1.000-5.000",NA,NA
"43128","Riudecols",1248,"Tarragona","Baix Camp",2024,36,574,"1.000-5.000",NA,NA
"43129","Riudoms",6954,"Tarragona","Baix Camp",2007,13,526,"5.000-10.000",NA,NA
"43129","Riudoms",6954,"Tarragona","Baix Camp",2008,20,475,"5.000-10.000",NA,NA
"43129","Riudoms",6954,"Tarragona","Baix Camp",2009,29,459,"5.000-10.000",NA,NA
"43129","Riudoms",6954,"Tarragona","Baix Camp",2010,55,418,"5.000-10.000",NA,NA
"43129","Riudoms",6954,"Tarragona","Baix Camp",2011,103,453,"5.000-10.000",NA,NA
"43129","Riudoms",6954,"Tarragona","Baix Camp",2012,94,467,"5.000-10.000",NA,NA
"43129","Riudoms",6954,"Tarragona","Baix Camp",2013,105,392,"5.000-10.000",NA,NA
"43129","Riudoms",6954,"Tarragona","Baix Camp",2014,85,407,"5.000-10.000",NA,NA
"43129","Riudoms",6954,"Tarragona","Baix Camp",2015,77,350,"5.000-10.000",28752,14.61
"43129","Riudoms",6954,"Tarragona","Baix Camp",2016,101,377,"5.000-10.000",29589,15.29
"43129","Riudoms",6954,"Tarragona","Baix Camp",2017,87,397,"5.000-10.000",30148,15.8
"43129","Riudoms",6954,"Tarragona","Baix Camp",2018,107,429,"5.000-10.000",31809,16.18
"43129","Riudoms",6954,"Tarragona","Baix Camp",2019,350,465,"5.000-10.000",32770,17.03
"43129","Riudoms",6954,"Tarragona","Baix Camp",2020,288,437,"5.000-10.000",33231,15.78
"43129","Riudoms",6954,"Tarragona","Baix Camp",2021,291,441,"5.000-10.000",34665,15.27
"43129","Riudoms",6954,"Tarragona","Baix Camp",2022,277,471,"5.000-10.000",36843,15.34
"43129","Riudoms",6954,"Tarragona","Baix Camp",2023,321,549,"5.000-10.000",NA,NA
"43129","Riudoms",6954,"Tarragona","Baix Camp",2024,285,543,"5.000-10.000",NA,NA
"43130","Rocafort de Queralt",246,"Tarragona","Conca de Barberà",2022,14,374,"< 1.000",30740,14.6
"43131","Roda de Berà",8027,"Tarragona","Tarragonès",2007,23,563,"5.000-10.000",NA,NA
"43131","Roda de Berà",8027,"Tarragona","Tarragonès",2008,28,595,"5.000-10.000",NA,NA
"43131","Roda de Berà",8027,"Tarragona","Tarragonès",2009,45,551,"5.000-10.000",NA,NA
"43131","Roda de Berà",8027,"Tarragona","Tarragonès",2010,55,528,"5.000-10.000",NA,NA
"43131","Roda de Berà",8027,"Tarragona","Tarragonès",2011,78,483,"5.000-10.000",NA,NA
"43131","Roda de Berà",8027,"Tarragona","Tarragonès",2012,100,476,"5.000-10.000",NA,NA
"43131","Roda de Berà",8027,"Tarragona","Tarragonès",2013,99,459,"5.000-10.000",NA,NA
"43131","Roda de Berà",8027,"Tarragona","Tarragonès",2014,117,403,"5.000-10.000",NA,NA
"43131","Roda de Berà",8027,"Tarragona","Tarragonès",2015,165,439,"5.000-10.000",24133,21.83
"43131","Roda de Berà",8027,"Tarragona","Tarragonès",2016,118,460,"5.000-10.000",24393,22.63
"43131","Roda de Berà",8027,"Tarragona","Tarragonès",2017,147,490,"5.000-10.000",24827,23.68
"43131","Roda de Berà",8027,"Tarragona","Tarragonès",2018,147,511,"5.000-10.000",26248,23.36
"43131","Roda de Berà",8027,"Tarragona","Tarragonès",2019,492,539,"5.000-10.000",27347,23.65
"43131","Roda de Berà",8027,"Tarragona","Tarragonès",2020,461,527,"5.000-10.000",27644,22.88
"43131","Roda de Berà",8027,"Tarragona","Tarragonès",2021,546,528,"5.000-10.000",31568,20.07
"43131","Roda de Berà",8027,"Tarragona","Tarragonès",2022,474,600,"5.000-10.000",33606,21.42
"43131","Roda de Berà",8027,"Tarragona","Tarragonès",2023,455,635,"5.000-10.000",NA,NA
"43131","Roda de Berà",8027,"Tarragona","Tarragonès",2024,492,686,"5.000-10.000",NA,NA
"43132","Rodonyà",522,"Tarragona","Alt Camp",2009,6,367,"< 1.000",NA,NA
"43132","Rodonyà",522,"Tarragona","Alt Camp",2011,6,330,"< 1.000",NA,NA
"43132","Rodonyà",522,"Tarragona","Alt Camp",2012,6,275,"< 1.000",NA,NA
"43132","Rodonyà",522,"Tarragona","Alt Camp",2014,7,311,"< 1.000",NA,NA
"43132","Rodonyà",522,"Tarragona","Alt Camp",2015,13,294,"< 1.000",24386,14.47
"43132","Rodonyà",522,"Tarragona","Alt Camp",2016,9,326,"< 1.000",26423,14.81
"43132","Rodonyà",522,"Tarragona","Alt Camp",2017,8,332,"< 1.000",25315,15.74
"43132","Rodonyà",522,"Tarragona","Alt Camp",2021,6,400,"< 1.000",29379,16.34
"43132","Rodonyà",522,"Tarragona","Alt Camp",2024,6,435,"< 1.000",NA,NA
"43133","Roquetes",8374,"Tarragona","Baix Ebre",2007,35,336,"5.000-10.000",NA,NA
"43133","Roquetes",8374,"Tarragona","Baix Ebre",2008,59,394,"5.000-10.000",NA,NA
"43133","Roquetes",8374,"Tarragona","Baix Ebre",2009,73,365,"5.000-10.000",NA,NA
"43133","Roquetes",8374,"Tarragona","Baix Ebre",2010,75,352,"5.000-10.000",NA,NA
"43133","Roquetes",8374,"Tarragona","Baix Ebre",2011,69,353,"5.000-10.000",NA,NA
"43133","Roquetes",8374,"Tarragona","Baix Ebre",2012,112,340,"5.000-10.000",NA,NA
"43133","Roquetes",8374,"Tarragona","Baix Ebre",2013,135,309,"5.000-10.000",NA,NA
"43133","Roquetes",8374,"Tarragona","Baix Ebre",2014,111,317,"5.000-10.000",NA,NA
"43133","Roquetes",8374,"Tarragona","Baix Ebre",2015,124,299,"5.000-10.000",26685,13.45
"43133","Roquetes",8374,"Tarragona","Baix Ebre",2016,136,350,"5.000-10.000",27526,15.26
"43133","Roquetes",8374,"Tarragona","Baix Ebre",2017,134,355,"5.000-10.000",28282,15.06
"43133","Roquetes",8374,"Tarragona","Baix Ebre",2018,140,372,"5.000-10.000",29682,15.04
"43133","Roquetes",8374,"Tarragona","Baix Ebre",2019,476,376,"5.000-10.000",31198,14.46
"43133","Roquetes",8374,"Tarragona","Baix Ebre",2020,342,373,"5.000-10.000",31697,14.12
"43133","Roquetes",8374,"Tarragona","Baix Ebre",2021,478,373,"5.000-10.000",32630,13.72
"43133","Roquetes",8374,"Tarragona","Baix Ebre",2022,470,368,"5.000-10.000",33839,13.05
"43133","Roquetes",8374,"Tarragona","Baix Ebre",2023,344,413,"5.000-10.000",NA,NA
"43133","Roquetes",8374,"Tarragona","Baix Ebre",2024,411,413,"5.000-10.000",NA,NA
"43134","Rourell, El",403,"Tarragona","Alt Camp",2014,6,354,"< 1.000",NA,NA
"43134","Rourell, El",403,"Tarragona","Alt Camp",2018,9,347,"< 1.000",32657,12.75
"43134","Rourell, El",403,"Tarragona","Alt Camp",2022,27,455,"< 1.000",35465,15.4
"43135","Salomó",530,"Tarragona","Tarragonès",2011,6,412,"< 1.000",NA,NA
"43135","Salomó",530,"Tarragona","Tarragonès",2014,10,332,"< 1.000",NA,NA
"43135","Salomó",530,"Tarragona","Tarragonès",2015,7,331,"< 1.000",25889,15.34
"43135","Salomó",530,"Tarragona","Tarragonès",2016,9,334,"< 1.000",26788,14.96
"43135","Salomó",530,"Tarragona","Tarragonès",2017,10,446,"< 1.000",27908,19.18
"43135","Salomó",530,"Tarragona","Tarragonès",2019,26,477,"< 1.000",31118,18.39
"43135","Salomó",530,"Tarragona","Tarragonès",2020,15,488,"< 1.000",30078,19.47
"43135","Salomó",530,"Tarragona","Tarragonès",2021,12,472,"< 1.000",28674,19.75
"43135","Salomó",530,"Tarragona","Tarragonès",2022,24,295,"< 1.000",31272,11.32
"43135","Salomó",530,"Tarragona","Tarragonès",2023,25,606,"< 1.000",NA,NA
"43135","Salomó",530,"Tarragona","Tarragonès",2024,17,621,"< 1.000",NA,NA
"43136","Ràpita, La",15802,"Tarragona","Montsià",2007,41,422,"10.000-50.000",NA,NA
"43136","Ràpita, La",15802,"Tarragona","Montsià",2008,44,430,"10.000-50.000",NA,NA
"43136","Ràpita, La",15802,"Tarragona","Montsià",2009,48,398,"10.000-50.000",NA,NA
"43136","Ràpita, La",15802,"Tarragona","Montsià",2010,101,383,"10.000-50.000",NA,NA
"43136","Ràpita, La",15802,"Tarragona","Montsià",2011,111,354,"10.000-50.000",NA,NA
"43136","Ràpita, La",15802,"Tarragona","Montsià",2012,164,313,"10.000-50.000",NA,NA
"43136","Ràpita, La",15802,"Tarragona","Montsià",2013,150,298,"10.000-50.000",NA,NA
"43136","Ràpita, La",15802,"Tarragona","Montsià",2014,245,244,"10.000-50.000",NA,NA
"43136","Ràpita, La",15802,"Tarragona","Montsià",2015,247,261,"10.000-50.000",24235,12.92
"43136","Ràpita, La",15802,"Tarragona","Montsià",2016,235,293,"10.000-50.000",24861,14.14
"43136","Ràpita, La",15802,"Tarragona","Montsià",2017,228,290,"10.000-50.000",25276,13.77
"43136","Ràpita, La",15802,"Tarragona","Montsià",2018,269,326,"10.000-50.000",26338,14.85
"43136","Ràpita, La",15802,"Tarragona","Montsià",2019,1019,347,"10.000-50.000",27593,15.09
"43136","Ràpita, La",15802,"Tarragona","Montsià",2020,725,353,"10.000-50.000",28103,15.07
"43136","Ràpita, La",15802,"Tarragona","Montsià",2021,942,367,"10.000-50.000",29166,15.1
"43136","Ràpita, La",15802,"Tarragona","Montsià",2022,871,411,"10.000-50.000",30589,16.12
"43136","Ràpita, La",15802,"Tarragona","Montsià",2023,811,435,"10.000-50.000",NA,NA
"43136","Ràpita, La",15802,"Tarragona","Montsià",2024,878,456,"10.000-50.000",NA,NA
"43137","Sant Jaume dels Domenys",2806,"Tarragona","Baix Penedès",2008,6,627,"1.000-5.000",NA,NA
"43137","Sant Jaume dels Domenys",2806,"Tarragona","Baix Penedès",2009,9,434,"1.000-5.000",NA,NA
"43137","Sant Jaume dels Domenys",2806,"Tarragona","Baix Penedès",2010,16,419,"1.000-5.000",NA,NA
"43137","Sant Jaume dels Domenys",2806,"Tarragona","Baix Penedès",2011,17,469,"1.000-5.000",NA,NA
"43137","Sant Jaume dels Domenys",2806,"Tarragona","Baix Penedès",2012,23,462,"1.000-5.000",NA,NA
"43137","Sant Jaume dels Domenys",2806,"Tarragona","Baix Penedès",2013,9,446,"1.000-5.000",NA,NA
"43137","Sant Jaume dels Domenys",2806,"Tarragona","Baix Penedès",2014,33,409,"1.000-5.000",NA,NA
"43137","Sant Jaume dels Domenys",2806,"Tarragona","Baix Penedès",2015,25,414,"1.000-5.000",29963,16.58
"43137","Sant Jaume dels Domenys",2806,"Tarragona","Baix Penedès",2016,34,448,"1.000-5.000",33720,15.94
"43137","Sant Jaume dels Domenys",2806,"Tarragona","Baix Penedès",2017,33,492,"1.000-5.000",29291,20.16
"43137","Sant Jaume dels Domenys",2806,"Tarragona","Baix Penedès",2018,33,503,"1.000-5.000",31202,19.34
"43137","Sant Jaume dels Domenys",2806,"Tarragona","Baix Penedès",2019,119,466,"1.000-5.000",32601,17.15
"43137","Sant Jaume dels Domenys",2806,"Tarragona","Baix Penedès",2020,76,510,"1.000-5.000",31909,19.18
"43137","Sant Jaume dels Domenys",2806,"Tarragona","Baix Penedès",2021,80,544,"1.000-5.000",33375,19.56
"43137","Sant Jaume dels Domenys",2806,"Tarragona","Baix Penedès",2022,85,593,"1.000-5.000",35041,20.31
"43137","Sant Jaume dels Domenys",2806,"Tarragona","Baix Penedès",2023,68,577,"1.000-5.000",NA,NA
"43137","Sant Jaume dels Domenys",2806,"Tarragona","Baix Penedès",2024,66,542,"1.000-5.000",NA,NA
"43138","Santa Bàrbara",3819,"Tarragona","Montsià",2007,14,311,"1.000-5.000",NA,NA
"43138","Santa Bàrbara",3819,"Tarragona","Montsià",2008,14,414,"1.000-5.000",NA,NA
"43138","Santa Bàrbara",3819,"Tarragona","Montsià",2009,16,342,"1.000-5.000",NA,NA
"43138","Santa Bàrbara",3819,"Tarragona","Montsià",2010,23,334,"1.000-5.000",NA,NA
"43138","Santa Bàrbara",3819,"Tarragona","Montsià",2011,24,363,"1.000-5.000",NA,NA
"43138","Santa Bàrbara",3819,"Tarragona","Montsià",2012,25,313,"1.000-5.000",NA,NA
"43138","Santa Bàrbara",3819,"Tarragona","Montsià",2013,26,289,"1.000-5.000",NA,NA
"43138","Santa Bàrbara",3819,"Tarragona","Montsià",2014,35,260,"1.000-5.000",NA,NA
"43138","Santa Bàrbara",3819,"Tarragona","Montsià",2015,43,258,"1.000-5.000",22565,13.72
"43138","Santa Bàrbara",3819,"Tarragona","Montsià",2016,45,269,"1.000-5.000",22991,14.04
"43138","Santa Bàrbara",3819,"Tarragona","Montsià",2017,43,272,"1.000-5.000",23855,13.68
"43138","Santa Bàrbara",3819,"Tarragona","Montsià",2018,53,285,"1.000-5.000",24745,13.82
"43138","Santa Bàrbara",3819,"Tarragona","Montsià",2019,188,301,"1.000-5.000",25749,14.03
"43138","Santa Bàrbara",3819,"Tarragona","Montsià",2020,187,313,"1.000-5.000",26271,14.3
"43138","Santa Bàrbara",3819,"Tarragona","Montsià",2021,192,328,"1.000-5.000",27293,14.42
"43138","Santa Bàrbara",3819,"Tarragona","Montsià",2022,178,336,"1.000-5.000",28217,14.29
"43138","Santa Bàrbara",3819,"Tarragona","Montsià",2023,148,380,"1.000-5.000",NA,NA
"43138","Santa Bàrbara",3819,"Tarragona","Montsià",2024,194,358,"1.000-5.000",NA,NA
"43139","Santa Coloma de Queralt",2823,"Tarragona","Conca de Barberà",2008,14,495,"1.000-5.000",NA,NA
"43139","Santa Coloma de Queralt",2823,"Tarragona","Conca de Barberà",2009,12,365,"1.000-5.000",NA,NA
"43139","Santa Coloma de Queralt",2823,"Tarragona","Conca de Barberà",2010,33,395,"1.000-5.000",NA,NA
"43139","Santa Coloma de Queralt",2823,"Tarragona","Conca de Barberà",2011,20,398,"1.000-5.000",NA,NA
"43139","Santa Coloma de Queralt",2823,"Tarragona","Conca de Barberà",2012,19,446,"1.000-5.000",NA,NA
"43139","Santa Coloma de Queralt",2823,"Tarragona","Conca de Barberà",2013,33,328,"1.000-5.000",NA,NA
"43139","Santa Coloma de Queralt",2823,"Tarragona","Conca de Barberà",2014,26,285,"1.000-5.000",NA,NA
"43139","Santa Coloma de Queralt",2823,"Tarragona","Conca de Barberà",2015,27,295,"1.000-5.000",28550,12.4
"43139","Santa Coloma de Queralt",2823,"Tarragona","Conca de Barberà",2016,27,275,"1.000-5.000",29176,11.31
"43139","Santa Coloma de Queralt",2823,"Tarragona","Conca de Barberà",2017,35,340,"1.000-5.000",30032,13.59
"43139","Santa Coloma de Queralt",2823,"Tarragona","Conca de Barberà",2018,42,288,"1.000-5.000",31347,11.02
"43139","Santa Coloma de Queralt",2823,"Tarragona","Conca de Barberà",2019,125,311,"1.000-5.000",32764,11.39
"43139","Santa Coloma de Queralt",2823,"Tarragona","Conca de Barberà",2020,107,364,"1.000-5.000",33716,12.96
"43139","Santa Coloma de Queralt",2823,"Tarragona","Conca de Barberà",2021,145,363,"1.000-5.000",34510,12.62
"43139","Santa Coloma de Queralt",2823,"Tarragona","Conca de Barberà",2022,83,387,"1.000-5.000",35601,13.04
"43139","Santa Coloma de Queralt",2823,"Tarragona","Conca de Barberà",2023,124,403,"1.000-5.000",NA,NA
"43139","Santa Coloma de Queralt",2823,"Tarragona","Conca de Barberà",2024,129,395,"1.000-5.000",NA,NA
"43140","Santa Oliva",3679,"Tarragona","Baix Penedès",2009,6,586,"1.000-5.000",NA,NA
"43140","Santa Oliva",3679,"Tarragona","Baix Penedès",2010,12,523,"1.000-5.000",NA,NA
"43140","Santa Oliva",3679,"Tarragona","Baix Penedès",2011,18,556,"1.000-5.000",NA,NA
"43140","Santa Oliva",3679,"Tarragona","Baix Penedès",2012,20,510,"1.000-5.000",NA,NA
"43140","Santa Oliva",3679,"Tarragona","Baix Penedès",2013,28,454,"1.000-5.000",NA,NA
"43140","Santa Oliva",3679,"Tarragona","Baix Penedès",2014,25,450,"1.000-5.000",NA,NA
"43140","Santa Oliva",3679,"Tarragona","Baix Penedès",2015,18,474,"1.000-5.000",25876,21.98
"43140","Santa Oliva",3679,"Tarragona","Baix Penedès",2016,23,556,"1.000-5.000",26843,24.86
"43140","Santa Oliva",3679,"Tarragona","Baix Penedès",2017,21,526,"1.000-5.000",27330,23.1
"43140","Santa Oliva",3679,"Tarragona","Baix Penedès",2018,33,556,"1.000-5.000",28764,23.2
"43140","Santa Oliva",3679,"Tarragona","Baix Penedès",2019,93,573,"1.000-5.000",30174,22.79
"43140","Santa Oliva",3679,"Tarragona","Baix Penedès",2020,49,629,"1.000-5.000",30215,24.98
"43140","Santa Oliva",3679,"Tarragona","Baix Penedès",2021,62,744,"1.000-5.000",31531,28.31
"43140","Santa Oliva",3679,"Tarragona","Baix Penedès",2022,70,645,"1.000-5.000",33031,23.43
"43140","Santa Oliva",3679,"Tarragona","Baix Penedès",2023,57,612,"1.000-5.000",NA,NA
"43140","Santa Oliva",3679,"Tarragona","Baix Penedès",2024,59,613,"1.000-5.000",NA,NA
"43142","Sarral",1588,"Tarragona","Conca de Barberà",2008,8,422,"1.000-5.000",NA,NA
"43142","Sarral",1588,"Tarragona","Conca de Barberà",2010,9,382,"1.000-5.000",NA,NA
"43142","Sarral",1588,"Tarragona","Conca de Barberà",2011,11,298,"1.000-5.000",NA,NA
"43142","Sarral",1588,"Tarragona","Conca de Barberà",2012,11,282,"1.000-5.000",NA,NA
"43142","Sarral",1588,"Tarragona","Conca de Barberà",2013,13,280,"1.000-5.000",NA,NA
"43142","Sarral",1588,"Tarragona","Conca de Barberà",2015,8,328,"1.000-5.000",29357,13.41
"43142","Sarral",1588,"Tarragona","Conca de Barberà",2016,7,332,"1.000-5.000",29716,13.41
"43142","Sarral",1588,"Tarragona","Conca de Barberà",2017,11,373,"1.000-5.000",30961,14.46
"43142","Sarral",1588,"Tarragona","Conca de Barberà",2018,10,352,"1.000-5.000",32597,12.96
"43142","Sarral",1588,"Tarragona","Conca de Barberà",2019,32,341,"1.000-5.000",33228,12.31
"43142","Sarral",1588,"Tarragona","Conca de Barberà",2020,32,349,"1.000-5.000",33048,12.67
"43142","Sarral",1588,"Tarragona","Conca de Barberà",2021,34,347,"1.000-5.000",33952,12.26
"43142","Sarral",1588,"Tarragona","Conca de Barberà",2022,30,314,"1.000-5.000",35784,10.53
"43142","Sarral",1588,"Tarragona","Conca de Barberà",2023,31,401,"1.000-5.000",NA,NA
"43142","Sarral",1588,"Tarragona","Conca de Barberà",2024,73,402,"1.000-5.000",NA,NA
"43144","Secuita, La",1828,"Tarragona","Tarragonès",2009,15,475,"1.000-5.000",NA,NA
"43144","Secuita, La",1828,"Tarragona","Tarragonès",2010,10,505,"1.000-5.000",NA,NA
"43144","Secuita, La",1828,"Tarragona","Tarragonès",2011,18,478,"1.000-5.000",NA,NA
"43144","Secuita, La",1828,"Tarragona","Tarragonès",2012,22,459,"1.000-5.000",NA,NA
"43144","Secuita, La",1828,"Tarragona","Tarragonès",2013,15,450,"1.000-5.000",NA,NA
"43144","Secuita, La",1828,"Tarragona","Tarragonès",2014,21,416,"1.000-5.000",NA,NA
"43144","Secuita, La",1828,"Tarragona","Tarragonès",2015,24,449,"1.000-5.000",33504,16.08
"43144","Secuita, La",1828,"Tarragona","Tarragonès",2016,17,540,"1.000-5.000",35451,18.28
"43144","Secuita, La",1828,"Tarragona","Tarragonès",2017,33,496,"1.000-5.000",35997,16.53
"43144","Secuita, La",1828,"Tarragona","Tarragonès",2018,23,464,"1.000-5.000",36023,15.46
"43144","Secuita, La",1828,"Tarragona","Tarragonès",2019,63,467,"1.000-5.000",37833,14.81
"43144","Secuita, La",1828,"Tarragona","Tarragonès",2020,52,546,"1.000-5.000",38331,17.09
"43144","Secuita, La",1828,"Tarragona","Tarragonès",2021,47,512,"1.000-5.000",40740,15.08
"43144","Secuita, La",1828,"Tarragona","Tarragonès",2022,77,475,"1.000-5.000",42834,13.31
"43144","Secuita, La",1828,"Tarragona","Tarragonès",2023,38,477,"1.000-5.000",NA,NA
"43144","Secuita, La",1828,"Tarragona","Tarragonès",2024,26,539,"1.000-5.000",NA,NA
"43145","Selva del Camp, La",5839,"Tarragona","Baix Camp",2007,24,492,"5.000-10.000",NA,NA
"43145","Selva del Camp, La",5839,"Tarragona","Baix Camp",2008,49,516,"5.000-10.000",NA,NA
"43145","Selva del Camp, La",5839,"Tarragona","Baix Camp",2009,56,516,"5.000-10.000",NA,NA
"43145","Selva del Camp, La",5839,"Tarragona","Baix Camp",2010,60,464,"5.000-10.000",NA,NA
"43145","Selva del Camp, La",5839,"Tarragona","Baix Camp",2011,54,497,"5.000-10.000",NA,NA
"43145","Selva del Camp, La",5839,"Tarragona","Baix Camp",2012,55,460,"5.000-10.000",NA,NA
"43145","Selva del Camp, La",5839,"Tarragona","Baix Camp",2013,57,400,"5.000-10.000",NA,NA
"43145","Selva del Camp, La",5839,"Tarragona","Baix Camp",2014,65,388,"5.000-10.000",NA,NA
"43145","Selva del Camp, La",5839,"Tarragona","Baix Camp",2015,51,421,"5.000-10.000",32215,15.68
"43145","Selva del Camp, La",5839,"Tarragona","Baix Camp",2016,60,401,"5.000-10.000",34835,13.81
"43145","Selva del Camp, La",5839,"Tarragona","Baix Camp",2017,54,442,"5.000-10.000",35237,15.05
"43145","Selva del Camp, La",5839,"Tarragona","Baix Camp",2018,60,437,"5.000-10.000",35086,14.95
"43145","Selva del Camp, La",5839,"Tarragona","Baix Camp",2019,203,458,"5.000-10.000",36861,14.91
"43145","Selva del Camp, La",5839,"Tarragona","Baix Camp",2020,186,453,"5.000-10.000",36931,14.72
"43145","Selva del Camp, La",5839,"Tarragona","Baix Camp",2021,203,505,"5.000-10.000",38785,15.62
"43145","Selva del Camp, La",5839,"Tarragona","Baix Camp",2022,124,514,"5.000-10.000",40205,15.34
"43145","Selva del Camp, La",5839,"Tarragona","Baix Camp",2023,196,544,"5.000-10.000",NA,NA
"43145","Selva del Camp, La",5839,"Tarragona","Baix Camp",2024,118,594,"5.000-10.000",NA,NA
"43147","Solivella",627,"Tarragona","Conca de Barberà",2018,7,338,"< 1.000",34373,11.8
"43147","Solivella",627,"Tarragona","Conca de Barberà",2020,6,378,"< 1.000",35073,12.93
"43147","Solivella",627,"Tarragona","Conca de Barberà",2021,41,430,"< 1.000",35971,14.34
"43147","Solivella",627,"Tarragona","Conca de Barberà",2024,15,458,"< 1.000",NA,NA
"43148","Tarragona",141018,"Tarragona","Tarragonès",2007,1220,485,"> 100.000",NA,NA
"43148","Tarragona",141018,"Tarragona","Tarragonès",2008,1614,533,"> 100.000",NA,NA
"43148","Tarragona",141018,"Tarragona","Tarragonès",2009,3239,521,"> 100.000",NA,NA
"43148","Tarragona",141018,"Tarragona","Tarragonès",2010,3782,509,"> 100.000",NA,NA
"43148","Tarragona",141018,"Tarragona","Tarragonès",2011,3789,495,"> 100.000",NA,NA
"43148","Tarragona",141018,"Tarragona","Tarragonès",2012,3992,470,"> 100.000",NA,NA
"43148","Tarragona",141018,"Tarragona","Tarragonès",2013,4164,437,"> 100.000",NA,NA
"43148","Tarragona",141018,"Tarragona","Tarragonès",2014,4072,430,"> 100.000",NA,NA
"43148","Tarragona",141018,"Tarragona","Tarragonès",2015,4010,432,"> 100.000",32065,16.17
"43148","Tarragona",141018,"Tarragona","Tarragonès",2016,3956,448,"> 100.000",33044,16.27
"43148","Tarragona",141018,"Tarragona","Tarragonès",2017,4241,477,"> 100.000",33548,17.06
"43148","Tarragona",141018,"Tarragona","Tarragonès",2018,4321,514,"> 100.000",34803,17.72
"43148","Tarragona",141018,"Tarragona","Tarragonès",2019,13265,530,"> 100.000",35791,17.77
"43148","Tarragona",141018,"Tarragona","Tarragonès",2020,10141,556,"> 100.000",35611,18.74
"43148","Tarragona",141018,"Tarragona","Tarragonès",2021,12421,536,"> 100.000",36728,17.51
"43148","Tarragona",141018,"Tarragona","Tarragonès",2022,11762,595,"> 100.000",38066,18.76
"43148","Tarragona",141018,"Tarragona","Tarragonès",2023,9810,652,"> 100.000",NA,NA
"43148","Tarragona",141018,"Tarragona","Tarragonès",2024,8697,663,"> 100.000",NA,NA
"43149","Tivenys",937,"Tarragona","Baix Ebre",2011,6,308,"< 1.000",NA,NA
"43149","Tivenys",937,"Tarragona","Baix Ebre",2013,6,325,"< 1.000",NA,NA
"43149","Tivenys",937,"Tarragona","Baix Ebre",2014,6,295,"< 1.000",NA,NA
"43149","Tivenys",937,"Tarragona","Baix Ebre",2015,6,298,"< 1.000",24638,14.51
"43149","Tivenys",937,"Tarragona","Baix Ebre",2016,7,247,"< 1.000",25096,11.81
"43149","Tivenys",937,"Tarragona","Baix Ebre",2018,10,314,"< 1.000",28045,13.44
"43149","Tivenys",937,"Tarragona","Baix Ebre",2019,15,308,"< 1.000",28181,13.12
"43149","Tivenys",937,"Tarragona","Baix Ebre",2020,25,304,"< 1.000",28791,12.67
"43149","Tivenys",937,"Tarragona","Baix Ebre",2021,30,315,"< 1.000",29315,12.89
"43149","Tivenys",937,"Tarragona","Baix Ebre",2022,33,343,"< 1.000",30785,13.37
"43149","Tivenys",937,"Tarragona","Baix Ebre",2023,16,364,"< 1.000",NA,NA
"43149","Tivenys",937,"Tarragona","Baix Ebre",2024,39,362,"< 1.000",NA,NA
"43150","Tivissa",1624,"Tarragona","Ribera d'Ebre",2012,7,266,"1.000-5.000",NA,NA
"43150","Tivissa",1624,"Tarragona","Ribera d'Ebre",2014,9,233,"1.000-5.000",NA,NA
"43150","Tivissa",1624,"Tarragona","Ribera d'Ebre",2017,9,246,"1.000-5.000",27568,10.71
"43150","Tivissa",1624,"Tarragona","Ribera d'Ebre",2019,39,255,"1.000-5.000",29321,10.44
"43150","Tivissa",1624,"Tarragona","Ribera d'Ebre",2020,9,287,"1.000-5.000",29432,11.7
"43150","Tivissa",1624,"Tarragona","Ribera d'Ebre",2021,16,336,"1.000-5.000",30260,13.32
"43152","Torre de l'Espanyol, La",630,"Tarragona","Ribera d'Ebre",2012,8,223,"< 1.000",NA,NA
"43152","Torre de l'Espanyol, La",630,"Tarragona","Ribera d'Ebre",2022,13,322,"< 1.000",30615,12.62
"43153","Torredembarra",17953,"Tarragona","Tarragonès",2007,106,506,"10.000-50.000",NA,NA
"43153","Torredembarra",17953,"Tarragona","Tarragonès",2008,181,532,"10.000-50.000",NA,NA
"43153","Torredembarra",17953,"Tarragona","Tarragonès",2009,229,532,"10.000-50.000",NA,NA
"43153","Torredembarra",17953,"Tarragona","Tarragonès",2010,291,502,"10.000-50.000",NA,NA
"43153","Torredembarra",17953,"Tarragona","Tarragonès",2011,330,484,"10.000-50.000",NA,NA
"43153","Torredembarra",17953,"Tarragona","Tarragonès",2012,371,441,"10.000-50.000",NA,NA
"43153","Torredembarra",17953,"Tarragona","Tarragonès",2013,444,416,"10.000-50.000",NA,NA
"43153","Torredembarra",17953,"Tarragona","Tarragonès",2014,402,420,"10.000-50.000",NA,NA
"43153","Torredembarra",17953,"Tarragona","Tarragonès",2015,506,429,"10.000-50.000",26372,19.52
"43153","Torredembarra",17953,"Tarragona","Tarragonès",2016,475,431,"10.000-50.000",27171,19.04
"43153","Torredembarra",17953,"Tarragona","Tarragonès",2017,480,466,"10.000-50.000",27666,20.21
"43153","Torredembarra",17953,"Tarragona","Tarragonès",2018,488,488,"10.000-50.000",28950,20.23
"43153","Torredembarra",17953,"Tarragona","Tarragonès",2019,1810,505,"10.000-50.000",29939,20.24
"43153","Torredembarra",17953,"Tarragona","Tarragonès",2020,1278,532,"10.000-50.000",30380,21.01
"43153","Torredembarra",17953,"Tarragona","Tarragonès",2021,1478,546,"10.000-50.000",31557,20.76
"43153","Torredembarra",17953,"Tarragona","Tarragonès",2022,1284,560,"10.000-50.000",33118,20.29
"43153","Torredembarra",17953,"Tarragona","Tarragonès",2023,1157,620,"10.000-50.000",NA,NA
"43153","Torredembarra",17953,"Tarragona","Tarragonès",2024,1060,629,"10.000-50.000",NA,NA
"43155","Tortosa",35513,"Tarragona","Baix Ebre",2007,360,359,"10.000-50.000",NA,NA
"43155","Tortosa",35513,"Tarragona","Baix Ebre",2008,646,391,"10.000-50.000",NA,NA
"43155","Tortosa",35513,"Tarragona","Baix Ebre",2009,580,389,"10.000-50.000",NA,NA
"43155","Tortosa",35513,"Tarragona","Baix Ebre",2010,676,364,"10.000-50.000",NA,NA
"43155","Tortosa",35513,"Tarragona","Baix Ebre",2011,732,364,"10.000-50.000",NA,NA
"43155","Tortosa",35513,"Tarragona","Baix Ebre",2012,727,342,"10.000-50.000",NA,NA
"43155","Tortosa",35513,"Tarragona","Baix Ebre",2013,765,321,"10.000-50.000",NA,NA
"43155","Tortosa",35513,"Tarragona","Baix Ebre",2014,735,318,"10.000-50.000",NA,NA
"43155","Tortosa",35513,"Tarragona","Baix Ebre",2015,719,314,"10.000-50.000",27319,13.79
"43155","Tortosa",35513,"Tarragona","Baix Ebre",2016,786,328,"10.000-50.000",29019,13.56
"43155","Tortosa",35513,"Tarragona","Baix Ebre",2017,793,338,"10.000-50.000",29848,13.59
"43155","Tortosa",35513,"Tarragona","Baix Ebre",2018,883,346,"10.000-50.000",30837,13.46
"43155","Tortosa",35513,"Tarragona","Baix Ebre",2019,2747,374,"10.000-50.000",32052,14
"43155","Tortosa",35513,"Tarragona","Baix Ebre",2020,2449,374,"10.000-50.000",32438,13.84
"43155","Tortosa",35513,"Tarragona","Baix Ebre",2021,2701,377,"10.000-50.000",33508,13.5
"43155","Tortosa",35513,"Tarragona","Baix Ebre",2022,2913,420,"10.000-50.000",34690,14.53
"43155","Tortosa",35513,"Tarragona","Baix Ebre",2023,2729,452,"10.000-50.000",NA,NA
"43155","Tortosa",35513,"Tarragona","Baix Ebre",2024,2487,466,"10.000-50.000",NA,NA
"43156","Ulldecona",6598,"Tarragona","Montsià",2007,14,353,"5.000-10.000",NA,NA
"43156","Ulldecona",6598,"Tarragona","Montsià",2008,28,372,"5.000-10.000",NA,NA
"43156","Ulldecona",6598,"Tarragona","Montsià",2009,36,318,"5.000-10.000",NA,NA
"43156","Ulldecona",6598,"Tarragona","Montsià",2010,39,287,"5.000-10.000",NA,NA
"43156","Ulldecona",6598,"Tarragona","Montsià",2011,46,270,"5.000-10.000",NA,NA
"43156","Ulldecona",6598,"Tarragona","Montsià",2012,37,275,"5.000-10.000",NA,NA
"43156","Ulldecona",6598,"Tarragona","Montsià",2013,34,260,"5.000-10.000",NA,NA
"43156","Ulldecona",6598,"Tarragona","Montsià",2014,41,240,"5.000-10.000",NA,NA
"43156","Ulldecona",6598,"Tarragona","Montsià",2015,31,275,"5.000-10.000",22363,14.76
"43156","Ulldecona",6598,"Tarragona","Montsià",2016,55,242,"5.000-10.000",23291,12.47
"43156","Ulldecona",6598,"Tarragona","Montsià",2017,65,247,"5.000-10.000",23808,12.45
"43156","Ulldecona",6598,"Tarragona","Montsià",2018,71,252,"5.000-10.000",25337,11.94
"43156","Ulldecona",6598,"Tarragona","Montsià",2019,183,294,"5.000-10.000",26038,13.55
"43156","Ulldecona",6598,"Tarragona","Montsià",2020,204,283,"5.000-10.000",26910,12.62
"43156","Ulldecona",6598,"Tarragona","Montsià",2021,174,289,"5.000-10.000",27568,12.58
"43156","Ulldecona",6598,"Tarragona","Montsià",2022,174,364,"5.000-10.000",28851,15.14
"43156","Ulldecona",6598,"Tarragona","Montsià",2023,182,344,"5.000-10.000",NA,NA
"43156","Ulldecona",6598,"Tarragona","Montsià",2024,269,387,"5.000-10.000",NA,NA
"43157","Ulldemolins",414,"Tarragona","Priorat",2024,6,409,"< 1.000",NA,NA
"43160","Vallmoll",1937,"Tarragona","Alt Camp",2009,9,603,"1.000-5.000",NA,NA
"43160","Vallmoll",1937,"Tarragona","Alt Camp",2011,11,496,"1.000-5.000",NA,NA
"43160","Vallmoll",1937,"Tarragona","Alt Camp",2012,15,433,"1.000-5.000",NA,NA
"43160","Vallmoll",1937,"Tarragona","Alt Camp",2014,16,468,"1.000-5.000",NA,NA
"43160","Vallmoll",1937,"Tarragona","Alt Camp",2015,16,403,"1.000-5.000",33177,14.58
"43160","Vallmoll",1937,"Tarragona","Alt Camp",2016,17,456,"1.000-5.000",34796,15.73
"43160","Vallmoll",1937,"Tarragona","Alt Camp",2017,17,479,"1.000-5.000",34764,16.53
"43160","Vallmoll",1937,"Tarragona","Alt Camp",2018,17,472,"1.000-5.000",35647,15.89
"43160","Vallmoll",1937,"Tarragona","Alt Camp",2019,32,482,"1.000-5.000",38687,14.95
"43160","Vallmoll",1937,"Tarragona","Alt Camp",2020,42,549,"1.000-5.000",37723,17.46
"43160","Vallmoll",1937,"Tarragona","Alt Camp",2021,16,421,"1.000-5.000",39234,12.88
"43160","Vallmoll",1937,"Tarragona","Alt Camp",2023,27,507,"1.000-5.000",NA,NA
"43160","Vallmoll",1937,"Tarragona","Alt Camp",2024,15,562,"1.000-5.000",NA,NA
"43161","Valls",25085,"Tarragona","Alt Camp",2007,249,446,"10.000-50.000",NA,NA
"43161","Valls",25085,"Tarragona","Alt Camp",2008,280,489,"10.000-50.000",NA,NA
"43161","Valls",25085,"Tarragona","Alt Camp",2009,295,441,"10.000-50.000",NA,NA
"43161","Valls",25085,"Tarragona","Alt Camp",2010,394,433,"10.000-50.000",NA,NA
"43161","Valls",25085,"Tarragona","Alt Camp",2011,432,408,"10.000-50.000",NA,NA
"43161","Valls",25085,"Tarragona","Alt Camp",2012,473,387,"10.000-50.000",NA,NA
"43161","Valls",25085,"Tarragona","Alt Camp",2013,544,368,"10.000-50.000",NA,NA
"43161","Valls",25085,"Tarragona","Alt Camp",2014,457,372,"10.000-50.000",NA,NA
"43161","Valls",25085,"Tarragona","Alt Camp",2015,496,381,"10.000-50.000",30348,15.07
"43161","Valls",25085,"Tarragona","Alt Camp",2016,472,380,"10.000-50.000",31477,14.49
"43161","Valls",25085,"Tarragona","Alt Camp",2017,453,386,"10.000-50.000",31870,14.53
"43161","Valls",25085,"Tarragona","Alt Camp",2018,469,407,"10.000-50.000",33214,14.7
"43161","Valls",25085,"Tarragona","Alt Camp",2019,1635,431,"10.000-50.000",34424,15.02
"43161","Valls",25085,"Tarragona","Alt Camp",2020,1252,448,"10.000-50.000",34234,15.7
"43161","Valls",25085,"Tarragona","Alt Camp",2021,1765,434,"10.000-50.000",35383,14.72
"43161","Valls",25085,"Tarragona","Alt Camp",2022,1384,473,"10.000-50.000",36736,15.45
"43161","Valls",25085,"Tarragona","Alt Camp",2023,1204,512,"10.000-50.000",NA,NA
"43161","Valls",25085,"Tarragona","Alt Camp",2024,1325,519,"10.000-50.000",NA,NA
"43162","Vandellòs i l'Hospitalet de l'Infant",7082,"Tarragona","Baix Camp",2007,13,470,"5.000-10.000",NA,NA
"43162","Vandellòs i l'Hospitalet de l'Infant",7082,"Tarragona","Baix Camp",2008,17,419,"5.000-10.000",NA,NA
"43162","Vandellòs i l'Hospitalet de l'Infant",7082,"Tarragona","Baix Camp",2009,23,447,"5.000-10.000",NA,NA
"43162","Vandellòs i l'Hospitalet de l'Infant",7082,"Tarragona","Baix Camp",2010,42,469,"5.000-10.000",NA,NA
"43162","Vandellòs i l'Hospitalet de l'Infant",7082,"Tarragona","Baix Camp",2011,37,459,"5.000-10.000",NA,NA
"43162","Vandellòs i l'Hospitalet de l'Infant",7082,"Tarragona","Baix Camp",2012,32,459,"5.000-10.000",NA,NA
"43162","Vandellòs i l'Hospitalet de l'Infant",7082,"Tarragona","Baix Camp",2013,63,406,"5.000-10.000",NA,NA
"43162","Vandellòs i l'Hospitalet de l'Infant",7082,"Tarragona","Baix Camp",2014,63,395,"5.000-10.000",NA,NA
"43162","Vandellòs i l'Hospitalet de l'Infant",7082,"Tarragona","Baix Camp",2015,69,402,"5.000-10.000",35019,13.78
"43162","Vandellòs i l'Hospitalet de l'Infant",7082,"Tarragona","Baix Camp",2016,73,458,"5.000-10.000",35610,15.43
"43162","Vandellòs i l'Hospitalet de l'Infant",7082,"Tarragona","Baix Camp",2017,81,433,"5.000-10.000",36124,14.38
"43162","Vandellòs i l'Hospitalet de l'Infant",7082,"Tarragona","Baix Camp",2018,70,464,"5.000-10.000",37786,14.74
"43162","Vandellòs i l'Hospitalet de l'Infant",7082,"Tarragona","Baix Camp",2019,239,485,"5.000-10.000",38684,15.04
"43162","Vandellòs i l'Hospitalet de l'Infant",7082,"Tarragona","Baix Camp",2020,229,453,"5.000-10.000",37763,14.4
"43162","Vandellòs i l'Hospitalet de l'Infant",7082,"Tarragona","Baix Camp",2021,337,471,"5.000-10.000",38874,14.54
"43162","Vandellòs i l'Hospitalet de l'Infant",7082,"Tarragona","Baix Camp",2022,277,498,"5.000-10.000",40363,14.81
"43162","Vandellòs i l'Hospitalet de l'Infant",7082,"Tarragona","Baix Camp",2023,241,537,"5.000-10.000",NA,NA
"43162","Vandellòs i l'Hospitalet de l'Infant",7082,"Tarragona","Baix Camp",2024,270,568,"5.000-10.000",NA,NA
"43163","Vendrell, El",40526,"Tarragona","Baix Penedès",2007,192,415,"10.000-50.000",NA,NA
"43163","Vendrell, El",40526,"Tarragona","Baix Penedès",2008,256,529,"10.000-50.000",NA,NA
"43163","Vendrell, El",40526,"Tarragona","Baix Penedès",2009,262,496,"10.000-50.000",NA,NA
"43163","Vendrell, El",40526,"Tarragona","Baix Penedès",2010,329,466,"10.000-50.000",NA,NA
"43163","Vendrell, El",40526,"Tarragona","Baix Penedès",2011,541,440,"10.000-50.000",NA,NA
"43163","Vendrell, El",40526,"Tarragona","Baix Penedès",2012,547,428,"10.000-50.000",NA,NA
"43163","Vendrell, El",40526,"Tarragona","Baix Penedès",2013,693,388,"10.000-50.000",NA,NA
"43163","Vendrell, El",40526,"Tarragona","Baix Penedès",2014,704,374,"10.000-50.000",NA,NA
"43163","Vendrell, El",40526,"Tarragona","Baix Penedès",2015,755,377,"10.000-50.000",25684,17.61
"43163","Vendrell, El",40526,"Tarragona","Baix Penedès",2016,756,404,"10.000-50.000",26613,18.22
"43163","Vendrell, El",40526,"Tarragona","Baix Penedès",2017,793,429,"10.000-50.000",27364,18.81
"43163","Vendrell, El",40526,"Tarragona","Baix Penedès",2018,885,464,"10.000-50.000",28671,19.42
"43163","Vendrell, El",40526,"Tarragona","Baix Penedès",2019,2726,502,"10.000-50.000",29913,20.14
"43163","Vendrell, El",40526,"Tarragona","Baix Penedès",2020,2413,504,"10.000-50.000",30321,19.95
"43163","Vendrell, El",40526,"Tarragona","Baix Penedès",2021,2643,540,"10.000-50.000",31256,20.73
"43163","Vendrell, El",40526,"Tarragona","Baix Penedès",2022,2464,551,"10.000-50.000",32637,20.26
"43163","Vendrell, El",40526,"Tarragona","Baix Penedès",2023,2722,570,"10.000-50.000",NA,NA
"43163","Vendrell, El",40526,"Tarragona","Baix Penedès",2024,2160,597,"10.000-50.000",NA,NA
"43164","Vespella de Gaià",504,"Tarragona","Tarragonès",2021,12,600,"< 1.000",31903,22.57
"43165","Vilabella",725,"Tarragona","Alt Camp",2019,6,345,"< 1.000",34164,12.12
"43165","Vilabella",725,"Tarragona","Alt Camp",2020,13,325,"< 1.000",33229,11.74
"43165","Vilabella",725,"Tarragona","Alt Camp",2021,6,396,"< 1.000",34350,13.83
"43165","Vilabella",725,"Tarragona","Alt Camp",2022,6,367,"< 1.000",36982,11.91
"43165","Vilabella",725,"Tarragona","Alt Camp",2024,12,360,"< 1.000",NA,NA
"43166","Vilallonga del Camp",2462,"Tarragona","Tarragonès",2008,11,498,"1.000-5.000",NA,NA
"43166","Vilallonga del Camp",2462,"Tarragona","Tarragonès",2009,17,467,"1.000-5.000",NA,NA
"43166","Vilallonga del Camp",2462,"Tarragona","Tarragonès",2010,30,449,"1.000-5.000",NA,NA
"43166","Vilallonga del Camp",2462,"Tarragona","Tarragonès",2011,40,451,"1.000-5.000",NA,NA
"43166","Vilallonga del Camp",2462,"Tarragona","Tarragonès",2012,68,402,"1.000-5.000",NA,NA
"43166","Vilallonga del Camp",2462,"Tarragona","Tarragonès",2013,43,370,"1.000-5.000",NA,NA
"43166","Vilallonga del Camp",2462,"Tarragona","Tarragonès",2014,47,386,"1.000-5.000",NA,NA
"43166","Vilallonga del Camp",2462,"Tarragona","Tarragonès",2015,56,398,"1.000-5.000",30440,15.69
"43166","Vilallonga del Camp",2462,"Tarragona","Tarragonès",2016,44,370,"1.000-5.000",31750,13.98
"43166","Vilallonga del Camp",2462,"Tarragona","Tarragonès",2017,58,384,"1.000-5.000",32355,14.24
"43166","Vilallonga del Camp",2462,"Tarragona","Tarragonès",2018,40,440,"1.000-5.000",32792,16.1
"43166","Vilallonga del Camp",2462,"Tarragona","Tarragonès",2019,140,453,"1.000-5.000",34096,15.94
"43166","Vilallonga del Camp",2462,"Tarragona","Tarragonès",2020,102,416,"1.000-5.000",34178,14.61
"43166","Vilallonga del Camp",2462,"Tarragona","Tarragonès",2021,116,455,"1.000-5.000",34877,15.66
"43166","Vilallonga del Camp",2462,"Tarragona","Tarragonès",2022,103,494,"1.000-5.000",37673,15.74
"43166","Vilallonga del Camp",2462,"Tarragona","Tarragonès",2023,86,562,"1.000-5.000",NA,NA
"43166","Vilallonga del Camp",2462,"Tarragona","Tarragonès",2024,110,582,"1.000-5.000",NA,NA
"43167","Vilanova d'Escornalbou",611,"Tarragona","Baix Camp",2017,6,379,"< 1.000",28029,16.23
"43167","Vilanova d'Escornalbou",611,"Tarragona","Baix Camp",2019,28,474,"< 1.000",31699,17.94
"43167","Vilanova d'Escornalbou",611,"Tarragona","Baix Camp",2020,16,424,"< 1.000",31216,16.3
"43167","Vilanova d'Escornalbou",611,"Tarragona","Baix Camp",2022,13,533,"< 1.000",33142,19.3
"43167","Vilanova d'Escornalbou",611,"Tarragona","Baix Camp",2023,7,410,"< 1.000",NA,NA
"43169","Vilaplana",560,"Tarragona","Baix Camp",2022,20,378,"< 1.000",40157,11.3
"43170","Vila-rodona",1379,"Tarragona","Alt Camp",2008,6,508,"1.000-5.000",NA,NA
"43170","Vila-rodona",1379,"Tarragona","Alt Camp",2010,11,430,"1.000-5.000",NA,NA
"43170","Vila-rodona",1379,"Tarragona","Alt Camp",2011,10,418,"1.000-5.000",NA,NA
"43170","Vila-rodona",1379,"Tarragona","Alt Camp",2012,17,392,"1.000-5.000",NA,NA
"43170","Vila-rodona",1379,"Tarragona","Alt Camp",2013,9,365,"1.000-5.000",NA,NA
"43170","Vila-rodona",1379,"Tarragona","Alt Camp",2014,16,348,"1.000-5.000",NA,NA
"43170","Vila-rodona",1379,"Tarragona","Alt Camp",2015,15,352,"1.000-5.000",25675,16.45
"43170","Vila-rodona",1379,"Tarragona","Alt Camp",2016,20,353,"1.000-5.000",27022,15.68
"43170","Vila-rodona",1379,"Tarragona","Alt Camp",2017,18,362,"1.000-5.000",29064,14.95
"43170","Vila-rodona",1379,"Tarragona","Alt Camp",2018,10,358,"1.000-5.000",29745,14.44
"43170","Vila-rodona",1379,"Tarragona","Alt Camp",2019,34,441,"1.000-5.000",30616,17.29
"43170","Vila-rodona",1379,"Tarragona","Alt Camp",2020,87,388,"1.000-5.000",30464,15.28
"43170","Vila-rodona",1379,"Tarragona","Alt Camp",2021,64,368,"1.000-5.000",30317,14.57
"43170","Vila-rodona",1379,"Tarragona","Alt Camp",2022,28,430,"1.000-5.000",31498,16.38
"43170","Vila-rodona",1379,"Tarragona","Alt Camp",2023,31,438,"1.000-5.000",NA,NA
"43170","Vila-rodona",1379,"Tarragona","Alt Camp",2024,28,492,"1.000-5.000",NA,NA
"43171","Vila-seca",24061,"Tarragona","Tarragonès",2007,89,495,"10.000-50.000",NA,NA
"43171","Vila-seca",24061,"Tarragona","Tarragonès",2008,122,560,"10.000-50.000",NA,NA
"43171","Vila-seca",24061,"Tarragona","Tarragonès",2009,195,517,"10.000-50.000",NA,NA
"43171","Vila-seca",24061,"Tarragona","Tarragonès",2010,222,476,"10.000-50.000",NA,NA
"43171","Vila-seca",24061,"Tarragona","Tarragonès",2011,329,486,"10.000-50.000",NA,NA
"43171","Vila-seca",24061,"Tarragona","Tarragonès",2012,403,456,"10.000-50.000",NA,NA
"43171","Vila-seca",24061,"Tarragona","Tarragonès",2013,365,418,"10.000-50.000",NA,NA
"43171","Vila-seca",24061,"Tarragona","Tarragonès",2014,328,423,"10.000-50.000",NA,NA
"43171","Vila-seca",24061,"Tarragona","Tarragonès",2015,322,416,"10.000-50.000",28255,17.67
"43171","Vila-seca",24061,"Tarragona","Tarragonès",2016,367,423,"10.000-50.000",29528,17.19
"43171","Vila-seca",24061,"Tarragona","Tarragonès",2017,347,448,"10.000-50.000",29804,18.04
"43171","Vila-seca",24061,"Tarragona","Tarragonès",2018,361,477,"10.000-50.000",31244,18.32
"43171","Vila-seca",24061,"Tarragona","Tarragonès",2019,1195,484,"10.000-50.000",32433,17.91
"43171","Vila-seca",24061,"Tarragona","Tarragonès",2020,1160,481,"10.000-50.000",31175,18.51
"43171","Vila-seca",24061,"Tarragona","Tarragonès",2021,1224,493,"10.000-50.000",33276,17.78
"43171","Vila-seca",24061,"Tarragona","Tarragonès",2022,1066,541,"10.000-50.000",35124,18.48
"43171","Vila-seca",24061,"Tarragona","Tarragonès",2023,990,567,"10.000-50.000",NA,NA
"43171","Vila-seca",24061,"Tarragona","Tarragonès",2024,952,546,"10.000-50.000",NA,NA
"43176","Vimbodí i Poblet",893,"Tarragona","Conca de Barberà",2011,6,361,"< 1.000",NA,NA
"43176","Vimbodí i Poblet",893,"Tarragona","Conca de Barberà",2012,7,332,"< 1.000",NA,NA
"43176","Vimbodí i Poblet",893,"Tarragona","Conca de Barberà",2013,10,309,"< 1.000",NA,NA
"43176","Vimbodí i Poblet",893,"Tarragona","Conca de Barberà",2014,9,353,"< 1.000",NA,NA
"43176","Vimbodí i Poblet",893,"Tarragona","Conca de Barberà",2016,6,340,"< 1.000",31728,12.86
"43176","Vimbodí i Poblet",893,"Tarragona","Conca de Barberà",2017,10,311,"< 1.000",29718,12.56
"43176","Vimbodí i Poblet",893,"Tarragona","Conca de Barberà",2018,11,391,"< 1.000",30905,15.18
"43176","Vimbodí i Poblet",893,"Tarragona","Conca de Barberà",2019,24,364,"< 1.000",32379,13.49
"43176","Vimbodí i Poblet",893,"Tarragona","Conca de Barberà",2021,19,361,"< 1.000",32387,13.38
"43176","Vimbodí i Poblet",893,"Tarragona","Conca de Barberà",2022,6,344,"< 1.000",33577,12.29
"43176","Vimbodí i Poblet",893,"Tarragona","Conca de Barberà",2023,24,355,"< 1.000",NA,NA
"43176","Vimbodí i Poblet",893,"Tarragona","Conca de Barberà",2024,19,431,"< 1.000",NA,NA
"43177","Vinebre",426,"Tarragona","Ribera d'Ebre",2011,11,375,"< 1.000",NA,NA
"43177","Vinebre",426,"Tarragona","Ribera d'Ebre",2017,7,244,"< 1.000",30087,9.73
"43178","Vinyols i els Arcs",2425,"Tarragona","Baix Camp",2008,11,438,"1.000-5.000",NA,NA
"43178","Vinyols i els Arcs",2425,"Tarragona","Baix Camp",2009,8,645,"1.000-5.000",NA,NA
"43178","Vinyols i els Arcs",2425,"Tarragona","Baix Camp",2010,13,425,"1.000-5.000",NA,NA
"43178","Vinyols i els Arcs",2425,"Tarragona","Baix Camp",2011,10,438,"1.000-5.000",NA,NA
"43178","Vinyols i els Arcs",2425,"Tarragona","Baix Camp",2012,22,435,"1.000-5.000",NA,NA
"43178","Vinyols i els Arcs",2425,"Tarragona","Baix Camp",2013,19,379,"1.000-5.000",NA,NA
"43178","Vinyols i els Arcs",2425,"Tarragona","Baix Camp",2014,23,381,"1.000-5.000",NA,NA
"43178","Vinyols i els Arcs",2425,"Tarragona","Baix Camp",2015,31,397,"1.000-5.000",30305,15.72
"43178","Vinyols i els Arcs",2425,"Tarragona","Baix Camp",2016,38,391,"1.000-5.000",31522,14.88
"43178","Vinyols i els Arcs",2425,"Tarragona","Baix Camp",2017,30,431,"1.000-5.000",32011,16.16
"43178","Vinyols i els Arcs",2425,"Tarragona","Baix Camp",2018,33,447,"1.000-5.000",34653,15.48
"43178","Vinyols i els Arcs",2425,"Tarragona","Baix Camp",2019,135,470,"1.000-5.000",36121,15.61
"43178","Vinyols i els Arcs",2425,"Tarragona","Baix Camp",2020,72,478,"1.000-5.000",34820,16.47
"43178","Vinyols i els Arcs",2425,"Tarragona","Baix Camp",2021,95,490,"1.000-5.000",36856,15.95
"43178","Vinyols i els Arcs",2425,"Tarragona","Baix Camp",2022,156,493,"1.000-5.000",38836,15.23
"43178","Vinyols i els Arcs",2425,"Tarragona","Baix Camp",2023,127,550,"1.000-5.000",NA,NA
"43178","Vinyols i els Arcs",2425,"Tarragona","Baix Camp",2024,107,567,"1.000-5.000",NA,NA
"43901","Deltebre",11941,"Tarragona","Baix Ebre",2007,9,377,"10.000-50.000",NA,NA
"43901","Deltebre",11941,"Tarragona","Baix Ebre",2008,34,415,"10.000-50.000",NA,NA
"43901","Deltebre",11941,"Tarragona","Baix Ebre",2009,17,364,"10.000-50.000",NA,NA
"43901","Deltebre",11941,"Tarragona","Baix Ebre",2010,44,324,"10.000-50.000",NA,NA
"43901","Deltebre",11941,"Tarragona","Baix Ebre",2011,65,316,"10.000-50.000",NA,NA
"43901","Deltebre",11941,"Tarragona","Baix Ebre",2012,62,296,"10.000-50.000",NA,NA
"43901","Deltebre",11941,"Tarragona","Baix Ebre",2013,62,288,"10.000-50.000",NA,NA
"43901","Deltebre",11941,"Tarragona","Baix Ebre",2014,76,283,"10.000-50.000",NA,NA
"43901","Deltebre",11941,"Tarragona","Baix Ebre",2015,59,263,"10.000-50.000",24721,12.77
"43901","Deltebre",11941,"Tarragona","Baix Ebre",2016,76,270,"10.000-50.000",24983,12.97
"43901","Deltebre",11941,"Tarragona","Baix Ebre",2017,88,285,"10.000-50.000",25537,13.39
"43901","Deltebre",11941,"Tarragona","Baix Ebre",2018,91,292,"10.000-50.000",27065,12.95
"43901","Deltebre",11941,"Tarragona","Baix Ebre",2019,308,323,"10.000-50.000",28519,13.59
"43901","Deltebre",11941,"Tarragona","Baix Ebre",2020,457,347,"10.000-50.000",28615,14.55
"43901","Deltebre",11941,"Tarragona","Baix Ebre",2021,600,349,"10.000-50.000",29654,14.12
"43901","Deltebre",11941,"Tarragona","Baix Ebre",2022,516,403,"10.000-50.000",31256,15.47
"43901","Deltebre",11941,"Tarragona","Baix Ebre",2023,464,414,"10.000-50.000",NA,NA
"43901","Deltebre",11941,"Tarragona","Baix Ebre",2024,625,437,"10.000-50.000",NA,NA
"43902","Sant Jaume d'Enveja",3671,"Tarragona","Montsià",2009,7,338,"1.000-5.000",NA,NA
"43902","Sant Jaume d'Enveja",3671,"Tarragona","Montsià",2010,15,415,"1.000-5.000",NA,NA
"43902","Sant Jaume d'Enveja",3671,"Tarragona","Montsià",2011,18,323,"1.000-5.000",NA,NA
"43902","Sant Jaume d'Enveja",3671,"Tarragona","Montsià",2012,12,302,"1.000-5.000",NA,NA
"43902","Sant Jaume d'Enveja",3671,"Tarragona","Montsià",2013,8,321,"1.000-5.000",NA,NA
"43902","Sant Jaume d'Enveja",3671,"Tarragona","Montsià",2014,22,259,"1.000-5.000",NA,NA
"43902","Sant Jaume d'Enveja",3671,"Tarragona","Montsià",2015,17,298,"1.000-5.000",22549,15.86
"43902","Sant Jaume d'Enveja",3671,"Tarragona","Montsià",2016,20,263,"1.000-5.000",23549,13.4
"43902","Sant Jaume d'Enveja",3671,"Tarragona","Montsià",2017,23,293,"1.000-5.000",24064,14.61
"43902","Sant Jaume d'Enveja",3671,"Tarragona","Montsià",2018,27,292,"1.000-5.000",25283,13.86
"43902","Sant Jaume d'Enveja",3671,"Tarragona","Montsià",2019,106,347,"1.000-5.000",26506,15.71
"43902","Sant Jaume d'Enveja",3671,"Tarragona","Montsià",2020,136,318,"1.000-5.000",27153,14.05
"43902","Sant Jaume d'Enveja",3671,"Tarragona","Montsià",2021,177,369,"1.000-5.000",27808,15.92
"43902","Sant Jaume d'Enveja",3671,"Tarragona","Montsià",2022,135,355,"1.000-5.000",29520,14.43
"43902","Sant Jaume d'Enveja",3671,"Tarragona","Montsià",2023,95,434,"1.000-5.000",NA,NA
"43902","Sant Jaume d'Enveja",3671,"Tarragona","Montsià",2024,140,477,"1.000-5.000",NA,NA
"43903","Camarles",3428,"Tarragona","Baix Ebre",2007,7,439,"1.000-5.000",NA,NA
"43903","Camarles",3428,"Tarragona","Baix Ebre",2008,6,408,"1.000-5.000",NA,NA
"43903","Camarles",3428,"Tarragona","Baix Ebre",2012,12,286,"1.000-5.000",NA,NA
"43903","Camarles",3428,"Tarragona","Baix Ebre",2013,8,298,"1.000-5.000",NA,NA
"43903","Camarles",3428,"Tarragona","Baix Ebre",2014,16,255,"1.000-5.000",NA,NA
"43903","Camarles",3428,"Tarragona","Baix Ebre",2016,15,269,"1.000-5.000",23489,13.74
"43903","Camarles",3428,"Tarragona","Baix Ebre",2017,13,368,"1.000-5.000",24206,18.24
"43903","Camarles",3428,"Tarragona","Baix Ebre",2018,17,257,"1.000-5.000",25477,12.11
"43903","Camarles",3428,"Tarragona","Baix Ebre",2019,77,320,"1.000-5.000",26794,14.33
"43903","Camarles",3428,"Tarragona","Baix Ebre",2020,58,337,"1.000-5.000",27074,14.94
"43903","Camarles",3428,"Tarragona","Baix Ebre",2021,138,351,"1.000-5.000",28622,14.72
"43903","Camarles",3428,"Tarragona","Baix Ebre",2022,104,368,"1.000-5.000",30342,14.55
"43903","Camarles",3428,"Tarragona","Baix Ebre",2023,126,444,"1.000-5.000",NA,NA
"43903","Camarles",3428,"Tarragona","Baix Ebre",2024,118,478,"1.000-5.000",NA,NA
"43904","Aldea, L'",4554,"Tarragona","Baix Ebre",2007,12,317,"1.000-5.000",NA,NA
"43904","Aldea, L'",4554,"Tarragona","Baix Ebre",2008,21,338,"1.000-5.000",NA,NA
"43904","Aldea, L'",4554,"Tarragona","Baix Ebre",2009,15,382,"1.000-5.000",NA,NA
"43904","Aldea, L'",4554,"Tarragona","Baix Ebre",2010,26,343,"1.000-5.000",NA,NA
"43904","Aldea, L'",4554,"Tarragona","Baix Ebre",2011,35,338,"1.000-5.000",NA,NA
"43904","Aldea, L'",4554,"Tarragona","Baix Ebre",2012,27,324,"1.000-5.000",NA,NA
"43904","Aldea, L'",4554,"Tarragona","Baix Ebre",2013,21,268,"1.000-5.000",NA,NA
"43904","Aldea, L'",4554,"Tarragona","Baix Ebre",2014,38,275,"1.000-5.000",NA,NA
"43904","Aldea, L'",4554,"Tarragona","Baix Ebre",2015,42,251,"1.000-5.000",22151,13.6
"43904","Aldea, L'",4554,"Tarragona","Baix Ebre",2016,61,282,"1.000-5.000",23116,14.64
"43904","Aldea, L'",4554,"Tarragona","Baix Ebre",2017,52,280,"1.000-5.000",23759,14.14
"43904","Aldea, L'",4554,"Tarragona","Baix Ebre",2018,72,298,"1.000-5.000",25268,14.15
"43904","Aldea, L'",4554,"Tarragona","Baix Ebre",2019,195,301,"1.000-5.000",26427,13.67
"43904","Aldea, L'",4554,"Tarragona","Baix Ebre",2020,160,308,"1.000-5.000",27063,13.66
"43904","Aldea, L'",4554,"Tarragona","Baix Ebre",2021,213,301,"1.000-5.000",28089,12.86
"43904","Aldea, L'",4554,"Tarragona","Baix Ebre",2022,219,377,"1.000-5.000",29697,15.23
"43904","Aldea, L'",4554,"Tarragona","Baix Ebre",2023,238,372,"1.000-5.000",NA,NA
"43904","Aldea, L'",4554,"Tarragona","Baix Ebre",2024,395,427,"1.000-5.000",NA,NA
"43905","Salou",30442,"Tarragona","Tarragonès",2007,91,493,"10.000-50.000",NA,NA
"43905","Salou",30442,"Tarragona","Tarragonès",2008,218,519,"10.000-50.000",NA,NA
"43905","Salou",30442,"Tarragona","Tarragonès",2009,283,519,"10.000-50.000",NA,NA
"43905","Salou",30442,"Tarragona","Tarragonès",2010,409,480,"10.000-50.000",NA,NA
"43905","Salou",30442,"Tarragona","Tarragonès",2011,448,487,"10.000-50.000",NA,NA
"43905","Salou",30442,"Tarragona","Tarragonès",2012,470,472,"10.000-50.000",NA,NA
"43905","Salou",30442,"Tarragona","Tarragonès",2013,543,449,"10.000-50.000",NA,NA
"43905","Salou",30442,"Tarragona","Tarragonès",2014,559,438,"10.000-50.000",NA,NA
"43905","Salou",30442,"Tarragona","Tarragonès",2015,585,444,"10.000-50.000",25850,20.61
"43905","Salou",30442,"Tarragona","Tarragonès",2016,602,460,"10.000-50.000",26995,20.45
"43905","Salou",30442,"Tarragona","Tarragonès",2017,636,469,"10.000-50.000",28351,19.85
"43905","Salou",30442,"Tarragona","Tarragonès",2018,647,507,"10.000-50.000",29273,20.78
"43905","Salou",30442,"Tarragona","Tarragonès",2019,2165,522,"10.000-50.000",30397,20.61
"43905","Salou",30442,"Tarragona","Tarragonès",2020,1994,516,"10.000-50.000",27986,22.13
"43905","Salou",30442,"Tarragona","Tarragonès",2021,2759,515,"10.000-50.000",31009,19.93
"43905","Salou",30442,"Tarragona","Tarragonès",2022,2237,587,"10.000-50.000",33237,21.19
"43905","Salou",30442,"Tarragona","Tarragonès",2023,1863,617,"10.000-50.000",NA,NA
"43905","Salou",30442,"Tarragona","Tarragonès",2024,1775,647,"10.000-50.000",NA,NA
"43906","Ampolla, L'",3692,"Tarragona","Baix Ebre",2007,13,445,"1.000-5.000",NA,NA
"43906","Ampolla, L'",3692,"Tarragona","Baix Ebre",2008,24,488,"1.000-5.000",NA,NA
"43906","Ampolla, L'",3692,"Tarragona","Baix Ebre",2009,33,459,"1.000-5.000",NA,NA
"43906","Ampolla, L'",3692,"Tarragona","Baix Ebre",2010,35,433,"1.000-5.000",NA,NA
"43906","Ampolla, L'",3692,"Tarragona","Baix Ebre",2011,40,424,"1.000-5.000",NA,NA
"43906","Ampolla, L'",3692,"Tarragona","Baix Ebre",2012,35,404,"1.000-5.000",NA,NA
"43906","Ampolla, L'",3692,"Tarragona","Baix Ebre",2013,44,356,"1.000-5.000",NA,NA
"43906","Ampolla, L'",3692,"Tarragona","Baix Ebre",2014,38,360,"1.000-5.000",NA,NA
"43906","Ampolla, L'",3692,"Tarragona","Baix Ebre",2015,38,345,"1.000-5.000",23365,17.72
"43906","Ampolla, L'",3692,"Tarragona","Baix Ebre",2016,68,360,"1.000-5.000",24076,17.94
"43906","Ampolla, L'",3692,"Tarragona","Baix Ebre",2017,75,379,"1.000-5.000",25493,17.84
"43906","Ampolla, L'",3692,"Tarragona","Baix Ebre",2018,56,396,"1.000-5.000",26670,17.82
"43906","Ampolla, L'",3692,"Tarragona","Baix Ebre",2019,248,447,"1.000-5.000",28002,19.16
"43906","Ampolla, L'",3692,"Tarragona","Baix Ebre",2020,206,426,"1.000-5.000",27992,18.26
"43906","Ampolla, L'",3692,"Tarragona","Baix Ebre",2021,177,439,"1.000-5.000",29617,17.79
"43906","Ampolla, L'",3692,"Tarragona","Baix Ebre",2022,306,487,"1.000-5.000",31172,18.75
"43906","Ampolla, L'",3692,"Tarragona","Baix Ebre",2023,217,579,"1.000-5.000",NA,NA
"43906","Ampolla, L'",3692,"Tarragona","Baix Ebre",2024,280,502,"1.000-5.000",NA,NA
"43907","Canonja, La",5936,"Tarragona","Tarragonès",2011,84,417,"5.000-10.000",NA,NA
"43907","Canonja, La",5936,"Tarragona","Tarragonès",2012,94,401,"5.000-10.000",NA,NA
"43907","Canonja, La",5936,"Tarragona","Tarragonès",2013,162,389,"5.000-10.000",NA,NA
"43907","Canonja, La",5936,"Tarragona","Tarragonès",2014,99,394,"5.000-10.000",NA,NA
"43907","Canonja, La",5936,"Tarragona","Tarragonès",2015,92,357,"5.000-10.000",28994,14.78
"43907","Canonja, La",5936,"Tarragona","Tarragonès",2016,93,351,"5.000-10.000",30176,13.96
"43907","Canonja, La",5936,"Tarragona","Tarragonès",2017,125,382,"5.000-10.000",31722,14.45
"43907","Canonja, La",5936,"Tarragona","Tarragonès",2018,103,414,"5.000-10.000",32292,15.38
"43907","Canonja, La",5936,"Tarragona","Tarragonès",2019,358,450,"5.000-10.000",33509,16.12
"43907","Canonja, La",5936,"Tarragona","Tarragonès",2020,245,432,"5.000-10.000",33657,15.4
"43907","Canonja, La",5936,"Tarragona","Tarragonès",2021,218,397,"5.000-10.000",34790,13.69
"43907","Canonja, La",5936,"Tarragona","Tarragonès",2022,287,484,"5.000-10.000",36497,15.91
"43907","Canonja, La",5936,"Tarragona","Tarragonès",2023,209,510,"5.000-10.000",NA,NA
"43907","Canonja, La",5936,"Tarragona","Tarragonès",2024,198,526,"5.000-10.000",NA,NA
